ISO-10303-21;
HEADER;
FILE_DESCRIPTION(('FreeCAD Model'),'2;1');
FILE_NAME('Open CASCADE Shape Model','2026-10-08T22:07:10',(''),(''),
  'Open CASCADE STEP processor 7.8','FreeCAD','Unknown');
FILE_SCHEMA(('AUTOMOTIVE_DESIGN { 1 0 10303 214 1 1 1 1 }'));
ENDSEC;
DATA;
#1 = APPLICATION_PROTOCOL_DEFINITION('international standard',
  'automotive_design',2000,#2);
#2 = APPLICATION_CONTEXT(
  'core data for automotive mechanical design processes');
#3 = SHAPE_DEFINITION_REPRESENTATION(#4,#10);
#4 = PRODUCT_DEFINITION_SHAPE('','',#5);
#5 = PRODUCT_DEFINITION('design','',#6,#9);
#6 = PRODUCT_DEFINITION_FORMATION('','',#7);
#7 = PRODUCT('Da Top','Da Top','',(#8));
#8 = PRODUCT_CONTEXT('',#2,'mechanical');
#9 = PRODUCT_DEFINITION_CONTEXT('part definition',#2,'design');
#10 = ADVANCED_BREP_SHAPE_REPRESENTATION('',(#11,#15),#2693);
#11 = AXIS2_PLACEMENT_3D('',#12,#13,#14);
#12 = CARTESIAN_POINT('',(0.,0.,0.));
#13 = DIRECTION('',(0.,0.,1.));
#14 = DIRECTION('',(1.,0.,-0.));
#15 = MANIFOLD_SOLID_BREP('',#16);
#16 = CLOSED_SHELL('',(#17,#105,#183,#240,#263,#395,#435,#459,#499,#573,
    #623,#646,#681,#707,#732,#875,#967,#1029,#1056,#1078,#1121,#1171,
    #1208,#1232,#1272,#1296,#1321,#1429,#1454,#1478,#1503,#1520,#1582,
    #1624,#1648,#1699,#1716,#1733,#1766,#1783,#1810,#1822,#1849,#1867,
    #1898,#1933,#1968,#1993,#2018,#2058,#2098,#2115,#2155,#2172,#2189,
    #2206,#2241,#2265,#2289,#2306,#2390,#2400,#2410,#2431,#2453,#2481,
    #2513,#2540,#2557,#2574,#2599,#2629,#2650,#2662,#2679));
#17 = ADVANCED_FACE('',(#18),#100,.F.);
#18 = FACE_BOUND('',#19,.F.);
#19 = EDGE_LOOP('',(#20,#30,#38,#46,#54,#62,#70,#78,#86,#94));
#20 = ORIENTED_EDGE('',*,*,#21,.F.);
#21 = EDGE_CURVE('',#22,#24,#26,.T.);
#22 = VERTEX_POINT('',#23);
#23 = CARTESIAN_POINT('',(-21.,-9.5,6.));
#24 = VERTEX_POINT('',#25);
#25 = CARTESIAN_POINT('',(-21.,9.5,6.));
#26 = LINE('',#27,#28);
#27 = CARTESIAN_POINT('',(-21.,-13.,6.));
#28 = VECTOR('',#29,1.);
#29 = DIRECTION('',(0.,1.,0.));
#30 = ORIENTED_EDGE('',*,*,#31,.F.);
#31 = EDGE_CURVE('',#32,#22,#34,.T.);
#32 = VERTEX_POINT('',#33);
#33 = CARTESIAN_POINT('',(-21.,-9.5,3.25));
#34 = LINE('',#35,#36);
#35 = CARTESIAN_POINT('',(-21.,-9.5,1.));
#36 = VECTOR('',#37,1.);
#37 = DIRECTION('',(0.,0.,1.));
#38 = ORIENTED_EDGE('',*,*,#39,.F.);
#39 = EDGE_CURVE('',#40,#32,#42,.T.);
#40 = VERTEX_POINT('',#41);
#41 = CARTESIAN_POINT('',(-21.,-9.5,1.));
#42 = LINE('',#43,#44);
#43 = CARTESIAN_POINT('',(-21.,-9.5,1.));
#44 = VECTOR('',#45,1.);
#45 = DIRECTION('',(0.,0.,1.));
#46 = ORIENTED_EDGE('',*,*,#47,.T.);
#47 = EDGE_CURVE('',#40,#48,#50,.T.);
#48 = VERTEX_POINT('',#49);
#49 = CARTESIAN_POINT('',(-21.,-6.,1.));
#50 = LINE('',#51,#52);
#51 = CARTESIAN_POINT('',(-21.,-13.,1.));
#52 = VECTOR('',#53,1.);
#53 = DIRECTION('',(0.,1.,0.));
#54 = ORIENTED_EDGE('',*,*,#55,.T.);
#55 = EDGE_CURVE('',#48,#56,#58,.T.);
#56 = VERTEX_POINT('',#57);
#57 = CARTESIAN_POINT('',(-21.,-6.,4.9));
#58 = LINE('',#59,#60);
#59 = CARTESIAN_POINT('',(-21.,-6.,0.65));
#60 = VECTOR('',#61,1.);
#61 = DIRECTION('',(0.,0.,1.));
#62 = ORIENTED_EDGE('',*,*,#63,.F.);
#63 = EDGE_CURVE('',#64,#56,#66,.T.);
#64 = VERTEX_POINT('',#65);
#65 = CARTESIAN_POINT('',(-21.,6.,4.9));
#66 = LINE('',#67,#68);
#67 = CARTESIAN_POINT('',(-21.,-9.5,4.9));
#68 = VECTOR('',#69,1.);
#69 = DIRECTION('',(0.,-1.,0.));
#70 = ORIENTED_EDGE('',*,*,#71,.F.);
#71 = EDGE_CURVE('',#72,#64,#74,.T.);
#72 = VERTEX_POINT('',#73);
#73 = CARTESIAN_POINT('',(-21.,6.,1.));
#74 = LINE('',#75,#76);
#75 = CARTESIAN_POINT('',(-21.,6.,0.65));
#76 = VECTOR('',#77,1.);
#77 = DIRECTION('',(0.,0.,1.));
#78 = ORIENTED_EDGE('',*,*,#79,.T.);
#79 = EDGE_CURVE('',#72,#80,#82,.T.);
#80 = VERTEX_POINT('',#81);
#81 = CARTESIAN_POINT('',(-21.,9.5,1.));
#82 = LINE('',#83,#84);
#83 = CARTESIAN_POINT('',(-21.,-13.,1.));
#84 = VECTOR('',#85,1.);
#85 = DIRECTION('',(0.,1.,0.));
#86 = ORIENTED_EDGE('',*,*,#87,.T.);
#87 = EDGE_CURVE('',#80,#88,#90,.T.);
#88 = VERTEX_POINT('',#89);
#89 = CARTESIAN_POINT('',(-21.,9.5,3.25));
#90 = LINE('',#91,#92);
#91 = CARTESIAN_POINT('',(-21.,9.5,1.));
#92 = VECTOR('',#93,1.);
#93 = DIRECTION('',(0.,0.,1.));
#94 = ORIENTED_EDGE('',*,*,#95,.T.);
#95 = EDGE_CURVE('',#88,#24,#96,.T.);
#96 = LINE('',#97,#98);
#97 = CARTESIAN_POINT('',(-21.,9.5,1.));
#98 = VECTOR('',#99,1.);
#99 = DIRECTION('',(0.,0.,1.));
#100 = PLANE('',#101);
#101 = AXIS2_PLACEMENT_3D('',#102,#103,#104);
#102 = CARTESIAN_POINT('',(-21.,-13.,1.));
#103 = DIRECTION('',(1.,0.,0.));
#104 = DIRECTION('',(0.,0.,1.));
#105 = ADVANCED_FACE('',(#106,#167),#178,.T.);
#106 = FACE_BOUND('',#107,.T.);
#107 = EDGE_LOOP('',(#108,#109,#118,#126,#135,#143,#152,#160));
#108 = ORIENTED_EDGE('',*,*,#21,.F.);
#109 = ORIENTED_EDGE('',*,*,#110,.T.);
#110 = EDGE_CURVE('',#22,#111,#113,.T.);
#111 = VERTEX_POINT('',#112);
#112 = CARTESIAN_POINT('',(-17.5,-13.,6.));
#113 = CIRCLE('',#114,3.5);
#114 = AXIS2_PLACEMENT_3D('',#115,#116,#117);
#115 = CARTESIAN_POINT('',(-17.5,-9.5,6.));
#116 = DIRECTION('',(-0.,0.,1.));
#117 = DIRECTION('',(0.,-1.,0.));
#118 = ORIENTED_EDGE('',*,*,#119,.T.);
#119 = EDGE_CURVE('',#111,#120,#122,.T.);
#120 = VERTEX_POINT('',#121);
#121 = CARTESIAN_POINT('',(17.5,-13.,6.));
#122 = LINE('',#123,#124);
#123 = CARTESIAN_POINT('',(-21.,-13.,6.));
#124 = VECTOR('',#125,1.);
#125 = DIRECTION('',(1.,0.,0.));
#126 = ORIENTED_EDGE('',*,*,#127,.F.);
#127 = EDGE_CURVE('',#128,#120,#130,.T.);
#128 = VERTEX_POINT('',#129);
#129 = CARTESIAN_POINT('',(21.,-9.5,6.));
#130 = CIRCLE('',#131,3.5);
#131 = AXIS2_PLACEMENT_3D('',#132,#133,#134);
#132 = CARTESIAN_POINT('',(17.5,-9.5,6.));
#133 = DIRECTION('',(-0.,-0.,-1.));
#134 = DIRECTION('',(0.,-1.,0.));
#135 = ORIENTED_EDGE('',*,*,#136,.T.);
#136 = EDGE_CURVE('',#128,#137,#139,.T.);
#137 = VERTEX_POINT('',#138);
#138 = CARTESIAN_POINT('',(21.,9.5,6.));
#139 = LINE('',#140,#141);
#140 = CARTESIAN_POINT('',(21.,-13.,6.));
#141 = VECTOR('',#142,1.);
#142 = DIRECTION('',(0.,1.,0.));
#143 = ORIENTED_EDGE('',*,*,#144,.T.);
#144 = EDGE_CURVE('',#137,#145,#147,.T.);
#145 = VERTEX_POINT('',#146);
#146 = CARTESIAN_POINT('',(17.5,13.,6.));
#147 = CIRCLE('',#148,3.5);
#148 = AXIS2_PLACEMENT_3D('',#149,#150,#151);
#149 = CARTESIAN_POINT('',(17.5,9.5,6.));
#150 = DIRECTION('',(-0.,0.,1.));
#151 = DIRECTION('',(0.,-1.,0.));
#152 = ORIENTED_EDGE('',*,*,#153,.F.);
#153 = EDGE_CURVE('',#154,#145,#156,.T.);
#154 = VERTEX_POINT('',#155);
#155 = CARTESIAN_POINT('',(-17.5,13.,6.));
#156 = LINE('',#157,#158);
#157 = CARTESIAN_POINT('',(-21.,13.,6.));
#158 = VECTOR('',#159,1.);
#159 = DIRECTION('',(1.,0.,0.));
#160 = ORIENTED_EDGE('',*,*,#161,.F.);
#161 = EDGE_CURVE('',#24,#154,#162,.T.);
#162 = CIRCLE('',#163,3.5);
#163 = AXIS2_PLACEMENT_3D('',#164,#165,#166);
#164 = CARTESIAN_POINT('',(-17.5,9.5,6.));
#165 = DIRECTION('',(-0.,-0.,-1.));
#166 = DIRECTION('',(0.,-1.,0.));
#167 = FACE_BOUND('',#168,.T.);
#168 = EDGE_LOOP('',(#169));
#169 = ORIENTED_EDGE('',*,*,#170,.F.);
#170 = EDGE_CURVE('',#171,#171,#173,.T.);
#171 = VERTEX_POINT('',#172);
#172 = CARTESIAN_POINT('',(17.8,8.8,6.));
#173 = CIRCLE('',#174,1.5);
#174 = AXIS2_PLACEMENT_3D('',#175,#176,#177);
#175 = CARTESIAN_POINT('',(16.3,8.8,6.));
#176 = DIRECTION('',(0.,0.,1.));
#177 = DIRECTION('',(1.,0.,0.));
#178 = PLANE('',#179);
#179 = AXIS2_PLACEMENT_3D('',#180,#181,#182);
#180 = CARTESIAN_POINT('',(-21.,-13.,6.));
#181 = DIRECTION('',(0.,0.,1.));
#182 = DIRECTION('',(1.,0.,0.));
#183 = ADVANCED_FACE('',(#184),#235,.T.);
#184 = FACE_BOUND('',#185,.T.);
#185 = EDGE_LOOP('',(#186,#196,#204,#210,#211,#219,#228));
#186 = ORIENTED_EDGE('',*,*,#187,.F.);
#187 = EDGE_CURVE('',#188,#190,#192,.T.);
#188 = VERTEX_POINT('',#189);
#189 = CARTESIAN_POINT('',(-17.5,13.,3.25));
#190 = VERTEX_POINT('',#191);
#191 = CARTESIAN_POINT('',(-19.03871427462,11.461285725375,3.25));
#192 = LINE('',#193,#194);
#193 = CARTESIAN_POINT('',(-17.48180194846,13.018198051534,3.25));
#194 = VECTOR('',#195,1.);
#195 = DIRECTION('',(-0.707106781187,-0.707106781187,0.));
#196 = ORIENTED_EDGE('',*,*,#197,.F.);
#197 = EDGE_CURVE('',#198,#188,#200,.T.);
#198 = VERTEX_POINT('',#199);
#199 = CARTESIAN_POINT('',(-17.5,13.,1.));
#200 = LINE('',#201,#202);
#201 = CARTESIAN_POINT('',(-17.5,13.,1.));
#202 = VECTOR('',#203,1.);
#203 = DIRECTION('',(0.,0.,1.));
#204 = ORIENTED_EDGE('',*,*,#205,.T.);
#205 = EDGE_CURVE('',#198,#80,#206,.T.);
#206 = LINE('',#207,#208);
#207 = CARTESIAN_POINT('',(-24.86590097423,5.634099025767,1.));
#208 = VECTOR('',#209,1.);
#209 = DIRECTION('',(-0.707106781187,-0.707106781187,0.));
#210 = ORIENTED_EDGE('',*,*,#87,.T.);
#211 = ORIENTED_EDGE('',*,*,#212,.F.);
#212 = EDGE_CURVE('',#213,#88,#215,.T.);
#213 = VERTEX_POINT('',#214);
#214 = CARTESIAN_POINT('',(-19.38971285012,11.110287149879,3.25));
#215 = LINE('',#216,#217);
#216 = CARTESIAN_POINT('',(-17.48180194846,13.018198051534,3.25));
#217 = VECTOR('',#218,1.);
#218 = DIRECTION('',(-0.707106781187,-0.707106781187,0.));
#219 = ORIENTED_EDGE('',*,*,#220,.F.);
#220 = EDGE_CURVE('',#221,#213,#223,.T.);
#221 = VERTEX_POINT('',#222);
#222 = CARTESIAN_POINT('',(-19.21421356237,11.285786437627,1.71));
#223 = CIRCLE('',#224,0.79);
#224 = AXIS2_PLACEMENT_3D('',#225,#226,#227);
#225 = CARTESIAN_POINT('',(-19.21421356237,11.285786437627,2.5));
#226 = DIRECTION('',(-0.707106781187,0.707106781187,0.));
#227 = DIRECTION('',(0.,0.,1.));
#228 = ORIENTED_EDGE('',*,*,#229,.F.);
#229 = EDGE_CURVE('',#190,#221,#230,.T.);
#230 = CIRCLE('',#231,0.79);
#231 = AXIS2_PLACEMENT_3D('',#232,#233,#234);
#232 = CARTESIAN_POINT('',(-19.21421356237,11.285786437627,2.5));
#233 = DIRECTION('',(-0.707106781187,0.707106781187,0.));
#234 = DIRECTION('',(0.,0.,1.));
#235 = PLANE('',#236);
#236 = AXIS2_PLACEMENT_3D('',#237,#238,#239);
#237 = CARTESIAN_POINT('',(-17.48180194846,13.018198051534,-2.));
#238 = DIRECTION('',(-0.707106781187,0.707106781187,0.));
#239 = DIRECTION('',(0.,0.,1.));
#240 = ADVANCED_FACE('',(#241),#258,.T.);
#241 = FACE_BOUND('',#242,.F.);
#242 = EDGE_LOOP('',(#243,#244,#251,#257));
#243 = ORIENTED_EDGE('',*,*,#95,.F.);
#244 = ORIENTED_EDGE('',*,*,#245,.F.);
#245 = EDGE_CURVE('',#188,#88,#246,.T.);
#246 = CIRCLE('',#247,3.5);
#247 = AXIS2_PLACEMENT_3D('',#248,#249,#250);
#248 = CARTESIAN_POINT('',(-17.5,9.5,3.25));
#249 = DIRECTION('',(0.,0.,1.));
#250 = DIRECTION('',(-1.,0.,0.));
#251 = ORIENTED_EDGE('',*,*,#252,.T.);
#252 = EDGE_CURVE('',#188,#154,#253,.T.);
#253 = LINE('',#254,#255);
#254 = CARTESIAN_POINT('',(-17.5,13.,1.));
#255 = VECTOR('',#256,1.);
#256 = DIRECTION('',(0.,0.,1.));
#257 = ORIENTED_EDGE('',*,*,#161,.F.);
#258 = CYLINDRICAL_SURFACE('',#259,3.5);
#259 = AXIS2_PLACEMENT_3D('',#260,#261,#262);
#260 = CARTESIAN_POINT('',(-17.5,9.5,1.));
#261 = DIRECTION('',(0.,0.,1.));
#262 = DIRECTION('',(-1.,0.,0.));
#263 = ADVANCED_FACE('',(#264),#390,.F.);
#264 = FACE_BOUND('',#265,.F.);
#265 = EDGE_LOOP('',(#266,#267,#275,#283,#292,#300,#309,#317,#326,#334,
    #342,#350,#359,#367,#375,#383,#389));
#266 = ORIENTED_EDGE('',*,*,#79,.F.);
#267 = ORIENTED_EDGE('',*,*,#268,.F.);
#268 = EDGE_CURVE('',#269,#72,#271,.T.);
#269 = VERTEX_POINT('',#270);
#270 = CARTESIAN_POINT('',(-20.,6.,1.));
#271 = LINE('',#272,#273);
#272 = CARTESIAN_POINT('',(-18.5,6.,1.));
#273 = VECTOR('',#274,1.);
#274 = DIRECTION('',(-1.,2.22044604925E-16,0.));
#275 = ORIENTED_EDGE('',*,*,#276,.T.);
#276 = EDGE_CURVE('',#269,#277,#279,.T.);
#277 = VERTEX_POINT('',#278);
#278 = CARTESIAN_POINT('',(-20.,9.,1.));
#279 = LINE('',#280,#281);
#280 = CARTESIAN_POINT('',(-20.,-12.5,1.));
#281 = VECTOR('',#282,1.);
#282 = DIRECTION('',(0.,1.,0.));
#283 = ORIENTED_EDGE('',*,*,#284,.F.);
#284 = EDGE_CURVE('',#285,#277,#287,.T.);
#285 = VERTEX_POINT('',#286);
#286 = CARTESIAN_POINT('',(-17.,12.,1.));
#287 = CIRCLE('',#288,3.);
#288 = AXIS2_PLACEMENT_3D('',#289,#290,#291);
#289 = CARTESIAN_POINT('',(-17.,9.,1.));
#290 = DIRECTION('',(0.,0.,1.));
#291 = DIRECTION('',(-1.,0.,0.));
#292 = ORIENTED_EDGE('',*,*,#293,.F.);
#293 = EDGE_CURVE('',#294,#285,#296,.T.);
#294 = VERTEX_POINT('',#295);
#295 = CARTESIAN_POINT('',(17.,12.,1.));
#296 = LINE('',#297,#298);
#297 = CARTESIAN_POINT('',(-20.5,12.,1.));
#298 = VECTOR('',#299,1.);
#299 = DIRECTION('',(-1.,0.,0.));
#300 = ORIENTED_EDGE('',*,*,#301,.F.);
#301 = EDGE_CURVE('',#302,#294,#304,.T.);
#302 = VERTEX_POINT('',#303);
#303 = CARTESIAN_POINT('',(20.,9.,1.));
#304 = CIRCLE('',#305,3.);
#305 = AXIS2_PLACEMENT_3D('',#306,#307,#308);
#306 = CARTESIAN_POINT('',(17.,9.,1.));
#307 = DIRECTION('',(0.,0.,1.));
#308 = DIRECTION('',(1.,0.,0.));
#309 = ORIENTED_EDGE('',*,*,#310,.F.);
#310 = EDGE_CURVE('',#311,#302,#313,.T.);
#311 = VERTEX_POINT('',#312);
#312 = CARTESIAN_POINT('',(20.,-9.,1.));
#313 = LINE('',#314,#315);
#314 = CARTESIAN_POINT('',(20.,-12.5,1.));
#315 = VECTOR('',#316,1.);
#316 = DIRECTION('',(0.,1.,0.));
#317 = ORIENTED_EDGE('',*,*,#318,.F.);
#318 = EDGE_CURVE('',#319,#311,#321,.T.);
#319 = VERTEX_POINT('',#320);
#320 = CARTESIAN_POINT('',(17.,-12.,1.));
#321 = CIRCLE('',#322,3.);
#322 = AXIS2_PLACEMENT_3D('',#323,#324,#325);
#323 = CARTESIAN_POINT('',(17.,-9.,1.));
#324 = DIRECTION('',(0.,0.,1.));
#325 = DIRECTION('',(1.,0.,0.));
#326 = ORIENTED_EDGE('',*,*,#327,.T.);
#327 = EDGE_CURVE('',#319,#328,#330,.T.);
#328 = VERTEX_POINT('',#329);
#329 = CARTESIAN_POINT('',(16.78,-12.,1.));
#330 = LINE('',#331,#332);
#331 = CARTESIAN_POINT('',(-20.5,-12.,1.));
#332 = VECTOR('',#333,1.);
#333 = DIRECTION('',(-1.,0.,0.));
#334 = ORIENTED_EDGE('',*,*,#335,.F.);
#335 = EDGE_CURVE('',#336,#328,#338,.T.);
#336 = VERTEX_POINT('',#337);
#337 = CARTESIAN_POINT('',(16.78,-12.1,1.));
#338 = LINE('',#339,#340);
#339 = CARTESIAN_POINT('',(16.78,-12.1,1.));
#340 = VECTOR('',#341,1.);
#341 = DIRECTION('',(0.,1.,0.));
#342 = ORIENTED_EDGE('',*,*,#343,.F.);
#343 = EDGE_CURVE('',#344,#336,#346,.T.);
#344 = VERTEX_POINT('',#345);
#345 = CARTESIAN_POINT('',(16.005872210923,-12.1,1.));
#346 = LINE('',#347,#348);
#347 = CARTESIAN_POINT('',(-2.493588458689,-12.1,1.));
#348 = VECTOR('',#349,1.);
#349 = DIRECTION('',(1.,0.,0.));
#350 = ORIENTED_EDGE('',*,*,#351,.F.);
#351 = EDGE_CURVE('',#352,#344,#354,.T.);
#352 = VERTEX_POINT('',#353);
#353 = CARTESIAN_POINT('',(17.522782990762,-12.97721700923,1.));
#354 = CIRCLE('',#355,5.);
#355 = AXIS2_PLACEMENT_3D('',#356,#357,#358);
#356 = CARTESIAN_POINT('',(14.3,-16.8,1.));
#357 = DIRECTION('',(0.,0.,1.));
#358 = DIRECTION('',(1.,0.,0.));
#359 = ORIENTED_EDGE('',*,*,#360,.T.);
#360 = EDGE_CURVE('',#352,#361,#363,.T.);
#361 = VERTEX_POINT('',#362);
#362 = CARTESIAN_POINT('',(21.,-9.5,1.));
#363 = LINE('',#364,#365);
#364 = CARTESIAN_POINT('',(7.865900974233,-22.63409902576,1.));
#365 = VECTOR('',#366,1.);
#366 = DIRECTION('',(0.707106781187,0.707106781187,-0.));
#367 = ORIENTED_EDGE('',*,*,#368,.T.);
#368 = EDGE_CURVE('',#361,#369,#371,.T.);
#369 = VERTEX_POINT('',#370);
#370 = CARTESIAN_POINT('',(21.,9.5,1.));
#371 = LINE('',#372,#373);
#372 = CARTESIAN_POINT('',(21.,-13.,1.));
#373 = VECTOR('',#374,1.);
#374 = DIRECTION('',(0.,1.,0.));
#375 = ORIENTED_EDGE('',*,*,#376,.T.);
#376 = EDGE_CURVE('',#369,#377,#379,.T.);
#377 = VERTEX_POINT('',#378);
#378 = CARTESIAN_POINT('',(17.5,13.,1.));
#379 = LINE('',#380,#381);
#380 = CARTESIAN_POINT('',(14.365900974233,16.134099025767,1.));
#381 = VECTOR('',#382,1.);
#382 = DIRECTION('',(-0.707106781187,0.707106781187,0.));
#383 = ORIENTED_EDGE('',*,*,#384,.F.);
#384 = EDGE_CURVE('',#198,#377,#385,.T.);
#385 = LINE('',#386,#387);
#386 = CARTESIAN_POINT('',(-21.,13.,1.));
#387 = VECTOR('',#388,1.);
#388 = DIRECTION('',(1.,0.,0.));
#389 = ORIENTED_EDGE('',*,*,#205,.T.);
#390 = PLANE('',#391);
#391 = AXIS2_PLACEMENT_3D('',#392,#393,#394);
#392 = CARTESIAN_POINT('',(-21.,-13.,1.));
#393 = DIRECTION('',(0.,0.,1.));
#394 = DIRECTION('',(1.,0.,0.));
#395 = ADVANCED_FACE('',(#396),#430,.F.);
#396 = FACE_BOUND('',#397,.F.);
#397 = EDGE_LOOP('',(#398,#406,#414,#422,#428,#429));
#398 = ORIENTED_EDGE('',*,*,#399,.F.);
#399 = EDGE_CURVE('',#400,#64,#402,.T.);
#400 = VERTEX_POINT('',#401);
#401 = CARTESIAN_POINT('',(-19.5,6.,4.9));
#402 = LINE('',#403,#404);
#403 = CARTESIAN_POINT('',(-16.,6.,4.9));
#404 = VECTOR('',#405,1.);
#405 = DIRECTION('',(-1.,2.22044604925E-16,0.));
#406 = ORIENTED_EDGE('',*,*,#407,.F.);
#407 = EDGE_CURVE('',#408,#400,#410,.T.);
#408 = VERTEX_POINT('',#409);
#409 = CARTESIAN_POINT('',(-19.5,6.,1.6));
#410 = LINE('',#411,#412);
#411 = CARTESIAN_POINT('',(-19.5,6.,0.65));
#412 = VECTOR('',#413,1.);
#413 = DIRECTION('',(0.,0.,1.));
#414 = ORIENTED_EDGE('',*,*,#415,.T.);
#415 = EDGE_CURVE('',#408,#416,#418,.T.);
#416 = VERTEX_POINT('',#417);
#417 = CARTESIAN_POINT('',(-20.,6.,1.6));
#418 = LINE('',#419,#420);
#419 = CARTESIAN_POINT('',(-18.,6.,1.6));
#420 = VECTOR('',#421,1.);
#421 = DIRECTION('',(-1.,2.22044604925E-16,0.));
#422 = ORIENTED_EDGE('',*,*,#423,.F.);
#423 = EDGE_CURVE('',#269,#416,#424,.T.);
#424 = LINE('',#425,#426);
#425 = CARTESIAN_POINT('',(-20.,6.,0.15));
#426 = VECTOR('',#427,1.);
#427 = DIRECTION('',(0.,0.,1.));
#428 = ORIENTED_EDGE('',*,*,#268,.T.);
#429 = ORIENTED_EDGE('',*,*,#71,.T.);
#430 = PLANE('',#431);
#431 = AXIS2_PLACEMENT_3D('',#432,#433,#434);
#432 = CARTESIAN_POINT('',(-16.,6.,0.3));
#433 = DIRECTION('',(2.22044604925E-16,1.,0.));
#434 = DIRECTION('',(0.,0.,1.));
#435 = ADVANCED_FACE('',(#436),#454,.F.);
#436 = FACE_BOUND('',#437,.F.);
#437 = EDGE_LOOP('',(#438,#446,#452,#453));
#438 = ORIENTED_EDGE('',*,*,#439,.F.);
#439 = EDGE_CURVE('',#440,#56,#442,.T.);
#440 = VERTEX_POINT('',#441);
#441 = CARTESIAN_POINT('',(-19.5,-6.,4.9));
#442 = LINE('',#443,#444);
#443 = CARTESIAN_POINT('',(-16.,-6.,4.9));
#444 = VECTOR('',#445,1.);
#445 = DIRECTION('',(-1.,2.22044604925E-16,0.));
#446 = ORIENTED_EDGE('',*,*,#447,.F.);
#447 = EDGE_CURVE('',#400,#440,#448,.T.);
#448 = LINE('',#449,#450);
#449 = CARTESIAN_POINT('',(-19.5,-8.75,4.9));
#450 = VECTOR('',#451,1.);
#451 = DIRECTION('',(0.,-1.,0.));
#452 = ORIENTED_EDGE('',*,*,#399,.T.);
#453 = ORIENTED_EDGE('',*,*,#63,.T.);
#454 = PLANE('',#455);
#455 = AXIS2_PLACEMENT_3D('',#456,#457,#458);
#456 = CARTESIAN_POINT('',(-16.,-6.,4.9));
#457 = DIRECTION('',(0.,0.,1.));
#458 = DIRECTION('',(2.22044604925E-16,1.,0.));
#459 = ADVANCED_FACE('',(#460),#494,.T.);
#460 = FACE_BOUND('',#461,.T.);
#461 = EDGE_LOOP('',(#462,#463,#471,#479,#487,#493));
#462 = ORIENTED_EDGE('',*,*,#439,.F.);
#463 = ORIENTED_EDGE('',*,*,#464,.F.);
#464 = EDGE_CURVE('',#465,#440,#467,.T.);
#465 = VERTEX_POINT('',#466);
#466 = CARTESIAN_POINT('',(-19.5,-6.,1.6));
#467 = LINE('',#468,#469);
#468 = CARTESIAN_POINT('',(-19.5,-6.,0.65));
#469 = VECTOR('',#470,1.);
#470 = DIRECTION('',(0.,0.,1.));
#471 = ORIENTED_EDGE('',*,*,#472,.T.);
#472 = EDGE_CURVE('',#465,#473,#475,.T.);
#473 = VERTEX_POINT('',#474);
#474 = CARTESIAN_POINT('',(-20.,-6.,1.6));
#475 = LINE('',#476,#477);
#476 = CARTESIAN_POINT('',(-18.,-6.,1.6));
#477 = VECTOR('',#478,1.);
#478 = DIRECTION('',(-1.,2.22044604925E-16,0.));
#479 = ORIENTED_EDGE('',*,*,#480,.F.);
#480 = EDGE_CURVE('',#481,#473,#483,.T.);
#481 = VERTEX_POINT('',#482);
#482 = CARTESIAN_POINT('',(-20.,-6.,1.));
#483 = LINE('',#484,#485);
#484 = CARTESIAN_POINT('',(-20.,-6.,0.15));
#485 = VECTOR('',#486,1.);
#486 = DIRECTION('',(0.,0.,1.));
#487 = ORIENTED_EDGE('',*,*,#488,.T.);
#488 = EDGE_CURVE('',#481,#48,#489,.T.);
#489 = LINE('',#490,#491);
#490 = CARTESIAN_POINT('',(-18.5,-6.,1.));
#491 = VECTOR('',#492,1.);
#492 = DIRECTION('',(-1.,2.22044604925E-16,0.));
#493 = ORIENTED_EDGE('',*,*,#55,.T.);
#494 = PLANE('',#495);
#495 = AXIS2_PLACEMENT_3D('',#496,#497,#498);
#496 = CARTESIAN_POINT('',(-16.,-6.,0.3));
#497 = DIRECTION('',(2.22044604925E-16,1.,0.));
#498 = DIRECTION('',(0.,0.,1.));
#499 = ADVANCED_FACE('',(#500),#568,.F.);
#500 = FACE_BOUND('',#501,.F.);
#501 = EDGE_LOOP('',(#502,#503,#511,#519,#528,#536,#544,#552,#561,#567)
  );
#502 = ORIENTED_EDGE('',*,*,#47,.F.);
#503 = ORIENTED_EDGE('',*,*,#504,.T.);
#504 = EDGE_CURVE('',#40,#505,#507,.T.);
#505 = VERTEX_POINT('',#506);
#506 = CARTESIAN_POINT('',(-17.5,-13.,1.));
#507 = LINE('',#508,#509);
#508 = CARTESIAN_POINT('',(-18.36590097423,-12.13409902576,1.));
#509 = VECTOR('',#510,1.);
#510 = DIRECTION('',(0.707106781187,-0.707106781187,0.));
#511 = ORIENTED_EDGE('',*,*,#512,.T.);
#512 = EDGE_CURVE('',#505,#513,#515,.T.);
#513 = VERTEX_POINT('',#514);
#514 = CARTESIAN_POINT('',(11.050384638146,-13.,1.));
#515 = LINE('',#516,#517);
#516 = CARTESIAN_POINT('',(-21.,-13.,1.));
#517 = VECTOR('',#518,1.);
#518 = DIRECTION('',(1.,0.,0.));
#519 = ORIENTED_EDGE('',*,*,#520,.F.);
#520 = EDGE_CURVE('',#521,#513,#523,.T.);
#521 = VERTEX_POINT('',#522);
#522 = CARTESIAN_POINT('',(12.594127789077,-12.1,1.));
#523 = CIRCLE('',#524,5.);
#524 = AXIS2_PLACEMENT_3D('',#525,#526,#527);
#525 = CARTESIAN_POINT('',(14.3,-16.8,1.));
#526 = DIRECTION('',(0.,0.,1.));
#527 = DIRECTION('',(1.,0.,0.));
#528 = ORIENTED_EDGE('',*,*,#529,.F.);
#529 = EDGE_CURVE('',#530,#521,#532,.T.);
#530 = VERTEX_POINT('',#531);
#531 = CARTESIAN_POINT('',(11.78,-12.1,1.));
#532 = LINE('',#533,#534);
#533 = CARTESIAN_POINT('',(11.78,-12.1,1.));
#534 = VECTOR('',#535,1.);
#535 = DIRECTION('',(1.,0.,0.));
#536 = ORIENTED_EDGE('',*,*,#537,.T.);
#537 = EDGE_CURVE('',#530,#538,#540,.T.);
#538 = VERTEX_POINT('',#539);
#539 = CARTESIAN_POINT('',(11.78,-12.,1.));
#540 = LINE('',#541,#542);
#541 = CARTESIAN_POINT('',(11.78,-12.1,1.));
#542 = VECTOR('',#543,1.);
#543 = DIRECTION('',(0.,1.,0.));
#544 = ORIENTED_EDGE('',*,*,#545,.T.);
#545 = EDGE_CURVE('',#538,#546,#548,.T.);
#546 = VERTEX_POINT('',#547);
#547 = CARTESIAN_POINT('',(-17.,-12.,1.));
#548 = LINE('',#549,#550);
#549 = CARTESIAN_POINT('',(-20.5,-12.,1.));
#550 = VECTOR('',#551,1.);
#551 = DIRECTION('',(-1.,0.,0.));
#552 = ORIENTED_EDGE('',*,*,#553,.F.);
#553 = EDGE_CURVE('',#554,#546,#556,.T.);
#554 = VERTEX_POINT('',#555);
#555 = CARTESIAN_POINT('',(-20.,-9.,1.));
#556 = CIRCLE('',#557,3.);
#557 = AXIS2_PLACEMENT_3D('',#558,#559,#560);
#558 = CARTESIAN_POINT('',(-17.,-9.,1.));
#559 = DIRECTION('',(0.,0.,1.));
#560 = DIRECTION('',(-1.,0.,0.));
#561 = ORIENTED_EDGE('',*,*,#562,.T.);
#562 = EDGE_CURVE('',#554,#481,#563,.T.);
#563 = LINE('',#564,#565);
#564 = CARTESIAN_POINT('',(-20.,-12.5,1.));
#565 = VECTOR('',#566,1.);
#566 = DIRECTION('',(0.,1.,0.));
#567 = ORIENTED_EDGE('',*,*,#488,.T.);
#568 = PLANE('',#569);
#569 = AXIS2_PLACEMENT_3D('',#570,#571,#572);
#570 = CARTESIAN_POINT('',(-21.,-13.,1.));
#571 = DIRECTION('',(0.,0.,1.));
#572 = DIRECTION('',(1.,0.,0.));
#573 = ADVANCED_FACE('',(#574),#618,.T.);
#574 = FACE_BOUND('',#575,.T.);
#575 = EDGE_LOOP('',(#576,#587,#593,#594,#595,#603,#611));
#576 = ORIENTED_EDGE('',*,*,#577,.T.);
#577 = EDGE_CURVE('',#578,#580,#582,.T.);
#578 = VERTEX_POINT('',#579);
#579 = CARTESIAN_POINT('',(-19.21421356237,-11.28578643762,1.71));
#580 = VERTEX_POINT('',#581);
#581 = CARTESIAN_POINT('',(-19.38971285012,-11.11028714987,3.25));
#582 = CIRCLE('',#583,0.79);
#583 = AXIS2_PLACEMENT_3D('',#584,#585,#586);
#584 = CARTESIAN_POINT('',(-19.21421356237,-11.28578643762,2.5));
#585 = DIRECTION('',(0.707106781187,0.707106781187,-0.));
#586 = DIRECTION('',(-0.707106781187,0.707106781187,0.));
#587 = ORIENTED_EDGE('',*,*,#588,.T.);
#588 = EDGE_CURVE('',#580,#32,#589,.T.);
#589 = LINE('',#590,#591);
#590 = CARTESIAN_POINT('',(-17.48180194846,-13.01819805153,3.25));
#591 = VECTOR('',#592,1.);
#592 = DIRECTION('',(-0.707106781187,0.707106781187,0.));
#593 = ORIENTED_EDGE('',*,*,#39,.F.);
#594 = ORIENTED_EDGE('',*,*,#504,.T.);
#595 = ORIENTED_EDGE('',*,*,#596,.T.);
#596 = EDGE_CURVE('',#505,#597,#599,.T.);
#597 = VERTEX_POINT('',#598);
#598 = CARTESIAN_POINT('',(-17.5,-13.,3.25));
#599 = LINE('',#600,#601);
#600 = CARTESIAN_POINT('',(-17.5,-13.,1.));
#601 = VECTOR('',#602,1.);
#602 = DIRECTION('',(0.,0.,1.));
#603 = ORIENTED_EDGE('',*,*,#604,.T.);
#604 = EDGE_CURVE('',#597,#605,#607,.T.);
#605 = VERTEX_POINT('',#606);
#606 = CARTESIAN_POINT('',(-19.03871427462,-11.46128572537,3.25));
#607 = LINE('',#608,#609);
#608 = CARTESIAN_POINT('',(-17.48180194846,-13.01819805153,3.25));
#609 = VECTOR('',#610,1.);
#610 = DIRECTION('',(-0.707106781187,0.707106781187,0.));
#611 = ORIENTED_EDGE('',*,*,#612,.F.);
#612 = EDGE_CURVE('',#578,#605,#613,.T.);
#613 = CIRCLE('',#614,0.79);
#614 = AXIS2_PLACEMENT_3D('',#615,#616,#617);
#615 = CARTESIAN_POINT('',(-19.21421356237,-11.28578643762,2.5));
#616 = DIRECTION('',(-0.707106781187,-0.707106781187,0.));
#617 = DIRECTION('',(0.,0.,1.));
#618 = PLANE('',#619);
#619 = AXIS2_PLACEMENT_3D('',#620,#621,#622);
#620 = CARTESIAN_POINT('',(-17.48180194846,-13.01819805153,-2.));
#621 = DIRECTION('',(-0.707106781187,-0.707106781187,0.));
#622 = DIRECTION('',(0.,0.,1.));
#623 = ADVANCED_FACE('',(#624),#641,.T.);
#624 = FACE_BOUND('',#625,.T.);
#625 = EDGE_LOOP('',(#626,#627,#634,#640));
#626 = ORIENTED_EDGE('',*,*,#31,.F.);
#627 = ORIENTED_EDGE('',*,*,#628,.T.);
#628 = EDGE_CURVE('',#32,#597,#629,.T.);
#629 = CIRCLE('',#630,3.5);
#630 = AXIS2_PLACEMENT_3D('',#631,#632,#633);
#631 = CARTESIAN_POINT('',(-17.5,-9.5,3.25));
#632 = DIRECTION('',(0.,0.,1.));
#633 = DIRECTION('',(-1.,0.,0.));
#634 = ORIENTED_EDGE('',*,*,#635,.T.);
#635 = EDGE_CURVE('',#597,#111,#636,.T.);
#636 = LINE('',#637,#638);
#637 = CARTESIAN_POINT('',(-17.5,-13.,1.));
#638 = VECTOR('',#639,1.);
#639 = DIRECTION('',(0.,0.,1.));
#640 = ORIENTED_EDGE('',*,*,#110,.F.);
#641 = CYLINDRICAL_SURFACE('',#642,3.5);
#642 = AXIS2_PLACEMENT_3D('',#643,#644,#645);
#643 = CARTESIAN_POINT('',(-17.5,-9.5,1.));
#644 = DIRECTION('',(0.,0.,1.));
#645 = DIRECTION('',(-1.,0.,0.));
#646 = ADVANCED_FACE('',(#647),#676,.F.);
#647 = FACE_BOUND('',#648,.F.);
#648 = EDGE_LOOP('',(#649,#650,#651,#652,#653,#661,#669));
#649 = ORIENTED_EDGE('',*,*,#512,.F.);
#650 = ORIENTED_EDGE('',*,*,#596,.T.);
#651 = ORIENTED_EDGE('',*,*,#635,.T.);
#652 = ORIENTED_EDGE('',*,*,#119,.T.);
#653 = ORIENTED_EDGE('',*,*,#654,.F.);
#654 = EDGE_CURVE('',#655,#120,#657,.T.);
#655 = VERTEX_POINT('',#656);
#656 = CARTESIAN_POINT('',(17.5,-13.,3.25));
#657 = LINE('',#658,#659);
#658 = CARTESIAN_POINT('',(17.5,-13.,1.));
#659 = VECTOR('',#660,1.);
#660 = DIRECTION('',(0.,0.,1.));
#661 = ORIENTED_EDGE('',*,*,#662,.F.);
#662 = EDGE_CURVE('',#663,#655,#665,.T.);
#663 = VERTEX_POINT('',#664);
#664 = CARTESIAN_POINT('',(17.5,-13.,1.565685424949));
#665 = LINE('',#666,#667);
#666 = CARTESIAN_POINT('',(17.5,-13.,1.));
#667 = VECTOR('',#668,1.);
#668 = DIRECTION('',(0.,0.,1.));
#669 = ORIENTED_EDGE('',*,*,#670,.F.);
#670 = EDGE_CURVE('',#513,#663,#671,.T.);
#671 = CIRCLE('',#672,3.249615361854);
#672 = AXIS2_PLACEMENT_3D('',#673,#674,#675);
#673 = CARTESIAN_POINT('',(14.3,-13.,1.));
#674 = DIRECTION('',(0.,1.,0.));
#675 = DIRECTION('',(0.,0.,1.));
#676 = PLANE('',#677);
#677 = AXIS2_PLACEMENT_3D('',#678,#679,#680);
#678 = CARTESIAN_POINT('',(-21.,-13.,1.));
#679 = DIRECTION('',(0.,1.,0.));
#680 = DIRECTION('',(0.,0.,1.));
#681 = ADVANCED_FACE('',(#682),#702,.T.);
#682 = FACE_BOUND('',#683,.T.);
#683 = EDGE_LOOP('',(#684,#685,#686,#687,#688,#696));
#684 = ORIENTED_EDGE('',*,*,#384,.F.);
#685 = ORIENTED_EDGE('',*,*,#197,.T.);
#686 = ORIENTED_EDGE('',*,*,#252,.T.);
#687 = ORIENTED_EDGE('',*,*,#153,.T.);
#688 = ORIENTED_EDGE('',*,*,#689,.F.);
#689 = EDGE_CURVE('',#690,#145,#692,.T.);
#690 = VERTEX_POINT('',#691);
#691 = CARTESIAN_POINT('',(17.5,13.,3.25));
#692 = LINE('',#693,#694);
#693 = CARTESIAN_POINT('',(17.5,13.,1.));
#694 = VECTOR('',#695,1.);
#695 = DIRECTION('',(0.,0.,1.));
#696 = ORIENTED_EDGE('',*,*,#697,.F.);
#697 = EDGE_CURVE('',#377,#690,#698,.T.);
#698 = LINE('',#699,#700);
#699 = CARTESIAN_POINT('',(17.5,13.,1.));
#700 = VECTOR('',#701,1.);
#701 = DIRECTION('',(0.,0.,1.));
#702 = PLANE('',#703);
#703 = AXIS2_PLACEMENT_3D('',#704,#705,#706);
#704 = CARTESIAN_POINT('',(-21.,13.,1.));
#705 = DIRECTION('',(0.,1.,0.));
#706 = DIRECTION('',(0.,0.,1.));
#707 = ADVANCED_FACE('',(#708),#727,.T.);
#708 = FACE_BOUND('',#709,.F.);
#709 = EDGE_LOOP('',(#710,#718,#725,#726));
#710 = ORIENTED_EDGE('',*,*,#711,.F.);
#711 = EDGE_CURVE('',#712,#128,#714,.T.);
#712 = VERTEX_POINT('',#713);
#713 = CARTESIAN_POINT('',(21.,-9.5,3.25));
#714 = LINE('',#715,#716);
#715 = CARTESIAN_POINT('',(21.,-9.5,1.));
#716 = VECTOR('',#717,1.);
#717 = DIRECTION('',(0.,0.,1.));
#718 = ORIENTED_EDGE('',*,*,#719,.F.);
#719 = EDGE_CURVE('',#655,#712,#720,.T.);
#720 = CIRCLE('',#721,3.5);
#721 = AXIS2_PLACEMENT_3D('',#722,#723,#724);
#722 = CARTESIAN_POINT('',(17.5,-9.5,3.25));
#723 = DIRECTION('',(0.,0.,1.));
#724 = DIRECTION('',(1.,0.,0.));
#725 = ORIENTED_EDGE('',*,*,#654,.T.);
#726 = ORIENTED_EDGE('',*,*,#127,.F.);
#727 = CYLINDRICAL_SURFACE('',#728,3.5);
#728 = AXIS2_PLACEMENT_3D('',#729,#730,#731);
#729 = CARTESIAN_POINT('',(17.5,-9.5,1.));
#730 = DIRECTION('',(0.,0.,1.));
#731 = DIRECTION('',(1.,0.,0.));
#732 = ADVANCED_FACE('',(#733,#752),#870,.T.);
#733 = FACE_BOUND('',#734,.T.);
#734 = EDGE_LOOP('',(#735,#743,#750,#751));
#735 = ORIENTED_EDGE('',*,*,#736,.F.);
#736 = EDGE_CURVE('',#737,#137,#739,.T.);
#737 = VERTEX_POINT('',#738);
#738 = CARTESIAN_POINT('',(21.,9.5,3.25));
#739 = LINE('',#740,#741);
#740 = CARTESIAN_POINT('',(21.,9.5,1.));
#741 = VECTOR('',#742,1.);
#742 = DIRECTION('',(0.,0.,1.));
#743 = ORIENTED_EDGE('',*,*,#744,.T.);
#744 = EDGE_CURVE('',#737,#690,#745,.T.);
#745 = CIRCLE('',#746,3.5);
#746 = AXIS2_PLACEMENT_3D('',#747,#748,#749);
#747 = CARTESIAN_POINT('',(17.5,9.5,3.25));
#748 = DIRECTION('',(0.,0.,1.));
#749 = DIRECTION('',(1.,0.,0.));
#750 = ORIENTED_EDGE('',*,*,#689,.T.);
#751 = ORIENTED_EDGE('',*,*,#144,.F.);
#752 = FACE_BOUND('',#753,.T.);
#753 = EDGE_LOOP('',(#754,#764,#783,#792,#814,#822,#844,#853));
#754 = ORIENTED_EDGE('',*,*,#755,.T.);
#755 = EDGE_CURVE('',#756,#758,#760,.T.);
#756 = VERTEX_POINT('',#757);
#757 = CARTESIAN_POINT('',(20.973238616575,9.931987861327,3.99));
#758 = VERTEX_POINT('',#759);
#759 = CARTESIAN_POINT('',(20.973238616575,9.931987861327,4.01));
#760 = LINE('',#761,#762);
#761 = CARTESIAN_POINT('',(20.973238616575,9.931987861327,3.5));
#762 = VECTOR('',#763,1.);
#763 = DIRECTION('',(0.,0.,1.));
#764 = ORIENTED_EDGE('',*,*,#765,.T.);
#765 = EDGE_CURVE('',#758,#766,#768,.T.);
#766 = VERTEX_POINT('',#767);
#767 = CARTESIAN_POINT('',(20.866975073808,10.455760876138,4.5));
#768 = B_SPLINE_CURVE_WITH_KNOTS('',7,(#769,#770,#771,#772,#773,#774,
    #775,#776,#777,#778,#779,#780,#781,#782),.UNSPECIFIED.,.F.,.F.,(8,6,
    8),(0.,0.717500184207,1.),.UNSPECIFIED.);
#769 = CARTESIAN_POINT('',(20.973238616575,9.931987861327,4.01));
#770 = CARTESIAN_POINT('',(20.973238616575,9.931987861327,4.087238458753
    ));
#771 = CARTESIAN_POINT('',(20.971255090809,9.94793901492,4.164259206736)
  );
#772 = CARTESIAN_POINT('',(20.967305316055,9.979678326084,4.238298629207
    ));
#773 = CARTESIAN_POINT('',(20.961052091112,10.026236311758,
    4.306591060294));
#774 = CARTESIAN_POINT('',(20.951792726962,10.085706471932,
    4.366322859435));
#775 = CARTESIAN_POINT('',(20.93899510347,10.155288472238,4.414824085077
    ));
#776 = CARTESIAN_POINT('',(20.916259524839,10.261652799994,
    4.463896444667));
#777 = CARTESIAN_POINT('',(20.909288247109,10.29276196259,4.475706725719
    ));
#778 = CARTESIAN_POINT('',(20.901774546495,10.324697475965,
    4.485320403418));
#779 = CARTESIAN_POINT('',(20.893740161783,10.357213831108,
    4.492623925973));
#780 = CARTESIAN_POINT('',(20.88522296829,10.39006096748,4.497534425189)
  );
#781 = CARTESIAN_POINT('',(20.876277433685,10.422990321687,4.5));
#782 = CARTESIAN_POINT('',(20.866975073808,10.455760876138,4.5));
#783 = ORIENTED_EDGE('',*,*,#784,.T.);
#784 = EDGE_CURVE('',#766,#785,#787,.T.);
#785 = VERTEX_POINT('',#786);
#786 = CARTESIAN_POINT('',(18.849074321705,12.729550816215,4.5));
#787 = CIRCLE('',#788,3.5);
#788 = AXIS2_PLACEMENT_3D('',#789,#790,#791);
#789 = CARTESIAN_POINT('',(17.5,9.5,4.5));
#790 = DIRECTION('',(0.,0.,1.));
#791 = DIRECTION('',(1.,0.,0.));
#792 = ORIENTED_EDGE('',*,*,#793,.F.);
#793 = EDGE_CURVE('',#794,#785,#796,.T.);
#794 = VERTEX_POINT('',#795);
#795 = CARTESIAN_POINT('',(18.261336429892,12.91619186237,4.01));
#796 = B_SPLINE_CURVE_WITH_KNOTS('',6,(#797,#798,#799,#800,#801,#802,
    #803,#804,#805,#806,#807,#808,#809,#810,#811,#812,#813),
  .UNSPECIFIED.,.F.,.F.,(7,5,5,7),(0.,0.295625782273,0.625731739222,1.),
  .UNSPECIFIED.);
#797 = CARTESIAN_POINT('',(18.261336429892,12.91619186237,4.01));
#798 = CARTESIAN_POINT('',(18.261336429892,12.91619186237,4.048345168481
    ));
#799 = CARTESIAN_POINT('',(18.266098628136,12.915130538253,
    4.086644494503));
#800 = CARTESIAN_POINT('',(18.27560168726,12.913012745989,4.124463227841
    ));
#801 = CARTESIAN_POINT('',(18.289670328501,12.909824961749,
    4.161369042508));
#802 = CARTESIAN_POINT('',(18.307973937636,12.905538648207,
    4.196929797081));
#803 = CARTESIAN_POINT('',(18.354654426948,12.894143251129,
    4.268491812466));
#804 = CARTESIAN_POINT('',(18.383969619619,12.886760393264,4.30407997431
    ));
#805 = CARTESIAN_POINT('',(18.41743261137,12.877973754437,4.337124026577
    ));
#806 = CARTESIAN_POINT('',(18.454439700956,12.867746800992,
    4.367251863638));
#807 = CARTESIAN_POINT('',(18.494346220044,12.856072446485,
    4.394117568239));
#808 = CARTESIAN_POINT('',(18.584268141857,12.828192447683,
    4.443840117312));
#809 = CARTESIAN_POINT('',(18.635040660098,12.811552374403,
    4.465745669377));
#810 = CARTESIAN_POINT('',(18.687848326866,12.793154016101,
    4.482647603925));
#811 = CARTESIAN_POINT('',(18.741720754294,12.773154258028,
    4.494159217219));
#812 = CARTESIAN_POINT('',(18.795745298019,12.751827851181,4.5));
#813 = CARTESIAN_POINT('',(18.849074321705,12.729550816215,4.5));
#814 = ORIENTED_EDGE('',*,*,#815,.F.);
#815 = EDGE_CURVE('',#816,#794,#818,.T.);
#816 = VERTEX_POINT('',#817);
#817 = CARTESIAN_POINT('',(18.261336429892,12.91619186237,3.99));
#818 = LINE('',#819,#820);
#819 = CARTESIAN_POINT('',(18.261336429892,12.91619186237,3.5));
#820 = VECTOR('',#821,1.);
#821 = DIRECTION('',(0.,0.,1.));
#822 = ORIENTED_EDGE('',*,*,#823,.T.);
#823 = EDGE_CURVE('',#816,#824,#826,.T.);
#824 = VERTEX_POINT('',#825);
#825 = CARTESIAN_POINT('',(18.849074321705,12.729550816215,3.5));
#826 = B_SPLINE_CURVE_WITH_KNOTS('',6,(#827,#828,#829,#830,#831,#832,
    #833,#834,#835,#836,#837,#838,#839,#840,#841,#842,#843),
  .UNSPECIFIED.,.F.,.F.,(7,5,5,7),(0.,0.295625782282,0.625731739242,1.),
  .UNSPECIFIED.);
#827 = CARTESIAN_POINT('',(18.261336429892,12.91619186237,3.99));
#828 = CARTESIAN_POINT('',(18.261336429892,12.91619186237,3.95165483147)
  );
#829 = CARTESIAN_POINT('',(18.266098628148,12.91513053825,3.9133555054)
  );
#830 = CARTESIAN_POINT('',(18.275601687297,12.913012745981,
    3.875536772015));
#831 = CARTESIAN_POINT('',(18.289670328573,12.909824961733,
    3.838630957305));
#832 = CARTESIAN_POINT('',(18.307973937752,12.905538648179,
    3.803070202694));
#833 = CARTESIAN_POINT('',(18.354654427174,12.894143251073,3.73150818724
    ));
#834 = CARTESIAN_POINT('',(18.383969619913,12.886760393189,
    3.695920025368));
#835 = CARTESIAN_POINT('',(18.417432611738,12.877973754338,
    3.662875973081));
#836 = CARTESIAN_POINT('',(18.454439701403,12.867746800867,
    3.632748136011));
#837 = CARTESIAN_POINT('',(18.494346220573,12.856072446329,
    3.605882431411));
#838 = CARTESIAN_POINT('',(18.584268142554,12.828192447457,
    3.556159882368));
#839 = CARTESIAN_POINT('',(18.635040660883,12.811552374137,
    3.534254330334));
#840 = CARTESIAN_POINT('',(18.687848327734,12.79315401579,3.517352395834
    ));
#841 = CARTESIAN_POINT('',(18.741720755239,12.773154257672,
    3.505840782604));
#842 = CARTESIAN_POINT('',(18.795745299027,12.75182785078,3.499999999903
    ));
#843 = CARTESIAN_POINT('',(18.849074322764,12.729550815773,3.5));
#844 = ORIENTED_EDGE('',*,*,#845,.F.);
#845 = EDGE_CURVE('',#846,#824,#848,.T.);
#846 = VERTEX_POINT('',#847);
#847 = CARTESIAN_POINT('',(20.866975073808,10.455760876138,3.5));
#848 = CIRCLE('',#849,3.5);
#849 = AXIS2_PLACEMENT_3D('',#850,#851,#852);
#850 = CARTESIAN_POINT('',(17.5,9.5,3.5));
#851 = DIRECTION('',(-0.,0.,1.));
#852 = DIRECTION('',(0.,-1.,0.));
#853 = ORIENTED_EDGE('',*,*,#854,.F.);
#854 = EDGE_CURVE('',#756,#846,#855,.T.);
#855 = B_SPLINE_CURVE_WITH_KNOTS('',7,(#856,#857,#858,#859,#860,#861,
    #862,#863,#864,#865,#866,#867,#868,#869),.UNSPECIFIED.,.F.,.F.,(8,6,
    8),(0.,0.71750012286,1.),.UNSPECIFIED.);
#856 = CARTESIAN_POINT('',(20.973238616575,9.931987861327,3.99));
#857 = CARTESIAN_POINT('',(20.973238616575,9.931987861327,3.912767961265
    ));
#858 = CARTESIAN_POINT('',(20.971255375114,9.947936350094,3.835747524525
    ));
#859 = CARTESIAN_POINT('',(20.967305822143,9.97967495204,3.761706366214)
  );
#860 = CARTESIAN_POINT('',(20.961052570286,10.026232955089,
    3.693412085137));
#861 = CARTESIAN_POINT('',(20.95179317346,10.085704413236,3.633678081479
    ));
#862 = CARTESIAN_POINT('',(20.938995098386,10.155288496136,3.58517590371
    ));
#863 = CARTESIAN_POINT('',(20.916259524595,10.261652801095,
    3.536103554898));
#864 = CARTESIAN_POINT('',(20.909288246834,10.292761963775,
    3.524293273891));
#865 = CARTESIAN_POINT('',(20.901774546189,10.324697477232,
    3.514679596248));
#866 = CARTESIAN_POINT('',(20.893740161445,10.357213832451,
    3.507376073761));
#867 = CARTESIAN_POINT('',(20.885222967919,10.390060968894,
    3.502465574624));
#868 = CARTESIAN_POINT('',(20.876277433282,10.422990323162,
    3.499999999901));
#869 = CARTESIAN_POINT('',(20.866975073374,10.455760877666,3.5));
#870 = CYLINDRICAL_SURFACE('',#871,3.5);
#871 = AXIS2_PLACEMENT_3D('',#872,#873,#874);
#872 = CARTESIAN_POINT('',(17.5,9.5,1.));
#873 = DIRECTION('',(0.,0.,1.));
#874 = DIRECTION('',(1.,0.,0.));
#875 = ADVANCED_FACE('',(#876,#894),#962,.T.);
#876 = FACE_BOUND('',#877,.T.);
#877 = EDGE_LOOP('',(#878,#879,#880,#886,#887,#893));
#878 = ORIENTED_EDGE('',*,*,#136,.F.);
#879 = ORIENTED_EDGE('',*,*,#711,.F.);
#880 = ORIENTED_EDGE('',*,*,#881,.F.);
#881 = EDGE_CURVE('',#361,#712,#882,.T.);
#882 = LINE('',#883,#884);
#883 = CARTESIAN_POINT('',(21.,-9.5,1.));
#884 = VECTOR('',#885,1.);
#885 = DIRECTION('',(0.,0.,1.));
#886 = ORIENTED_EDGE('',*,*,#368,.T.);
#887 = ORIENTED_EDGE('',*,*,#888,.T.);
#888 = EDGE_CURVE('',#369,#737,#889,.T.);
#889 = LINE('',#890,#891);
#890 = CARTESIAN_POINT('',(21.,9.5,1.));
#891 = VECTOR('',#892,1.);
#892 = DIRECTION('',(0.,0.,1.));
#893 = ORIENTED_EDGE('',*,*,#736,.T.);
#894 = FACE_BOUND('',#895,.T.);
#895 = EDGE_LOOP('',(#896,#907,#915,#923,#931,#940,#948,#956));
#896 = ORIENTED_EDGE('',*,*,#897,.T.);
#897 = EDGE_CURVE('',#898,#900,#902,.T.);
#898 = VERTEX_POINT('',#899);
#899 = CARTESIAN_POINT('',(21.,-2.9,1.604006420562));
#900 = VERTEX_POINT('',#901);
#901 = CARTESIAN_POINT('',(21.,-2.9,4.095993579438));
#902 = CIRCLE('',#903,1.25);
#903 = AXIS2_PLACEMENT_3D('',#904,#905,#906);
#904 = CARTESIAN_POINT('',(21.,-3.,2.85));
#905 = DIRECTION('',(-1.,-0.,-2.2E-16));
#906 = DIRECTION('',(2.2E-16,0.,-1.));
#907 = ORIENTED_EDGE('',*,*,#908,.T.);
#908 = EDGE_CURVE('',#900,#909,#911,.T.);
#909 = VERTEX_POINT('',#910);
#910 = CARTESIAN_POINT('',(21.,-2.9,4.1));
#911 = LINE('',#912,#913);
#912 = CARTESIAN_POINT('',(21.,-2.9,1.3));
#913 = VECTOR('',#914,1.);
#914 = DIRECTION('',(0.,0.,1.));
#915 = ORIENTED_EDGE('',*,*,#916,.F.);
#916 = EDGE_CURVE('',#917,#909,#919,.T.);
#917 = VERTEX_POINT('',#918);
#918 = CARTESIAN_POINT('',(21.,2.9,4.1));
#919 = LINE('',#920,#921);
#920 = CARTESIAN_POINT('',(21.,-7.95,4.1));
#921 = VECTOR('',#922,1.);
#922 = DIRECTION('',(0.,-1.,0.));
#923 = ORIENTED_EDGE('',*,*,#924,.F.);
#924 = EDGE_CURVE('',#925,#917,#927,.T.);
#925 = VERTEX_POINT('',#926);
#926 = CARTESIAN_POINT('',(21.,2.9,4.095993579438));
#927 = LINE('',#928,#929);
#928 = CARTESIAN_POINT('',(21.,2.9,1.3));
#929 = VECTOR('',#930,1.);
#930 = DIRECTION('',(0.,0.,1.));
#931 = ORIENTED_EDGE('',*,*,#932,.T.);
#932 = EDGE_CURVE('',#925,#933,#935,.T.);
#933 = VERTEX_POINT('',#934);
#934 = CARTESIAN_POINT('',(21.,2.9,1.604006420562));
#935 = CIRCLE('',#936,1.25);
#936 = AXIS2_PLACEMENT_3D('',#937,#938,#939);
#937 = CARTESIAN_POINT('',(21.,3.,2.85));
#938 = DIRECTION('',(-1.,-0.,-2.2E-16));
#939 = DIRECTION('',(2.2E-16,0.,-1.));
#940 = ORIENTED_EDGE('',*,*,#941,.F.);
#941 = EDGE_CURVE('',#942,#933,#944,.T.);
#942 = VERTEX_POINT('',#943);
#943 = CARTESIAN_POINT('',(21.,2.9,1.6));
#944 = LINE('',#945,#946);
#945 = CARTESIAN_POINT('',(21.,2.9,1.3));
#946 = VECTOR('',#947,1.);
#947 = DIRECTION('',(0.,0.,1.));
#948 = ORIENTED_EDGE('',*,*,#949,.F.);
#949 = EDGE_CURVE('',#950,#942,#952,.T.);
#950 = VERTEX_POINT('',#951);
#951 = CARTESIAN_POINT('',(21.,-2.9,1.6));
#952 = LINE('',#953,#954);
#953 = CARTESIAN_POINT('',(21.,-6.5,1.6));
#954 = VECTOR('',#955,1.);
#955 = DIRECTION('',(0.,1.,0.));
#956 = ORIENTED_EDGE('',*,*,#957,.T.);
#957 = EDGE_CURVE('',#950,#898,#958,.T.);
#958 = LINE('',#959,#960);
#959 = CARTESIAN_POINT('',(21.,-2.9,1.3));
#960 = VECTOR('',#961,1.);
#961 = DIRECTION('',(0.,0.,1.));
#962 = PLANE('',#963);
#963 = AXIS2_PLACEMENT_3D('',#964,#965,#966);
#964 = CARTESIAN_POINT('',(21.,-13.,1.));
#965 = DIRECTION('',(1.,0.,0.));
#966 = DIRECTION('',(0.,0.,1.));
#967 = ADVANCED_FACE('',(#968),#1024,.F.);
#968 = FACE_BOUND('',#969,.F.);
#969 = EDGE_LOOP('',(#970,#981,#988,#989,#990,#999,#1008,#1017));
#970 = ORIENTED_EDGE('',*,*,#971,.T.);
#971 = EDGE_CURVE('',#972,#974,#976,.T.);
#972 = VERTEX_POINT('',#973);
#973 = CARTESIAN_POINT('',(17.717744687876,7.,5.));
#974 = VERTEX_POINT('',#975);
#975 = CARTESIAN_POINT('',(18.591287847478,8.8,5.));
#976 = CIRCLE('',#977,2.291287847478);
#977 = AXIS2_PLACEMENT_3D('',#978,#979,#980);
#978 = CARTESIAN_POINT('',(16.3,8.8,5.));
#979 = DIRECTION('',(0.,0.,1.));
#980 = DIRECTION('',(1.,0.,0.));
#981 = ORIENTED_EDGE('',*,*,#982,.T.);
#982 = EDGE_CURVE('',#974,#171,#983,.T.);
#983 = CIRCLE('',#984,2.5);
#984 = AXIS2_PLACEMENT_3D('',#985,#986,#987);
#985 = CARTESIAN_POINT('',(16.3,8.8,4.));
#986 = DIRECTION('',(-2.449293598295E-16,-1.,0.));
#987 = DIRECTION('',(1.,-2.449293598295E-16,0.));
#988 = ORIENTED_EDGE('',*,*,#170,.F.);
#989 = ORIENTED_EDGE('',*,*,#982,.F.);
#990 = ORIENTED_EDGE('',*,*,#991,.T.);
#991 = EDGE_CURVE('',#974,#992,#994,.T.);
#992 = VERTEX_POINT('',#993);
#993 = CARTESIAN_POINT('',(14.4,10.080624847487,5.));
#994 = CIRCLE('',#995,2.291287847478);
#995 = AXIS2_PLACEMENT_3D('',#996,#997,#998);
#996 = CARTESIAN_POINT('',(16.3,8.8,5.));
#997 = DIRECTION('',(0.,0.,1.));
#998 = DIRECTION('',(1.,0.,0.));
#999 = ORIENTED_EDGE('',*,*,#1000,.T.);
#1000 = EDGE_CURVE('',#992,#1001,#1003,.T.);
#1001 = VERTEX_POINT('',#1002);
#1002 = CARTESIAN_POINT('',(14.4,7.519375152513,5.));
#1003 = CIRCLE('',#1004,1.624807680927);
#1004 = AXIS2_PLACEMENT_3D('',#1005,#1006,#1007);
#1005 = CARTESIAN_POINT('',(14.4,8.8,4.));
#1006 = DIRECTION('',(1.,0.,-0.));
#1007 = DIRECTION('',(0.,0.,1.));
#1008 = ORIENTED_EDGE('',*,*,#1009,.T.);
#1009 = EDGE_CURVE('',#1001,#1010,#1012,.T.);
#1010 = VERTEX_POINT('',#1011);
#1011 = CARTESIAN_POINT('',(14.882255312124,7.,5.));
#1012 = CIRCLE('',#1013,2.291287847478);
#1013 = AXIS2_PLACEMENT_3D('',#1014,#1015,#1016);
#1014 = CARTESIAN_POINT('',(16.3,8.8,5.));
#1015 = DIRECTION('',(0.,0.,1.));
#1016 = DIRECTION('',(1.,0.,0.));
#1017 = ORIENTED_EDGE('',*,*,#1018,.T.);
#1018 = EDGE_CURVE('',#1010,#972,#1019,.T.);
#1019 = CIRCLE('',#1020,1.73493515729);
#1020 = AXIS2_PLACEMENT_3D('',#1021,#1022,#1023);
#1021 = CARTESIAN_POINT('',(16.3,7.,4.));
#1022 = DIRECTION('',(0.,1.,0.));
#1023 = DIRECTION('',(0.,0.,1.));
#1024 = SPHERICAL_SURFACE('',#1025,2.5);
#1025 = AXIS2_PLACEMENT_3D('',#1026,#1027,#1028);
#1026 = CARTESIAN_POINT('',(16.3,8.8,4.));
#1027 = DIRECTION('',(0.,0.,1.));
#1028 = DIRECTION('',(1.,0.,0.));
#1029 = ADVANCED_FACE('',(#1030),#1051,.F.);
#1030 = FACE_BOUND('',#1031,.F.);
#1031 = EDGE_LOOP('',(#1032,#1033,#1034,#1035,#1044));
#1032 = ORIENTED_EDGE('',*,*,#187,.F.);
#1033 = ORIENTED_EDGE('',*,*,#245,.T.);
#1034 = ORIENTED_EDGE('',*,*,#212,.F.);
#1035 = ORIENTED_EDGE('',*,*,#1036,.F.);
#1036 = EDGE_CURVE('',#1037,#213,#1039,.T.);
#1037 = VERTEX_POINT('',#1038);
#1038 = CARTESIAN_POINT('',(-19.38971285012,11.461285725375,3.25));
#1039 = CIRCLE('',#1040,0.24819347292);
#1040 = AXIS2_PLACEMENT_3D('',#1041,#1042,#1043);
#1041 = CARTESIAN_POINT('',(-19.21421356237,11.285786437627,3.25));
#1042 = DIRECTION('',(0.,0.,1.));
#1043 = DIRECTION('',(-0.707106781187,0.707106781187,0.));
#1044 = ORIENTED_EDGE('',*,*,#1045,.F.);
#1045 = EDGE_CURVE('',#190,#1037,#1046,.T.);
#1046 = CIRCLE('',#1047,0.24819347292);
#1047 = AXIS2_PLACEMENT_3D('',#1048,#1049,#1050);
#1048 = CARTESIAN_POINT('',(-19.21421356237,11.285786437627,3.25));
#1049 = DIRECTION('',(0.,0.,1.));
#1050 = DIRECTION('',(-0.707106781187,0.707106781187,0.));
#1051 = PLANE('',#1052);
#1052 = AXIS2_PLACEMENT_3D('',#1053,#1054,#1055);
#1053 = CARTESIAN_POINT('',(-17.48180194846,13.018198051534,3.25));
#1054 = DIRECTION('',(0.,0.,1.));
#1055 = DIRECTION('',(-0.707106781187,0.707106781187,0.));
#1056 = ADVANCED_FACE('',(#1057),#1073,.F.);
#1057 = FACE_BOUND('',#1058,.F.);
#1058 = EDGE_LOOP('',(#1059,#1068,#1069,#1070,#1071,#1072));
#1059 = ORIENTED_EDGE('',*,*,#1060,.T.);
#1060 = EDGE_CURVE('',#1037,#1061,#1063,.T.);
#1061 = VERTEX_POINT('',#1062);
#1062 = CARTESIAN_POINT('',(-19.21421356237,11.285786437627,3.29));
#1063 = CIRCLE('',#1064,0.79);
#1064 = AXIS2_PLACEMENT_3D('',#1065,#1066,#1067);
#1065 = CARTESIAN_POINT('',(-19.21421356237,11.285786437627,2.5));
#1066 = DIRECTION('',(0.707106781187,0.707106781187,-0.));
#1067 = DIRECTION('',(-0.707106781187,0.707106781187,0.));
#1068 = ORIENTED_EDGE('',*,*,#1060,.F.);
#1069 = ORIENTED_EDGE('',*,*,#1036,.T.);
#1070 = ORIENTED_EDGE('',*,*,#220,.F.);
#1071 = ORIENTED_EDGE('',*,*,#229,.F.);
#1072 = ORIENTED_EDGE('',*,*,#1045,.T.);
#1073 = SPHERICAL_SURFACE('',#1074,0.79);
#1074 = AXIS2_PLACEMENT_3D('',#1075,#1076,#1077);
#1075 = CARTESIAN_POINT('',(-19.21421356237,11.285786437627,2.5));
#1076 = DIRECTION('',(0.,0.,1.));
#1077 = DIRECTION('',(-0.707106781187,0.707106781187,0.));
#1078 = ADVANCED_FACE('',(#1079),#1116,.T.);
#1079 = FACE_BOUND('',#1080,.T.);
#1080 = EDGE_LOOP('',(#1081,#1092,#1098,#1099,#1100,#1101,#1109));
#1081 = ORIENTED_EDGE('',*,*,#1082,.T.);
#1082 = EDGE_CURVE('',#1083,#1085,#1087,.T.);
#1083 = VERTEX_POINT('',#1084);
#1084 = CARTESIAN_POINT('',(19.214213562373,11.285786437627,1.7));
#1085 = VERTEX_POINT('',#1086);
#1086 = CARTESIAN_POINT('',(19.411063759223,11.088936240777,3.25));
#1087 = CIRCLE('',#1088,0.8);
#1088 = AXIS2_PLACEMENT_3D('',#1089,#1090,#1091);
#1089 = CARTESIAN_POINT('',(19.214213562373,11.285786437627,2.5));
#1090 = DIRECTION('',(-0.707106781187,-0.707106781187,0.));
#1091 = DIRECTION('',(0.707106781187,-0.707106781187,0.));
#1092 = ORIENTED_EDGE('',*,*,#1093,.T.);
#1093 = EDGE_CURVE('',#1085,#737,#1094,.T.);
#1094 = LINE('',#1095,#1096);
#1095 = CARTESIAN_POINT('',(17.481801948466,13.018198051534,3.25));
#1096 = VECTOR('',#1097,1.);
#1097 = DIRECTION('',(0.707106781187,-0.707106781187,0.));
#1098 = ORIENTED_EDGE('',*,*,#888,.F.);
#1099 = ORIENTED_EDGE('',*,*,#376,.T.);
#1100 = ORIENTED_EDGE('',*,*,#697,.T.);
#1101 = ORIENTED_EDGE('',*,*,#1102,.T.);
#1102 = EDGE_CURVE('',#690,#1103,#1105,.T.);
#1103 = VERTEX_POINT('',#1104);
#1104 = CARTESIAN_POINT('',(19.017363365523,11.482636634477,3.25));
#1105 = LINE('',#1106,#1107);
#1106 = CARTESIAN_POINT('',(17.481801948466,13.018198051534,3.25));
#1107 = VECTOR('',#1108,1.);
#1108 = DIRECTION('',(0.707106781187,-0.707106781187,0.));
#1109 = ORIENTED_EDGE('',*,*,#1110,.F.);
#1110 = EDGE_CURVE('',#1083,#1103,#1111,.T.);
#1111 = CIRCLE('',#1112,0.8);
#1112 = AXIS2_PLACEMENT_3D('',#1113,#1114,#1115);
#1113 = CARTESIAN_POINT('',(19.214213562373,11.285786437627,2.5));
#1114 = DIRECTION('',(0.707106781187,0.707106781187,-0.));
#1115 = DIRECTION('',(0.,0.,1.));
#1116 = PLANE('',#1117);
#1117 = AXIS2_PLACEMENT_3D('',#1118,#1119,#1120);
#1118 = CARTESIAN_POINT('',(17.481801948466,13.018198051534,-2.));
#1119 = DIRECTION('',(0.707106781187,0.707106781187,0.));
#1120 = DIRECTION('',(0.,0.,1.));
#1121 = ADVANCED_FACE('',(#1122),#1166,.T.);
#1122 = FACE_BOUND('',#1123,.T.);
#1123 = EDGE_LOOP('',(#1124,#1132,#1133,#1140,#1141,#1142,#1150,#1159));
#1124 = ORIENTED_EDGE('',*,*,#1125,.F.);
#1125 = EDGE_CURVE('',#655,#1126,#1128,.T.);
#1126 = VERTEX_POINT('',#1127);
#1127 = CARTESIAN_POINT('',(19.017363365523,-11.48263663447,3.25));
#1128 = LINE('',#1129,#1130);
#1129 = CARTESIAN_POINT('',(17.481801948466,-13.01819805153,3.25));
#1130 = VECTOR('',#1131,1.);
#1131 = DIRECTION('',(0.707106781187,0.707106781187,0.));
#1132 = ORIENTED_EDGE('',*,*,#662,.F.);
#1133 = ORIENTED_EDGE('',*,*,#1134,.F.);
#1134 = EDGE_CURVE('',#352,#663,#1135,.T.);
#1135 = CIRCLE('',#1136,4.981967482832);
#1136 = AXIS2_PLACEMENT_3D('',#1137,#1138,#1139);
#1137 = CARTESIAN_POINT('',(14.,-16.5,1.));
#1138 = DIRECTION('',(0.707106781187,-0.707106781187,0.));
#1139 = DIRECTION('',(0.707106781187,0.707106781187,0.));
#1140 = ORIENTED_EDGE('',*,*,#360,.T.);
#1141 = ORIENTED_EDGE('',*,*,#881,.T.);
#1142 = ORIENTED_EDGE('',*,*,#1143,.F.);
#1143 = EDGE_CURVE('',#1144,#712,#1146,.T.);
#1144 = VERTEX_POINT('',#1145);
#1145 = CARTESIAN_POINT('',(19.411063759223,-11.08893624077,3.25));
#1146 = LINE('',#1147,#1148);
#1147 = CARTESIAN_POINT('',(17.481801948466,-13.01819805153,3.25));
#1148 = VECTOR('',#1149,1.);
#1149 = DIRECTION('',(0.707106781187,0.707106781187,0.));
#1150 = ORIENTED_EDGE('',*,*,#1151,.F.);
#1151 = EDGE_CURVE('',#1152,#1144,#1154,.T.);
#1152 = VERTEX_POINT('',#1153);
#1153 = CARTESIAN_POINT('',(19.214213562373,-11.28578643762,1.7));
#1154 = CIRCLE('',#1155,0.8);
#1155 = AXIS2_PLACEMENT_3D('',#1156,#1157,#1158);
#1156 = CARTESIAN_POINT('',(19.214213562373,-11.28578643762,2.5));
#1157 = DIRECTION('',(0.707106781187,-0.707106781187,0.));
#1158 = DIRECTION('',(0.,0.,1.));
#1159 = ORIENTED_EDGE('',*,*,#1160,.F.);
#1160 = EDGE_CURVE('',#1126,#1152,#1161,.T.);
#1161 = CIRCLE('',#1162,0.8);
#1162 = AXIS2_PLACEMENT_3D('',#1163,#1164,#1165);
#1163 = CARTESIAN_POINT('',(19.214213562373,-11.28578643762,2.5));
#1164 = DIRECTION('',(0.707106781187,-0.707106781187,0.));
#1165 = DIRECTION('',(0.,0.,1.));
#1166 = PLANE('',#1167);
#1167 = AXIS2_PLACEMENT_3D('',#1168,#1169,#1170);
#1168 = CARTESIAN_POINT('',(17.481801948466,-13.01819805153,-2.));
#1169 = DIRECTION('',(0.707106781187,-0.707106781187,0.));
#1170 = DIRECTION('',(0.,0.,1.));
#1171 = ADVANCED_FACE('',(#1172),#1203,.F.);
#1172 = FACE_BOUND('',#1173,.F.);
#1173 = EDGE_LOOP('',(#1174,#1183,#1184,#1185,#1186,#1187,#1196));
#1174 = ORIENTED_EDGE('',*,*,#1175,.F.);
#1175 = EDGE_CURVE('',#521,#1176,#1178,.T.);
#1176 = VERTEX_POINT('',#1177);
#1177 = CARTESIAN_POINT('',(13.487596159536,-12.1,2.5));
#1178 = CIRCLE('',#1179,1.705872210923);
#1179 = AXIS2_PLACEMENT_3D('',#1180,#1181,#1182);
#1180 = CARTESIAN_POINT('',(14.3,-12.1,1.));
#1181 = DIRECTION('',(0.,1.,0.));
#1182 = DIRECTION('',(0.,0.,1.));
#1183 = ORIENTED_EDGE('',*,*,#520,.T.);
#1184 = ORIENTED_EDGE('',*,*,#670,.T.);
#1185 = ORIENTED_EDGE('',*,*,#1134,.F.);
#1186 = ORIENTED_EDGE('',*,*,#351,.T.);
#1187 = ORIENTED_EDGE('',*,*,#1188,.F.);
#1188 = EDGE_CURVE('',#1189,#344,#1191,.T.);
#1189 = VERTEX_POINT('',#1190);
#1190 = CARTESIAN_POINT('',(15.112403840464,-12.1,2.5));
#1191 = CIRCLE('',#1192,1.705872210923);
#1192 = AXIS2_PLACEMENT_3D('',#1193,#1194,#1195);
#1193 = CARTESIAN_POINT('',(14.3,-12.1,1.));
#1194 = DIRECTION('',(0.,1.,0.));
#1195 = DIRECTION('',(0.,0.,1.));
#1196 = ORIENTED_EDGE('',*,*,#1197,.T.);
#1197 = EDGE_CURVE('',#1189,#1176,#1198,.T.);
#1198 = CIRCLE('',#1199,4.769696007085);
#1199 = AXIS2_PLACEMENT_3D('',#1200,#1201,#1202);
#1200 = CARTESIAN_POINT('',(14.3,-16.8,2.5));
#1201 = DIRECTION('',(0.,0.,1.));
#1202 = DIRECTION('',(1.,0.,0.));
#1203 = SPHERICAL_SURFACE('',#1204,5.);
#1204 = AXIS2_PLACEMENT_3D('',#1205,#1206,#1207);
#1205 = CARTESIAN_POINT('',(14.3,-16.8,1.));
#1206 = DIRECTION('',(0.,0.,1.));
#1207 = DIRECTION('',(1.,0.,0.));
#1208 = ADVANCED_FACE('',(#1209),#1227,.F.);
#1209 = FACE_BOUND('',#1210,.F.);
#1210 = EDGE_LOOP('',(#1211,#1212,#1213,#1221));
#1211 = ORIENTED_EDGE('',*,*,#1188,.T.);
#1212 = ORIENTED_EDGE('',*,*,#343,.T.);
#1213 = ORIENTED_EDGE('',*,*,#1214,.T.);
#1214 = EDGE_CURVE('',#336,#1215,#1217,.T.);
#1215 = VERTEX_POINT('',#1216);
#1216 = CARTESIAN_POINT('',(16.78,-12.1,2.5));
#1217 = LINE('',#1218,#1219);
#1218 = CARTESIAN_POINT('',(16.78,-12.1,1.));
#1219 = VECTOR('',#1220,1.);
#1220 = DIRECTION('',(0.,0.,1.));
#1221 = ORIENTED_EDGE('',*,*,#1222,.F.);
#1222 = EDGE_CURVE('',#1189,#1215,#1223,.T.);
#1223 = LINE('',#1224,#1225);
#1224 = CARTESIAN_POINT('',(11.78,-12.1,2.5));
#1225 = VECTOR('',#1226,1.);
#1226 = DIRECTION('',(1.,0.,0.));
#1227 = PLANE('',#1228);
#1228 = AXIS2_PLACEMENT_3D('',#1229,#1230,#1231);
#1229 = CARTESIAN_POINT('',(16.012823082622,-12.1,1.087163080312));
#1230 = DIRECTION('',(-0.,-1.,-0.));
#1231 = DIRECTION('',(0.,0.,-1.));
#1232 = ADVANCED_FACE('',(#1233),#1267,.F.);
#1233 = FACE_BOUND('',#1234,.F.);
#1234 = EDGE_LOOP('',(#1235,#1236,#1237,#1245,#1253,#1261));
#1235 = ORIENTED_EDGE('',*,*,#1214,.F.);
#1236 = ORIENTED_EDGE('',*,*,#335,.T.);
#1237 = ORIENTED_EDGE('',*,*,#1238,.F.);
#1238 = EDGE_CURVE('',#1239,#328,#1241,.T.);
#1239 = VERTEX_POINT('',#1240);
#1240 = CARTESIAN_POINT('',(16.78,-12.,1.6));
#1241 = LINE('',#1242,#1243);
#1242 = CARTESIAN_POINT('',(16.78,-12.,0.5));
#1243 = VECTOR('',#1244,1.);
#1244 = DIRECTION('',(0.,0.,-1.));
#1245 = ORIENTED_EDGE('',*,*,#1246,.T.);
#1246 = EDGE_CURVE('',#1239,#1247,#1249,.T.);
#1247 = VERTEX_POINT('',#1248);
#1248 = CARTESIAN_POINT('',(16.78,-11.48690475241,1.6));
#1249 = LINE('',#1250,#1251);
#1250 = CARTESIAN_POINT('',(16.78,-12.05,1.6));
#1251 = VECTOR('',#1252,1.);
#1252 = DIRECTION('',(0.,1.,0.));
#1253 = ORIENTED_EDGE('',*,*,#1254,.T.);
#1254 = EDGE_CURVE('',#1247,#1255,#1257,.T.);
#1255 = VERTEX_POINT('',#1256);
#1256 = CARTESIAN_POINT('',(16.78,-11.48690475241,2.5));
#1257 = LINE('',#1258,#1259);
#1258 = CARTESIAN_POINT('',(16.78,-11.48690475241,1.));
#1259 = VECTOR('',#1260,1.);
#1260 = DIRECTION('',(0.,0.,1.));
#1261 = ORIENTED_EDGE('',*,*,#1262,.F.);
#1262 = EDGE_CURVE('',#1215,#1255,#1263,.T.);
#1263 = LINE('',#1264,#1265);
#1264 = CARTESIAN_POINT('',(16.78,-12.1,2.5));
#1265 = VECTOR('',#1266,1.);
#1266 = DIRECTION('',(0.,1.,0.));
#1267 = PLANE('',#1268);
#1268 = AXIS2_PLACEMENT_3D('',#1269,#1270,#1271);
#1269 = CARTESIAN_POINT('',(16.78,-12.1,1.));
#1270 = DIRECTION('',(1.,0.,0.));
#1271 = DIRECTION('',(0.,0.,1.));
#1272 = ADVANCED_FACE('',(#1273),#1291,.T.);
#1273 = FACE_BOUND('',#1274,.T.);
#1274 = EDGE_LOOP('',(#1275,#1283,#1284,#1285));
#1275 = ORIENTED_EDGE('',*,*,#1276,.F.);
#1276 = EDGE_CURVE('',#319,#1277,#1279,.T.);
#1277 = VERTEX_POINT('',#1278);
#1278 = CARTESIAN_POINT('',(17.,-12.,1.6));
#1279 = LINE('',#1280,#1281);
#1280 = CARTESIAN_POINT('',(17.,-12.,0.));
#1281 = VECTOR('',#1282,1.);
#1282 = DIRECTION('',(0.,0.,1.));
#1283 = ORIENTED_EDGE('',*,*,#327,.T.);
#1284 = ORIENTED_EDGE('',*,*,#1238,.F.);
#1285 = ORIENTED_EDGE('',*,*,#1286,.T.);
#1286 = EDGE_CURVE('',#1239,#1277,#1287,.T.);
#1287 = LINE('',#1288,#1289);
#1288 = CARTESIAN_POINT('',(-20.,-12.,1.6));
#1289 = VECTOR('',#1290,1.);
#1290 = DIRECTION('',(1.,0.,0.));
#1291 = PLANE('',#1292);
#1292 = AXIS2_PLACEMENT_3D('',#1293,#1294,#1295);
#1293 = CARTESIAN_POINT('',(-20.,-12.,0.));
#1294 = DIRECTION('',(0.,1.,0.));
#1295 = DIRECTION('',(0.,0.,1.));
#1296 = ADVANCED_FACE('',(#1297),#1316,.F.);
#1297 = FACE_BOUND('',#1298,.T.);
#1298 = EDGE_LOOP('',(#1299,#1307,#1308,#1309));
#1299 = ORIENTED_EDGE('',*,*,#1300,.F.);
#1300 = EDGE_CURVE('',#311,#1301,#1303,.T.);
#1301 = VERTEX_POINT('',#1302);
#1302 = CARTESIAN_POINT('',(20.,-9.,1.6));
#1303 = LINE('',#1304,#1305);
#1304 = CARTESIAN_POINT('',(20.,-9.,0.));
#1305 = VECTOR('',#1306,1.);
#1306 = DIRECTION('',(0.,0.,1.));
#1307 = ORIENTED_EDGE('',*,*,#318,.F.);
#1308 = ORIENTED_EDGE('',*,*,#1276,.T.);
#1309 = ORIENTED_EDGE('',*,*,#1310,.F.);
#1310 = EDGE_CURVE('',#1301,#1277,#1311,.T.);
#1311 = CIRCLE('',#1312,3.);
#1312 = AXIS2_PLACEMENT_3D('',#1313,#1314,#1315);
#1313 = CARTESIAN_POINT('',(17.,-9.,1.6));
#1314 = DIRECTION('',(-0.,-0.,-1.));
#1315 = DIRECTION('',(0.,-1.,0.));
#1316 = CYLINDRICAL_SURFACE('',#1317,3.);
#1317 = AXIS2_PLACEMENT_3D('',#1318,#1319,#1320);
#1318 = CARTESIAN_POINT('',(17.,-9.,0.));
#1319 = DIRECTION('',(0.,0.,1.));
#1320 = DIRECTION('',(1.,0.,0.));
#1321 = ADVANCED_FACE('',(#1322),#1424,.T.);
#1322 = FACE_BOUND('',#1323,.T.);
#1323 = EDGE_LOOP('',(#1324,#1332,#1340,#1349,#1358,#1366,#1374,#1382,
    #1391,#1400,#1408,#1416,#1422,#1423));
#1324 = ORIENTED_EDGE('',*,*,#1325,.T.);
#1325 = EDGE_CURVE('',#1301,#1326,#1328,.T.);
#1326 = VERTEX_POINT('',#1327);
#1327 = CARTESIAN_POINT('',(20.,-4.24,1.6));
#1328 = LINE('',#1329,#1330);
#1329 = CARTESIAN_POINT('',(20.,-12.,1.6));
#1330 = VECTOR('',#1331,1.);
#1331 = DIRECTION('',(0.,1.,0.));
#1332 = ORIENTED_EDGE('',*,*,#1333,.T.);
#1333 = EDGE_CURVE('',#1326,#1334,#1336,.T.);
#1334 = VERTEX_POINT('',#1335);
#1335 = CARTESIAN_POINT('',(20.,-4.24,2.692202661619));
#1336 = LINE('',#1337,#1338);
#1337 = CARTESIAN_POINT('',(20.,-4.24,1.6));
#1338 = VECTOR('',#1339,1.);
#1339 = DIRECTION('',(0.,0.,1.));
#1340 = ORIENTED_EDGE('',*,*,#1341,.F.);
#1341 = EDGE_CURVE('',#1342,#1334,#1344,.T.);
#1342 = VERTEX_POINT('',#1343);
#1343 = CARTESIAN_POINT('',(20.,-3.,1.6));
#1344 = CIRCLE('',#1345,1.25);
#1345 = AXIS2_PLACEMENT_3D('',#1346,#1347,#1348);
#1346 = CARTESIAN_POINT('',(20.,-3.,2.85));
#1347 = DIRECTION('',(-1.,-0.,-2.2E-16));
#1348 = DIRECTION('',(2.2E-16,0.,-1.));
#1349 = ORIENTED_EDGE('',*,*,#1350,.F.);
#1350 = EDGE_CURVE('',#1351,#1342,#1353,.T.);
#1351 = VERTEX_POINT('',#1352);
#1352 = CARTESIAN_POINT('',(20.,-2.9,1.604006420562));
#1353 = CIRCLE('',#1354,1.25);
#1354 = AXIS2_PLACEMENT_3D('',#1355,#1356,#1357);
#1355 = CARTESIAN_POINT('',(20.,-3.,2.85));
#1356 = DIRECTION('',(-1.,-0.,-2.2E-16));
#1357 = DIRECTION('',(2.2E-16,0.,-1.));
#1358 = ORIENTED_EDGE('',*,*,#1359,.T.);
#1359 = EDGE_CURVE('',#1351,#1360,#1362,.T.);
#1360 = VERTEX_POINT('',#1361);
#1361 = CARTESIAN_POINT('',(20.,-2.9,1.6));
#1362 = LINE('',#1363,#1364);
#1363 = CARTESIAN_POINT('',(20.,-2.9,1.6));
#1364 = VECTOR('',#1365,1.);
#1365 = DIRECTION('',(0.,0.,-1.));
#1366 = ORIENTED_EDGE('',*,*,#1367,.T.);
#1367 = EDGE_CURVE('',#1360,#1368,#1370,.T.);
#1368 = VERTEX_POINT('',#1369);
#1369 = CARTESIAN_POINT('',(20.,2.9,1.6));
#1370 = LINE('',#1371,#1372);
#1371 = CARTESIAN_POINT('',(20.,-12.,1.6));
#1372 = VECTOR('',#1373,1.);
#1373 = DIRECTION('',(0.,1.,0.));
#1374 = ORIENTED_EDGE('',*,*,#1375,.F.);
#1375 = EDGE_CURVE('',#1376,#1368,#1378,.T.);
#1376 = VERTEX_POINT('',#1377);
#1377 = CARTESIAN_POINT('',(20.,2.9,1.604006420562));
#1378 = LINE('',#1379,#1380);
#1379 = CARTESIAN_POINT('',(20.,2.9,1.6));
#1380 = VECTOR('',#1381,1.);
#1381 = DIRECTION('',(0.,0.,-1.));
#1382 = ORIENTED_EDGE('',*,*,#1383,.F.);
#1383 = EDGE_CURVE('',#1384,#1376,#1386,.T.);
#1384 = VERTEX_POINT('',#1385);
#1385 = CARTESIAN_POINT('',(20.,3.,1.6));
#1386 = CIRCLE('',#1387,1.25);
#1387 = AXIS2_PLACEMENT_3D('',#1388,#1389,#1390);
#1388 = CARTESIAN_POINT('',(20.,3.,2.85));
#1389 = DIRECTION('',(-1.,-0.,-2.2E-16));
#1390 = DIRECTION('',(2.2E-16,0.,-1.));
#1391 = ORIENTED_EDGE('',*,*,#1392,.F.);
#1392 = EDGE_CURVE('',#1393,#1384,#1395,.T.);
#1393 = VERTEX_POINT('',#1394);
#1394 = CARTESIAN_POINT('',(20.,4.24,2.692202661619));
#1395 = CIRCLE('',#1396,1.25);
#1396 = AXIS2_PLACEMENT_3D('',#1397,#1398,#1399);
#1397 = CARTESIAN_POINT('',(20.,3.,2.85));
#1398 = DIRECTION('',(-1.,-0.,-2.2E-16));
#1399 = DIRECTION('',(2.2E-16,0.,-1.));
#1400 = ORIENTED_EDGE('',*,*,#1401,.F.);
#1401 = EDGE_CURVE('',#1402,#1393,#1404,.T.);
#1402 = VERTEX_POINT('',#1403);
#1403 = CARTESIAN_POINT('',(20.,4.24,1.6));
#1404 = LINE('',#1405,#1406);
#1405 = CARTESIAN_POINT('',(20.,4.24,1.6));
#1406 = VECTOR('',#1407,1.);
#1407 = DIRECTION('',(0.,0.,1.));
#1408 = ORIENTED_EDGE('',*,*,#1409,.T.);
#1409 = EDGE_CURVE('',#1402,#1410,#1412,.T.);
#1410 = VERTEX_POINT('',#1411);
#1411 = CARTESIAN_POINT('',(20.,9.,1.6));
#1412 = LINE('',#1413,#1414);
#1413 = CARTESIAN_POINT('',(20.,-12.,1.6));
#1414 = VECTOR('',#1415,1.);
#1415 = DIRECTION('',(0.,1.,0.));
#1416 = ORIENTED_EDGE('',*,*,#1417,.F.);
#1417 = EDGE_CURVE('',#302,#1410,#1418,.T.);
#1418 = LINE('',#1419,#1420);
#1419 = CARTESIAN_POINT('',(20.,9.,0.));
#1420 = VECTOR('',#1421,1.);
#1421 = DIRECTION('',(0.,0.,1.));
#1422 = ORIENTED_EDGE('',*,*,#310,.F.);
#1423 = ORIENTED_EDGE('',*,*,#1300,.T.);
#1424 = PLANE('',#1425);
#1425 = AXIS2_PLACEMENT_3D('',#1426,#1427,#1428);
#1426 = CARTESIAN_POINT('',(20.,-5.703517765991E-16,1.389873500522));
#1427 = DIRECTION('',(-1.,-0.,-0.));
#1428 = DIRECTION('',(0.,0.,-1.));
#1429 = ADVANCED_FACE('',(#1430),#1449,.F.);
#1430 = FACE_BOUND('',#1431,.F.);
#1431 = EDGE_LOOP('',(#1432,#1433,#1434,#1442));
#1432 = ORIENTED_EDGE('',*,*,#1417,.F.);
#1433 = ORIENTED_EDGE('',*,*,#301,.T.);
#1434 = ORIENTED_EDGE('',*,*,#1435,.T.);
#1435 = EDGE_CURVE('',#294,#1436,#1438,.T.);
#1436 = VERTEX_POINT('',#1437);
#1437 = CARTESIAN_POINT('',(17.,12.,1.6));
#1438 = LINE('',#1439,#1440);
#1439 = CARTESIAN_POINT('',(17.,12.,0.));
#1440 = VECTOR('',#1441,1.);
#1441 = DIRECTION('',(0.,0.,1.));
#1442 = ORIENTED_EDGE('',*,*,#1443,.F.);
#1443 = EDGE_CURVE('',#1410,#1436,#1444,.T.);
#1444 = CIRCLE('',#1445,3.);
#1445 = AXIS2_PLACEMENT_3D('',#1446,#1447,#1448);
#1446 = CARTESIAN_POINT('',(17.,9.,1.6));
#1447 = DIRECTION('',(-0.,0.,1.));
#1448 = DIRECTION('',(0.,-1.,0.));
#1449 = CYLINDRICAL_SURFACE('',#1450,3.);
#1450 = AXIS2_PLACEMENT_3D('',#1451,#1452,#1453);
#1451 = CARTESIAN_POINT('',(17.,9.,0.));
#1452 = DIRECTION('',(0.,0.,1.));
#1453 = DIRECTION('',(1.,0.,0.));
#1454 = ADVANCED_FACE('',(#1455),#1473,.F.);
#1455 = FACE_BOUND('',#1456,.F.);
#1456 = EDGE_LOOP('',(#1457,#1458,#1466,#1472));
#1457 = ORIENTED_EDGE('',*,*,#293,.T.);
#1458 = ORIENTED_EDGE('',*,*,#1459,.T.);
#1459 = EDGE_CURVE('',#285,#1460,#1462,.T.);
#1460 = VERTEX_POINT('',#1461);
#1461 = CARTESIAN_POINT('',(-17.,12.,1.6));
#1462 = LINE('',#1463,#1464);
#1463 = CARTESIAN_POINT('',(-17.,12.,0.));
#1464 = VECTOR('',#1465,1.);
#1465 = DIRECTION('',(0.,0.,1.));
#1466 = ORIENTED_EDGE('',*,*,#1467,.T.);
#1467 = EDGE_CURVE('',#1460,#1436,#1468,.T.);
#1468 = LINE('',#1469,#1470);
#1469 = CARTESIAN_POINT('',(-20.,12.,1.6));
#1470 = VECTOR('',#1471,1.);
#1471 = DIRECTION('',(1.,0.,0.));
#1472 = ORIENTED_EDGE('',*,*,#1435,.F.);
#1473 = PLANE('',#1474);
#1474 = AXIS2_PLACEMENT_3D('',#1475,#1476,#1477);
#1475 = CARTESIAN_POINT('',(-20.,12.,0.));
#1476 = DIRECTION('',(0.,1.,0.));
#1477 = DIRECTION('',(0.,0.,1.));
#1478 = ADVANCED_FACE('',(#1479),#1498,.F.);
#1479 = FACE_BOUND('',#1480,.T.);
#1480 = EDGE_LOOP('',(#1481,#1489,#1490,#1491));
#1481 = ORIENTED_EDGE('',*,*,#1482,.F.);
#1482 = EDGE_CURVE('',#277,#1483,#1485,.T.);
#1483 = VERTEX_POINT('',#1484);
#1484 = CARTESIAN_POINT('',(-20.,9.,1.6));
#1485 = LINE('',#1486,#1487);
#1486 = CARTESIAN_POINT('',(-20.,9.,0.));
#1487 = VECTOR('',#1488,1.);
#1488 = DIRECTION('',(0.,0.,1.));
#1489 = ORIENTED_EDGE('',*,*,#284,.F.);
#1490 = ORIENTED_EDGE('',*,*,#1459,.T.);
#1491 = ORIENTED_EDGE('',*,*,#1492,.F.);
#1492 = EDGE_CURVE('',#1483,#1460,#1493,.T.);
#1493 = CIRCLE('',#1494,3.);
#1494 = AXIS2_PLACEMENT_3D('',#1495,#1496,#1497);
#1495 = CARTESIAN_POINT('',(-17.,9.,1.6));
#1496 = DIRECTION('',(-0.,-0.,-1.));
#1497 = DIRECTION('',(0.,-1.,0.));
#1498 = CYLINDRICAL_SURFACE('',#1499,3.);
#1499 = AXIS2_PLACEMENT_3D('',#1500,#1501,#1502);
#1500 = CARTESIAN_POINT('',(-17.,9.,0.));
#1501 = DIRECTION('',(0.,0.,1.));
#1502 = DIRECTION('',(-1.,0.,0.));
#1503 = ADVANCED_FACE('',(#1504),#1515,.T.);
#1504 = FACE_BOUND('',#1505,.T.);
#1505 = EDGE_LOOP('',(#1506,#1512,#1513,#1514));
#1506 = ORIENTED_EDGE('',*,*,#1507,.F.);
#1507 = EDGE_CURVE('',#416,#1483,#1508,.T.);
#1508 = LINE('',#1509,#1510);
#1509 = CARTESIAN_POINT('',(-20.,-12.,1.6));
#1510 = VECTOR('',#1511,1.);
#1511 = DIRECTION('',(0.,1.,0.));
#1512 = ORIENTED_EDGE('',*,*,#423,.F.);
#1513 = ORIENTED_EDGE('',*,*,#276,.T.);
#1514 = ORIENTED_EDGE('',*,*,#1482,.T.);
#1515 = PLANE('',#1516);
#1516 = AXIS2_PLACEMENT_3D('',#1517,#1518,#1519);
#1517 = CARTESIAN_POINT('',(-20.,-12.,0.));
#1518 = DIRECTION('',(1.,0.,0.));
#1519 = DIRECTION('',(0.,0.,1.));
#1520 = ADVANCED_FACE('',(#1521),#1577,.F.);
#1521 = FACE_BOUND('',#1522,.F.);
#1522 = EDGE_LOOP('',(#1523,#1524,#1525,#1533,#1542,#1550,#1559,#1567,
    #1573,#1574,#1575,#1576));
#1523 = ORIENTED_EDGE('',*,*,#1507,.F.);
#1524 = ORIENTED_EDGE('',*,*,#415,.F.);
#1525 = ORIENTED_EDGE('',*,*,#1526,.F.);
#1526 = EDGE_CURVE('',#1527,#408,#1529,.T.);
#1527 = VERTEX_POINT('',#1528);
#1528 = CARTESIAN_POINT('',(-19.5,8.5,1.6));
#1529 = LINE('',#1530,#1531);
#1530 = CARTESIAN_POINT('',(-19.5,-11.75,1.6));
#1531 = VECTOR('',#1532,1.);
#1532 = DIRECTION('',(0.,-1.,0.));
#1533 = ORIENTED_EDGE('',*,*,#1534,.F.);
#1534 = EDGE_CURVE('',#1535,#1527,#1537,.T.);
#1535 = VERTEX_POINT('',#1536);
#1536 = CARTESIAN_POINT('',(-16.5,11.5,1.6));
#1537 = CIRCLE('',#1538,3.);
#1538 = AXIS2_PLACEMENT_3D('',#1539,#1540,#1541);
#1539 = CARTESIAN_POINT('',(-16.5,8.5,1.6));
#1540 = DIRECTION('',(0.,0.,1.));
#1541 = DIRECTION('',(-1.,0.,0.));
#1542 = ORIENTED_EDGE('',*,*,#1543,.T.);
#1543 = EDGE_CURVE('',#1535,#1544,#1546,.T.);
#1544 = VERTEX_POINT('',#1545);
#1545 = CARTESIAN_POINT('',(16.5,11.5,1.6));
#1546 = LINE('',#1547,#1548);
#1547 = CARTESIAN_POINT('',(-19.75,11.5,1.6));
#1548 = VECTOR('',#1549,1.);
#1549 = DIRECTION('',(1.,0.,0.));
#1550 = ORIENTED_EDGE('',*,*,#1551,.F.);
#1551 = EDGE_CURVE('',#1552,#1544,#1554,.T.);
#1552 = VERTEX_POINT('',#1553);
#1553 = CARTESIAN_POINT('',(19.5,8.5,1.6));
#1554 = CIRCLE('',#1555,3.);
#1555 = AXIS2_PLACEMENT_3D('',#1556,#1557,#1558);
#1556 = CARTESIAN_POINT('',(16.5,8.5,1.6));
#1557 = DIRECTION('',(0.,0.,1.));
#1558 = DIRECTION('',(1.,0.,0.));
#1559 = ORIENTED_EDGE('',*,*,#1560,.T.);
#1560 = EDGE_CURVE('',#1552,#1561,#1563,.T.);
#1561 = VERTEX_POINT('',#1562);
#1562 = CARTESIAN_POINT('',(19.5,4.24,1.6));
#1563 = LINE('',#1564,#1565);
#1564 = CARTESIAN_POINT('',(19.5,-11.75,1.6));
#1565 = VECTOR('',#1566,1.);
#1566 = DIRECTION('',(0.,-1.,0.));
#1567 = ORIENTED_EDGE('',*,*,#1568,.T.);
#1568 = EDGE_CURVE('',#1561,#1402,#1569,.T.);
#1569 = LINE('',#1570,#1571);
#1570 = CARTESIAN_POINT('',(19.,4.24,1.6));
#1571 = VECTOR('',#1572,1.);
#1572 = DIRECTION('',(1.,0.,0.));
#1573 = ORIENTED_EDGE('',*,*,#1409,.T.);
#1574 = ORIENTED_EDGE('',*,*,#1443,.T.);
#1575 = ORIENTED_EDGE('',*,*,#1467,.F.);
#1576 = ORIENTED_EDGE('',*,*,#1492,.F.);
#1577 = PLANE('',#1578);
#1578 = AXIS2_PLACEMENT_3D('',#1579,#1580,#1581);
#1579 = CARTESIAN_POINT('',(-20.,-12.,1.6));
#1580 = DIRECTION('',(0.,0.,1.));
#1581 = DIRECTION('',(1.,0.,0.));
#1582 = ADVANCED_FACE('',(#1583),#1619,.T.);
#1583 = FACE_BOUND('',#1584,.T.);
#1584 = EDGE_LOOP('',(#1585,#1595,#1603,#1609,#1610,#1611,#1612,#1613));
#1585 = ORIENTED_EDGE('',*,*,#1586,.F.);
#1586 = EDGE_CURVE('',#1587,#1589,#1591,.T.);
#1587 = VERTEX_POINT('',#1588);
#1588 = CARTESIAN_POINT('',(-19.5,-8.5,5.));
#1589 = VERTEX_POINT('',#1590);
#1590 = CARTESIAN_POINT('',(-19.5,8.5,5.));
#1591 = LINE('',#1592,#1593);
#1592 = CARTESIAN_POINT('',(-19.5,-11.5,5.));
#1593 = VECTOR('',#1594,1.);
#1594 = DIRECTION('',(0.,1.,0.));
#1595 = ORIENTED_EDGE('',*,*,#1596,.F.);
#1596 = EDGE_CURVE('',#1597,#1587,#1599,.T.);
#1597 = VERTEX_POINT('',#1598);
#1598 = CARTESIAN_POINT('',(-19.5,-8.5,1.6));
#1599 = LINE('',#1600,#1601);
#1600 = CARTESIAN_POINT('',(-19.5,-8.5,1.));
#1601 = VECTOR('',#1602,1.);
#1602 = DIRECTION('',(0.,0.,1.));
#1603 = ORIENTED_EDGE('',*,*,#1604,.F.);
#1604 = EDGE_CURVE('',#465,#1597,#1605,.T.);
#1605 = LINE('',#1606,#1607);
#1606 = CARTESIAN_POINT('',(-19.5,-11.75,1.6));
#1607 = VECTOR('',#1608,1.);
#1608 = DIRECTION('',(0.,-1.,0.));
#1609 = ORIENTED_EDGE('',*,*,#464,.T.);
#1610 = ORIENTED_EDGE('',*,*,#447,.F.);
#1611 = ORIENTED_EDGE('',*,*,#407,.F.);
#1612 = ORIENTED_EDGE('',*,*,#1526,.F.);
#1613 = ORIENTED_EDGE('',*,*,#1614,.T.);
#1614 = EDGE_CURVE('',#1527,#1589,#1615,.T.);
#1615 = LINE('',#1616,#1617);
#1616 = CARTESIAN_POINT('',(-19.5,8.5,1.));
#1617 = VECTOR('',#1618,1.);
#1618 = DIRECTION('',(0.,0.,1.));
#1619 = PLANE('',#1620);
#1620 = AXIS2_PLACEMENT_3D('',#1621,#1622,#1623);
#1621 = CARTESIAN_POINT('',(-19.5,-11.5,1.));
#1622 = DIRECTION('',(1.,0.,0.));
#1623 = DIRECTION('',(0.,0.,1.));
#1624 = ADVANCED_FACE('',(#1625),#1643,.T.);
#1625 = FACE_BOUND('',#1626,.T.);
#1626 = EDGE_LOOP('',(#1627,#1635,#1641,#1642));
#1627 = ORIENTED_EDGE('',*,*,#1628,.F.);
#1628 = EDGE_CURVE('',#1629,#473,#1631,.T.);
#1629 = VERTEX_POINT('',#1630);
#1630 = CARTESIAN_POINT('',(-20.,-9.,1.6));
#1631 = LINE('',#1632,#1633);
#1632 = CARTESIAN_POINT('',(-20.,-12.,1.6));
#1633 = VECTOR('',#1634,1.);
#1634 = DIRECTION('',(0.,1.,0.));
#1635 = ORIENTED_EDGE('',*,*,#1636,.F.);
#1636 = EDGE_CURVE('',#554,#1629,#1637,.T.);
#1637 = LINE('',#1638,#1639);
#1638 = CARTESIAN_POINT('',(-20.,-9.,0.));
#1639 = VECTOR('',#1640,1.);
#1640 = DIRECTION('',(0.,0.,1.));
#1641 = ORIENTED_EDGE('',*,*,#562,.T.);
#1642 = ORIENTED_EDGE('',*,*,#480,.T.);
#1643 = PLANE('',#1644);
#1644 = AXIS2_PLACEMENT_3D('',#1645,#1646,#1647);
#1645 = CARTESIAN_POINT('',(-20.,-12.,0.));
#1646 = DIRECTION('',(1.,0.,0.));
#1647 = DIRECTION('',(0.,0.,1.));
#1648 = ADVANCED_FACE('',(#1649),#1694,.F.);
#1649 = FACE_BOUND('',#1650,.F.);
#1650 = EDGE_LOOP('',(#1651,#1652,#1661,#1669,#1677,#1685,#1692,#1693));
#1651 = ORIENTED_EDGE('',*,*,#1628,.F.);
#1652 = ORIENTED_EDGE('',*,*,#1653,.T.);
#1653 = EDGE_CURVE('',#1629,#1654,#1656,.T.);
#1654 = VERTEX_POINT('',#1655);
#1655 = CARTESIAN_POINT('',(-17.,-12.,1.6));
#1656 = CIRCLE('',#1657,3.);
#1657 = AXIS2_PLACEMENT_3D('',#1658,#1659,#1660);
#1658 = CARTESIAN_POINT('',(-17.,-9.,1.6));
#1659 = DIRECTION('',(-0.,0.,1.));
#1660 = DIRECTION('',(0.,-1.,0.));
#1661 = ORIENTED_EDGE('',*,*,#1662,.T.);
#1662 = EDGE_CURVE('',#1654,#1663,#1665,.T.);
#1663 = VERTEX_POINT('',#1664);
#1664 = CARTESIAN_POINT('',(11.78,-12.,1.6));
#1665 = LINE('',#1666,#1667);
#1666 = CARTESIAN_POINT('',(-20.,-12.,1.6));
#1667 = VECTOR('',#1668,1.);
#1668 = DIRECTION('',(1.,0.,0.));
#1669 = ORIENTED_EDGE('',*,*,#1670,.T.);
#1670 = EDGE_CURVE('',#1663,#1671,#1673,.T.);
#1671 = VERTEX_POINT('',#1672);
#1672 = CARTESIAN_POINT('',(11.78,-11.5,1.6));
#1673 = LINE('',#1674,#1675);
#1674 = CARTESIAN_POINT('',(11.78,-12.05,1.6));
#1675 = VECTOR('',#1676,1.);
#1676 = DIRECTION('',(0.,1.,0.));
#1677 = ORIENTED_EDGE('',*,*,#1678,.F.);
#1678 = EDGE_CURVE('',#1679,#1671,#1681,.T.);
#1679 = VERTEX_POINT('',#1680);
#1680 = CARTESIAN_POINT('',(-16.5,-11.5,1.6));
#1681 = LINE('',#1682,#1683);
#1682 = CARTESIAN_POINT('',(-19.75,-11.5,1.6));
#1683 = VECTOR('',#1684,1.);
#1684 = DIRECTION('',(1.,0.,0.));
#1685 = ORIENTED_EDGE('',*,*,#1686,.F.);
#1686 = EDGE_CURVE('',#1597,#1679,#1687,.T.);
#1687 = CIRCLE('',#1688,3.);
#1688 = AXIS2_PLACEMENT_3D('',#1689,#1690,#1691);
#1689 = CARTESIAN_POINT('',(-16.5,-8.5,1.6));
#1690 = DIRECTION('',(0.,0.,1.));
#1691 = DIRECTION('',(-1.,0.,0.));
#1692 = ORIENTED_EDGE('',*,*,#1604,.F.);
#1693 = ORIENTED_EDGE('',*,*,#472,.T.);
#1694 = PLANE('',#1695);
#1695 = AXIS2_PLACEMENT_3D('',#1696,#1697,#1698);
#1696 = CARTESIAN_POINT('',(-20.,-12.,1.6));
#1697 = DIRECTION('',(0.,0.,1.));
#1698 = DIRECTION('',(1.,0.,0.));
#1699 = ADVANCED_FACE('',(#1700),#1711,.F.);
#1700 = FACE_BOUND('',#1701,.F.);
#1701 = EDGE_LOOP('',(#1702,#1703,#1704,#1710));
#1702 = ORIENTED_EDGE('',*,*,#1636,.F.);
#1703 = ORIENTED_EDGE('',*,*,#553,.T.);
#1704 = ORIENTED_EDGE('',*,*,#1705,.T.);
#1705 = EDGE_CURVE('',#546,#1654,#1706,.T.);
#1706 = LINE('',#1707,#1708);
#1707 = CARTESIAN_POINT('',(-17.,-12.,0.));
#1708 = VECTOR('',#1709,1.);
#1709 = DIRECTION('',(0.,0.,1.));
#1710 = ORIENTED_EDGE('',*,*,#1653,.F.);
#1711 = CYLINDRICAL_SURFACE('',#1712,3.);
#1712 = AXIS2_PLACEMENT_3D('',#1713,#1714,#1715);
#1713 = CARTESIAN_POINT('',(-17.,-9.,0.));
#1714 = DIRECTION('',(0.,0.,1.));
#1715 = DIRECTION('',(-1.,0.,0.));
#1716 = ADVANCED_FACE('',(#1717),#1728,.T.);
#1717 = FACE_BOUND('',#1718,.T.);
#1718 = EDGE_LOOP('',(#1719,#1720,#1726,#1727));
#1719 = ORIENTED_EDGE('',*,*,#1662,.T.);
#1720 = ORIENTED_EDGE('',*,*,#1721,.T.);
#1721 = EDGE_CURVE('',#1663,#538,#1722,.T.);
#1722 = LINE('',#1723,#1724);
#1723 = CARTESIAN_POINT('',(11.78,-12.,0.5));
#1724 = VECTOR('',#1725,1.);
#1725 = DIRECTION('',(0.,0.,-1.));
#1726 = ORIENTED_EDGE('',*,*,#545,.T.);
#1727 = ORIENTED_EDGE('',*,*,#1705,.T.);
#1728 = PLANE('',#1729);
#1729 = AXIS2_PLACEMENT_3D('',#1730,#1731,#1732);
#1730 = CARTESIAN_POINT('',(-20.,-12.,0.));
#1731 = DIRECTION('',(0.,1.,0.));
#1732 = DIRECTION('',(0.,0.,1.));
#1733 = ADVANCED_FACE('',(#1734),#1761,.T.);
#1734 = FACE_BOUND('',#1735,.T.);
#1735 = EDGE_LOOP('',(#1736,#1744,#1745,#1746,#1747,#1755));
#1736 = ORIENTED_EDGE('',*,*,#1737,.F.);
#1737 = EDGE_CURVE('',#530,#1738,#1740,.T.);
#1738 = VERTEX_POINT('',#1739);
#1739 = CARTESIAN_POINT('',(11.78,-12.1,2.5));
#1740 = LINE('',#1741,#1742);
#1741 = CARTESIAN_POINT('',(11.78,-12.1,1.));
#1742 = VECTOR('',#1743,1.);
#1743 = DIRECTION('',(0.,0.,1.));
#1744 = ORIENTED_EDGE('',*,*,#537,.T.);
#1745 = ORIENTED_EDGE('',*,*,#1721,.F.);
#1746 = ORIENTED_EDGE('',*,*,#1670,.T.);
#1747 = ORIENTED_EDGE('',*,*,#1748,.F.);
#1748 = EDGE_CURVE('',#1749,#1671,#1751,.T.);
#1749 = VERTEX_POINT('',#1750);
#1750 = CARTESIAN_POINT('',(11.78,-11.5,2.5));
#1751 = LINE('',#1752,#1753);
#1752 = CARTESIAN_POINT('',(11.78,-11.5,1.));
#1753 = VECTOR('',#1754,1.);
#1754 = DIRECTION('',(0.,0.,-1.));
#1755 = ORIENTED_EDGE('',*,*,#1756,.F.);
#1756 = EDGE_CURVE('',#1738,#1749,#1757,.T.);
#1757 = LINE('',#1758,#1759);
#1758 = CARTESIAN_POINT('',(11.78,-12.1,2.5));
#1759 = VECTOR('',#1760,1.);
#1760 = DIRECTION('',(0.,1.,0.));
#1761 = PLANE('',#1762);
#1762 = AXIS2_PLACEMENT_3D('',#1763,#1764,#1765);
#1763 = CARTESIAN_POINT('',(11.78,-12.1,1.));
#1764 = DIRECTION('',(1.,0.,0.));
#1765 = DIRECTION('',(0.,0.,1.));
#1766 = ADVANCED_FACE('',(#1767),#1778,.F.);
#1767 = FACE_BOUND('',#1768,.F.);
#1768 = EDGE_LOOP('',(#1769,#1770,#1771,#1777));
#1769 = ORIENTED_EDGE('',*,*,#529,.T.);
#1770 = ORIENTED_EDGE('',*,*,#1175,.T.);
#1771 = ORIENTED_EDGE('',*,*,#1772,.F.);
#1772 = EDGE_CURVE('',#1738,#1176,#1773,.T.);
#1773 = LINE('',#1774,#1775);
#1774 = CARTESIAN_POINT('',(11.78,-12.1,2.5));
#1775 = VECTOR('',#1776,1.);
#1776 = DIRECTION('',(1.,0.,0.));
#1777 = ORIENTED_EDGE('',*,*,#1737,.F.);
#1778 = PLANE('',#1779);
#1779 = AXIS2_PLACEMENT_3D('',#1780,#1781,#1782);
#1780 = CARTESIAN_POINT('',(12.574954414016,-12.1,1.092433473321));
#1781 = DIRECTION('',(-0.,-1.,-0.));
#1782 = DIRECTION('',(0.,0.,-1.));
#1783 = ADVANCED_FACE('',(#1784),#1805,.F.);
#1784 = FACE_BOUND('',#1785,.F.);
#1785 = EDGE_LOOP('',(#1786,#1795,#1796,#1803,#1804));
#1786 = ORIENTED_EDGE('',*,*,#1787,.T.);
#1787 = EDGE_CURVE('',#580,#1788,#1790,.T.);
#1788 = VERTEX_POINT('',#1789);
#1789 = CARTESIAN_POINT('',(-19.21421356237,-11.28578643762,3.29));
#1790 = CIRCLE('',#1791,0.79);
#1791 = AXIS2_PLACEMENT_3D('',#1792,#1793,#1794);
#1792 = CARTESIAN_POINT('',(-19.21421356237,-11.28578643762,2.5));
#1793 = DIRECTION('',(0.707106781187,0.707106781187,-0.));
#1794 = DIRECTION('',(-0.707106781187,0.707106781187,0.));
#1795 = ORIENTED_EDGE('',*,*,#1787,.F.);
#1796 = ORIENTED_EDGE('',*,*,#1797,.T.);
#1797 = EDGE_CURVE('',#580,#605,#1798,.T.);
#1798 = CIRCLE('',#1799,0.24819347292);
#1799 = AXIS2_PLACEMENT_3D('',#1800,#1801,#1802);
#1800 = CARTESIAN_POINT('',(-19.21421356237,-11.28578643762,3.25));
#1801 = DIRECTION('',(0.,0.,1.));
#1802 = DIRECTION('',(-0.707106781187,0.707106781187,0.));
#1803 = ORIENTED_EDGE('',*,*,#612,.F.);
#1804 = ORIENTED_EDGE('',*,*,#577,.T.);
#1805 = SPHERICAL_SURFACE('',#1806,0.79);
#1806 = AXIS2_PLACEMENT_3D('',#1807,#1808,#1809);
#1807 = CARTESIAN_POINT('',(-19.21421356237,-11.28578643762,2.5));
#1808 = DIRECTION('',(0.,0.,1.));
#1809 = DIRECTION('',(-0.707106781187,0.707106781187,0.));
#1810 = ADVANCED_FACE('',(#1811),#1817,.F.);
#1811 = FACE_BOUND('',#1812,.F.);
#1812 = EDGE_LOOP('',(#1813,#1814,#1815,#1816));
#1813 = ORIENTED_EDGE('',*,*,#588,.T.);
#1814 = ORIENTED_EDGE('',*,*,#628,.T.);
#1815 = ORIENTED_EDGE('',*,*,#604,.T.);
#1816 = ORIENTED_EDGE('',*,*,#1797,.F.);
#1817 = PLANE('',#1818);
#1818 = AXIS2_PLACEMENT_3D('',#1819,#1820,#1821);
#1819 = CARTESIAN_POINT('',(-17.48180194846,-13.01819805153,3.25));
#1820 = DIRECTION('',(0.,0.,1.));
#1821 = DIRECTION('',(-0.707106781187,0.707106781187,0.));
#1822 = ADVANCED_FACE('',(#1823),#1844,.F.);
#1823 = FACE_BOUND('',#1824,.F.);
#1824 = EDGE_LOOP('',(#1825,#1826,#1827,#1828,#1837));
#1825 = ORIENTED_EDGE('',*,*,#1125,.F.);
#1826 = ORIENTED_EDGE('',*,*,#719,.T.);
#1827 = ORIENTED_EDGE('',*,*,#1143,.F.);
#1828 = ORIENTED_EDGE('',*,*,#1829,.F.);
#1829 = EDGE_CURVE('',#1830,#1144,#1832,.T.);
#1830 = VERTEX_POINT('',#1831);
#1831 = CARTESIAN_POINT('',(19.411063759223,-11.48263663447,3.25));
#1832 = CIRCLE('',#1833,0.278388218142);
#1833 = AXIS2_PLACEMENT_3D('',#1834,#1835,#1836);
#1834 = CARTESIAN_POINT('',(19.214213562373,-11.28578643762,3.25));
#1835 = DIRECTION('',(-0.,0.,1.));
#1836 = DIRECTION('',(0.707106781187,-0.707106781187,0.));
#1837 = ORIENTED_EDGE('',*,*,#1838,.F.);
#1838 = EDGE_CURVE('',#1126,#1830,#1839,.T.);
#1839 = CIRCLE('',#1840,0.278388218142);
#1840 = AXIS2_PLACEMENT_3D('',#1841,#1842,#1843);
#1841 = CARTESIAN_POINT('',(19.214213562373,-11.28578643762,3.25));
#1842 = DIRECTION('',(-0.,0.,1.));
#1843 = DIRECTION('',(0.707106781187,-0.707106781187,0.));
#1844 = PLANE('',#1845);
#1845 = AXIS2_PLACEMENT_3D('',#1846,#1847,#1848);
#1846 = CARTESIAN_POINT('',(17.481801948466,-13.01819805153,3.25));
#1847 = DIRECTION('',(0.,0.,1.));
#1848 = DIRECTION('',(0.707106781187,-0.707106781187,0.));
#1849 = ADVANCED_FACE('',(#1850),#1862,.F.);
#1850 = FACE_BOUND('',#1851,.F.);
#1851 = EDGE_LOOP('',(#1852,#1853,#1854,#1855));
#1852 = ORIENTED_EDGE('',*,*,#1093,.T.);
#1853 = ORIENTED_EDGE('',*,*,#744,.T.);
#1854 = ORIENTED_EDGE('',*,*,#1102,.T.);
#1855 = ORIENTED_EDGE('',*,*,#1856,.F.);
#1856 = EDGE_CURVE('',#1085,#1103,#1857,.T.);
#1857 = CIRCLE('',#1858,0.278388218142);
#1858 = AXIS2_PLACEMENT_3D('',#1859,#1860,#1861);
#1859 = CARTESIAN_POINT('',(19.214213562373,11.285786437627,3.25));
#1860 = DIRECTION('',(-0.,0.,1.));
#1861 = DIRECTION('',(0.707106781187,-0.707106781187,0.));
#1862 = PLANE('',#1863);
#1863 = AXIS2_PLACEMENT_3D('',#1864,#1865,#1866);
#1864 = CARTESIAN_POINT('',(17.481801948466,13.018198051534,3.25));
#1865 = DIRECTION('',(0.,0.,1.));
#1866 = DIRECTION('',(0.707106781187,-0.707106781187,0.));
#1867 = ADVANCED_FACE('',(#1868),#1893,.T.);
#1868 = FACE_BOUND('',#1869,.T.);
#1869 = EDGE_LOOP('',(#1870,#1871,#1879,#1887));
#1870 = ORIENTED_EDGE('',*,*,#755,.F.);
#1871 = ORIENTED_EDGE('',*,*,#1872,.F.);
#1872 = EDGE_CURVE('',#1873,#756,#1875,.T.);
#1873 = VERTEX_POINT('',#1874);
#1874 = CARTESIAN_POINT('',(19.475424707065,8.883207271053,3.99));
#1875 = LINE('',#1876,#1877);
#1876 = CARTESIAN_POINT('',(17.5,7.5,3.99));
#1877 = VECTOR('',#1878,1.);
#1878 = DIRECTION('',(0.819152044289,0.573576436351,0.));
#1879 = ORIENTED_EDGE('',*,*,#1880,.T.);
#1880 = EDGE_CURVE('',#1873,#1881,#1883,.T.);
#1881 = VERTEX_POINT('',#1882);
#1882 = CARTESIAN_POINT('',(19.475424707065,8.883207271053,4.01));
#1883 = LINE('',#1884,#1885);
#1884 = CARTESIAN_POINT('',(19.475424707065,8.883207271053,1.));
#1885 = VECTOR('',#1886,1.);
#1886 = DIRECTION('',(0.,0.,1.));
#1887 = ORIENTED_EDGE('',*,*,#1888,.T.);
#1888 = EDGE_CURVE('',#1881,#758,#1889,.T.);
#1889 = LINE('',#1890,#1891);
#1890 = CARTESIAN_POINT('',(17.5,7.5,4.01));
#1891 = VECTOR('',#1892,1.);
#1892 = DIRECTION('',(0.819152044289,0.573576436351,0.));
#1893 = PLANE('',#1894);
#1894 = AXIS2_PLACEMENT_3D('',#1895,#1896,#1897);
#1895 = CARTESIAN_POINT('',(17.5,7.5,3.5));
#1896 = DIRECTION('',(-0.573576436351,0.819152044289,0.));
#1897 = DIRECTION('',(0.,0.,1.));
#1898 = ADVANCED_FACE('',(#1899),#1928,.F.);
#1899 = FACE_BOUND('',#1900,.F.);
#1900 = EDGE_LOOP('',(#1901,#1902,#1921,#1927));
#1901 = ORIENTED_EDGE('',*,*,#1872,.F.);
#1902 = ORIENTED_EDGE('',*,*,#1903,.T.);
#1903 = EDGE_CURVE('',#1873,#1904,#1906,.T.);
#1904 = VERTEX_POINT('',#1905);
#1905 = CARTESIAN_POINT('',(19.361343466926,9.401506275232,3.5));
#1906 = B_SPLINE_CURVE_WITH_KNOTS('',7,(#1907,#1908,#1909,#1910,#1911,
    #1912,#1913,#1914,#1915,#1916,#1917,#1918,#1919,#1920),
  .UNSPECIFIED.,.F.,.F.,(8,6,8),(0.,0.717617713225,1.),.UNSPECIFIED.);
#1907 = CARTESIAN_POINT('',(19.475424707065,8.883207271053,3.99));
#1908 = CARTESIAN_POINT('',(19.475424707065,8.883207271053,
    3.912753104199));
#1909 = CARTESIAN_POINT('',(19.473376116282,8.8991166731,3.835730178051)
  );
#1910 = CARTESIAN_POINT('',(19.469297507342,8.930768170765,3.76169849708
    ));
#1911 = CARTESIAN_POINT('',(19.462787134719,8.977138863393,
    3.693412625255));
#1912 = CARTESIAN_POINT('',(19.453011213993,9.036243038431,
    3.633681876747));
#1913 = CARTESIAN_POINT('',(19.439339868246,9.105211681688,
    3.585178679728));
#1914 = CARTESIAN_POINT('',(19.414849937225,9.210337174443,
    3.536110503636));
#1915 = CARTESIAN_POINT('',(19.407324986443,9.241047243343,
    3.524302161084));
#1916 = CARTESIAN_POINT('',(19.399194997572,9.27254583806,3.514687314434
    ));
#1917 = CARTESIAN_POINT('',(19.390482099936,9.304587579677,
    3.507381072176));
#1918 = CARTESIAN_POINT('',(19.381226644522,9.33692384655,3.502467612619
    ));
#1919 = CARTESIAN_POINT('',(19.371487686286,9.369308944456,
    3.499999999901));
#1920 = CARTESIAN_POINT('',(19.361343466453,9.401506276733,3.5));
#1921 = ORIENTED_EDGE('',*,*,#1922,.T.);
#1922 = EDGE_CURVE('',#1904,#846,#1923,.T.);
#1923 = LINE('',#1924,#1925);
#1924 = CARTESIAN_POINT('',(17.218947546188,7.901384501702,3.5));
#1925 = VECTOR('',#1926,1.);
#1926 = DIRECTION('',(0.819152044289,0.573576436351,0.));
#1927 = ORIENTED_EDGE('',*,*,#854,.F.);
#1928 = CYLINDRICAL_SURFACE('',#1929,0.49);
#1929 = AXIS2_PLACEMENT_3D('',#1930,#1931,#1932);
#1930 = CARTESIAN_POINT('',(17.218947546188,7.901384501702,3.99));
#1931 = DIRECTION('',(0.819152044289,0.573576436351,0.));
#1932 = DIRECTION('',(0.573576436351,-0.819152044289,0.));
#1933 = ADVANCED_FACE('',(#1934),#1963,.F.);
#1934 = FACE_BOUND('',#1935,.T.);
#1935 = EDGE_LOOP('',(#1936,#1937,#1956,#1962));
#1936 = ORIENTED_EDGE('',*,*,#1888,.F.);
#1937 = ORIENTED_EDGE('',*,*,#1938,.T.);
#1938 = EDGE_CURVE('',#1881,#1939,#1941,.T.);
#1939 = VERTEX_POINT('',#1940);
#1940 = CARTESIAN_POINT('',(19.361343466926,9.401506275232,4.5));
#1941 = B_SPLINE_CURVE_WITH_KNOTS('',5,(#1942,#1943,#1944,#1945,#1946,
    #1947,#1948,#1949,#1950,#1951,#1952,#1953,#1954,#1955),
  .UNSPECIFIED.,.F.,.F.,(6,4,4,6),(0.,0.286049743341,0.71773011607,1.),
  .UNSPECIFIED.);
#1942 = CARTESIAN_POINT('',(19.475424707065,8.883207271053,4.01));
#1943 = CARTESIAN_POINT('',(19.475424707065,8.883207271053,
    4.053033920145));
#1944 = CARTESIAN_POINT('',(19.474743026055,8.88849738505,4.096056541784
    ));
#1945 = CARTESIAN_POINT('',(19.473382573486,8.899072721906,
    4.138426701693));
#1946 = CARTESIAN_POINT('',(19.471264511713,8.914743100841,4.17949604175
    ));
#1947 = CARTESIAN_POINT('',(19.46376507095,8.965900933908,4.277692075515
    ));
#1948 = CARTESIAN_POINT('',(19.457267860608,9.007442373831,
    4.332400685839));
#1949 = CARTESIAN_POINT('',(19.448391670394,9.05853586644,4.380629741985
    ));
#1950 = CARTESIAN_POINT('',(19.436571905426,9.117093440467,
    4.420367227362));
#1951 = CARTESIAN_POINT('',(19.412083728412,9.222211404139,
    4.469431889452));
#1952 = CARTESIAN_POINT('',(19.401122197723,9.265922644786,
    4.484530220241));
#1953 = CARTESIAN_POINT('',(19.388896233006,9.310959437198,
    4.494818013106));
#1954 = CARTESIAN_POINT('',(19.375545374644,9.356430010115,4.5));
#1955 = CARTESIAN_POINT('',(19.361343466926,9.401506275232,4.5));
#1956 = ORIENTED_EDGE('',*,*,#1957,.T.);
#1957 = EDGE_CURVE('',#1939,#766,#1958,.T.);
#1958 = LINE('',#1959,#1960);
#1959 = CARTESIAN_POINT('',(17.218947546188,7.901384501702,4.5));
#1960 = VECTOR('',#1961,1.);
#1961 = DIRECTION('',(0.819152044289,0.573576436351,0.));
#1962 = ORIENTED_EDGE('',*,*,#765,.F.);
#1963 = CYLINDRICAL_SURFACE('',#1964,0.49);
#1964 = AXIS2_PLACEMENT_3D('',#1965,#1966,#1967);
#1965 = CARTESIAN_POINT('',(17.218947546188,7.901384501702,4.01));
#1966 = DIRECTION('',(0.819152044289,0.573576436351,0.));
#1967 = DIRECTION('',(0.573576436351,-0.819152044289,0.));
#1968 = ADVANCED_FACE('',(#1969),#1988,.F.);
#1969 = FACE_BOUND('',#1970,.F.);
#1970 = EDGE_LOOP('',(#1971,#1980,#1986,#1987));
#1971 = ORIENTED_EDGE('',*,*,#1972,.T.);
#1972 = EDGE_CURVE('',#1904,#1973,#1975,.T.);
#1973 = VERTEX_POINT('',#1974);
#1974 = CARTESIAN_POINT('',(17.026577127644,11.453424542568,3.5));
#1975 = CIRCLE('',#1976,3.);
#1976 = AXIS2_PLACEMENT_3D('',#1977,#1978,#1979);
#1977 = CARTESIAN_POINT('',(16.5,8.5,3.5));
#1978 = DIRECTION('',(0.,0.,1.));
#1979 = DIRECTION('',(1.,0.,0.));
#1980 = ORIENTED_EDGE('',*,*,#1981,.T.);
#1981 = EDGE_CURVE('',#1973,#824,#1982,.T.);
#1982 = LINE('',#1983,#1984);
#1983 = CARTESIAN_POINT('',(15.486746708408,10.375223675454,3.5));
#1984 = VECTOR('',#1985,1.);
#1985 = DIRECTION('',(0.819152044289,0.573576436351,0.));
#1986 = ORIENTED_EDGE('',*,*,#845,.F.);
#1987 = ORIENTED_EDGE('',*,*,#1922,.F.);
#1988 = PLANE('',#1989);
#1989 = AXIS2_PLACEMENT_3D('',#1990,#1991,#1992);
#1990 = CARTESIAN_POINT('',(17.618254629727,9.85701967074,3.5));
#1991 = DIRECTION('',(-0.,-0.,-1.));
#1992 = DIRECTION('',(-1.,0.,0.));
#1993 = ADVANCED_FACE('',(#1994),#2013,.F.);
#1994 = FACE_BOUND('',#1995,.F.);
#1995 = EDGE_LOOP('',(#1996,#2005,#2006,#2007));
#1996 = ORIENTED_EDGE('',*,*,#1997,.F.);
#1997 = EDGE_CURVE('',#1939,#1998,#2000,.T.);
#1998 = VERTEX_POINT('',#1999);
#1999 = CARTESIAN_POINT('',(17.026577127644,11.453424542568,4.5));
#2000 = CIRCLE('',#2001,3.);
#2001 = AXIS2_PLACEMENT_3D('',#2002,#2003,#2004);
#2002 = CARTESIAN_POINT('',(16.5,8.5,4.5));
#2003 = DIRECTION('',(0.,0.,1.));
#2004 = DIRECTION('',(1.,0.,0.));
#2005 = ORIENTED_EDGE('',*,*,#1957,.T.);
#2006 = ORIENTED_EDGE('',*,*,#784,.T.);
#2007 = ORIENTED_EDGE('',*,*,#2008,.F.);
#2008 = EDGE_CURVE('',#1998,#785,#2009,.T.);
#2009 = LINE('',#2010,#2011);
#2010 = CARTESIAN_POINT('',(15.486746708408,10.375223675454,4.5));
#2011 = VECTOR('',#2012,1.);
#2012 = DIRECTION('',(0.819152044289,0.573576436351,0.));
#2013 = PLANE('',#2014);
#2014 = AXIS2_PLACEMENT_3D('',#2015,#2016,#2017);
#2015 = CARTESIAN_POINT('',(17.5,7.5,4.5));
#2016 = DIRECTION('',(0.,0.,1.));
#2017 = DIRECTION('',(0.819152044289,0.573576436351,0.));
#2018 = ADVANCED_FACE('',(#2019),#2053,.F.);
#2019 = FACE_BOUND('',#2020,.T.);
#2020 = EDGE_LOOP('',(#2021,#2029,#2038,#2051,#2052));
#2021 = ORIENTED_EDGE('',*,*,#2022,.F.);
#2022 = EDGE_CURVE('',#2023,#816,#2025,.T.);
#2023 = VERTEX_POINT('',#2024);
#2024 = CARTESIAN_POINT('',(16.238804844484,11.5,3.99));
#2025 = LINE('',#2026,#2027);
#2026 = CARTESIAN_POINT('',(15.205694254596,10.776608177156,3.99));
#2027 = VECTOR('',#2028,1.);
#2028 = DIRECTION('',(0.819152044289,0.573576436351,0.));
#2029 = ORIENTED_EDGE('',*,*,#2030,.F.);
#2030 = EDGE_CURVE('',#2031,#2023,#2033,.T.);
#2031 = VERTEX_POINT('',#2032);
#2032 = CARTESIAN_POINT('',(16.5,11.5,3.63733241043));
#2033 = ELLIPSE('',#2034,0.854288929854,0.49);
#2034 = AXIS2_PLACEMENT_3D('',#2035,#2036,#2037);
#2035 = CARTESIAN_POINT('',(17.093093774338,11.5,3.99));
#2036 = DIRECTION('',(-0.,1.,0.));
#2037 = DIRECTION('',(1.,0.,0.));
#2038 = ORIENTED_EDGE('',*,*,#2039,.T.);
#2039 = EDGE_CURVE('',#2031,#1973,#2040,.T.);
#2040 = B_SPLINE_CURVE_WITH_KNOTS('',5,(#2041,#2042,#2043,#2044,#2045,
    #2046,#2047,#2048,#2049,#2050),.UNSPECIFIED.,.F.,.F.,(6,4,6),(0.,
    0.320793689914,1.),.UNSPECIFIED.);
#2041 = CARTESIAN_POINT('',(16.5,11.5,3.63733241043));
#2042 = CARTESIAN_POINT('',(16.530141430124,11.5,3.620655934806));
#2043 = CARTESIAN_POINT('',(16.561358744083,11.499621465528,
    3.605130169705));
#2044 = CARTESIAN_POINT('',(16.593449207159,11.498810283464,
    3.590779940521));
#2045 = CARTESIAN_POINT('',(16.626253997496,11.497528693358,
    3.577632638786));
#2046 = CARTESIAN_POINT('',(16.730352665211,11.491981111146,
    3.540509577168));
#2047 = CARTESIAN_POINT('',(16.803797171317,11.485975111178,
    3.520811726666));
#2048 = CARTESIAN_POINT('',(16.878467940437,11.477475325617,
    3.507126477281));
#2049 = CARTESIAN_POINT('',(16.953127165389,11.466520211577,
    3.499999999895));
#2050 = CARTESIAN_POINT('',(17.026577128992,11.453424542328,3.5));
#2051 = ORIENTED_EDGE('',*,*,#1981,.T.);
#2052 = ORIENTED_EDGE('',*,*,#823,.F.);
#2053 = CYLINDRICAL_SURFACE('',#2054,0.49);
#2054 = AXIS2_PLACEMENT_3D('',#2055,#2056,#2057);
#2055 = CARTESIAN_POINT('',(15.486746708408,10.375223675454,3.99));
#2056 = DIRECTION('',(0.819152044289,0.573576436351,0.));
#2057 = DIRECTION('',(-0.573576436351,0.819152044289,0.));
#2058 = ADVANCED_FACE('',(#2059),#2093,.F.);
#2059 = FACE_BOUND('',#2060,.F.);
#2060 = EDGE_LOOP('',(#2061,#2069,#2078,#2091,#2092));
#2061 = ORIENTED_EDGE('',*,*,#2062,.F.);
#2062 = EDGE_CURVE('',#2063,#794,#2065,.T.);
#2063 = VERTEX_POINT('',#2064);
#2064 = CARTESIAN_POINT('',(16.238804844484,11.5,4.01));
#2065 = LINE('',#2066,#2067);
#2066 = CARTESIAN_POINT('',(15.205694254596,10.776608177156,4.01));
#2067 = VECTOR('',#2068,1.);
#2068 = DIRECTION('',(0.819152044289,0.573576436351,0.));
#2069 = ORIENTED_EDGE('',*,*,#2070,.T.);
#2070 = EDGE_CURVE('',#2063,#2071,#2073,.T.);
#2071 = VERTEX_POINT('',#2072);
#2072 = CARTESIAN_POINT('',(16.5,11.5,4.36266758957));
#2073 = ELLIPSE('',#2074,0.854288929854,0.49);
#2074 = AXIS2_PLACEMENT_3D('',#2075,#2076,#2077);
#2075 = CARTESIAN_POINT('',(17.093093774338,11.5,4.01));
#2076 = DIRECTION('',(-0.,1.,0.));
#2077 = DIRECTION('',(1.,0.,0.));
#2078 = ORIENTED_EDGE('',*,*,#2079,.T.);
#2079 = EDGE_CURVE('',#2071,#1998,#2080,.T.);
#2080 = B_SPLINE_CURVE_WITH_KNOTS('',5,(#2081,#2082,#2083,#2084,#2085,
    #2086,#2087,#2088,#2089,#2090),.UNSPECIFIED.,.F.,.F.,(6,4,6),(0.,
    0.320793690308,1.),.UNSPECIFIED.);
#2081 = CARTESIAN_POINT('',(16.5,11.5,4.36266758957));
#2082 = CARTESIAN_POINT('',(16.530141430086,11.5,4.379344065173));
#2083 = CARTESIAN_POINT('',(16.561358744004,11.499621465529,
    4.394869830256));
#2084 = CARTESIAN_POINT('',(16.593449207037,11.498810283467,
    4.409220059424));
#2085 = CARTESIAN_POINT('',(16.62625399733,11.497528693365,
    4.422367361147));
#2086 = CARTESIAN_POINT('',(16.730352664777,11.491981111175,
    4.459490422692));
#2087 = CARTESIAN_POINT('',(16.803797170644,11.485975111237,
    4.479188273165));
#2088 = CARTESIAN_POINT('',(16.878467939524,11.477475325724,
    4.49287352256));
#2089 = CARTESIAN_POINT('',(16.953127164247,11.466520211746,4.5));
#2090 = CARTESIAN_POINT('',(17.026577127644,11.453424542568,4.5));
#2091 = ORIENTED_EDGE('',*,*,#2008,.T.);
#2092 = ORIENTED_EDGE('',*,*,#793,.F.);
#2093 = CYLINDRICAL_SURFACE('',#2094,0.49);
#2094 = AXIS2_PLACEMENT_3D('',#2095,#2096,#2097);
#2095 = CARTESIAN_POINT('',(15.486746708408,10.375223675454,4.01));
#2096 = DIRECTION('',(0.819152044289,0.573576436351,0.));
#2097 = DIRECTION('',(-0.573576436351,0.819152044289,0.));
#2098 = ADVANCED_FACE('',(#2099),#2110,.F.);
#2099 = FACE_BOUND('',#2100,.F.);
#2100 = EDGE_LOOP('',(#2101,#2102,#2103,#2109));
#2101 = ORIENTED_EDGE('',*,*,#815,.F.);
#2102 = ORIENTED_EDGE('',*,*,#2022,.F.);
#2103 = ORIENTED_EDGE('',*,*,#2104,.T.);
#2104 = EDGE_CURVE('',#2023,#2063,#2105,.T.);
#2105 = LINE('',#2106,#2107);
#2106 = CARTESIAN_POINT('',(16.238804844484,11.5,2.25));
#2107 = VECTOR('',#2108,1.);
#2108 = DIRECTION('',(0.,0.,1.));
#2109 = ORIENTED_EDGE('',*,*,#2062,.T.);
#2110 = PLANE('',#2111);
#2111 = AXIS2_PLACEMENT_3D('',#2112,#2113,#2114);
#2112 = CARTESIAN_POINT('',(15.205694254596,10.776608177156,3.5));
#2113 = DIRECTION('',(-0.573576436351,0.819152044289,0.));
#2114 = DIRECTION('',(0.,0.,1.));
#2115 = ADVANCED_FACE('',(#2116),#2150,.F.);
#2116 = FACE_BOUND('',#2117,.T.);
#2117 = EDGE_LOOP('',(#2118,#2119,#2125,#2126,#2127,#2135,#2144));
#2118 = ORIENTED_EDGE('',*,*,#897,.F.);
#2119 = ORIENTED_EDGE('',*,*,#2120,.T.);
#2120 = EDGE_CURVE('',#898,#1351,#2121,.T.);
#2121 = LINE('',#2122,#2123);
#2122 = CARTESIAN_POINT('',(14.,-2.9,1.604006420562));
#2123 = VECTOR('',#2124,1.);
#2124 = DIRECTION('',(-1.,-0.,-2.2E-16));
#2125 = ORIENTED_EDGE('',*,*,#1350,.T.);
#2126 = ORIENTED_EDGE('',*,*,#1341,.T.);
#2127 = ORIENTED_EDGE('',*,*,#2128,.T.);
#2128 = EDGE_CURVE('',#1334,#2129,#2131,.T.);
#2129 = VERTEX_POINT('',#2130);
#2130 = CARTESIAN_POINT('',(19.5,-4.24,2.692202661619));
#2131 = LINE('',#2132,#2133);
#2132 = CARTESIAN_POINT('',(14.,-4.24,2.692202661619));
#2133 = VECTOR('',#2134,1.);
#2134 = DIRECTION('',(-1.,-0.,-2.2E-16));
#2135 = ORIENTED_EDGE('',*,*,#2136,.T.);
#2136 = EDGE_CURVE('',#2129,#2137,#2139,.T.);
#2137 = VERTEX_POINT('',#2138);
#2138 = CARTESIAN_POINT('',(19.5,-2.9,4.095993579438));
#2139 = CIRCLE('',#2140,1.25);
#2140 = AXIS2_PLACEMENT_3D('',#2141,#2142,#2143);
#2141 = CARTESIAN_POINT('',(19.5,-3.,2.85));
#2142 = DIRECTION('',(-1.,-0.,-2.2E-16));
#2143 = DIRECTION('',(2.2E-16,0.,-1.));
#2144 = ORIENTED_EDGE('',*,*,#2145,.F.);
#2145 = EDGE_CURVE('',#900,#2137,#2146,.T.);
#2146 = LINE('',#2147,#2148);
#2147 = CARTESIAN_POINT('',(14.,-2.9,4.095993579438));
#2148 = VECTOR('',#2149,1.);
#2149 = DIRECTION('',(-1.,-0.,-2.2E-16));
#2150 = CYLINDRICAL_SURFACE('',#2151,1.25);
#2151 = AXIS2_PLACEMENT_3D('',#2152,#2153,#2154);
#2152 = CARTESIAN_POINT('',(14.,-3.,2.85));
#2153 = DIRECTION('',(-1.,-0.,-2.2E-16));
#2154 = DIRECTION('',(2.2E-16,0.,-1.));
#2155 = ADVANCED_FACE('',(#2156),#2167,.T.);
#2156 = FACE_BOUND('',#2157,.T.);
#2157 = EDGE_LOOP('',(#2158,#2164,#2165,#2166));
#2158 = ORIENTED_EDGE('',*,*,#2159,.F.);
#2159 = EDGE_CURVE('',#1360,#950,#2160,.T.);
#2160 = LINE('',#2161,#2162);
#2161 = CARTESIAN_POINT('',(14.,-2.9,1.6));
#2162 = VECTOR('',#2163,1.);
#2163 = DIRECTION('',(1.,0.,0.));
#2164 = ORIENTED_EDGE('',*,*,#1359,.F.);
#2165 = ORIENTED_EDGE('',*,*,#2120,.F.);
#2166 = ORIENTED_EDGE('',*,*,#957,.F.);
#2167 = PLANE('',#2168);
#2168 = AXIS2_PLACEMENT_3D('',#2169,#2170,#2171);
#2169 = CARTESIAN_POINT('',(14.,-2.9,1.6));
#2170 = DIRECTION('',(0.,1.,0.));
#2171 = DIRECTION('',(0.,0.,1.));
#2172 = ADVANCED_FACE('',(#2173),#2184,.F.);
#2173 = FACE_BOUND('',#2174,.F.);
#2174 = EDGE_LOOP('',(#2175,#2176,#2182,#2183));
#2175 = ORIENTED_EDGE('',*,*,#1367,.T.);
#2176 = ORIENTED_EDGE('',*,*,#2177,.T.);
#2177 = EDGE_CURVE('',#1368,#942,#2178,.T.);
#2178 = LINE('',#2179,#2180);
#2179 = CARTESIAN_POINT('',(14.,2.9,1.6));
#2180 = VECTOR('',#2181,1.);
#2181 = DIRECTION('',(1.,0.,0.));
#2182 = ORIENTED_EDGE('',*,*,#949,.F.);
#2183 = ORIENTED_EDGE('',*,*,#2159,.F.);
#2184 = PLANE('',#2185);
#2185 = AXIS2_PLACEMENT_3D('',#2186,#2187,#2188);
#2186 = CARTESIAN_POINT('',(20.553016453382,-8.E-17,1.6));
#2187 = DIRECTION('',(-0.,-0.,-1.));
#2188 = DIRECTION('',(-1.,0.,0.));
#2189 = ADVANCED_FACE('',(#2190),#2201,.F.);
#2190 = FACE_BOUND('',#2191,.F.);
#2191 = EDGE_LOOP('',(#2192,#2193,#2194,#2200));
#2192 = ORIENTED_EDGE('',*,*,#2177,.F.);
#2193 = ORIENTED_EDGE('',*,*,#1375,.F.);
#2194 = ORIENTED_EDGE('',*,*,#2195,.F.);
#2195 = EDGE_CURVE('',#933,#1376,#2196,.T.);
#2196 = LINE('',#2197,#2198);
#2197 = CARTESIAN_POINT('',(14.,2.9,1.604006420562));
#2198 = VECTOR('',#2199,1.);
#2199 = DIRECTION('',(-1.,-0.,-2.2E-16));
#2200 = ORIENTED_EDGE('',*,*,#941,.F.);
#2201 = PLANE('',#2202);
#2202 = AXIS2_PLACEMENT_3D('',#2203,#2204,#2205);
#2203 = CARTESIAN_POINT('',(14.,2.9,1.6));
#2204 = DIRECTION('',(0.,1.,0.));
#2205 = DIRECTION('',(0.,0.,1.));
#2206 = ADVANCED_FACE('',(#2207),#2236,.F.);
#2207 = FACE_BOUND('',#2208,.T.);
#2208 = EDGE_LOOP('',(#2209,#2220,#2226,#2227,#2228,#2229,#2230));
#2209 = ORIENTED_EDGE('',*,*,#2210,.T.);
#2210 = EDGE_CURVE('',#2211,#2213,#2215,.T.);
#2211 = VERTEX_POINT('',#2212);
#2212 = CARTESIAN_POINT('',(19.5,2.9,4.095993579438));
#2213 = VERTEX_POINT('',#2214);
#2214 = CARTESIAN_POINT('',(19.5,4.24,2.692202661619));
#2215 = CIRCLE('',#2216,1.25);
#2216 = AXIS2_PLACEMENT_3D('',#2217,#2218,#2219);
#2217 = CARTESIAN_POINT('',(19.5,3.,2.85));
#2218 = DIRECTION('',(-1.,-0.,-2.2E-16));
#2219 = DIRECTION('',(2.2E-16,0.,-1.));
#2220 = ORIENTED_EDGE('',*,*,#2221,.F.);
#2221 = EDGE_CURVE('',#1393,#2213,#2222,.T.);
#2222 = LINE('',#2223,#2224);
#2223 = CARTESIAN_POINT('',(14.,4.24,2.692202661619));
#2224 = VECTOR('',#2225,1.);
#2225 = DIRECTION('',(-1.,-0.,-2.2E-16));
#2226 = ORIENTED_EDGE('',*,*,#1392,.T.);
#2227 = ORIENTED_EDGE('',*,*,#1383,.T.);
#2228 = ORIENTED_EDGE('',*,*,#2195,.F.);
#2229 = ORIENTED_EDGE('',*,*,#932,.F.);
#2230 = ORIENTED_EDGE('',*,*,#2231,.T.);
#2231 = EDGE_CURVE('',#925,#2211,#2232,.T.);
#2232 = LINE('',#2233,#2234);
#2233 = CARTESIAN_POINT('',(14.,2.9,4.095993579438));
#2234 = VECTOR('',#2235,1.);
#2235 = DIRECTION('',(-1.,-0.,-2.2E-16));
#2236 = CYLINDRICAL_SURFACE('',#2237,1.25);
#2237 = AXIS2_PLACEMENT_3D('',#2238,#2239,#2240);
#2238 = CARTESIAN_POINT('',(14.,3.,2.85));
#2239 = DIRECTION('',(-1.,-0.,-2.2E-16));
#2240 = DIRECTION('',(2.2E-16,0.,-1.));
#2241 = ADVANCED_FACE('',(#2242),#2260,.F.);
#2242 = FACE_BOUND('',#2243,.F.);
#2243 = EDGE_LOOP('',(#2244,#2245,#2246,#2254));
#2244 = ORIENTED_EDGE('',*,*,#924,.F.);
#2245 = ORIENTED_EDGE('',*,*,#2231,.T.);
#2246 = ORIENTED_EDGE('',*,*,#2247,.T.);
#2247 = EDGE_CURVE('',#2211,#2248,#2250,.T.);
#2248 = VERTEX_POINT('',#2249);
#2249 = CARTESIAN_POINT('',(19.5,2.9,4.1));
#2250 = LINE('',#2251,#2252);
#2251 = CARTESIAN_POINT('',(19.5,2.9,1.3));
#2252 = VECTOR('',#2253,1.);
#2253 = DIRECTION('',(0.,0.,1.));
#2254 = ORIENTED_EDGE('',*,*,#2255,.T.);
#2255 = EDGE_CURVE('',#2248,#917,#2256,.T.);
#2256 = LINE('',#2257,#2258);
#2257 = CARTESIAN_POINT('',(14.,2.9,4.1));
#2258 = VECTOR('',#2259,1.);
#2259 = DIRECTION('',(1.,0.,0.));
#2260 = PLANE('',#2261);
#2261 = AXIS2_PLACEMENT_3D('',#2262,#2263,#2264);
#2262 = CARTESIAN_POINT('',(14.,2.9,1.6));
#2263 = DIRECTION('',(0.,1.,0.));
#2264 = DIRECTION('',(0.,0.,1.));
#2265 = ADVANCED_FACE('',(#2266),#2284,.F.);
#2266 = FACE_BOUND('',#2267,.F.);
#2267 = EDGE_LOOP('',(#2268,#2269,#2277,#2283));
#2268 = ORIENTED_EDGE('',*,*,#2255,.F.);
#2269 = ORIENTED_EDGE('',*,*,#2270,.T.);
#2270 = EDGE_CURVE('',#2248,#2271,#2273,.T.);
#2271 = VERTEX_POINT('',#2272);
#2272 = CARTESIAN_POINT('',(19.5,-2.9,4.1));
#2273 = LINE('',#2274,#2275);
#2274 = CARTESIAN_POINT('',(19.5,-7.2,4.1));
#2275 = VECTOR('',#2276,1.);
#2276 = DIRECTION('',(0.,-1.,0.));
#2277 = ORIENTED_EDGE('',*,*,#2278,.T.);
#2278 = EDGE_CURVE('',#2271,#909,#2279,.T.);
#2279 = LINE('',#2280,#2281);
#2280 = CARTESIAN_POINT('',(14.,-2.9,4.1));
#2281 = VECTOR('',#2282,1.);
#2282 = DIRECTION('',(1.,0.,0.));
#2283 = ORIENTED_EDGE('',*,*,#916,.F.);
#2284 = PLANE('',#2285);
#2285 = AXIS2_PLACEMENT_3D('',#2286,#2287,#2288);
#2286 = CARTESIAN_POINT('',(14.,-2.9,4.1));
#2287 = DIRECTION('',(0.,0.,1.));
#2288 = DIRECTION('',(1.,0.,0.));
#2289 = ADVANCED_FACE('',(#2290),#2301,.T.);
#2290 = FACE_BOUND('',#2291,.T.);
#2291 = EDGE_LOOP('',(#2292,#2293,#2294,#2300));
#2292 = ORIENTED_EDGE('',*,*,#908,.F.);
#2293 = ORIENTED_EDGE('',*,*,#2145,.T.);
#2294 = ORIENTED_EDGE('',*,*,#2295,.T.);
#2295 = EDGE_CURVE('',#2137,#2271,#2296,.T.);
#2296 = LINE('',#2297,#2298);
#2297 = CARTESIAN_POINT('',(19.5,-2.9,1.3));
#2298 = VECTOR('',#2299,1.);
#2299 = DIRECTION('',(0.,0.,1.));
#2300 = ORIENTED_EDGE('',*,*,#2278,.T.);
#2301 = PLANE('',#2302);
#2302 = AXIS2_PLACEMENT_3D('',#2303,#2304,#2305);
#2303 = CARTESIAN_POINT('',(14.,-2.9,1.6));
#2304 = DIRECTION('',(0.,1.,0.));
#2305 = DIRECTION('',(0.,0.,1.));
#2306 = ADVANCED_FACE('',(#2307,#2368),#2385,.F.);
#2307 = FACE_BOUND('',#2308,.F.);
#2308 = EDGE_LOOP('',(#2309,#2310,#2319,#2327,#2336,#2344,#2353,#2361));
#2309 = ORIENTED_EDGE('',*,*,#1586,.F.);
#2310 = ORIENTED_EDGE('',*,*,#2311,.T.);
#2311 = EDGE_CURVE('',#1587,#2312,#2314,.T.);
#2312 = VERTEX_POINT('',#2313);
#2313 = CARTESIAN_POINT('',(-16.5,-11.5,5.));
#2314 = CIRCLE('',#2315,3.);
#2315 = AXIS2_PLACEMENT_3D('',#2316,#2317,#2318);
#2316 = CARTESIAN_POINT('',(-16.5,-8.5,5.));
#2317 = DIRECTION('',(-0.,0.,1.));
#2318 = DIRECTION('',(0.,-1.,0.));
#2319 = ORIENTED_EDGE('',*,*,#2320,.T.);
#2320 = EDGE_CURVE('',#2312,#2321,#2323,.T.);
#2321 = VERTEX_POINT('',#2322);
#2322 = CARTESIAN_POINT('',(16.5,-11.5,5.));
#2323 = LINE('',#2324,#2325);
#2324 = CARTESIAN_POINT('',(-19.5,-11.5,5.));
#2325 = VECTOR('',#2326,1.);
#2326 = DIRECTION('',(1.,0.,0.));
#2327 = ORIENTED_EDGE('',*,*,#2328,.F.);
#2328 = EDGE_CURVE('',#2329,#2321,#2331,.T.);
#2329 = VERTEX_POINT('',#2330);
#2330 = CARTESIAN_POINT('',(19.5,-8.5,5.));
#2331 = CIRCLE('',#2332,3.);
#2332 = AXIS2_PLACEMENT_3D('',#2333,#2334,#2335);
#2333 = CARTESIAN_POINT('',(16.5,-8.5,5.));
#2334 = DIRECTION('',(-0.,-0.,-1.));
#2335 = DIRECTION('',(0.,-1.,0.));
#2336 = ORIENTED_EDGE('',*,*,#2337,.T.);
#2337 = EDGE_CURVE('',#2329,#2338,#2340,.T.);
#2338 = VERTEX_POINT('',#2339);
#2339 = CARTESIAN_POINT('',(19.5,8.5,5.));
#2340 = LINE('',#2341,#2342);
#2341 = CARTESIAN_POINT('',(19.5,-11.5,5.));
#2342 = VECTOR('',#2343,1.);
#2343 = DIRECTION('',(0.,1.,0.));
#2344 = ORIENTED_EDGE('',*,*,#2345,.T.);
#2345 = EDGE_CURVE('',#2338,#2346,#2348,.T.);
#2346 = VERTEX_POINT('',#2347);
#2347 = CARTESIAN_POINT('',(16.5,11.5,5.));
#2348 = CIRCLE('',#2349,3.);
#2349 = AXIS2_PLACEMENT_3D('',#2350,#2351,#2352);
#2350 = CARTESIAN_POINT('',(16.5,8.5,5.));
#2351 = DIRECTION('',(-0.,0.,1.));
#2352 = DIRECTION('',(0.,-1.,0.));
#2353 = ORIENTED_EDGE('',*,*,#2354,.F.);
#2354 = EDGE_CURVE('',#2355,#2346,#2357,.T.);
#2355 = VERTEX_POINT('',#2356);
#2356 = CARTESIAN_POINT('',(-16.5,11.5,5.));
#2357 = LINE('',#2358,#2359);
#2358 = CARTESIAN_POINT('',(-19.5,11.5,5.));
#2359 = VECTOR('',#2360,1.);
#2360 = DIRECTION('',(1.,0.,0.));
#2361 = ORIENTED_EDGE('',*,*,#2362,.F.);
#2362 = EDGE_CURVE('',#1589,#2355,#2363,.T.);
#2363 = CIRCLE('',#2364,3.);
#2364 = AXIS2_PLACEMENT_3D('',#2365,#2366,#2367);
#2365 = CARTESIAN_POINT('',(-16.5,8.5,5.));
#2366 = DIRECTION('',(-0.,-0.,-1.));
#2367 = DIRECTION('',(0.,-1.,0.));
#2368 = FACE_BOUND('',#2369,.F.);
#2369 = EDGE_LOOP('',(#2370,#2371,#2372,#2378,#2379));
#2370 = ORIENTED_EDGE('',*,*,#991,.F.);
#2371 = ORIENTED_EDGE('',*,*,#971,.F.);
#2372 = ORIENTED_EDGE('',*,*,#2373,.T.);
#2373 = EDGE_CURVE('',#972,#1010,#2374,.T.);
#2374 = LINE('',#2375,#2376);
#2375 = CARTESIAN_POINT('',(-2.55,7.,5.));
#2376 = VECTOR('',#2377,1.);
#2377 = DIRECTION('',(-1.,0.,0.));
#2378 = ORIENTED_EDGE('',*,*,#1009,.F.);
#2379 = ORIENTED_EDGE('',*,*,#2380,.T.);
#2380 = EDGE_CURVE('',#1001,#992,#2381,.T.);
#2381 = LINE('',#2382,#2383);
#2382 = CARTESIAN_POINT('',(14.4,-2.25,5.));
#2383 = VECTOR('',#2384,1.);
#2384 = DIRECTION('',(0.,1.,0.));
#2385 = PLANE('',#2386);
#2386 = AXIS2_PLACEMENT_3D('',#2387,#2388,#2389);
#2387 = CARTESIAN_POINT('',(-19.5,-11.5,5.));
#2388 = DIRECTION('',(0.,0.,1.));
#2389 = DIRECTION('',(1.,0.,0.));
#2390 = ADVANCED_FACE('',(#2391),#2395,.T.);
#2391 = FACE_BOUND('',#2392,.T.);
#2392 = EDGE_LOOP('',(#2393,#2394));
#2393 = ORIENTED_EDGE('',*,*,#2373,.T.);
#2394 = ORIENTED_EDGE('',*,*,#1018,.T.);
#2395 = PLANE('',#2396);
#2396 = AXIS2_PLACEMENT_3D('',#2397,#2398,#2399);
#2397 = CARTESIAN_POINT('',(14.4,7.,3.5));
#2398 = DIRECTION('',(0.,1.,0.));
#2399 = DIRECTION('',(0.,0.,1.));
#2400 = ADVANCED_FACE('',(#2401),#2405,.T.);
#2401 = FACE_BOUND('',#2402,.T.);
#2402 = EDGE_LOOP('',(#2403,#2404));
#2403 = ORIENTED_EDGE('',*,*,#1000,.T.);
#2404 = ORIENTED_EDGE('',*,*,#2380,.T.);
#2405 = PLANE('',#2406);
#2406 = AXIS2_PLACEMENT_3D('',#2407,#2408,#2409);
#2407 = CARTESIAN_POINT('',(14.4,7.,3.5));
#2408 = DIRECTION('',(1.,0.,0.));
#2409 = DIRECTION('',(0.,0.,1.));
#2410 = ADVANCED_FACE('',(#2411),#2426,.F.);
#2411 = FACE_BOUND('',#2412,.F.);
#2412 = EDGE_LOOP('',(#2413,#2422,#2423,#2424,#2425));
#2413 = ORIENTED_EDGE('',*,*,#2414,.T.);
#2414 = EDGE_CURVE('',#1085,#2415,#2417,.T.);
#2415 = VERTEX_POINT('',#2416);
#2416 = CARTESIAN_POINT('',(19.214213562373,11.285786437627,3.3));
#2417 = CIRCLE('',#2418,0.8);
#2418 = AXIS2_PLACEMENT_3D('',#2419,#2420,#2421);
#2419 = CARTESIAN_POINT('',(19.214213562373,11.285786437627,2.5));
#2420 = DIRECTION('',(-0.707106781187,-0.707106781187,0.));
#2421 = DIRECTION('',(0.707106781187,-0.707106781187,0.));
#2422 = ORIENTED_EDGE('',*,*,#2414,.F.);
#2423 = ORIENTED_EDGE('',*,*,#1856,.T.);
#2424 = ORIENTED_EDGE('',*,*,#1110,.F.);
#2425 = ORIENTED_EDGE('',*,*,#1082,.T.);
#2426 = SPHERICAL_SURFACE('',#2427,0.8);
#2427 = AXIS2_PLACEMENT_3D('',#2428,#2429,#2430);
#2428 = CARTESIAN_POINT('',(19.214213562373,11.285786437627,2.5));
#2429 = DIRECTION('',(0.,0.,1.));
#2430 = DIRECTION('',(0.707106781187,-0.707106781187,0.));
#2431 = ADVANCED_FACE('',(#2432),#2448,.F.);
#2432 = FACE_BOUND('',#2433,.F.);
#2433 = EDGE_LOOP('',(#2434,#2443,#2444,#2445,#2446,#2447));
#2434 = ORIENTED_EDGE('',*,*,#2435,.T.);
#2435 = EDGE_CURVE('',#1830,#2436,#2438,.T.);
#2436 = VERTEX_POINT('',#2437);
#2437 = CARTESIAN_POINT('',(19.214213562373,-11.28578643762,3.3));
#2438 = CIRCLE('',#2439,0.8);
#2439 = AXIS2_PLACEMENT_3D('',#2440,#2441,#2442);
#2440 = CARTESIAN_POINT('',(19.214213562373,-11.28578643762,2.5));
#2441 = DIRECTION('',(-0.707106781187,-0.707106781187,0.));
#2442 = DIRECTION('',(0.707106781187,-0.707106781187,0.));
#2443 = ORIENTED_EDGE('',*,*,#2435,.F.);
#2444 = ORIENTED_EDGE('',*,*,#1829,.T.);
#2445 = ORIENTED_EDGE('',*,*,#1151,.F.);
#2446 = ORIENTED_EDGE('',*,*,#1160,.F.);
#2447 = ORIENTED_EDGE('',*,*,#1838,.T.);
#2448 = SPHERICAL_SURFACE('',#2449,0.8);
#2449 = AXIS2_PLACEMENT_3D('',#2450,#2451,#2452);
#2450 = CARTESIAN_POINT('',(19.214213562373,-11.28578643762,2.5));
#2451 = DIRECTION('',(0.,0.,1.));
#2452 = DIRECTION('',(0.707106781187,-0.707106781187,0.));
#2453 = ADVANCED_FACE('',(#2454),#2476,.F.);
#2454 = FACE_BOUND('',#2455,.F.);
#2455 = EDGE_LOOP('',(#2456,#2457,#2466,#2472,#2473,#2474,#2475));
#2456 = ORIENTED_EDGE('',*,*,#1262,.T.);
#2457 = ORIENTED_EDGE('',*,*,#2458,.F.);
#2458 = EDGE_CURVE('',#2459,#1255,#2461,.T.);
#2459 = VERTEX_POINT('',#2460);
#2460 = CARTESIAN_POINT('',(16.5,-11.5,2.5));
#2461 = CIRCLE('',#2462,3.);
#2462 = AXIS2_PLACEMENT_3D('',#2463,#2464,#2465);
#2463 = CARTESIAN_POINT('',(16.5,-8.5,2.5));
#2464 = DIRECTION('',(0.,0.,1.));
#2465 = DIRECTION('',(1.,0.,0.));
#2466 = ORIENTED_EDGE('',*,*,#2467,.F.);
#2467 = EDGE_CURVE('',#1749,#2459,#2468,.T.);
#2468 = LINE('',#2469,#2470);
#2469 = CARTESIAN_POINT('',(-3.86,-11.5,2.5));
#2470 = VECTOR('',#2471,1.);
#2471 = DIRECTION('',(1.,0.,0.));
#2472 = ORIENTED_EDGE('',*,*,#1756,.F.);
#2473 = ORIENTED_EDGE('',*,*,#1772,.T.);
#2474 = ORIENTED_EDGE('',*,*,#1197,.F.);
#2475 = ORIENTED_EDGE('',*,*,#1222,.T.);
#2476 = PLANE('',#2477);
#2477 = AXIS2_PLACEMENT_3D('',#2478,#2479,#2480);
#2478 = CARTESIAN_POINT('',(11.78,-12.1,2.5));
#2479 = DIRECTION('',(0.,0.,1.));
#2480 = DIRECTION('',(1.,0.,0.));
#2481 = ADVANCED_FACE('',(#2482),#2508,.F.);
#2482 = FACE_BOUND('',#2483,.T.);
#2483 = EDGE_LOOP('',(#2484,#2492,#2499,#2500,#2501,#2507));
#2484 = ORIENTED_EDGE('',*,*,#2485,.F.);
#2485 = EDGE_CURVE('',#2486,#2329,#2488,.T.);
#2486 = VERTEX_POINT('',#2487);
#2487 = CARTESIAN_POINT('',(19.5,-8.5,1.6));
#2488 = LINE('',#2489,#2490);
#2489 = CARTESIAN_POINT('',(19.5,-8.5,1.));
#2490 = VECTOR('',#2491,1.);
#2491 = DIRECTION('',(0.,0.,1.));
#2492 = ORIENTED_EDGE('',*,*,#2493,.F.);
#2493 = EDGE_CURVE('',#1247,#2486,#2494,.T.);
#2494 = CIRCLE('',#2495,3.);
#2495 = AXIS2_PLACEMENT_3D('',#2496,#2497,#2498);
#2496 = CARTESIAN_POINT('',(16.5,-8.5,1.6));
#2497 = DIRECTION('',(0.,0.,1.));
#2498 = DIRECTION('',(1.,0.,0.));
#2499 = ORIENTED_EDGE('',*,*,#1254,.T.);
#2500 = ORIENTED_EDGE('',*,*,#2458,.F.);
#2501 = ORIENTED_EDGE('',*,*,#2502,.T.);
#2502 = EDGE_CURVE('',#2459,#2321,#2503,.T.);
#2503 = LINE('',#2504,#2505);
#2504 = CARTESIAN_POINT('',(16.5,-11.5,1.));
#2505 = VECTOR('',#2506,1.);
#2506 = DIRECTION('',(0.,0.,1.));
#2507 = ORIENTED_EDGE('',*,*,#2328,.F.);
#2508 = CYLINDRICAL_SURFACE('',#2509,3.);
#2509 = AXIS2_PLACEMENT_3D('',#2510,#2511,#2512);
#2510 = CARTESIAN_POINT('',(16.5,-8.5,1.));
#2511 = DIRECTION('',(0.,0.,1.));
#2512 = DIRECTION('',(1.,0.,0.));
#2513 = ADVANCED_FACE('',(#2514),#2535,.F.);
#2514 = FACE_BOUND('',#2515,.F.);
#2515 = EDGE_LOOP('',(#2516,#2517,#2518,#2519,#2520,#2528,#2534));
#2516 = ORIENTED_EDGE('',*,*,#1246,.F.);
#2517 = ORIENTED_EDGE('',*,*,#1286,.T.);
#2518 = ORIENTED_EDGE('',*,*,#1310,.F.);
#2519 = ORIENTED_EDGE('',*,*,#1325,.T.);
#2520 = ORIENTED_EDGE('',*,*,#2521,.F.);
#2521 = EDGE_CURVE('',#2522,#1326,#2524,.T.);
#2522 = VERTEX_POINT('',#2523);
#2523 = CARTESIAN_POINT('',(19.5,-4.24,1.6));
#2524 = LINE('',#2525,#2526);
#2525 = CARTESIAN_POINT('',(19.,-4.24,1.6));
#2526 = VECTOR('',#2527,1.);
#2527 = DIRECTION('',(1.,0.,0.));
#2528 = ORIENTED_EDGE('',*,*,#2529,.T.);
#2529 = EDGE_CURVE('',#2522,#2486,#2530,.T.);
#2530 = LINE('',#2531,#2532);
#2531 = CARTESIAN_POINT('',(19.5,-11.75,1.6));
#2532 = VECTOR('',#2533,1.);
#2533 = DIRECTION('',(0.,-1.,0.));
#2534 = ORIENTED_EDGE('',*,*,#2493,.F.);
#2535 = PLANE('',#2536);
#2536 = AXIS2_PLACEMENT_3D('',#2537,#2538,#2539);
#2537 = CARTESIAN_POINT('',(-20.,-12.,1.6));
#2538 = DIRECTION('',(0.,0.,1.));
#2539 = DIRECTION('',(1.,0.,0.));
#2540 = ADVANCED_FACE('',(#2541),#2552,.T.);
#2541 = FACE_BOUND('',#2542,.T.);
#2542 = EDGE_LOOP('',(#2543,#2544,#2545,#2551));
#2543 = ORIENTED_EDGE('',*,*,#1333,.F.);
#2544 = ORIENTED_EDGE('',*,*,#2521,.F.);
#2545 = ORIENTED_EDGE('',*,*,#2546,.T.);
#2546 = EDGE_CURVE('',#2522,#2129,#2547,.T.);
#2547 = LINE('',#2548,#2549);
#2548 = CARTESIAN_POINT('',(19.5,-4.24,1.3));
#2549 = VECTOR('',#2550,1.);
#2550 = DIRECTION('',(0.,0.,1.));
#2551 = ORIENTED_EDGE('',*,*,#2128,.F.);
#2552 = PLANE('',#2553);
#2553 = AXIS2_PLACEMENT_3D('',#2554,#2555,#2556);
#2554 = CARTESIAN_POINT('',(19.,-4.24,1.6));
#2555 = DIRECTION('',(0.,1.,0.));
#2556 = DIRECTION('',(0.,0.,1.));
#2557 = ADVANCED_FACE('',(#2558),#2569,.F.);
#2558 = FACE_BOUND('',#2559,.F.);
#2559 = EDGE_LOOP('',(#2560,#2561,#2562,#2568));
#2560 = ORIENTED_EDGE('',*,*,#1401,.F.);
#2561 = ORIENTED_EDGE('',*,*,#1568,.F.);
#2562 = ORIENTED_EDGE('',*,*,#2563,.T.);
#2563 = EDGE_CURVE('',#1561,#2213,#2564,.T.);
#2564 = LINE('',#2565,#2566);
#2565 = CARTESIAN_POINT('',(19.5,4.24,1.3));
#2566 = VECTOR('',#2567,1.);
#2567 = DIRECTION('',(0.,0.,1.));
#2568 = ORIENTED_EDGE('',*,*,#2221,.F.);
#2569 = PLANE('',#2570);
#2570 = AXIS2_PLACEMENT_3D('',#2571,#2572,#2573);
#2571 = CARTESIAN_POINT('',(19.,4.24,1.6));
#2572 = DIRECTION('',(0.,1.,0.));
#2573 = DIRECTION('',(0.,0.,1.));
#2574 = ADVANCED_FACE('',(#2575),#2594,.F.);
#2575 = FACE_BOUND('',#2576,.F.);
#2576 = EDGE_LOOP('',(#2577,#2578,#2579,#2580,#2581,#2582,#2583,#2584,
    #2585,#2586,#2587,#2588));
#2577 = ORIENTED_EDGE('',*,*,#2337,.F.);
#2578 = ORIENTED_EDGE('',*,*,#2485,.F.);
#2579 = ORIENTED_EDGE('',*,*,#2529,.F.);
#2580 = ORIENTED_EDGE('',*,*,#2546,.T.);
#2581 = ORIENTED_EDGE('',*,*,#2136,.T.);
#2582 = ORIENTED_EDGE('',*,*,#2295,.T.);
#2583 = ORIENTED_EDGE('',*,*,#2270,.F.);
#2584 = ORIENTED_EDGE('',*,*,#2247,.F.);
#2585 = ORIENTED_EDGE('',*,*,#2210,.T.);
#2586 = ORIENTED_EDGE('',*,*,#2563,.F.);
#2587 = ORIENTED_EDGE('',*,*,#1560,.F.);
#2588 = ORIENTED_EDGE('',*,*,#2589,.T.);
#2589 = EDGE_CURVE('',#1552,#2338,#2590,.T.);
#2590 = LINE('',#2591,#2592);
#2591 = CARTESIAN_POINT('',(19.5,8.5,1.));
#2592 = VECTOR('',#2593,1.);
#2593 = DIRECTION('',(0.,0.,1.));
#2594 = PLANE('',#2595);
#2595 = AXIS2_PLACEMENT_3D('',#2596,#2597,#2598);
#2596 = CARTESIAN_POINT('',(19.5,-11.5,1.));
#2597 = DIRECTION('',(1.,0.,0.));
#2598 = DIRECTION('',(0.,0.,1.));
#2599 = ADVANCED_FACE('',(#2600),#2624,.F.);
#2600 = FACE_BOUND('',#2601,.F.);
#2601 = EDGE_LOOP('',(#2602,#2603,#2604,#2610,#2611,#2612,#2613,#2614,
    #2615,#2616,#2617,#2623));
#2602 = ORIENTED_EDGE('',*,*,#2589,.F.);
#2603 = ORIENTED_EDGE('',*,*,#1551,.T.);
#2604 = ORIENTED_EDGE('',*,*,#2605,.T.);
#2605 = EDGE_CURVE('',#1544,#2031,#2606,.T.);
#2606 = LINE('',#2607,#2608);
#2607 = CARTESIAN_POINT('',(16.5,11.5,1.));
#2608 = VECTOR('',#2609,1.);
#2609 = DIRECTION('',(0.,0.,1.));
#2610 = ORIENTED_EDGE('',*,*,#2039,.T.);
#2611 = ORIENTED_EDGE('',*,*,#1972,.F.);
#2612 = ORIENTED_EDGE('',*,*,#1903,.F.);
#2613 = ORIENTED_EDGE('',*,*,#1880,.T.);
#2614 = ORIENTED_EDGE('',*,*,#1938,.T.);
#2615 = ORIENTED_EDGE('',*,*,#1997,.T.);
#2616 = ORIENTED_EDGE('',*,*,#2079,.F.);
#2617 = ORIENTED_EDGE('',*,*,#2618,.T.);
#2618 = EDGE_CURVE('',#2071,#2346,#2619,.T.);
#2619 = LINE('',#2620,#2621);
#2620 = CARTESIAN_POINT('',(16.5,11.5,1.));
#2621 = VECTOR('',#2622,1.);
#2622 = DIRECTION('',(0.,0.,1.));
#2623 = ORIENTED_EDGE('',*,*,#2345,.F.);
#2624 = CYLINDRICAL_SURFACE('',#2625,3.);
#2625 = AXIS2_PLACEMENT_3D('',#2626,#2627,#2628);
#2626 = CARTESIAN_POINT('',(16.5,8.5,1.));
#2627 = DIRECTION('',(0.,0.,1.));
#2628 = DIRECTION('',(1.,0.,0.));
#2629 = ADVANCED_FACE('',(#2630),#2645,.F.);
#2630 = FACE_BOUND('',#2631,.F.);
#2631 = EDGE_LOOP('',(#2632,#2633,#2639,#2640,#2641,#2642,#2643,#2644));
#2632 = ORIENTED_EDGE('',*,*,#1543,.F.);
#2633 = ORIENTED_EDGE('',*,*,#2634,.T.);
#2634 = EDGE_CURVE('',#1535,#2355,#2635,.T.);
#2635 = LINE('',#2636,#2637);
#2636 = CARTESIAN_POINT('',(-16.5,11.5,1.));
#2637 = VECTOR('',#2638,1.);
#2638 = DIRECTION('',(0.,0.,1.));
#2639 = ORIENTED_EDGE('',*,*,#2354,.T.);
#2640 = ORIENTED_EDGE('',*,*,#2618,.F.);
#2641 = ORIENTED_EDGE('',*,*,#2070,.F.);
#2642 = ORIENTED_EDGE('',*,*,#2104,.F.);
#2643 = ORIENTED_EDGE('',*,*,#2030,.F.);
#2644 = ORIENTED_EDGE('',*,*,#2605,.F.);
#2645 = PLANE('',#2646);
#2646 = AXIS2_PLACEMENT_3D('',#2647,#2648,#2649);
#2647 = CARTESIAN_POINT('',(-19.5,11.5,1.));
#2648 = DIRECTION('',(0.,1.,0.));
#2649 = DIRECTION('',(0.,0.,1.));
#2650 = ADVANCED_FACE('',(#2651),#2657,.F.);
#2651 = FACE_BOUND('',#2652,.T.);
#2652 = EDGE_LOOP('',(#2653,#2654,#2655,#2656));
#2653 = ORIENTED_EDGE('',*,*,#1614,.F.);
#2654 = ORIENTED_EDGE('',*,*,#1534,.F.);
#2655 = ORIENTED_EDGE('',*,*,#2634,.T.);
#2656 = ORIENTED_EDGE('',*,*,#2362,.F.);
#2657 = CYLINDRICAL_SURFACE('',#2658,3.);
#2658 = AXIS2_PLACEMENT_3D('',#2659,#2660,#2661);
#2659 = CARTESIAN_POINT('',(-16.5,8.5,1.));
#2660 = DIRECTION('',(0.,0.,1.));
#2661 = DIRECTION('',(-1.,0.,0.));
#2662 = ADVANCED_FACE('',(#2663),#2674,.F.);
#2663 = FACE_BOUND('',#2664,.F.);
#2664 = EDGE_LOOP('',(#2665,#2666,#2667,#2673));
#2665 = ORIENTED_EDGE('',*,*,#1596,.F.);
#2666 = ORIENTED_EDGE('',*,*,#1686,.T.);
#2667 = ORIENTED_EDGE('',*,*,#2668,.T.);
#2668 = EDGE_CURVE('',#1679,#2312,#2669,.T.);
#2669 = LINE('',#2670,#2671);
#2670 = CARTESIAN_POINT('',(-16.5,-11.5,1.));
#2671 = VECTOR('',#2672,1.);
#2672 = DIRECTION('',(0.,0.,1.));
#2673 = ORIENTED_EDGE('',*,*,#2311,.F.);
#2674 = CYLINDRICAL_SURFACE('',#2675,3.);
#2675 = AXIS2_PLACEMENT_3D('',#2676,#2677,#2678);
#2676 = CARTESIAN_POINT('',(-16.5,-8.5,1.));
#2677 = DIRECTION('',(0.,0.,1.));
#2678 = DIRECTION('',(-1.,0.,0.));
#2679 = ADVANCED_FACE('',(#2680),#2688,.T.);
#2680 = FACE_BOUND('',#2681,.T.);
#2681 = EDGE_LOOP('',(#2682,#2683,#2684,#2685,#2686,#2687));
#2682 = ORIENTED_EDGE('',*,*,#1678,.F.);
#2683 = ORIENTED_EDGE('',*,*,#2668,.T.);
#2684 = ORIENTED_EDGE('',*,*,#2320,.T.);
#2685 = ORIENTED_EDGE('',*,*,#2502,.F.);
#2686 = ORIENTED_EDGE('',*,*,#2467,.F.);
#2687 = ORIENTED_EDGE('',*,*,#1748,.T.);
#2688 = PLANE('',#2689);
#2689 = AXIS2_PLACEMENT_3D('',#2690,#2691,#2692);
#2690 = CARTESIAN_POINT('',(-19.5,-11.5,1.));
#2691 = DIRECTION('',(0.,1.,0.));
#2692 = DIRECTION('',(0.,0.,1.));
#2693 = ( GEOMETRIC_REPRESENTATION_CONTEXT(3) 
GLOBAL_UNCERTAINTY_ASSIGNED_CONTEXT((#2697)) 
GLOBAL_UNIT_ASSIGNED_CONTEXT((#2694,#2695,#2696)) REPRESENTATION_CONTEXT
('Context #1','3D Context with UNIT and UNCERTAINTY') );
#2694 = ( LENGTH_UNIT() NAMED_UNIT(*) SI_UNIT(.MILLI.,.METRE.) );
#2695 = ( NAMED_UNIT(*) PLANE_ANGLE_UNIT() SI_UNIT($,.RADIAN.) );
#2696 = ( NAMED_UNIT(*) SI_UNIT($,.STERADIAN.) SOLID_ANGLE_UNIT() );
#2697 = UNCERTAINTY_MEASURE_WITH_UNIT(LENGTH_MEASURE(1.E-05),#2694,
  'distance_accuracy_value','confusion accuracy');
#2698 = PRODUCT_RELATED_PRODUCT_CATEGORY('part',$,(#7));
#2699 = MECHANICAL_DESIGN_GEOMETRIC_PRESENTATION_REPRESENTATION('',(
    #2700),#2693);
#2700 = STYLED_ITEM('color',(#2701),#15);
#2701 = PRESENTATION_STYLE_ASSIGNMENT((#2702,#2708));
#2702 = SURFACE_STYLE_USAGE(.BOTH.,#2703);
#2703 = SURFACE_SIDE_STYLE('',(#2704));
#2704 = SURFACE_STYLE_FILL_AREA(#2705);
#2705 = FILL_AREA_STYLE('',(#2706));
#2706 = FILL_AREA_STYLE_COLOUR('',#2707);
#2707 = COLOUR_RGB('',0.447058818107,0.474509808674,0.501960817233);
#2708 = CURVE_STYLE('',#2709,POSITIVE_LENGTH_MEASURE(0.1),#2710);
#2709 = DRAUGHTING_PRE_DEFINED_CURVE_FONT('continuous');
#2710 = COLOUR_RGB('',9.803921802644E-02,9.803921802644E-02,
  9.803921802644E-02);
ENDSEC;
END-ISO-10303-21;
