ISO-10303-21;
HEADER;
FILE_DESCRIPTION(('FreeCAD Model'),'2;1');
FILE_NAME('Open CASCADE Shape Model','2026-10-07T15:10:24',(''),(''),
  'Open CASCADE STEP processor 7.8','FreeCAD','Unknown');
FILE_SCHEMA((
'AP242_MANAGED_MODEL_BASED_3D_ENGINEERING_MIM_LF. {1 0 10303 442 1 1 4 
}'));
ENDSEC;
DATA;
#1 = APPLICATION_PROTOCOL_DEFINITION('international standard',
  'ap242_managed_model_based_3d_engineering',2013,#2);
#2 = APPLICATION_CONTEXT('Managed model based 3d engineering');
#3 = SHAPE_DEFINITION_REPRESENTATION(#4,#10);
#4 = PRODUCT_DEFINITION_SHAPE('','',#5);
#5 = PRODUCT_DEFINITION('design','',#6,#9);
#6 = PRODUCT_DEFINITION_FORMATION('','',#7);
#7 = PRODUCT('Corner Clips Btm','Corner Clips Btm','',(#8));
#8 = PRODUCT_CONTEXT('',#2,'mechanical');
#9 = PRODUCT_DEFINITION_CONTEXT('part definition',#2,'design');
#10 = ADVANCED_BREP_SHAPE_REPRESENTATION('',(#11,#15),#3329);
#11 = AXIS2_PLACEMENT_3D('',#12,#13,#14);
#12 = CARTESIAN_POINT('',(0.,0.,0.));
#13 = DIRECTION('',(0.,0.,1.));
#14 = DIRECTION('',(1.,0.,-0.));
#15 = MANIFOLD_SOLID_BREP('',#16);
#16 = CLOSED_SHELL('',(#17,#207,#247,#271,#295,#319,#352,#408,#598,#623,
    #648,#707,#732,#756,#946,#995,#1026,#1050,#1074,#1108,#1142,#1166,
    #1190,#1207,#1286,#1304,#1322,#1374,#1416,#1441,#1602,#1637,#1698,
    #1723,#1748,#1883,#1928,#1985,#2010,#2052,#2076,#2148,#2165,#2182,
    #2364,#2397,#2414,#2426,#2451,#2475,#2500,#2547,#2572,#2596,#2636,
    #2669,#2851,#2936,#2956,#2968,#2980,#2997,#3012,#3057,#3071,#3093,
    #3110,#3127,#3144,#3161,#3178,#3195,#3207,#3219,#3250,#3262,#3279,
    #3298,#3315));
#17 = ADVANCED_FACE('',(#18,#134),#202,.F.);
#18 = FACE_BOUND('',#19,.F.);
#19 = EDGE_LOOP('',(#20,#30,#38,#47,#55,#63,#71,#79,#87,#96,#104,#112,
    #120,#128));
#20 = ORIENTED_EDGE('',*,*,#21,.F.);
#21 = EDGE_CURVE('',#22,#24,#26,.T.);
#22 = VERTEX_POINT('',#23);
#23 = CARTESIAN_POINT('',(-21.,-9.2,1.));
#24 = VERTEX_POINT('',#25);
#25 = CARTESIAN_POINT('',(-21.,-6.,1.));
#26 = LINE('',#27,#28);
#27 = CARTESIAN_POINT('',(-21.,-13.,1.));
#28 = VECTOR('',#29,1.);
#29 = DIRECTION('',(0.,1.,0.));
#30 = ORIENTED_EDGE('',*,*,#31,.T.);
#31 = EDGE_CURVE('',#22,#32,#34,.T.);
#32 = VERTEX_POINT('',#33);
#33 = CARTESIAN_POINT('',(-21.,-9.2,-1.5));
#34 = LINE('',#35,#36);
#35 = CARTESIAN_POINT('',(-21.,-9.2,-4.));
#36 = VECTOR('',#37,1.);
#37 = DIRECTION('',(0.,-0.,-1.));
#38 = ORIENTED_EDGE('',*,*,#39,.F.);
#39 = EDGE_CURVE('',#40,#32,#42,.T.);
#40 = VERTEX_POINT('',#41);
#41 = CARTESIAN_POINT('',(-21.,-9.2,-3.5));
#42 = ELLIPSE('',#43,1.414213562373,1.);
#43 = AXIS2_PLACEMENT_3D('',#44,#45,#46);
#44 = CARTESIAN_POINT('',(-21.,-9.2,-2.5));
#45 = DIRECTION('',(1.,0.,0.));
#46 = DIRECTION('',(0.,1.,-3.140184917368E-16));
#47 = ORIENTED_EDGE('',*,*,#48,.T.);
#48 = EDGE_CURVE('',#40,#49,#51,.T.);
#49 = VERTEX_POINT('',#50);
#50 = CARTESIAN_POINT('',(-21.,-9.5,-3.5));
#51 = LINE('',#52,#53);
#52 = CARTESIAN_POINT('',(-21.,-10.4464466094,-3.5));
#53 = VECTOR('',#54,1.);
#54 = DIRECTION('',(0.,-1.,0.));
#55 = ORIENTED_EDGE('',*,*,#56,.F.);
#56 = EDGE_CURVE('',#57,#49,#59,.T.);
#57 = VERTEX_POINT('',#58);
#58 = CARTESIAN_POINT('',(-21.,-9.5,-4.5));
#59 = LINE('',#60,#61);
#60 = CARTESIAN_POINT('',(-21.,-9.5,-4.5));
#61 = VECTOR('',#62,1.);
#62 = DIRECTION('',(0.,0.,1.));
#63 = ORIENTED_EDGE('',*,*,#64,.T.);
#64 = EDGE_CURVE('',#57,#65,#67,.T.);
#65 = VERTEX_POINT('',#66);
#66 = CARTESIAN_POINT('',(-21.,9.5,-4.5));
#67 = LINE('',#68,#69);
#68 = CARTESIAN_POINT('',(-21.,-13.,-4.5));
#69 = VECTOR('',#70,1.);
#70 = DIRECTION('',(0.,1.,0.));
#71 = ORIENTED_EDGE('',*,*,#72,.T.);
#72 = EDGE_CURVE('',#65,#73,#75,.T.);
#73 = VERTEX_POINT('',#74);
#74 = CARTESIAN_POINT('',(-21.,9.5,-3.5));
#75 = LINE('',#76,#77);
#76 = CARTESIAN_POINT('',(-21.,9.5,-4.5));
#77 = VECTOR('',#78,1.);
#78 = DIRECTION('',(0.,0.,1.));
#79 = ORIENTED_EDGE('',*,*,#80,.T.);
#80 = EDGE_CURVE('',#73,#81,#83,.T.);
#81 = VERTEX_POINT('',#82);
#82 = CARTESIAN_POINT('',(-21.,9.2,-3.5));
#83 = LINE('',#84,#85);
#84 = CARTESIAN_POINT('',(-21.,0.653553390593,-3.5));
#85 = VECTOR('',#86,1.);
#86 = DIRECTION('',(0.,-1.,0.));
#87 = ORIENTED_EDGE('',*,*,#88,.F.);
#88 = EDGE_CURVE('',#89,#81,#91,.T.);
#89 = VERTEX_POINT('',#90);
#90 = CARTESIAN_POINT('',(-21.,9.2,-1.5));
#91 = ELLIPSE('',#92,1.414213562373,1.);
#92 = AXIS2_PLACEMENT_3D('',#93,#94,#95);
#93 = CARTESIAN_POINT('',(-21.,9.2,-2.5));
#94 = DIRECTION('',(1.,0.,0.));
#95 = DIRECTION('',(0.,1.,-3.140184917368E-16));
#96 = ORIENTED_EDGE('',*,*,#97,.T.);
#97 = EDGE_CURVE('',#89,#98,#100,.T.);
#98 = VERTEX_POINT('',#99);
#99 = CARTESIAN_POINT('',(-21.,9.2,1.));
#100 = LINE('',#101,#102);
#101 = CARTESIAN_POINT('',(-21.,9.2,-4.));
#102 = VECTOR('',#103,1.);
#103 = DIRECTION('',(0.,-0.,1.));
#104 = ORIENTED_EDGE('',*,*,#105,.F.);
#105 = EDGE_CURVE('',#106,#98,#108,.T.);
#106 = VERTEX_POINT('',#107);
#107 = CARTESIAN_POINT('',(-21.,6.,1.));
#108 = LINE('',#109,#110);
#109 = CARTESIAN_POINT('',(-21.,-13.,1.));
#110 = VECTOR('',#111,1.);
#111 = DIRECTION('',(0.,1.,0.));
#112 = ORIENTED_EDGE('',*,*,#113,.F.);
#113 = EDGE_CURVE('',#114,#106,#116,.T.);
#114 = VERTEX_POINT('',#115);
#115 = CARTESIAN_POINT('',(-21.,6.,0.3));
#116 = LINE('',#117,#118);
#117 = CARTESIAN_POINT('',(-21.,6.,-2.1));
#118 = VECTOR('',#119,1.);
#119 = DIRECTION('',(0.,0.,1.));
#120 = ORIENTED_EDGE('',*,*,#121,.T.);
#121 = EDGE_CURVE('',#114,#122,#124,.T.);
#122 = VERTEX_POINT('',#123);
#123 = CARTESIAN_POINT('',(-21.,-6.,0.3));
#124 = LINE('',#125,#126);
#125 = CARTESIAN_POINT('',(-21.,-9.5,0.3));
#126 = VECTOR('',#127,1.);
#127 = DIRECTION('',(0.,-1.,0.));
#128 = ORIENTED_EDGE('',*,*,#129,.T.);
#129 = EDGE_CURVE('',#122,#24,#130,.T.);
#130 = LINE('',#131,#132);
#131 = CARTESIAN_POINT('',(-21.,-6.,-2.1));
#132 = VECTOR('',#133,1.);
#133 = DIRECTION('',(0.,0.,1.));
#134 = FACE_BOUND('',#135,.F.);
#135 = EDGE_LOOP('',(#136,#146,#154,#163,#171,#179,#187,#196));
#136 = ORIENTED_EDGE('',*,*,#137,.F.);
#137 = EDGE_CURVE('',#138,#140,#142,.T.);
#138 = VERTEX_POINT('',#139);
#139 = CARTESIAN_POINT('',(-21.,2.9,-0.5));
#140 = VERTEX_POINT('',#141);
#141 = CARTESIAN_POINT('',(-21.,-2.9,-0.5));
#142 = LINE('',#143,#144);
#143 = CARTESIAN_POINT('',(-21.,-5.05,-0.5));
#144 = VECTOR('',#145,1.);
#145 = DIRECTION('',(0.,-1.,0.));
#146 = ORIENTED_EDGE('',*,*,#147,.T.);
#147 = EDGE_CURVE('',#138,#148,#150,.T.);
#148 = VERTEX_POINT('',#149);
#149 = CARTESIAN_POINT('',(-21.,2.9,-0.504006420562));
#150 = LINE('',#151,#152);
#151 = CARTESIAN_POINT('',(-21.,2.9,-3.75));
#152 = VECTOR('',#153,1.);
#153 = DIRECTION('',(0.,0.,-1.));
#154 = ORIENTED_EDGE('',*,*,#155,.F.);
#155 = EDGE_CURVE('',#156,#148,#158,.T.);
#156 = VERTEX_POINT('',#157);
#157 = CARTESIAN_POINT('',(-21.,2.9,-2.995993579438));
#158 = CIRCLE('',#159,1.25);
#159 = AXIS2_PLACEMENT_3D('',#160,#161,#162);
#160 = CARTESIAN_POINT('',(-21.,3.,-1.75));
#161 = DIRECTION('',(1.,-1.2E-16,-2.2E-16));
#162 = DIRECTION('',(-2.2E-16,0.,-1.));
#163 = ORIENTED_EDGE('',*,*,#164,.T.);
#164 = EDGE_CURVE('',#156,#165,#167,.T.);
#165 = VERTEX_POINT('',#166);
#166 = CARTESIAN_POINT('',(-21.,2.9,-3.));
#167 = LINE('',#168,#169);
#168 = CARTESIAN_POINT('',(-21.,2.9,-3.75));
#169 = VECTOR('',#170,1.);
#170 = DIRECTION('',(0.,0.,-1.));
#171 = ORIENTED_EDGE('',*,*,#172,.T.);
#172 = EDGE_CURVE('',#165,#173,#175,.T.);
#173 = VERTEX_POINT('',#174);
#174 = CARTESIAN_POINT('',(-21.,-2.9,-3.));
#175 = LINE('',#176,#177);
#176 = CARTESIAN_POINT('',(-21.,-5.05,-3.));
#177 = VECTOR('',#178,1.);
#178 = DIRECTION('',(0.,-1.,0.));
#179 = ORIENTED_EDGE('',*,*,#180,.F.);
#180 = EDGE_CURVE('',#181,#173,#183,.T.);
#181 = VERTEX_POINT('',#182);
#182 = CARTESIAN_POINT('',(-21.,-2.9,-2.995993579438));
#183 = LINE('',#184,#185);
#184 = CARTESIAN_POINT('',(-21.,-2.9,-3.75));
#185 = VECTOR('',#186,1.);
#186 = DIRECTION('',(0.,0.,-1.));
#187 = ORIENTED_EDGE('',*,*,#188,.F.);
#188 = EDGE_CURVE('',#189,#181,#191,.T.);
#189 = VERTEX_POINT('',#190);
#190 = CARTESIAN_POINT('',(-21.,-2.9,-0.504006420562));
#191 = CIRCLE('',#192,1.25);
#192 = AXIS2_PLACEMENT_3D('',#193,#194,#195);
#193 = CARTESIAN_POINT('',(-21.,-3.,-1.75));
#194 = DIRECTION('',(1.,-1.2E-16,-2.2E-16));
#195 = DIRECTION('',(-2.2E-16,0.,-1.));
#196 = ORIENTED_EDGE('',*,*,#197,.F.);
#197 = EDGE_CURVE('',#140,#189,#198,.T.);
#198 = LINE('',#199,#200);
#199 = CARTESIAN_POINT('',(-21.,-2.9,-3.75));
#200 = VECTOR('',#201,1.);
#201 = DIRECTION('',(0.,0.,-1.));
#202 = PLANE('',#203);
#203 = AXIS2_PLACEMENT_3D('',#204,#205,#206);
#204 = CARTESIAN_POINT('',(-21.,-13.,-4.5));
#205 = DIRECTION('',(1.,0.,0.));
#206 = DIRECTION('',(0.,0.,1.));
#207 = ADVANCED_FACE('',(#208),#242,.T.);
#208 = FACE_BOUND('',#209,.T.);
#209 = EDGE_LOOP('',(#210,#211,#219,#228,#236));
#210 = ORIENTED_EDGE('',*,*,#21,.F.);
#211 = ORIENTED_EDGE('',*,*,#212,.T.);
#212 = EDGE_CURVE('',#22,#213,#215,.T.);
#213 = VERTEX_POINT('',#214);
#214 = CARTESIAN_POINT('',(-19.4,-10.8,1.));
#215 = LINE('',#216,#217);
#216 = CARTESIAN_POINT('',(-17.29952057377,-12.90047942623,1.));
#217 = VECTOR('',#218,1.);
#218 = DIRECTION('',(0.707106781187,-0.707106781187,0.));
#219 = ORIENTED_EDGE('',*,*,#220,.F.);
#220 = EDGE_CURVE('',#221,#213,#223,.T.);
#221 = VERTEX_POINT('',#222);
#222 = CARTESIAN_POINT('',(-20.,-9.,1.));
#223 = CIRCLE('',#224,3.);
#224 = AXIS2_PLACEMENT_3D('',#225,#226,#227);
#225 = CARTESIAN_POINT('',(-17.,-9.,1.));
#226 = DIRECTION('',(0.,0.,1.));
#227 = DIRECTION('',(-1.,0.,0.));
#228 = ORIENTED_EDGE('',*,*,#229,.T.);
#229 = EDGE_CURVE('',#221,#230,#232,.T.);
#230 = VERTEX_POINT('',#231);
#231 = CARTESIAN_POINT('',(-20.,-6.,1.));
#232 = LINE('',#233,#234);
#233 = CARTESIAN_POINT('',(-20.,-12.5,1.));
#234 = VECTOR('',#235,1.);
#235 = DIRECTION('',(0.,1.,0.));
#236 = ORIENTED_EDGE('',*,*,#237,.T.);
#237 = EDGE_CURVE('',#230,#24,#238,.T.);
#238 = LINE('',#239,#240);
#239 = CARTESIAN_POINT('',(-18.5,-6.,1.));
#240 = VECTOR('',#241,1.);
#241 = DIRECTION('',(-1.,2.2E-16,0.));
#242 = PLANE('',#243);
#243 = AXIS2_PLACEMENT_3D('',#244,#245,#246);
#244 = CARTESIAN_POINT('',(-6.230264229602,-11.84639549689,1.));
#245 = DIRECTION('',(0.,0.,1.));
#246 = DIRECTION('',(1.,0.,0.));
#247 = ADVANCED_FACE('',(#248),#266,.T.);
#248 = FACE_BOUND('',#249,.T.);
#249 = EDGE_LOOP('',(#250,#258,#264,#265));
#250 = ORIENTED_EDGE('',*,*,#251,.F.);
#251 = EDGE_CURVE('',#252,#230,#254,.T.);
#252 = VERTEX_POINT('',#253);
#253 = CARTESIAN_POINT('',(-20.,-6.,0.3));
#254 = LINE('',#255,#256);
#255 = CARTESIAN_POINT('',(-20.,-6.,0.15));
#256 = VECTOR('',#257,1.);
#257 = DIRECTION('',(0.,0.,1.));
#258 = ORIENTED_EDGE('',*,*,#259,.T.);
#259 = EDGE_CURVE('',#252,#122,#260,.T.);
#260 = LINE('',#261,#262);
#261 = CARTESIAN_POINT('',(-16.,-6.,0.3));
#262 = VECTOR('',#263,1.);
#263 = DIRECTION('',(-1.,0.,0.));
#264 = ORIENTED_EDGE('',*,*,#129,.T.);
#265 = ORIENTED_EDGE('',*,*,#237,.F.);
#266 = PLANE('',#267);
#267 = AXIS2_PLACEMENT_3D('',#268,#269,#270);
#268 = CARTESIAN_POINT('',(-16.,-6.,0.3));
#269 = DIRECTION('',(0.,1.,0.));
#270 = DIRECTION('',(0.,0.,1.));
#271 = ADVANCED_FACE('',(#272),#290,.T.);
#272 = FACE_BOUND('',#273,.T.);
#273 = EDGE_LOOP('',(#274,#275,#283,#289));
#274 = ORIENTED_EDGE('',*,*,#259,.F.);
#275 = ORIENTED_EDGE('',*,*,#276,.F.);
#276 = EDGE_CURVE('',#277,#252,#279,.T.);
#277 = VERTEX_POINT('',#278);
#278 = CARTESIAN_POINT('',(-20.,6.,0.3));
#279 = LINE('',#280,#281);
#280 = CARTESIAN_POINT('',(-20.,-9.,0.3));
#281 = VECTOR('',#282,1.);
#282 = DIRECTION('',(0.,-1.,0.));
#283 = ORIENTED_EDGE('',*,*,#284,.T.);
#284 = EDGE_CURVE('',#277,#114,#285,.T.);
#285 = LINE('',#286,#287);
#286 = CARTESIAN_POINT('',(-16.,6.,0.3));
#287 = VECTOR('',#288,1.);
#288 = DIRECTION('',(-1.,0.,0.));
#289 = ORIENTED_EDGE('',*,*,#121,.T.);
#290 = PLANE('',#291);
#291 = AXIS2_PLACEMENT_3D('',#292,#293,#294);
#292 = CARTESIAN_POINT('',(-16.,-6.,0.3));
#293 = DIRECTION('',(0.,0.,1.));
#294 = DIRECTION('',(0.,1.,0.));
#295 = ADVANCED_FACE('',(#296),#314,.F.);
#296 = FACE_BOUND('',#297,.F.);
#297 = EDGE_LOOP('',(#298,#306,#307,#308));
#298 = ORIENTED_EDGE('',*,*,#299,.F.);
#299 = EDGE_CURVE('',#277,#300,#302,.T.);
#300 = VERTEX_POINT('',#301);
#301 = CARTESIAN_POINT('',(-20.,6.,1.));
#302 = LINE('',#303,#304);
#303 = CARTESIAN_POINT('',(-20.,6.,0.15));
#304 = VECTOR('',#305,1.);
#305 = DIRECTION('',(0.,0.,1.));
#306 = ORIENTED_EDGE('',*,*,#284,.T.);
#307 = ORIENTED_EDGE('',*,*,#113,.T.);
#308 = ORIENTED_EDGE('',*,*,#309,.F.);
#309 = EDGE_CURVE('',#300,#106,#310,.T.);
#310 = LINE('',#311,#312);
#311 = CARTESIAN_POINT('',(-18.5,6.,1.));
#312 = VECTOR('',#313,1.);
#313 = DIRECTION('',(-1.,2.2E-16,0.));
#314 = PLANE('',#315);
#315 = AXIS2_PLACEMENT_3D('',#316,#317,#318);
#316 = CARTESIAN_POINT('',(-16.,6.,0.3));
#317 = DIRECTION('',(0.,1.,0.));
#318 = DIRECTION('',(0.,0.,1.));
#319 = ADVANCED_FACE('',(#320),#347,.T.);
#320 = FACE_BOUND('',#321,.T.);
#321 = EDGE_LOOP('',(#322,#323,#324,#332,#341));
#322 = ORIENTED_EDGE('',*,*,#105,.F.);
#323 = ORIENTED_EDGE('',*,*,#309,.F.);
#324 = ORIENTED_EDGE('',*,*,#325,.T.);
#325 = EDGE_CURVE('',#300,#326,#328,.T.);
#326 = VERTEX_POINT('',#327);
#327 = CARTESIAN_POINT('',(-20.,9.,1.));
#328 = LINE('',#329,#330);
#329 = CARTESIAN_POINT('',(-20.,-12.5,1.));
#330 = VECTOR('',#331,1.);
#331 = DIRECTION('',(0.,1.,0.));
#332 = ORIENTED_EDGE('',*,*,#333,.F.);
#333 = EDGE_CURVE('',#334,#326,#336,.T.);
#334 = VERTEX_POINT('',#335);
#335 = CARTESIAN_POINT('',(-19.4,10.8,1.));
#336 = CIRCLE('',#337,3.);
#337 = AXIS2_PLACEMENT_3D('',#338,#339,#340);
#338 = CARTESIAN_POINT('',(-17.,9.,1.));
#339 = DIRECTION('',(0.,0.,1.));
#340 = DIRECTION('',(-1.,0.,0.));
#341 = ORIENTED_EDGE('',*,*,#342,.T.);
#342 = EDGE_CURVE('',#334,#98,#343,.T.);
#343 = LINE('',#344,#345);
#344 = CARTESIAN_POINT('',(-12.3507731775,17.849226822493,1.));
#345 = VECTOR('',#346,1.);
#346 = DIRECTION('',(-0.707106781187,-0.707106781187,0.));
#347 = PLANE('',#348);
#348 = AXIS2_PLACEMENT_3D('',#349,#350,#351);
#349 = CARTESIAN_POINT('',(5.778062633674,6.804631093925,1.));
#350 = DIRECTION('',(0.,0.,1.));
#351 = DIRECTION('',(1.,0.,0.));
#352 = ADVANCED_FACE('',(#353),#403,.T.);
#353 = FACE_BOUND('',#354,.T.);
#354 = EDGE_LOOP('',(#355,#365,#371,#372,#373,#381,#389,#397));
#355 = ORIENTED_EDGE('',*,*,#356,.F.);
#356 = EDGE_CURVE('',#357,#359,#361,.T.);
#357 = VERTEX_POINT('',#358);
#358 = CARTESIAN_POINT('',(-17.2,13.,-1.5));
#359 = VERTEX_POINT('',#360);
#360 = CARTESIAN_POINT('',(-17.2,13.,1.));
#361 = LINE('',#362,#363);
#362 = CARTESIAN_POINT('',(-17.2,13.,-4.));
#363 = VECTOR('',#364,1.);
#364 = DIRECTION('',(0.,-0.,1.));
#365 = ORIENTED_EDGE('',*,*,#366,.F.);
#366 = EDGE_CURVE('',#89,#357,#367,.T.);
#367 = LINE('',#368,#369);
#368 = CARTESIAN_POINT('',(-15.89289321881,14.307106781187,-1.5));
#369 = VECTOR('',#370,1.);
#370 = DIRECTION('',(0.707106781187,0.707106781187,-2.22044604925E-16));
#371 = ORIENTED_EDGE('',*,*,#97,.T.);
#372 = ORIENTED_EDGE('',*,*,#342,.F.);
#373 = ORIENTED_EDGE('',*,*,#374,.F.);
#374 = EDGE_CURVE('',#375,#334,#377,.T.);
#375 = VERTEX_POINT('',#376);
#376 = CARTESIAN_POINT('',(-19.4,10.8,0.));
#377 = LINE('',#378,#379);
#378 = CARTESIAN_POINT('',(-19.4,10.8,0.));
#379 = VECTOR('',#380,1.);
#380 = DIRECTION('',(0.,0.,1.));
#381 = ORIENTED_EDGE('',*,*,#382,.F.);
#382 = EDGE_CURVE('',#383,#375,#385,.T.);
#383 = VERTEX_POINT('',#384);
#384 = CARTESIAN_POINT('',(-18.8,11.4,0.));
#385 = LINE('',#386,#387);
#386 = CARTESIAN_POINT('',(-23.4964466094,6.703553390593,0.));
#387 = VECTOR('',#388,1.);
#388 = DIRECTION('',(-0.707106781187,-0.707106781187,0.));
#389 = ORIENTED_EDGE('',*,*,#390,.T.);
#390 = EDGE_CURVE('',#383,#391,#393,.T.);
#391 = VERTEX_POINT('',#392);
#392 = CARTESIAN_POINT('',(-18.8,11.4,1.));
#393 = LINE('',#394,#395);
#394 = CARTESIAN_POINT('',(-18.8,11.4,0.));
#395 = VECTOR('',#396,1.);
#396 = DIRECTION('',(0.,0.,1.));
#397 = ORIENTED_EDGE('',*,*,#398,.F.);
#398 = EDGE_CURVE('',#359,#391,#399,.T.);
#399 = LINE('',#400,#401);
#400 = CARTESIAN_POINT('',(-12.3507731775,17.849226822493,1.));
#401 = VECTOR('',#402,1.);
#402 = DIRECTION('',(-0.707106781187,-0.707106781187,0.));
#403 = PLANE('',#404);
#404 = AXIS2_PLACEMENT_3D('',#405,#406,#407);
#405 = CARTESIAN_POINT('',(-15.89289321881,14.307106781187,-3.5));
#406 = DIRECTION('',(-0.707106781187,0.707106781187,0.));
#407 = DIRECTION('',(0.,0.,1.));
#408 = ADVANCED_FACE('',(#409,#428),#593,.F.);
#409 = FACE_BOUND('',#410,.T.);
#410 = EDGE_LOOP('',(#411,#420,#426,#427));
#411 = ORIENTED_EDGE('',*,*,#412,.T.);
#412 = EDGE_CURVE('',#357,#413,#415,.T.);
#413 = VERTEX_POINT('',#414);
#414 = CARTESIAN_POINT('',(-17.2,13.,-3.5));
#415 = ELLIPSE('',#416,1.414213562373,1.);
#416 = AXIS2_PLACEMENT_3D('',#417,#418,#419);
#417 = CARTESIAN_POINT('',(-17.2,13.,-2.5));
#418 = DIRECTION('',(0.,1.,0.));
#419 = DIRECTION('',(1.,0.,-3.140184917368E-16));
#420 = ORIENTED_EDGE('',*,*,#421,.T.);
#421 = EDGE_CURVE('',#413,#81,#422,.T.);
#422 = LINE('',#423,#424);
#423 = CARTESIAN_POINT('',(-15.89289321881,14.307106781187,-3.5));
#424 = VECTOR('',#425,1.);
#425 = DIRECTION('',(-0.707106781187,-0.707106781187,0.));
#426 = ORIENTED_EDGE('',*,*,#88,.F.);
#427 = ORIENTED_EDGE('',*,*,#366,.T.);
#428 = FACE_BOUND('',#429,.T.);
#429 = EDGE_LOOP('',(#430));
#430 = ORIENTED_EDGE('',*,*,#431,.F.);
#431 = EDGE_CURVE('',#432,#432,#434,.T.);
#432 = VERTEX_POINT('',#433);
#433 = CARTESIAN_POINT('',(-18.62132034356,10.62132034356,
    -1.763975833943));
#434 = B_SPLINE_CURVE_WITH_KNOTS('',7,(#435,#436,#437,#438,#439,#440,
    #441,#442,#443,#444,#445,#446,#447,#448,#449,#450,#451,#452,#453,
    #454,#455,#456,#457,#458,#459,#460,#461,#462,#463,#464,#465,#466,
    #467,#468,#469,#470,#471,#472,#473,#474,#475,#476,#477,#478,#479,
    #480,#481,#482,#483,#484,#485,#486,#487,#488,#489,#490,#491,#492,
    #493,#494,#495,#496,#497,#498,#499,#500,#501,#502,#503,#504,#505,
    #506,#507,#508,#509,#510,#511,#512,#513,#514,#515,#516,#517,#518,
    #519,#520,#521,#522,#523,#524,#525,#526,#527,#528,#529,#530,#531,
    #532,#533,#534,#535,#536,#537,#538,#539,#540,#541,#542,#543,#544,
    #545,#546,#547,#548,#549,#550,#551,#552,#553,#554,#555,#556,#557,
    #558,#559,#560,#561,#562,#563,#564,#565,#566,#567,#568,#569,#570,
    #571,#572,#573,#574,#575,#576,#577,#578,#579,#580,#581,#582,#583,
    #584,#585,#586,#587,#588,#589,#590,#591,#592),.UNSPECIFIED.,.T.,.F.,
  (8,6,6,6,6,6,6,6,6,6,6,6,6,6,6,6,6,6,6,6,6,6,6,6,6,6,8),(0.,
    0.115912975957,0.156248803185,0.189769264521,0.208843564216,
    0.221132404963,0.250034964277,0.278601976283,0.290899609126,
    0.309998627442,0.34362237112,0.384253572624,0.414406168618,
    0.500027899182,0.561946629204,0.615799353185,0.656424958292,
    0.690044070752,0.709140458433,0.721436397443,0.749999474726,
    0.778898053101,0.791185201225,0.810256873691,0.843772718033,
    0.884102989536,1.),.UNSPECIFIED.);
#435 = CARTESIAN_POINT('',(-18.62132034356,10.62132034356,
    -1.763975833943));
#436 = CARTESIAN_POINT('',(-18.53548845185,10.707152235265,
    -1.763975833943));
#437 = CARTESIAN_POINT('',(-18.44561593688,10.788921461602,
    -1.769245755214));
#438 = CARTESIAN_POINT('',(-18.35216317337,10.866170574333,
    -1.779784513801));
#439 = CARTESIAN_POINT('',(-18.25573929399,10.938459146012,
    -1.795998522823));
#440 = CARTESIAN_POINT('',(-18.15721075306,11.005307008225,
    -1.818678767556));
#441 = CARTESIAN_POINT('',(-18.05793301677,11.066196683964,
    -1.849033069438));
#442 = CARTESIAN_POINT('',(-17.92617155261,11.139611878301,
    -1.902438377018));
#443 = CARTESIAN_POINT('',(-17.89234262071,11.157785863895,
    -1.917346794102));
#444 = CARTESIAN_POINT('',(-17.85882178063,11.175146802404,
    -1.933433537181));
#445 = CARTESIAN_POINT('',(-17.82574466229,11.191664483306,
    -1.950755169724));
#446 = CARTESIAN_POINT('',(-17.7932601461,11.207313410561,
    -1.969367464417));
#447 = CARTESIAN_POINT('',(-17.76153061767,11.22207292071,
    -1.989324605894));
#448 = CARTESIAN_POINT('',(-17.70513769582,11.247440768028,
    -2.028424126219));
#449 = CARTESIAN_POINT('',(-17.68018394944,11.258330156574,
    -2.047136003906));
#450 = CARTESIAN_POINT('',(-17.65600073537,11.268573154743,
    -2.06682479017));
#451 = CARTESIAN_POINT('',(-17.63271962867,11.278154275476,
    -2.087494256773));
#452 = CARTESIAN_POINT('',(-17.61047308049,11.287063394297,
    -2.109140632331));
#453 = CARTESIAN_POINT('',(-17.58939347084,11.295294287097,
    -2.131752051056));
#454 = CARTESIAN_POINT('',(-17.55835591363,11.307138741698,
    -2.168712150492));
#455 = CARTESIAN_POINT('',(-17.54752271358,11.311212345471,
    -2.18241892879));
#456 = CARTESIAN_POINT('',(-17.53714028624,11.315062222137,
    -2.19641989097));
#457 = CARTESIAN_POINT('',(-17.52723512127,11.318687047277,
    -2.210705233827));
#458 = CARTESIAN_POINT('',(-17.51783247318,11.322085929147,
    -2.22526379636));
#459 = CARTESIAN_POINT('',(-17.50895636122,11.32525840868,
    -2.240083059778));
#460 = CARTESIAN_POINT('',(-17.49526493652,11.330102487178,
    -2.264855650787));
#461 = CARTESIAN_POINT('',(-17.49012863059,11.3319063621,-2.274663945129
    ));
#462 = CARTESIAN_POINT('',(-17.48522694827,11.333615969687,
    -2.284569852949));
#463 = CARTESIAN_POINT('',(-17.48056586089,11.335231222232,
    -2.294568851083));
#464 = CARTESIAN_POINT('',(-17.47615101453,11.336752058875,
    -2.304656070787));
#465 = CARTESIAN_POINT('',(-17.47198773007,11.338178445613,
    -2.314826297728));
#466 = CARTESIAN_POINT('',(-17.45889263382,11.342642987819,
    -2.349175839642));
#467 = CARTESIAN_POINT('',(-17.45112142954,11.345253655415,
    -2.373711283691));
#468 = CARTESIAN_POINT('',(-17.44483486693,11.347341307967,
    -2.398602036026));
#469 = CARTESIAN_POINT('',(-17.44008446856,11.348906234086,
    -2.423765091687));
#470 = CARTESIAN_POINT('',(-17.43690529032,11.349949276724,
    -2.449113329043));
#471 = CARTESIAN_POINT('',(-17.43531540883,11.350471028796,
    -2.474556129966));
#472 = CARTESIAN_POINT('',(-17.43531540883,11.350471028796,
    -2.525148476743));
#473 = CARTESIAN_POINT('',(-17.4368685853,11.349961325131,
    -2.550295949639));
#474 = CARTESIAN_POINT('',(-17.43997439261,11.348942348962,
    -2.575352148322));
#475 = CARTESIAN_POINT('',(-17.44461557916,11.347413541076,
    -2.600229521502));
#476 = CARTESIAN_POINT('',(-17.45075866579,11.345374103333,
    -2.624843821976));
#477 = CARTESIAN_POINT('',(-17.45835442408,11.342823750115,
    -2.64911469164));
#478 = CARTESIAN_POINT('',(-17.47120579038,11.33844605468,
    -2.683233951939));
#479 = CARTESIAN_POINT('',(-17.47533082556,11.337034054414,
    -2.693424857721));
#480 = CARTESIAN_POINT('',(-17.47970849807,11.335527464097,
    -2.703533357123));
#481 = CARTESIAN_POINT('',(-17.48433351523,11.33392631538,
    -2.713554188408));
#482 = CARTESIAN_POINT('',(-17.48920025392,11.33223066644,
    -2.723482434832));
#483 = CARTESIAN_POINT('',(-17.49430276055,11.330440601979,
    -2.733313524641));
#484 = CARTESIAN_POINT('',(-17.50791567674,11.325629686808,
    -2.758154093769));
#485 = CARTESIAN_POINT('',(-17.51674935771,11.322476081506,
    -2.773018828688));
#486 = CARTESIAN_POINT('',(-17.52611300736,11.319095433156,
    -2.787623351542));
#487 = CARTESIAN_POINT('',(-17.53598257857,11.315488189917,
    -2.801954946092));
#488 = CARTESIAN_POINT('',(-17.54633276366,11.311655232273,
    -2.816002264153));
#489 = CARTESIAN_POINT('',(-17.55713699436,11.307597873029,
    -2.829755325591));
#490 = CARTESIAN_POINT('',(-17.58813859882,11.295782907144,
    -2.866884527652));
#491 = CARTESIAN_POINT('',(-17.60922243252,11.287561413125,
    -2.889614740199));
#492 = CARTESIAN_POINT('',(-17.63148632883,11.278657134242,
    -2.911374843878));
#493 = CARTESIAN_POINT('',(-17.65479653768,11.269076276052,
    -2.932152341535));
#494 = CARTESIAN_POINT('',(-17.67901914466,11.258828990646,
    -2.951942991789));
#495 = CARTESIAN_POINT('',(-17.70402104238,11.247930876611,
    -2.970750249877));
#496 = CARTESIAN_POINT('',(-17.76066639818,11.222475887667,
    -3.010136011305));
#497 = CARTESIAN_POINT('',(-17.79261129997,11.207628405398,
    -3.030269048938));
#498 = CARTESIAN_POINT('',(-17.82532524885,11.191878007167,
    -3.049036641188));
#499 = CARTESIAN_POINT('',(-17.85864204815,11.175245768351,
    -3.066494094488));
#500 = CARTESIAN_POINT('',(-17.89240940034,11.157757746505,
    -3.082698372712));
#501 = CARTESIAN_POINT('',(-17.92648864423,11.139444863141,
    -3.097707267968));
#502 = CARTESIAN_POINT('',(-17.98618333086,11.106167048451,
    -3.121872527594));
#503 = CARTESIAN_POINT('',(-18.01172239998,11.091552331686,
    -3.131543015661));
#504 = CARTESIAN_POINT('',(-18.03733005394,11.076507760754,
    -3.140616598726));
#505 = CARTESIAN_POINT('',(-18.06296818863,11.061042713331,
    -3.149118344597));
#506 = CARTESIAN_POINT('',(-18.08860224144,11.045166819237,
    -3.157071825767));
#507 = CARTESIAN_POINT('',(-18.11420119128,11.028889960433,
    -3.164499119412));
#508 = CARTESIAN_POINT('',(-18.21225098191,10.964892468588,
    -3.191075728766));
#509 = CARTESIAN_POINT('',(-18.28425518035,10.914412861502,
    -3.206652651448));
#510 = CARTESIAN_POINT('',(-18.35517367934,10.860972157909,
    -3.218638391513));
#511 = CARTESIAN_POINT('',(-18.42460421283,10.804761460804,
    -3.227390606039));
#512 = CARTESIAN_POINT('',(-18.49225374119,10.745961637434,
    -3.233146137677));
#513 = CARTESIAN_POINT('',(-18.5578915377,10.684749149413,
    -3.236024166057));
#514 = CARTESIAN_POINT('',(-18.66718990353,10.575450783586,
    -3.236024166057));
#515 = CARTESIAN_POINT('',(-18.71190095166,10.528425038181,
    -3.234519121462));
#516 = CARTESIAN_POINT('',(-18.75537900068,10.480319312609,
    -3.231508860663));
#517 = CARTESIAN_POINT('',(-18.79755382315,10.431217108109,
    -3.226961254639));
#518 = CARTESIAN_POINT('',(-18.8383573171,10.38121716927,-3.22081161343)
  );
#519 = CARTESIAN_POINT('',(-18.87772137158,10.330441431399,
    -3.212962082623));
#520 = CARTESIAN_POINT('',(-18.94849889522,10.234340060277,
    -3.194861123508));
#521 = CARTESIAN_POINT('',(-18.9802844214,10.18916055086,-3.185054822675
    ));
#522 = CARTESIAN_POINT('',(-19.01088340953,10.143608860371,
    -3.173774829932));
#523 = CARTESIAN_POINT('',(-19.04024212445,10.097815459241,
    -3.160917045708));
#524 = CARTESIAN_POINT('',(-19.06830561688,10.05194039381,
    -3.146360316618));
#525 = CARTESIAN_POINT('',(-19.09502134326,10.00617681253,
    -3.129966173825));
#526 = CARTESIAN_POINT('',(-19.13944486313,9.926488644244,-3.09770726797
    ));
#527 = CARTESIAN_POINT('',(-19.1577577465,9.892409400349,-3.082698372713
    ));
#528 = CARTESIAN_POINT('',(-19.17524576835,9.858642048149,
    -3.066494094486));
#529 = CARTESIAN_POINT('',(-19.19187800716,9.825325248846,
    -3.049036641185));
#530 = CARTESIAN_POINT('',(-19.20762840539,9.792611299974,
    -3.030269048938));
#531 = CARTESIAN_POINT('',(-19.22247588766,9.760666398188,
    -3.010136011308));
#532 = CARTESIAN_POINT('',(-19.24793087661,9.704021042388,
    -2.970750249877));
#533 = CARTESIAN_POINT('',(-19.25882899064,9.679019144662,
    -2.951942991789));
#534 = CARTESIAN_POINT('',(-19.26907627605,9.654796537689,
    -2.932152341535));
#535 = CARTESIAN_POINT('',(-19.27865713424,9.631486328831,
    -2.911374843878));
#536 = CARTESIAN_POINT('',(-19.28756141312,9.609222432528,
    -2.889614740199));
#537 = CARTESIAN_POINT('',(-19.29578290714,9.588138598821,
    -2.866884527652));
#538 = CARTESIAN_POINT('',(-19.30759787302,9.557136994363,
    -2.829755325591));
#539 = CARTESIAN_POINT('',(-19.31165523227,9.54633276366,-2.816002264153
    ));
#540 = CARTESIAN_POINT('',(-19.31548818991,9.535982578578,
    -2.801954946092));
#541 = CARTESIAN_POINT('',(-19.31909543315,9.526113007366,
    -2.787623351542));
#542 = CARTESIAN_POINT('',(-19.3224760815,9.516749357713,-2.773018828688
    ));
#543 = CARTESIAN_POINT('',(-19.3256296868,9.507915676747,-2.758154093769
    ));
#544 = CARTESIAN_POINT('',(-19.33044060197,9.49430276055,-2.733313524641
    ));
#545 = CARTESIAN_POINT('',(-19.33223066644,9.489200253927,
    -2.723482434832));
#546 = CARTESIAN_POINT('',(-19.33392631538,9.484333515235,
    -2.713554188408));
#547 = CARTESIAN_POINT('',(-19.33552746409,9.479708498071,
    -2.703533357123));
#548 = CARTESIAN_POINT('',(-19.33703405441,9.475330825566,
    -2.693424857721));
#549 = CARTESIAN_POINT('',(-19.33844605468,9.471205790389,
    -2.683233951939));
#550 = CARTESIAN_POINT('',(-19.34282375011,9.458354424087,-2.64911469164
    ));
#551 = CARTESIAN_POINT('',(-19.34537410333,9.450758665795,
    -2.624843821976));
#552 = CARTESIAN_POINT('',(-19.34741354107,9.444615579166,
    -2.600229521502));
#553 = CARTESIAN_POINT('',(-19.34894234896,9.439974392613,
    -2.575352148322));
#554 = CARTESIAN_POINT('',(-19.34996132513,9.436868585307,
    -2.550295949639));
#555 = CARTESIAN_POINT('',(-19.35047102879,9.435315408831,
    -2.525148476743));
#556 = CARTESIAN_POINT('',(-19.35047102879,9.435315408831,
    -2.474556129966));
#557 = CARTESIAN_POINT('',(-19.34994927672,9.436905290323,
    -2.449113329043));
#558 = CARTESIAN_POINT('',(-19.34890623408,9.440084468565,
    -2.423765091687));
#559 = CARTESIAN_POINT('',(-19.34734130796,9.444834866938,
    -2.398602036026));
#560 = CARTESIAN_POINT('',(-19.34525365541,9.451121429546,
    -2.373711283691));
#561 = CARTESIAN_POINT('',(-19.34264298781,9.458892633821,
    -2.349175839642));
#562 = CARTESIAN_POINT('',(-19.33817844561,9.471987730072,
    -2.314826297728));
#563 = CARTESIAN_POINT('',(-19.33675205887,9.476151014536,
    -2.304656070787));
#564 = CARTESIAN_POINT('',(-19.33523122223,9.48056586089,-2.294568851083
    ));
#565 = CARTESIAN_POINT('',(-19.33361596968,9.485226948273,
    -2.284569852949));
#566 = CARTESIAN_POINT('',(-19.3319063621,9.490128630591,-2.274663945129
    ));
#567 = CARTESIAN_POINT('',(-19.33010248717,9.49526493652,-2.264855650787
    ));
#568 = CARTESIAN_POINT('',(-19.32525840868,9.508956361226,
    -2.240083059778));
#569 = CARTESIAN_POINT('',(-19.32208592914,9.51783247318,-2.22526379636)
  );
#570 = CARTESIAN_POINT('',(-19.31868704727,9.527235121279,
    -2.210705233827));
#571 = CARTESIAN_POINT('',(-19.31506222213,9.53714028624,-2.19641989097)
  );
#572 = CARTESIAN_POINT('',(-19.31121234547,9.547522713584,-2.18241892879
    ));
#573 = CARTESIAN_POINT('',(-19.30713874169,9.558355913636,
    -2.168712150492));
#574 = CARTESIAN_POINT('',(-19.29529428709,9.589393470845,
    -2.131752051056));
#575 = CARTESIAN_POINT('',(-19.28706339429,9.610473080491,
    -2.109140632331));
#576 = CARTESIAN_POINT('',(-19.27815427547,9.632719628676,
    -2.087494256773));
#577 = CARTESIAN_POINT('',(-19.26857315474,9.65600073537,-2.06682479017)
  );
#578 = CARTESIAN_POINT('',(-19.25833015657,9.680183949446,
    -2.047136003906));
#579 = CARTESIAN_POINT('',(-19.24744076802,9.705137695826,
    -2.028424126219));
#580 = CARTESIAN_POINT('',(-19.22207292071,9.761530617669,
    -1.989324605897));
#581 = CARTESIAN_POINT('',(-19.20731341056,9.7932601461,-1.969367464417)
  );
#582 = CARTESIAN_POINT('',(-19.1916644833,9.825744662301,-1.950755169722
    ));
#583 = CARTESIAN_POINT('',(-19.1751468024,9.85882178064,-1.93343353718)
  );
#584 = CARTESIAN_POINT('',(-19.15778586389,9.892342620716,
    -1.917346794102));
#585 = CARTESIAN_POINT('',(-19.1396118783,9.926171552609,-1.90243837702)
  );
#586 = CARTESIAN_POINT('',(-19.06619668396,10.057933016775,
    -1.849033069438));
#587 = CARTESIAN_POINT('',(-19.00530700822,10.157210753065,
    -1.818678767556));
#588 = CARTESIAN_POINT('',(-18.93845914601,10.255739293991,
    -1.795998522823));
#589 = CARTESIAN_POINT('',(-18.86617057433,10.352163173378,
    -1.779784513801));
#590 = CARTESIAN_POINT('',(-18.7889214616,10.445615936887,
    -1.769245755214));
#591 = CARTESIAN_POINT('',(-18.70715223526,10.535488451855,
    -1.763975833943));
#592 = CARTESIAN_POINT('',(-18.62132034356,10.62132034356,
    -1.763975833943));
#593 = CYLINDRICAL_SURFACE('',#594,1.);
#594 = AXIS2_PLACEMENT_3D('',#595,#596,#597);
#595 = CARTESIAN_POINT('',(-15.89289321881,14.307106781187,-2.5));
#596 = DIRECTION('',(0.707106781187,0.707106781187,-2.22044604925E-16));
#597 = DIRECTION('',(-0.707106781187,0.707106781187,0.));
#598 = ADVANCED_FACE('',(#599),#618,.T.);
#599 = FACE_BOUND('',#600,.T.);
#600 = EDGE_LOOP('',(#601,#602,#610,#617));
#601 = ORIENTED_EDGE('',*,*,#421,.F.);
#602 = ORIENTED_EDGE('',*,*,#603,.F.);
#603 = EDGE_CURVE('',#604,#413,#606,.T.);
#604 = VERTEX_POINT('',#605);
#605 = CARTESIAN_POINT('',(-17.5,13.,-3.5));
#606 = LINE('',#607,#608);
#607 = CARTESIAN_POINT('',(-18.4464466094,13.,-3.5));
#608 = VECTOR('',#609,1.);
#609 = DIRECTION('',(1.,0.,0.));
#610 = ORIENTED_EDGE('',*,*,#611,.T.);
#611 = EDGE_CURVE('',#604,#73,#612,.T.);
#612 = CIRCLE('',#613,3.5);
#613 = AXIS2_PLACEMENT_3D('',#614,#615,#616);
#614 = CARTESIAN_POINT('',(-17.5,9.5,-3.5));
#615 = DIRECTION('',(0.,0.,1.));
#616 = DIRECTION('',(-1.,0.,0.));
#617 = ORIENTED_EDGE('',*,*,#80,.T.);
#618 = PLANE('',#619);
#619 = AXIS2_PLACEMENT_3D('',#620,#621,#622);
#620 = CARTESIAN_POINT('',(-15.89289321881,14.307106781187,-3.5));
#621 = DIRECTION('',(0.,0.,1.));
#622 = DIRECTION('',(-0.707106781187,0.707106781187,0.));
#623 = ADVANCED_FACE('',(#624),#643,.T.);
#624 = FACE_BOUND('',#625,.F.);
#625 = EDGE_LOOP('',(#626,#627,#636,#642));
#626 = ORIENTED_EDGE('',*,*,#72,.F.);
#627 = ORIENTED_EDGE('',*,*,#628,.T.);
#628 = EDGE_CURVE('',#65,#629,#631,.T.);
#629 = VERTEX_POINT('',#630);
#630 = CARTESIAN_POINT('',(-17.5,13.,-4.5));
#631 = CIRCLE('',#632,3.5);
#632 = AXIS2_PLACEMENT_3D('',#633,#634,#635);
#633 = CARTESIAN_POINT('',(-17.5,9.5,-4.5));
#634 = DIRECTION('',(-0.,-0.,-1.));
#635 = DIRECTION('',(0.,-1.,0.));
#636 = ORIENTED_EDGE('',*,*,#637,.T.);
#637 = EDGE_CURVE('',#629,#604,#638,.T.);
#638 = LINE('',#639,#640);
#639 = CARTESIAN_POINT('',(-17.5,13.,-4.5));
#640 = VECTOR('',#641,1.);
#641 = DIRECTION('',(0.,0.,1.));
#642 = ORIENTED_EDGE('',*,*,#611,.T.);
#643 = CYLINDRICAL_SURFACE('',#644,3.5);
#644 = AXIS2_PLACEMENT_3D('',#645,#646,#647);
#645 = CARTESIAN_POINT('',(-17.5,9.5,-4.5));
#646 = DIRECTION('',(0.,0.,1.));
#647 = DIRECTION('',(-1.,0.,0.));
#648 = ADVANCED_FACE('',(#649),#702,.F.);
#649 = FACE_BOUND('',#650,.F.);
#650 = EDGE_LOOP('',(#651,#652,#661,#669,#678,#686,#695,#701));
#651 = ORIENTED_EDGE('',*,*,#64,.F.);
#652 = ORIENTED_EDGE('',*,*,#653,.T.);
#653 = EDGE_CURVE('',#57,#654,#656,.T.);
#654 = VERTEX_POINT('',#655);
#655 = CARTESIAN_POINT('',(-17.5,-13.,-4.5));
#656 = CIRCLE('',#657,3.5);
#657 = AXIS2_PLACEMENT_3D('',#658,#659,#660);
#658 = CARTESIAN_POINT('',(-17.5,-9.5,-4.5));
#659 = DIRECTION('',(-0.,0.,1.));
#660 = DIRECTION('',(0.,-1.,0.));
#661 = ORIENTED_EDGE('',*,*,#662,.T.);
#662 = EDGE_CURVE('',#654,#663,#665,.T.);
#663 = VERTEX_POINT('',#664);
#664 = CARTESIAN_POINT('',(17.5,-13.,-4.5));
#665 = LINE('',#666,#667);
#666 = CARTESIAN_POINT('',(-21.,-13.,-4.5));
#667 = VECTOR('',#668,1.);
#668 = DIRECTION('',(1.,0.,0.));
#669 = ORIENTED_EDGE('',*,*,#670,.F.);
#670 = EDGE_CURVE('',#671,#663,#673,.T.);
#671 = VERTEX_POINT('',#672);
#672 = CARTESIAN_POINT('',(21.,-9.5,-4.5));
#673 = CIRCLE('',#674,3.5);
#674 = AXIS2_PLACEMENT_3D('',#675,#676,#677);
#675 = CARTESIAN_POINT('',(17.5,-9.5,-4.5));
#676 = DIRECTION('',(-0.,-0.,-1.));
#677 = DIRECTION('',(0.,-1.,0.));
#678 = ORIENTED_EDGE('',*,*,#679,.T.);
#679 = EDGE_CURVE('',#671,#680,#682,.T.);
#680 = VERTEX_POINT('',#681);
#681 = CARTESIAN_POINT('',(21.,9.5,-4.5));
#682 = LINE('',#683,#684);
#683 = CARTESIAN_POINT('',(21.,-13.,-4.5));
#684 = VECTOR('',#685,1.);
#685 = DIRECTION('',(0.,1.,0.));
#686 = ORIENTED_EDGE('',*,*,#687,.T.);
#687 = EDGE_CURVE('',#680,#688,#690,.T.);
#688 = VERTEX_POINT('',#689);
#689 = CARTESIAN_POINT('',(17.5,13.,-4.5));
#690 = CIRCLE('',#691,3.5);
#691 = AXIS2_PLACEMENT_3D('',#692,#693,#694);
#692 = CARTESIAN_POINT('',(17.5,9.5,-4.5));
#693 = DIRECTION('',(-0.,0.,1.));
#694 = DIRECTION('',(0.,-1.,0.));
#695 = ORIENTED_EDGE('',*,*,#696,.F.);
#696 = EDGE_CURVE('',#629,#688,#697,.T.);
#697 = LINE('',#698,#699);
#698 = CARTESIAN_POINT('',(-21.,13.,-4.5));
#699 = VECTOR('',#700,1.);
#700 = DIRECTION('',(1.,0.,0.));
#701 = ORIENTED_EDGE('',*,*,#628,.F.);
#702 = PLANE('',#703);
#703 = AXIS2_PLACEMENT_3D('',#704,#705,#706);
#704 = CARTESIAN_POINT('',(-21.,-13.,-4.5));
#705 = DIRECTION('',(0.,0.,1.));
#706 = DIRECTION('',(1.,0.,0.));
#707 = ADVANCED_FACE('',(#708),#727,.T.);
#708 = FACE_BOUND('',#709,.T.);
#709 = EDGE_LOOP('',(#710,#711,#712,#720));
#710 = ORIENTED_EDGE('',*,*,#56,.F.);
#711 = ORIENTED_EDGE('',*,*,#653,.T.);
#712 = ORIENTED_EDGE('',*,*,#713,.T.);
#713 = EDGE_CURVE('',#654,#714,#716,.T.);
#714 = VERTEX_POINT('',#715);
#715 = CARTESIAN_POINT('',(-17.5,-13.,-3.5));
#716 = LINE('',#717,#718);
#717 = CARTESIAN_POINT('',(-17.5,-13.,-4.5));
#718 = VECTOR('',#719,1.);
#719 = DIRECTION('',(0.,0.,1.));
#720 = ORIENTED_EDGE('',*,*,#721,.F.);
#721 = EDGE_CURVE('',#49,#714,#722,.T.);
#722 = CIRCLE('',#723,3.5);
#723 = AXIS2_PLACEMENT_3D('',#724,#725,#726);
#724 = CARTESIAN_POINT('',(-17.5,-9.5,-3.5));
#725 = DIRECTION('',(0.,0.,1.));
#726 = DIRECTION('',(-1.,0.,0.));
#727 = CYLINDRICAL_SURFACE('',#728,3.5);
#728 = AXIS2_PLACEMENT_3D('',#729,#730,#731);
#729 = CARTESIAN_POINT('',(-17.5,-9.5,-4.5));
#730 = DIRECTION('',(0.,0.,1.));
#731 = DIRECTION('',(-1.,0.,0.));
#732 = ADVANCED_FACE('',(#733),#751,.T.);
#733 = FACE_BOUND('',#734,.T.);
#734 = EDGE_LOOP('',(#735,#743,#744,#745));
#735 = ORIENTED_EDGE('',*,*,#736,.F.);
#736 = EDGE_CURVE('',#40,#737,#739,.T.);
#737 = VERTEX_POINT('',#738);
#738 = CARTESIAN_POINT('',(-17.2,-13.,-3.5));
#739 = LINE('',#740,#741);
#740 = CARTESIAN_POINT('',(-22.30710678118,-7.892893218813,-3.5));
#741 = VECTOR('',#742,1.);
#742 = DIRECTION('',(0.707106781187,-0.707106781187,0.));
#743 = ORIENTED_EDGE('',*,*,#48,.T.);
#744 = ORIENTED_EDGE('',*,*,#721,.T.);
#745 = ORIENTED_EDGE('',*,*,#746,.T.);
#746 = EDGE_CURVE('',#714,#737,#747,.T.);
#747 = LINE('',#748,#749);
#748 = CARTESIAN_POINT('',(-21.65355339059,-13.,-3.5));
#749 = VECTOR('',#750,1.);
#750 = DIRECTION('',(1.,0.,0.));
#751 = PLANE('',#752);
#752 = AXIS2_PLACEMENT_3D('',#753,#754,#755);
#753 = CARTESIAN_POINT('',(-22.30710678118,-7.892893218813,-3.5));
#754 = DIRECTION('',(0.,0.,1.));
#755 = DIRECTION('',(-0.707106781187,-0.707106781187,0.));
#756 = ADVANCED_FACE('',(#757,#776),#941,.F.);
#757 = FACE_BOUND('',#758,.T.);
#758 = EDGE_LOOP('',(#759,#760,#761,#770));
#759 = ORIENTED_EDGE('',*,*,#39,.F.);
#760 = ORIENTED_EDGE('',*,*,#736,.T.);
#761 = ORIENTED_EDGE('',*,*,#762,.F.);
#762 = EDGE_CURVE('',#763,#737,#765,.T.);
#763 = VERTEX_POINT('',#764);
#764 = CARTESIAN_POINT('',(-17.2,-13.,-1.5));
#765 = ELLIPSE('',#766,1.414213562373,1.);
#766 = AXIS2_PLACEMENT_3D('',#767,#768,#769);
#767 = CARTESIAN_POINT('',(-17.2,-13.,-2.5));
#768 = DIRECTION('',(0.,1.,0.));
#769 = DIRECTION('',(-1.,0.,-3.140184917368E-16));
#770 = ORIENTED_EDGE('',*,*,#771,.T.);
#771 = EDGE_CURVE('',#763,#32,#772,.T.);
#772 = LINE('',#773,#774);
#773 = CARTESIAN_POINT('',(-22.30710678118,-7.892893218813,-1.5));
#774 = VECTOR('',#775,1.);
#775 = DIRECTION('',(-0.707106781187,0.707106781187,-2.22044604925E-16)
  );
#776 = FACE_BOUND('',#777,.T.);
#777 = EDGE_LOOP('',(#778));
#778 = ORIENTED_EDGE('',*,*,#779,.F.);
#779 = EDGE_CURVE('',#780,#780,#782,.T.);
#780 = VERTEX_POINT('',#781);
#781 = CARTESIAN_POINT('',(-18.62132034356,-10.62132034356,
    -1.763975833943));
#782 = B_SPLINE_CURVE_WITH_KNOTS('',7,(#783,#784,#785,#786,#787,#788,
    #789,#790,#791,#792,#793,#794,#795,#796,#797,#798,#799,#800,#801,
    #802,#803,#804,#805,#806,#807,#808,#809,#810,#811,#812,#813,#814,
    #815,#816,#817,#818,#819,#820,#821,#822,#823,#824,#825,#826,#827,
    #828,#829,#830,#831,#832,#833,#834,#835,#836,#837,#838,#839,#840,
    #841,#842,#843,#844,#845,#846,#847,#848,#849,#850,#851,#852,#853,
    #854,#855,#856,#857,#858,#859,#860,#861,#862,#863,#864,#865,#866,
    #867,#868,#869,#870,#871,#872,#873,#874,#875,#876,#877,#878,#879,
    #880,#881,#882,#883,#884,#885,#886,#887,#888,#889,#890,#891,#892,
    #893,#894,#895,#896,#897,#898,#899,#900,#901,#902,#903,#904,#905,
    #906,#907,#908,#909,#910,#911,#912,#913,#914,#915,#916,#917,#918,
    #919,#920,#921,#922,#923,#924,#925,#926,#927,#928,#929,#930,#931,
    #932,#933,#934,#935,#936,#937,#938,#939,#940),.UNSPECIFIED.,.T.,.F.,
  (8,6,6,6,6,6,6,6,6,6,6,6,6,6,6,6,6,6,6,6,6,6,6,6,6,6,8),(0.,
    0.115912973213,0.15624880072,0.189769262288,0.208843562115,
    0.221132402948,0.250034962462,0.278601974666,0.290899607595,
    0.309998626042,0.343622369954,0.384253571739,0.414406167942,
    0.5000278991,0.561946629551,0.615799353905,0.656424959301,
    0.690044072005,0.709140459825,0.721436398924,0.749999476415,
    0.778898054999,0.791185203213,0.810256875818,0.843772720403,
    0.884102992205,1.),.UNSPECIFIED.);
#783 = CARTESIAN_POINT('',(-18.62132034356,-10.62132034356,
    -1.763975833943));
#784 = CARTESIAN_POINT('',(-18.7071522384,-10.53548844871,
    -1.763975833943));
#785 = CARTESIAN_POINT('',(-18.78892145339,-10.4456159446,
    -1.769245755765));
#786 = CARTESIAN_POINT('',(-18.86617058041,-10.35216316991,
    -1.779784511294));
#787 = CARTESIAN_POINT('',(-18.93845914733,-10.25573928795,
    -1.795998527108));
#788 = CARTESIAN_POINT('',(-19.00530700433,-10.15721076077,
    -1.81867876411));
#789 = CARTESIAN_POINT('',(-19.06619668563,-10.05793301378,
    -1.849033070651));
#790 = CARTESIAN_POINT('',(-19.1396118783,-9.926171552615,
    -1.902438377018));
#791 = CARTESIAN_POINT('',(-19.15778586389,-9.892342620716,
    -1.917346794102));
#792 = CARTESIAN_POINT('',(-19.1751468024,-9.858821780636,
    -1.933433537181));
#793 = CARTESIAN_POINT('',(-19.1916644833,-9.825744662297,
    -1.950755169724));
#794 = CARTESIAN_POINT('',(-19.20731341056,-9.7932601461,-1.969367464417
    ));
#795 = CARTESIAN_POINT('',(-19.22207292071,-9.761530617673,
    -1.989324605894));
#796 = CARTESIAN_POINT('',(-19.24744076802,-9.705137695826,
    -2.028424126219));
#797 = CARTESIAN_POINT('',(-19.25833015657,-9.680183949446,
    -2.047136003906));
#798 = CARTESIAN_POINT('',(-19.26857315474,-9.65600073537,-2.06682479017
    ));
#799 = CARTESIAN_POINT('',(-19.27815427547,-9.632719628676,
    -2.087494256773));
#800 = CARTESIAN_POINT('',(-19.28706339429,-9.610473080491,
    -2.109140632331));
#801 = CARTESIAN_POINT('',(-19.29529428709,-9.589393470845,
    -2.131752051056));
#802 = CARTESIAN_POINT('',(-19.30713874169,-9.558355913636,
    -2.168712150492));
#803 = CARTESIAN_POINT('',(-19.31121234547,-9.547522713584,
    -2.18241892879));
#804 = CARTESIAN_POINT('',(-19.31506222213,-9.53714028624,-2.19641989097
    ));
#805 = CARTESIAN_POINT('',(-19.31868704727,-9.527235121279,
    -2.210705233827));
#806 = CARTESIAN_POINT('',(-19.32208592914,-9.51783247318,-2.22526379636
    ));
#807 = CARTESIAN_POINT('',(-19.32525840868,-9.508956361226,
    -2.240083059778));
#808 = CARTESIAN_POINT('',(-19.33010248717,-9.49526493652,
    -2.264855650787));
#809 = CARTESIAN_POINT('',(-19.3319063621,-9.490128630591,
    -2.274663945129));
#810 = CARTESIAN_POINT('',(-19.33361596968,-9.485226948273,
    -2.284569852949));
#811 = CARTESIAN_POINT('',(-19.33523122223,-9.48056586089,
    -2.294568851083));
#812 = CARTESIAN_POINT('',(-19.33675205887,-9.476151014536,
    -2.304656070787));
#813 = CARTESIAN_POINT('',(-19.33817844561,-9.471987730072,
    -2.314826297728));
#814 = CARTESIAN_POINT('',(-19.34264298781,-9.458892633821,
    -2.349175839642));
#815 = CARTESIAN_POINT('',(-19.34525365541,-9.451121429546,
    -2.373711283691));
#816 = CARTESIAN_POINT('',(-19.34734130796,-9.444834866938,
    -2.398602036026));
#817 = CARTESIAN_POINT('',(-19.34890623408,-9.440084468565,
    -2.423765091687));
#818 = CARTESIAN_POINT('',(-19.34994927672,-9.436905290323,
    -2.449113329043));
#819 = CARTESIAN_POINT('',(-19.35047102879,-9.435315408831,
    -2.474556129966));
#820 = CARTESIAN_POINT('',(-19.35047102879,-9.435315408831,
    -2.525148476743));
#821 = CARTESIAN_POINT('',(-19.34996132513,-9.436868585307,
    -2.550295949639));
#822 = CARTESIAN_POINT('',(-19.34894234896,-9.439974392613,
    -2.575352148322));
#823 = CARTESIAN_POINT('',(-19.34741354107,-9.444615579166,
    -2.600229521502));
#824 = CARTESIAN_POINT('',(-19.34537410333,-9.450758665795,
    -2.624843821976));
#825 = CARTESIAN_POINT('',(-19.34282375011,-9.458354424087,
    -2.64911469164));
#826 = CARTESIAN_POINT('',(-19.33844605468,-9.471205790389,
    -2.683233951939));
#827 = CARTESIAN_POINT('',(-19.33703405441,-9.475330825567,
    -2.693424857722));
#828 = CARTESIAN_POINT('',(-19.33552746409,-9.479708498071,
    -2.703533357123));
#829 = CARTESIAN_POINT('',(-19.33392631538,-9.484333515235,
    -2.713554188408));
#830 = CARTESIAN_POINT('',(-19.33223066644,-9.489200253927,
    -2.723482434832));
#831 = CARTESIAN_POINT('',(-19.33044060197,-9.49430276055,
    -2.733313524641));
#832 = CARTESIAN_POINT('',(-19.3256296868,-9.507915676747,
    -2.758154093769));
#833 = CARTESIAN_POINT('',(-19.3224760815,-9.516749357713,
    -2.773018828688));
#834 = CARTESIAN_POINT('',(-19.31909543315,-9.526113007366,
    -2.787623351542));
#835 = CARTESIAN_POINT('',(-19.31548818991,-9.535982578578,
    -2.801954946092));
#836 = CARTESIAN_POINT('',(-19.31165523227,-9.54633276366,
    -2.816002264153));
#837 = CARTESIAN_POINT('',(-19.30759787302,-9.557136994363,
    -2.829755325591));
#838 = CARTESIAN_POINT('',(-19.29578290714,-9.588138598822,
    -2.866884527652));
#839 = CARTESIAN_POINT('',(-19.28756141312,-9.609222432528,
    -2.889614740199));
#840 = CARTESIAN_POINT('',(-19.27865713424,-9.631486328831,
    -2.911374843878));
#841 = CARTESIAN_POINT('',(-19.26907627605,-9.654796537689,
    -2.932152341535));
#842 = CARTESIAN_POINT('',(-19.25882899064,-9.679019144662,
    -2.951942991789));
#843 = CARTESIAN_POINT('',(-19.24793087661,-9.704021042388,
    -2.970750249877));
#844 = CARTESIAN_POINT('',(-19.22247588766,-9.760666398184,
    -3.010136011305));
#845 = CARTESIAN_POINT('',(-19.20762840539,-9.792611299973,
    -3.030269048938));
#846 = CARTESIAN_POINT('',(-19.19187800716,-9.82532524885,
    -3.049036641188));
#847 = CARTESIAN_POINT('',(-19.17524576835,-9.858642048153,
    -3.066494094488));
#848 = CARTESIAN_POINT('',(-19.1577577465,-9.892409400349,
    -3.082698372712));
#849 = CARTESIAN_POINT('',(-19.13944486314,-9.926488644238,
    -3.097707267968));
#850 = CARTESIAN_POINT('',(-19.10616704845,-9.98618333086,
    -3.121872527594));
#851 = CARTESIAN_POINT('',(-19.09155233168,-10.01172239998,
    -3.131543015661));
#852 = CARTESIAN_POINT('',(-19.07650776075,-10.03733005394,
    -3.140616598726));
#853 = CARTESIAN_POINT('',(-19.06104271333,-10.06296818863,
    -3.149118344597));
#854 = CARTESIAN_POINT('',(-19.04516681923,-10.08860224144,
    -3.157071825767));
#855 = CARTESIAN_POINT('',(-19.02888996043,-10.11420119128,
    -3.164499119412));
#856 = CARTESIAN_POINT('',(-18.96489246858,-10.21225098191,
    -3.191075728766));
#857 = CARTESIAN_POINT('',(-18.9144128615,-10.28425518035,
    -3.206652651448));
#858 = CARTESIAN_POINT('',(-18.8609721579,-10.35517367934,
    -3.218638391513));
#859 = CARTESIAN_POINT('',(-18.8047614608,-10.42460421283,
    -3.227390606039));
#860 = CARTESIAN_POINT('',(-18.74596163743,-10.49225374119,
    -3.233146137677));
#861 = CARTESIAN_POINT('',(-18.68474914941,-10.5578915377,
    -3.236024166057));
#862 = CARTESIAN_POINT('',(-18.57545078358,-10.66718990353,
    -3.236024166057));
#863 = CARTESIAN_POINT('',(-18.52842503818,-10.71190095166,
    -3.234519121462));
#864 = CARTESIAN_POINT('',(-18.48031931261,-10.75537900068,
    -3.231508860663));
#865 = CARTESIAN_POINT('',(-18.43121710811,-10.79755382315,
    -3.226961254639));
#866 = CARTESIAN_POINT('',(-18.38121716927,-10.8383573171,-3.22081161343
    ));
#867 = CARTESIAN_POINT('',(-18.33044143139,-10.87772137158,
    -3.212962082623));
#868 = CARTESIAN_POINT('',(-18.23434006027,-10.94849889522,
    -3.194861123508));
#869 = CARTESIAN_POINT('',(-18.18916055086,-10.9802844214,
    -3.185054822675));
#870 = CARTESIAN_POINT('',(-18.14360886037,-11.01088340953,
    -3.173774829932));
#871 = CARTESIAN_POINT('',(-18.09781545924,-11.04024212445,
    -3.160917045708));
#872 = CARTESIAN_POINT('',(-18.05194039381,-11.06830561688,
    -3.146360316618));
#873 = CARTESIAN_POINT('',(-18.00617681253,-11.09502134326,
    -3.129966173825));
#874 = CARTESIAN_POINT('',(-17.92648864423,-11.13944486314,
    -3.097707267968));
#875 = CARTESIAN_POINT('',(-17.89240940034,-11.1577577465,
    -3.082698372712));
#876 = CARTESIAN_POINT('',(-17.85864204815,-11.17524576835,
    -3.066494094488));
#877 = CARTESIAN_POINT('',(-17.82532524885,-11.19187800716,
    -3.049036641188));
#878 = CARTESIAN_POINT('',(-17.79261129997,-11.20762840539,
    -3.030269048938));
#879 = CARTESIAN_POINT('',(-17.76066639818,-11.22247588766,
    -3.010136011305));
#880 = CARTESIAN_POINT('',(-17.70402104238,-11.24793087661,
    -2.970750249877));
#881 = CARTESIAN_POINT('',(-17.67901914466,-11.25882899064,
    -2.951942991789));
#882 = CARTESIAN_POINT('',(-17.65479653768,-11.26907627605,
    -2.932152341535));
#883 = CARTESIAN_POINT('',(-17.63148632883,-11.27865713424,
    -2.911374843878));
#884 = CARTESIAN_POINT('',(-17.60922243252,-11.28756141312,
    -2.889614740199));
#885 = CARTESIAN_POINT('',(-17.58813859882,-11.29578290714,
    -2.866884527652));
#886 = CARTESIAN_POINT('',(-17.55713699436,-11.30759787302,
    -2.829755325591));
#887 = CARTESIAN_POINT('',(-17.54633276366,-11.31165523227,
    -2.816002264153));
#888 = CARTESIAN_POINT('',(-17.53598257857,-11.31548818991,
    -2.801954946092));
#889 = CARTESIAN_POINT('',(-17.52611300736,-11.31909543315,
    -2.787623351542));
#890 = CARTESIAN_POINT('',(-17.51674935771,-11.3224760815,
    -2.773018828688));
#891 = CARTESIAN_POINT('',(-17.50791567674,-11.3256296868,
    -2.758154093769));
#892 = CARTESIAN_POINT('',(-17.49430276055,-11.33044060197,
    -2.733313524641));
#893 = CARTESIAN_POINT('',(-17.48920025392,-11.33223066644,
    -2.723482434832));
#894 = CARTESIAN_POINT('',(-17.48433351523,-11.33392631538,
    -2.713554188408));
#895 = CARTESIAN_POINT('',(-17.47970849807,-11.33552746409,
    -2.703533357123));
#896 = CARTESIAN_POINT('',(-17.47533082556,-11.33703405441,
    -2.693424857722));
#897 = CARTESIAN_POINT('',(-17.47120579038,-11.33844605468,
    -2.683233951939));
#898 = CARTESIAN_POINT('',(-17.45835442408,-11.34282375011,
    -2.64911469164));
#899 = CARTESIAN_POINT('',(-17.45075866579,-11.34537410333,
    -2.624843821976));
#900 = CARTESIAN_POINT('',(-17.44461557916,-11.34741354107,
    -2.600229521502));
#901 = CARTESIAN_POINT('',(-17.43997439261,-11.34894234896,
    -2.575352148322));
#902 = CARTESIAN_POINT('',(-17.4368685853,-11.34996132513,
    -2.550295949639));
#903 = CARTESIAN_POINT('',(-17.43531540883,-11.35047102879,
    -2.525148476743));
#904 = CARTESIAN_POINT('',(-17.43531540883,-11.35047102879,
    -2.474556129966));
#905 = CARTESIAN_POINT('',(-17.43690529032,-11.34994927672,
    -2.449113329043));
#906 = CARTESIAN_POINT('',(-17.44008446856,-11.34890623408,
    -2.423765091687));
#907 = CARTESIAN_POINT('',(-17.44483486693,-11.34734130796,
    -2.398602036026));
#908 = CARTESIAN_POINT('',(-17.45112142954,-11.34525365541,
    -2.373711283691));
#909 = CARTESIAN_POINT('',(-17.45889263382,-11.34264298781,
    -2.349175839642));
#910 = CARTESIAN_POINT('',(-17.47198773007,-11.33817844561,
    -2.314826297728));
#911 = CARTESIAN_POINT('',(-17.47615101453,-11.33675205887,
    -2.304656070787));
#912 = CARTESIAN_POINT('',(-17.48056586089,-11.33523122223,
    -2.294568851083));
#913 = CARTESIAN_POINT('',(-17.48522694827,-11.33361596968,
    -2.284569852949));
#914 = CARTESIAN_POINT('',(-17.49012863059,-11.3319063621,
    -2.274663945129));
#915 = CARTESIAN_POINT('',(-17.49526493652,-11.33010248717,
    -2.264855650787));
#916 = CARTESIAN_POINT('',(-17.50895636122,-11.32525840868,
    -2.240083059778));
#917 = CARTESIAN_POINT('',(-17.51783247318,-11.32208592914,
    -2.22526379636));
#918 = CARTESIAN_POINT('',(-17.52723512127,-11.31868704727,
    -2.210705233827));
#919 = CARTESIAN_POINT('',(-17.53714028624,-11.31506222213,
    -2.19641989097));
#920 = CARTESIAN_POINT('',(-17.54752271358,-11.31121234547,
    -2.18241892879));
#921 = CARTESIAN_POINT('',(-17.55835591363,-11.30713874169,
    -2.168712150492));
#922 = CARTESIAN_POINT('',(-17.58939347084,-11.29529428709,
    -2.131752051056));
#923 = CARTESIAN_POINT('',(-17.61047308049,-11.28706339429,
    -2.109140632331));
#924 = CARTESIAN_POINT('',(-17.63271962867,-11.27815427547,
    -2.087494256773));
#925 = CARTESIAN_POINT('',(-17.65600073537,-11.26857315474,
    -2.06682479017));
#926 = CARTESIAN_POINT('',(-17.68018394944,-11.25833015657,
    -2.047136003906));
#927 = CARTESIAN_POINT('',(-17.70513769582,-11.24744076802,
    -2.028424126219));
#928 = CARTESIAN_POINT('',(-17.76153061767,-11.22207292071,
    -1.989324605894));
#929 = CARTESIAN_POINT('',(-17.7932601461,-11.20731341056,
    -1.969367464417));
#930 = CARTESIAN_POINT('',(-17.82574466229,-11.1916644833,
    -1.950755169724));
#931 = CARTESIAN_POINT('',(-17.85882178063,-11.1751468024,
    -1.933433537181));
#932 = CARTESIAN_POINT('',(-17.89234262071,-11.15778586389,
    -1.917346794102));
#933 = CARTESIAN_POINT('',(-17.92617155261,-11.1396118783,
    -1.902438377018));
#934 = CARTESIAN_POINT('',(-18.05793301378,-11.06619668563,
    -1.849033070651));
#935 = CARTESIAN_POINT('',(-18.15721076077,-11.00530700433,
    -1.818678764111));
#936 = CARTESIAN_POINT('',(-18.25573928796,-10.93845914733,
    -1.795998527107));
#937 = CARTESIAN_POINT('',(-18.35216316991,-10.86617058041,
    -1.779784511294));
#938 = CARTESIAN_POINT('',(-18.44561594461,-10.78892145339,
    -1.769245755765));
#939 = CARTESIAN_POINT('',(-18.53548844871,-10.7071522384,
    -1.763975833943));
#940 = CARTESIAN_POINT('',(-18.62132034356,-10.62132034356,
    -1.763975833943));
#941 = CYLINDRICAL_SURFACE('',#942,1.);
#942 = AXIS2_PLACEMENT_3D('',#943,#944,#945);
#943 = CARTESIAN_POINT('',(-22.30710678118,-7.892893218813,-2.5));
#944 = DIRECTION('',(-0.707106781187,0.707106781187,-2.22044604925E-16)
  );
#945 = DIRECTION('',(-0.707106781187,-0.707106781187,0.));
#946 = ADVANCED_FACE('',(#947),#990,.T.);
#947 = FACE_BOUND('',#948,.T.);
#948 = EDGE_LOOP('',(#949,#950,#951,#959,#967,#975,#983,#989));
#949 = ORIENTED_EDGE('',*,*,#31,.T.);
#950 = ORIENTED_EDGE('',*,*,#771,.F.);
#951 = ORIENTED_EDGE('',*,*,#952,.T.);
#952 = EDGE_CURVE('',#763,#953,#955,.T.);
#953 = VERTEX_POINT('',#954);
#954 = CARTESIAN_POINT('',(-17.2,-13.,1.));
#955 = LINE('',#956,#957);
#956 = CARTESIAN_POINT('',(-17.2,-13.,-4.));
#957 = VECTOR('',#958,1.);
#958 = DIRECTION('',(0.,-0.,1.));
#959 = ORIENTED_EDGE('',*,*,#960,.F.);
#960 = EDGE_CURVE('',#961,#953,#963,.T.);
#961 = VERTEX_POINT('',#962);
#962 = CARTESIAN_POINT('',(-18.8,-11.4,1.));
#963 = LINE('',#964,#965);
#964 = CARTESIAN_POINT('',(-17.29952057377,-12.90047942623,1.));
#965 = VECTOR('',#966,1.);
#966 = DIRECTION('',(0.707106781187,-0.707106781187,0.));
#967 = ORIENTED_EDGE('',*,*,#968,.F.);
#968 = EDGE_CURVE('',#969,#961,#971,.T.);
#969 = VERTEX_POINT('',#970);
#970 = CARTESIAN_POINT('',(-18.8,-11.4,0.));
#971 = LINE('',#972,#973);
#972 = CARTESIAN_POINT('',(-18.8,-11.4,0.));
#973 = VECTOR('',#974,1.);
#974 = DIRECTION('',(0.,0.,1.));
#975 = ORIENTED_EDGE('',*,*,#976,.F.);
#976 = EDGE_CURVE('',#977,#969,#979,.T.);
#977 = VERTEX_POINT('',#978);
#978 = CARTESIAN_POINT('',(-19.4,-10.8,0.));
#979 = LINE('',#980,#981);
#980 = CARTESIAN_POINT('',(-20.70355339059,-9.496446609407,
    4.440892098501E-16));
#981 = VECTOR('',#982,1.);
#982 = DIRECTION('',(0.707106781187,-0.707106781187,0.));
#983 = ORIENTED_EDGE('',*,*,#984,.T.);
#984 = EDGE_CURVE('',#977,#213,#985,.T.);
#985 = LINE('',#986,#987);
#986 = CARTESIAN_POINT('',(-19.4,-10.8,0.));
#987 = VECTOR('',#988,1.);
#988 = DIRECTION('',(0.,0.,1.));
#989 = ORIENTED_EDGE('',*,*,#212,.F.);
#990 = PLANE('',#991);
#991 = AXIS2_PLACEMENT_3D('',#992,#993,#994);
#992 = CARTESIAN_POINT('',(-22.30710678118,-7.892893218813,-3.5));
#993 = DIRECTION('',(-0.707106781187,-0.707106781187,0.));
#994 = DIRECTION('',(0.,0.,1.));
#995 = ADVANCED_FACE('',(#996),#1021,.F.);
#996 = FACE_BOUND('',#997,.F.);
#997 = EDGE_LOOP('',(#998,#1006,#1014,#1020));
#998 = ORIENTED_EDGE('',*,*,#999,.F.);
#999 = EDGE_CURVE('',#1000,#140,#1002,.T.);
#1000 = VERTEX_POINT('',#1001);
#1001 = CARTESIAN_POINT('',(-20.,-2.9,-0.5));
#1002 = LINE('',#1003,#1004);
#1003 = CARTESIAN_POINT('',(-11.,-2.9,-0.5));
#1004 = VECTOR('',#1005,1.);
#1005 = DIRECTION('',(-1.,0.,0.));
#1006 = ORIENTED_EDGE('',*,*,#1007,.F.);
#1007 = EDGE_CURVE('',#1008,#1000,#1010,.T.);
#1008 = VERTEX_POINT('',#1009);
#1009 = CARTESIAN_POINT('',(-20.,2.9,-0.5));
#1010 = LINE('',#1011,#1012);
#1011 = CARTESIAN_POINT('',(-20.,3.7,-0.5));
#1012 = VECTOR('',#1013,1.);
#1013 = DIRECTION('',(0.,-1.,0.));
#1014 = ORIENTED_EDGE('',*,*,#1015,.T.);
#1015 = EDGE_CURVE('',#1008,#138,#1016,.T.);
#1016 = LINE('',#1017,#1018);
#1017 = CARTESIAN_POINT('',(-11.,2.9,-0.5));
#1018 = VECTOR('',#1019,1.);
#1019 = DIRECTION('',(-1.,0.,0.));
#1020 = ORIENTED_EDGE('',*,*,#137,.T.);
#1021 = PLANE('',#1022);
#1022 = AXIS2_PLACEMENT_3D('',#1023,#1024,#1025);
#1023 = CARTESIAN_POINT('',(-11.,2.9,-0.5));
#1024 = DIRECTION('',(0.,0.,1.));
#1025 = DIRECTION('',(-1.,0.,0.));
#1026 = ADVANCED_FACE('',(#1027),#1045,.T.);
#1027 = FACE_BOUND('',#1028,.T.);
#1028 = EDGE_LOOP('',(#1029,#1030,#1038,#1044));
#1029 = ORIENTED_EDGE('',*,*,#147,.T.);
#1030 = ORIENTED_EDGE('',*,*,#1031,.T.);
#1031 = EDGE_CURVE('',#148,#1032,#1034,.T.);
#1032 = VERTEX_POINT('',#1033);
#1033 = CARTESIAN_POINT('',(-20.,2.9,-0.504006420562));
#1034 = LINE('',#1035,#1036);
#1035 = CARTESIAN_POINT('',(-11.,2.9,-0.504006420562));
#1036 = VECTOR('',#1037,1.);
#1037 = DIRECTION('',(1.,0.,-2.2E-16));
#1038 = ORIENTED_EDGE('',*,*,#1039,.F.);
#1039 = EDGE_CURVE('',#1008,#1032,#1040,.T.);
#1040 = LINE('',#1041,#1042);
#1041 = CARTESIAN_POINT('',(-20.,2.9,-3.25));
#1042 = VECTOR('',#1043,1.);
#1043 = DIRECTION('',(0.,0.,-1.));
#1044 = ORIENTED_EDGE('',*,*,#1015,.T.);
#1045 = PLANE('',#1046);
#1046 = AXIS2_PLACEMENT_3D('',#1047,#1048,#1049);
#1047 = CARTESIAN_POINT('',(-11.,2.9,-3.));
#1048 = DIRECTION('',(0.,-1.,0.));
#1049 = DIRECTION('',(0.,0.,1.));
#1050 = ADVANCED_FACE('',(#1051),#1069,.F.);
#1051 = FACE_BOUND('',#1052,.F.);
#1052 = EDGE_LOOP('',(#1053,#1054,#1062,#1068));
#1053 = ORIENTED_EDGE('',*,*,#197,.T.);
#1054 = ORIENTED_EDGE('',*,*,#1055,.T.);
#1055 = EDGE_CURVE('',#189,#1056,#1058,.T.);
#1056 = VERTEX_POINT('',#1057);
#1057 = CARTESIAN_POINT('',(-20.,-2.9,-0.504006420562));
#1058 = LINE('',#1059,#1060);
#1059 = CARTESIAN_POINT('',(-11.,-2.9,-0.504006420562));
#1060 = VECTOR('',#1061,1.);
#1061 = DIRECTION('',(1.,0.,-2.2E-16));
#1062 = ORIENTED_EDGE('',*,*,#1063,.F.);
#1063 = EDGE_CURVE('',#1000,#1056,#1064,.T.);
#1064 = LINE('',#1065,#1066);
#1065 = CARTESIAN_POINT('',(-20.,-2.9,-3.25));
#1066 = VECTOR('',#1067,1.);
#1067 = DIRECTION('',(0.,0.,-1.));
#1068 = ORIENTED_EDGE('',*,*,#999,.T.);
#1069 = PLANE('',#1070);
#1070 = AXIS2_PLACEMENT_3D('',#1071,#1072,#1073);
#1071 = CARTESIAN_POINT('',(-11.,-2.9,-3.));
#1072 = DIRECTION('',(0.,-1.,0.));
#1073 = DIRECTION('',(0.,0.,1.));
#1074 = ADVANCED_FACE('',(#1075),#1103,.F.);
#1075 = FACE_BOUND('',#1076,.T.);
#1076 = EDGE_LOOP('',(#1077,#1078,#1086,#1095,#1102));
#1077 = ORIENTED_EDGE('',*,*,#155,.F.);
#1078 = ORIENTED_EDGE('',*,*,#1079,.T.);
#1079 = EDGE_CURVE('',#156,#1080,#1082,.T.);
#1080 = VERTEX_POINT('',#1081);
#1081 = CARTESIAN_POINT('',(-20.,2.9,-2.995993579438));
#1082 = LINE('',#1083,#1084);
#1083 = CARTESIAN_POINT('',(-11.,2.9,-2.995993579438));
#1084 = VECTOR('',#1085,1.);
#1085 = DIRECTION('',(1.,0.,-2.2E-16));
#1086 = ORIENTED_EDGE('',*,*,#1087,.T.);
#1087 = EDGE_CURVE('',#1080,#1088,#1090,.T.);
#1088 = VERTEX_POINT('',#1089);
#1089 = CARTESIAN_POINT('',(-20.,3.,-3.));
#1090 = CIRCLE('',#1091,1.25);
#1091 = AXIS2_PLACEMENT_3D('',#1092,#1093,#1094);
#1092 = CARTESIAN_POINT('',(-20.,3.,-1.75));
#1093 = DIRECTION('',(1.,0.,-2.2E-16));
#1094 = DIRECTION('',(-2.2E-16,0.,-1.));
#1095 = ORIENTED_EDGE('',*,*,#1096,.T.);
#1096 = EDGE_CURVE('',#1088,#1032,#1097,.T.);
#1097 = CIRCLE('',#1098,1.25);
#1098 = AXIS2_PLACEMENT_3D('',#1099,#1100,#1101);
#1099 = CARTESIAN_POINT('',(-20.,3.,-1.75));
#1100 = DIRECTION('',(1.,0.,-2.2E-16));
#1101 = DIRECTION('',(-2.2E-16,0.,-1.));
#1102 = ORIENTED_EDGE('',*,*,#1031,.F.);
#1103 = CYLINDRICAL_SURFACE('',#1104,1.25);
#1104 = AXIS2_PLACEMENT_3D('',#1105,#1106,#1107);
#1105 = CARTESIAN_POINT('',(-11.,3.,-1.75));
#1106 = DIRECTION('',(1.,0.,-2.2E-16));
#1107 = DIRECTION('',(-2.2E-16,0.,-1.));
#1108 = ADVANCED_FACE('',(#1109),#1137,.F.);
#1109 = FACE_BOUND('',#1110,.T.);
#1110 = EDGE_LOOP('',(#1111,#1112,#1113,#1122,#1131));
#1111 = ORIENTED_EDGE('',*,*,#188,.F.);
#1112 = ORIENTED_EDGE('',*,*,#1055,.T.);
#1113 = ORIENTED_EDGE('',*,*,#1114,.T.);
#1114 = EDGE_CURVE('',#1056,#1115,#1117,.T.);
#1115 = VERTEX_POINT('',#1116);
#1116 = CARTESIAN_POINT('',(-20.,-3.,-3.));
#1117 = CIRCLE('',#1118,1.25);
#1118 = AXIS2_PLACEMENT_3D('',#1119,#1120,#1121);
#1119 = CARTESIAN_POINT('',(-20.,-3.,-1.75));
#1120 = DIRECTION('',(1.,0.,-2.2E-16));
#1121 = DIRECTION('',(-2.2E-16,0.,-1.));
#1122 = ORIENTED_EDGE('',*,*,#1123,.T.);
#1123 = EDGE_CURVE('',#1115,#1124,#1126,.T.);
#1124 = VERTEX_POINT('',#1125);
#1125 = CARTESIAN_POINT('',(-20.,-2.9,-2.995993579438));
#1126 = CIRCLE('',#1127,1.25);
#1127 = AXIS2_PLACEMENT_3D('',#1128,#1129,#1130);
#1128 = CARTESIAN_POINT('',(-20.,-3.,-1.75));
#1129 = DIRECTION('',(1.,0.,-2.2E-16));
#1130 = DIRECTION('',(-2.2E-16,0.,-1.));
#1131 = ORIENTED_EDGE('',*,*,#1132,.F.);
#1132 = EDGE_CURVE('',#181,#1124,#1133,.T.);
#1133 = LINE('',#1134,#1135);
#1134 = CARTESIAN_POINT('',(-11.,-2.9,-2.995993579438));
#1135 = VECTOR('',#1136,1.);
#1136 = DIRECTION('',(1.,0.,-2.2E-16));
#1137 = CYLINDRICAL_SURFACE('',#1138,1.25);
#1138 = AXIS2_PLACEMENT_3D('',#1139,#1140,#1141);
#1139 = CARTESIAN_POINT('',(-11.,-3.,-1.75));
#1140 = DIRECTION('',(1.,0.,-2.2E-16));
#1141 = DIRECTION('',(-2.2E-16,0.,-1.));
#1142 = ADVANCED_FACE('',(#1143),#1161,.T.);
#1143 = FACE_BOUND('',#1144,.T.);
#1144 = EDGE_LOOP('',(#1145,#1153,#1159,#1160));
#1145 = ORIENTED_EDGE('',*,*,#1146,.F.);
#1146 = EDGE_CURVE('',#1147,#165,#1149,.T.);
#1147 = VERTEX_POINT('',#1148);
#1148 = CARTESIAN_POINT('',(-20.,2.9,-3.));
#1149 = LINE('',#1150,#1151);
#1150 = CARTESIAN_POINT('',(-11.,2.9,-3.));
#1151 = VECTOR('',#1152,1.);
#1152 = DIRECTION('',(-1.,0.,0.));
#1153 = ORIENTED_EDGE('',*,*,#1154,.F.);
#1154 = EDGE_CURVE('',#1080,#1147,#1155,.T.);
#1155 = LINE('',#1156,#1157);
#1156 = CARTESIAN_POINT('',(-20.,2.9,-3.25));
#1157 = VECTOR('',#1158,1.);
#1158 = DIRECTION('',(0.,0.,-1.));
#1159 = ORIENTED_EDGE('',*,*,#1079,.F.);
#1160 = ORIENTED_EDGE('',*,*,#164,.T.);
#1161 = PLANE('',#1162);
#1162 = AXIS2_PLACEMENT_3D('',#1163,#1164,#1165);
#1163 = CARTESIAN_POINT('',(-11.,2.9,-3.));
#1164 = DIRECTION('',(0.,-1.,0.));
#1165 = DIRECTION('',(0.,0.,1.));
#1166 = ADVANCED_FACE('',(#1167),#1185,.F.);
#1167 = FACE_BOUND('',#1168,.F.);
#1168 = EDGE_LOOP('',(#1169,#1177,#1183,#1184));
#1169 = ORIENTED_EDGE('',*,*,#1170,.F.);
#1170 = EDGE_CURVE('',#1171,#173,#1173,.T.);
#1171 = VERTEX_POINT('',#1172);
#1172 = CARTESIAN_POINT('',(-20.,-2.9,-3.));
#1173 = LINE('',#1174,#1175);
#1174 = CARTESIAN_POINT('',(-11.,-2.9,-3.));
#1175 = VECTOR('',#1176,1.);
#1176 = DIRECTION('',(-1.,0.,0.));
#1177 = ORIENTED_EDGE('',*,*,#1178,.F.);
#1178 = EDGE_CURVE('',#1124,#1171,#1179,.T.);
#1179 = LINE('',#1180,#1181);
#1180 = CARTESIAN_POINT('',(-20.,-2.9,-3.25));
#1181 = VECTOR('',#1182,1.);
#1182 = DIRECTION('',(0.,0.,-1.));
#1183 = ORIENTED_EDGE('',*,*,#1132,.F.);
#1184 = ORIENTED_EDGE('',*,*,#180,.T.);
#1185 = PLANE('',#1186);
#1186 = AXIS2_PLACEMENT_3D('',#1187,#1188,#1189);
#1187 = CARTESIAN_POINT('',(-11.,-2.9,-3.));
#1188 = DIRECTION('',(0.,-1.,0.));
#1189 = DIRECTION('',(0.,0.,1.));
#1190 = ADVANCED_FACE('',(#1191),#1202,.T.);
#1191 = FACE_BOUND('',#1192,.T.);
#1192 = EDGE_LOOP('',(#1193,#1194,#1200,#1201));
#1193 = ORIENTED_EDGE('',*,*,#1170,.F.);
#1194 = ORIENTED_EDGE('',*,*,#1195,.F.);
#1195 = EDGE_CURVE('',#1147,#1171,#1196,.T.);
#1196 = LINE('',#1197,#1198);
#1197 = CARTESIAN_POINT('',(-20.,3.7,-3.));
#1198 = VECTOR('',#1199,1.);
#1199 = DIRECTION('',(0.,-1.,0.));
#1200 = ORIENTED_EDGE('',*,*,#1146,.T.);
#1201 = ORIENTED_EDGE('',*,*,#172,.T.);
#1202 = PLANE('',#1203);
#1203 = AXIS2_PLACEMENT_3D('',#1204,#1205,#1206);
#1204 = CARTESIAN_POINT('',(-11.,2.9,-3.));
#1205 = DIRECTION('',(0.,0.,1.));
#1206 = DIRECTION('',(-1.,0.,0.));
#1207 = ADVANCED_FACE('',(#1208,#1269),#1281,.T.);
#1208 = FACE_BOUND('',#1209,.T.);
#1209 = EDGE_LOOP('',(#1210,#1211,#1219,#1227,#1235,#1243,#1251,#1259,
    #1265,#1266,#1267,#1268));
#1210 = ORIENTED_EDGE('',*,*,#229,.F.);
#1211 = ORIENTED_EDGE('',*,*,#1212,.F.);
#1212 = EDGE_CURVE('',#1213,#221,#1215,.T.);
#1213 = VERTEX_POINT('',#1214);
#1214 = CARTESIAN_POINT('',(-20.,-9.,0.));
#1215 = LINE('',#1216,#1217);
#1216 = CARTESIAN_POINT('',(-20.,-9.,0.));
#1217 = VECTOR('',#1218,1.);
#1218 = DIRECTION('',(0.,0.,1.));
#1219 = ORIENTED_EDGE('',*,*,#1220,.T.);
#1220 = EDGE_CURVE('',#1213,#1221,#1223,.T.);
#1221 = VERTEX_POINT('',#1222);
#1222 = CARTESIAN_POINT('',(-20.,-4.5,0.));
#1223 = LINE('',#1224,#1225);
#1224 = CARTESIAN_POINT('',(-20.,-12.,0.));
#1225 = VECTOR('',#1226,1.);
#1226 = DIRECTION('',(0.,1.,0.));
#1227 = ORIENTED_EDGE('',*,*,#1228,.F.);
#1228 = EDGE_CURVE('',#1229,#1221,#1231,.T.);
#1229 = VERTEX_POINT('',#1230);
#1230 = CARTESIAN_POINT('',(-20.,-4.5,-3.5));
#1231 = LINE('',#1232,#1233);
#1232 = CARTESIAN_POINT('',(-20.,-4.5,-3.5));
#1233 = VECTOR('',#1234,1.);
#1234 = DIRECTION('',(0.,0.,1.));
#1235 = ORIENTED_EDGE('',*,*,#1236,.F.);
#1236 = EDGE_CURVE('',#1237,#1229,#1239,.T.);
#1237 = VERTEX_POINT('',#1238);
#1238 = CARTESIAN_POINT('',(-20.,4.5,-3.5));
#1239 = LINE('',#1240,#1241);
#1240 = CARTESIAN_POINT('',(-20.,4.5,-3.5));
#1241 = VECTOR('',#1242,1.);
#1242 = DIRECTION('',(0.,-1.,0.));
#1243 = ORIENTED_EDGE('',*,*,#1244,.T.);
#1244 = EDGE_CURVE('',#1237,#1245,#1247,.T.);
#1245 = VERTEX_POINT('',#1246);
#1246 = CARTESIAN_POINT('',(-20.,4.5,0.));
#1247 = LINE('',#1248,#1249);
#1248 = CARTESIAN_POINT('',(-20.,4.5,-3.5));
#1249 = VECTOR('',#1250,1.);
#1250 = DIRECTION('',(0.,0.,1.));
#1251 = ORIENTED_EDGE('',*,*,#1252,.T.);
#1252 = EDGE_CURVE('',#1245,#1253,#1255,.T.);
#1253 = VERTEX_POINT('',#1254);
#1254 = CARTESIAN_POINT('',(-20.,9.,0.));
#1255 = LINE('',#1256,#1257);
#1256 = CARTESIAN_POINT('',(-20.,-12.,0.));
#1257 = VECTOR('',#1258,1.);
#1258 = DIRECTION('',(0.,1.,0.));
#1259 = ORIENTED_EDGE('',*,*,#1260,.T.);
#1260 = EDGE_CURVE('',#1253,#326,#1261,.T.);
#1261 = LINE('',#1262,#1263);
#1262 = CARTESIAN_POINT('',(-20.,9.,0.));
#1263 = VECTOR('',#1264,1.);
#1264 = DIRECTION('',(0.,0.,1.));
#1265 = ORIENTED_EDGE('',*,*,#325,.F.);
#1266 = ORIENTED_EDGE('',*,*,#299,.F.);
#1267 = ORIENTED_EDGE('',*,*,#276,.T.);
#1268 = ORIENTED_EDGE('',*,*,#251,.T.);
#1269 = FACE_BOUND('',#1270,.T.);
#1270 = EDGE_LOOP('',(#1271,#1272,#1273,#1274,#1275,#1276,#1277,#1278,
    #1279,#1280));
#1271 = ORIENTED_EDGE('',*,*,#1039,.T.);
#1272 = ORIENTED_EDGE('',*,*,#1096,.F.);
#1273 = ORIENTED_EDGE('',*,*,#1087,.F.);
#1274 = ORIENTED_EDGE('',*,*,#1154,.T.);
#1275 = ORIENTED_EDGE('',*,*,#1195,.T.);
#1276 = ORIENTED_EDGE('',*,*,#1178,.F.);
#1277 = ORIENTED_EDGE('',*,*,#1123,.F.);
#1278 = ORIENTED_EDGE('',*,*,#1114,.F.);
#1279 = ORIENTED_EDGE('',*,*,#1063,.F.);
#1280 = ORIENTED_EDGE('',*,*,#1007,.F.);
#1281 = PLANE('',#1282);
#1282 = AXIS2_PLACEMENT_3D('',#1283,#1284,#1285);
#1283 = CARTESIAN_POINT('',(-20.,2.3E-16,-0.694827586207));
#1284 = DIRECTION('',(1.,0.,0.));
#1285 = DIRECTION('',(0.,0.,1.));
#1286 = ADVANCED_FACE('',(#1287),#1299,.F.);
#1287 = FACE_BOUND('',#1288,.F.);
#1288 = EDGE_LOOP('',(#1289,#1290,#1297,#1298));
#1289 = ORIENTED_EDGE('',*,*,#1212,.F.);
#1290 = ORIENTED_EDGE('',*,*,#1291,.T.);
#1291 = EDGE_CURVE('',#1213,#977,#1292,.T.);
#1292 = CIRCLE('',#1293,3.);
#1293 = AXIS2_PLACEMENT_3D('',#1294,#1295,#1296);
#1294 = CARTESIAN_POINT('',(-17.,-9.,0.));
#1295 = DIRECTION('',(-0.,0.,1.));
#1296 = DIRECTION('',(0.,-1.,0.));
#1297 = ORIENTED_EDGE('',*,*,#984,.T.);
#1298 = ORIENTED_EDGE('',*,*,#220,.F.);
#1299 = CYLINDRICAL_SURFACE('',#1300,3.);
#1300 = AXIS2_PLACEMENT_3D('',#1301,#1302,#1303);
#1301 = CARTESIAN_POINT('',(-17.,-9.,0.));
#1302 = DIRECTION('',(0.,0.,1.));
#1303 = DIRECTION('',(-1.,0.,0.));
#1304 = ADVANCED_FACE('',(#1305),#1317,.F.);
#1305 = FACE_BOUND('',#1306,.T.);
#1306 = EDGE_LOOP('',(#1307,#1308,#1315,#1316));
#1307 = ORIENTED_EDGE('',*,*,#1260,.F.);
#1308 = ORIENTED_EDGE('',*,*,#1309,.T.);
#1309 = EDGE_CURVE('',#1253,#375,#1310,.T.);
#1310 = CIRCLE('',#1311,3.);
#1311 = AXIS2_PLACEMENT_3D('',#1312,#1313,#1314);
#1312 = CARTESIAN_POINT('',(-17.,9.,0.));
#1313 = DIRECTION('',(-0.,-0.,-1.));
#1314 = DIRECTION('',(0.,-1.,0.));
#1315 = ORIENTED_EDGE('',*,*,#374,.T.);
#1316 = ORIENTED_EDGE('',*,*,#333,.T.);
#1317 = CYLINDRICAL_SURFACE('',#1318,3.);
#1318 = AXIS2_PLACEMENT_3D('',#1319,#1320,#1321);
#1319 = CARTESIAN_POINT('',(-17.,9.,0.));
#1320 = DIRECTION('',(0.,0.,1.));
#1321 = DIRECTION('',(-1.,0.,0.));
#1322 = ADVANCED_FACE('',(#1323),#1369,.T.);
#1323 = FACE_BOUND('',#1324,.T.);
#1324 = EDGE_LOOP('',(#1325,#1326,#1327,#1328,#1329,#1330,#1338,#1346,
    #1355,#1363));
#1325 = ORIENTED_EDGE('',*,*,#696,.F.);
#1326 = ORIENTED_EDGE('',*,*,#637,.T.);
#1327 = ORIENTED_EDGE('',*,*,#603,.T.);
#1328 = ORIENTED_EDGE('',*,*,#412,.F.);
#1329 = ORIENTED_EDGE('',*,*,#356,.T.);
#1330 = ORIENTED_EDGE('',*,*,#1331,.T.);
#1331 = EDGE_CURVE('',#359,#1332,#1334,.T.);
#1332 = VERTEX_POINT('',#1333);
#1333 = CARTESIAN_POINT('',(17.2,13.,1.));
#1334 = LINE('',#1335,#1336);
#1335 = CARTESIAN_POINT('',(-21.,13.,1.));
#1336 = VECTOR('',#1337,1.);
#1337 = DIRECTION('',(1.,0.,0.));
#1338 = ORIENTED_EDGE('',*,*,#1339,.T.);
#1339 = EDGE_CURVE('',#1332,#1340,#1342,.T.);
#1340 = VERTEX_POINT('',#1341);
#1341 = CARTESIAN_POINT('',(17.2,13.,-1.5));
#1342 = LINE('',#1343,#1344);
#1343 = CARTESIAN_POINT('',(17.2,13.,-4.));
#1344 = VECTOR('',#1345,1.);
#1345 = DIRECTION('',(0.,0.,-1.));
#1346 = ORIENTED_EDGE('',*,*,#1347,.F.);
#1347 = EDGE_CURVE('',#1348,#1340,#1350,.T.);
#1348 = VERTEX_POINT('',#1349);
#1349 = CARTESIAN_POINT('',(17.2,13.,-3.5));
#1350 = ELLIPSE('',#1351,1.414213562373,1.);
#1351 = AXIS2_PLACEMENT_3D('',#1352,#1353,#1354);
#1352 = CARTESIAN_POINT('',(17.2,13.,-2.5));
#1353 = DIRECTION('',(0.,1.,0.));
#1354 = DIRECTION('',(1.,0.,-3.140184917368E-16));
#1355 = ORIENTED_EDGE('',*,*,#1356,.T.);
#1356 = EDGE_CURVE('',#1348,#1357,#1359,.T.);
#1357 = VERTEX_POINT('',#1358);
#1358 = CARTESIAN_POINT('',(17.5,13.,-3.5));
#1359 = LINE('',#1360,#1361);
#1360 = CARTESIAN_POINT('',(0.653553390593,13.,-3.5));
#1361 = VECTOR('',#1362,1.);
#1362 = DIRECTION('',(1.,0.,0.));
#1363 = ORIENTED_EDGE('',*,*,#1364,.F.);
#1364 = EDGE_CURVE('',#688,#1357,#1365,.T.);
#1365 = LINE('',#1366,#1367);
#1366 = CARTESIAN_POINT('',(17.5,13.,-4.5));
#1367 = VECTOR('',#1368,1.);
#1368 = DIRECTION('',(0.,0.,1.));
#1369 = PLANE('',#1370);
#1370 = AXIS2_PLACEMENT_3D('',#1371,#1372,#1373);
#1371 = CARTESIAN_POINT('',(-21.,13.,-4.5));
#1372 = DIRECTION('',(0.,1.,0.));
#1373 = DIRECTION('',(0.,0.,1.));
#1374 = ADVANCED_FACE('',(#1375),#1411,.T.);
#1375 = FACE_BOUND('',#1376,.T.);
#1376 = EDGE_LOOP('',(#1377,#1378,#1387,#1395,#1404,#1410));
#1377 = ORIENTED_EDGE('',*,*,#398,.T.);
#1378 = ORIENTED_EDGE('',*,*,#1379,.F.);
#1379 = EDGE_CURVE('',#1380,#391,#1382,.T.);
#1380 = VERTEX_POINT('',#1381);
#1381 = CARTESIAN_POINT('',(-17.,12.,1.));
#1382 = CIRCLE('',#1383,3.);
#1383 = AXIS2_PLACEMENT_3D('',#1384,#1385,#1386);
#1384 = CARTESIAN_POINT('',(-17.,9.,1.));
#1385 = DIRECTION('',(0.,0.,1.));
#1386 = DIRECTION('',(-1.,0.,0.));
#1387 = ORIENTED_EDGE('',*,*,#1388,.F.);
#1388 = EDGE_CURVE('',#1389,#1380,#1391,.T.);
#1389 = VERTEX_POINT('',#1390);
#1390 = CARTESIAN_POINT('',(17.,12.,1.));
#1391 = LINE('',#1392,#1393);
#1392 = CARTESIAN_POINT('',(-20.5,12.,1.));
#1393 = VECTOR('',#1394,1.);
#1394 = DIRECTION('',(-1.,0.,0.));
#1395 = ORIENTED_EDGE('',*,*,#1396,.F.);
#1396 = EDGE_CURVE('',#1397,#1389,#1399,.T.);
#1397 = VERTEX_POINT('',#1398);
#1398 = CARTESIAN_POINT('',(18.8,11.4,1.));
#1399 = CIRCLE('',#1400,3.);
#1400 = AXIS2_PLACEMENT_3D('',#1401,#1402,#1403);
#1401 = CARTESIAN_POINT('',(17.,9.,1.));
#1402 = DIRECTION('',(0.,0.,1.));
#1403 = DIRECTION('',(1.,0.,0.));
#1404 = ORIENTED_EDGE('',*,*,#1405,.T.);
#1405 = EDGE_CURVE('',#1397,#1332,#1406,.T.);
#1406 = LINE('',#1407,#1408);
#1407 = CARTESIAN_POINT('',(18.446911275531,11.753088724469,1.));
#1408 = VECTOR('',#1409,1.);
#1409 = DIRECTION('',(-0.707106781187,0.707106781187,0.));
#1410 = ORIENTED_EDGE('',*,*,#1331,.F.);
#1411 = PLANE('',#1412);
#1412 = AXIS2_PLACEMENT_3D('',#1413,#1414,#1415);
#1413 = CARTESIAN_POINT('',(5.778062633674,6.804631093925,1.));
#1414 = DIRECTION('',(0.,0.,1.));
#1415 = DIRECTION('',(1.,0.,0.));
#1416 = ADVANCED_FACE('',(#1417),#1436,.F.);
#1417 = FACE_BOUND('',#1418,.T.);
#1418 = EDGE_LOOP('',(#1419,#1420,#1429,#1435));
#1419 = ORIENTED_EDGE('',*,*,#390,.F.);
#1420 = ORIENTED_EDGE('',*,*,#1421,.T.);
#1421 = EDGE_CURVE('',#383,#1422,#1424,.T.);
#1422 = VERTEX_POINT('',#1423);
#1423 = CARTESIAN_POINT('',(-17.,12.,0.));
#1424 = CIRCLE('',#1425,3.);
#1425 = AXIS2_PLACEMENT_3D('',#1426,#1427,#1428);
#1426 = CARTESIAN_POINT('',(-17.,9.,0.));
#1427 = DIRECTION('',(-0.,-0.,-1.));
#1428 = DIRECTION('',(0.,-1.,0.));
#1429 = ORIENTED_EDGE('',*,*,#1430,.T.);
#1430 = EDGE_CURVE('',#1422,#1380,#1431,.T.);
#1431 = LINE('',#1432,#1433);
#1432 = CARTESIAN_POINT('',(-17.,12.,0.));
#1433 = VECTOR('',#1434,1.);
#1434 = DIRECTION('',(0.,0.,1.));
#1435 = ORIENTED_EDGE('',*,*,#1379,.T.);
#1436 = CYLINDRICAL_SURFACE('',#1437,3.);
#1437 = AXIS2_PLACEMENT_3D('',#1438,#1439,#1440);
#1438 = CARTESIAN_POINT('',(-17.,9.,0.));
#1439 = DIRECTION('',(0.,0.,1.));
#1440 = DIRECTION('',(-1.,0.,0.));
#1441 = ADVANCED_FACE('',(#1442),#1597,.T.);
#1442 = FACE_BOUND('',#1443,.T.);
#1443 = EDGE_LOOP('',(#1444,#1445,#1453,#1461,#1470,#1478,#1487,#1495,
    #1504,#1512,#1520,#1528,#1537,#1545,#1554,#1562,#1571,#1579,#1588,
    #1594,#1595,#1596));
#1444 = ORIENTED_EDGE('',*,*,#1252,.F.);
#1445 = ORIENTED_EDGE('',*,*,#1446,.F.);
#1446 = EDGE_CURVE('',#1447,#1245,#1449,.T.);
#1447 = VERTEX_POINT('',#1448);
#1448 = CARTESIAN_POINT('',(-19.5,4.5,0.));
#1449 = LINE('',#1450,#1451);
#1450 = CARTESIAN_POINT('',(-12.,4.5,0.));
#1451 = VECTOR('',#1452,1.);
#1452 = DIRECTION('',(-1.,0.,0.));
#1453 = ORIENTED_EDGE('',*,*,#1454,.F.);
#1454 = EDGE_CURVE('',#1455,#1447,#1457,.T.);
#1455 = VERTEX_POINT('',#1456);
#1456 = CARTESIAN_POINT('',(-19.5,8.5,0.));
#1457 = LINE('',#1458,#1459);
#1458 = CARTESIAN_POINT('',(-19.5,-11.75,0.));
#1459 = VECTOR('',#1460,1.);
#1460 = DIRECTION('',(0.,-1.,0.));
#1461 = ORIENTED_EDGE('',*,*,#1462,.F.);
#1462 = EDGE_CURVE('',#1463,#1455,#1465,.T.);
#1463 = VERTEX_POINT('',#1464);
#1464 = CARTESIAN_POINT('',(-16.5,11.5,0.));
#1465 = CIRCLE('',#1466,3.);
#1466 = AXIS2_PLACEMENT_3D('',#1467,#1468,#1469);
#1467 = CARTESIAN_POINT('',(-16.5,8.5,0.));
#1468 = DIRECTION('',(0.,0.,1.));
#1469 = DIRECTION('',(-1.,0.,0.));
#1470 = ORIENTED_EDGE('',*,*,#1471,.T.);
#1471 = EDGE_CURVE('',#1463,#1472,#1474,.T.);
#1472 = VERTEX_POINT('',#1473);
#1473 = CARTESIAN_POINT('',(16.5,11.5,0.));
#1474 = LINE('',#1475,#1476);
#1475 = CARTESIAN_POINT('',(-19.75,11.5,0.));
#1476 = VECTOR('',#1477,1.);
#1477 = DIRECTION('',(1.,0.,0.));
#1478 = ORIENTED_EDGE('',*,*,#1479,.F.);
#1479 = EDGE_CURVE('',#1480,#1472,#1482,.T.);
#1480 = VERTEX_POINT('',#1481);
#1481 = CARTESIAN_POINT('',(19.5,8.5,0.));
#1482 = CIRCLE('',#1483,3.);
#1483 = AXIS2_PLACEMENT_3D('',#1484,#1485,#1486);
#1484 = CARTESIAN_POINT('',(16.5,8.5,0.));
#1485 = DIRECTION('',(0.,0.,1.));
#1486 = DIRECTION('',(1.,0.,0.));
#1487 = ORIENTED_EDGE('',*,*,#1488,.T.);
#1488 = EDGE_CURVE('',#1480,#1489,#1491,.T.);
#1489 = VERTEX_POINT('',#1490);
#1490 = CARTESIAN_POINT('',(19.5,-8.5,0.));
#1491 = LINE('',#1492,#1493);
#1492 = CARTESIAN_POINT('',(19.5,-11.75,0.));
#1493 = VECTOR('',#1494,1.);
#1494 = DIRECTION('',(0.,-1.,0.));
#1495 = ORIENTED_EDGE('',*,*,#1496,.F.);
#1496 = EDGE_CURVE('',#1497,#1489,#1499,.T.);
#1497 = VERTEX_POINT('',#1498);
#1498 = CARTESIAN_POINT('',(16.5,-11.5,0.));
#1499 = CIRCLE('',#1500,3.);
#1500 = AXIS2_PLACEMENT_3D('',#1501,#1502,#1503);
#1501 = CARTESIAN_POINT('',(16.5,-8.5,0.));
#1502 = DIRECTION('',(0.,0.,1.));
#1503 = DIRECTION('',(1.,0.,0.));
#1504 = ORIENTED_EDGE('',*,*,#1505,.F.);
#1505 = EDGE_CURVE('',#1506,#1497,#1508,.T.);
#1506 = VERTEX_POINT('',#1507);
#1507 = CARTESIAN_POINT('',(16.2,-11.5,0.));
#1508 = LINE('',#1509,#1510);
#1509 = CARTESIAN_POINT('',(-19.75,-11.5,0.));
#1510 = VECTOR('',#1511,1.);
#1511 = DIRECTION('',(1.,0.,0.));
#1512 = ORIENTED_EDGE('',*,*,#1513,.F.);
#1513 = EDGE_CURVE('',#1514,#1506,#1516,.T.);
#1514 = VERTEX_POINT('',#1515);
#1515 = CARTESIAN_POINT('',(16.2,-12.,0.));
#1516 = LINE('',#1517,#1518);
#1517 = CARTESIAN_POINT('',(16.2,-12.05,0.));
#1518 = VECTOR('',#1519,1.);
#1519 = DIRECTION('',(0.,1.,0.));
#1520 = ORIENTED_EDGE('',*,*,#1521,.T.);
#1521 = EDGE_CURVE('',#1514,#1522,#1524,.T.);
#1522 = VERTEX_POINT('',#1523);
#1523 = CARTESIAN_POINT('',(17.,-12.,0.));
#1524 = LINE('',#1525,#1526);
#1525 = CARTESIAN_POINT('',(-20.,-12.,0.));
#1526 = VECTOR('',#1527,1.);
#1527 = DIRECTION('',(1.,0.,0.));
#1528 = ORIENTED_EDGE('',*,*,#1529,.F.);
#1529 = EDGE_CURVE('',#1530,#1522,#1532,.T.);
#1530 = VERTEX_POINT('',#1531);
#1531 = CARTESIAN_POINT('',(18.8,-11.4,0.));
#1532 = CIRCLE('',#1533,3.);
#1533 = AXIS2_PLACEMENT_3D('',#1534,#1535,#1536);
#1534 = CARTESIAN_POINT('',(17.,-9.,0.));
#1535 = DIRECTION('',(-0.,-0.,-1.));
#1536 = DIRECTION('',(0.,-1.,0.));
#1537 = ORIENTED_EDGE('',*,*,#1538,.T.);
#1538 = EDGE_CURVE('',#1530,#1539,#1541,.T.);
#1539 = VERTEX_POINT('',#1540);
#1540 = CARTESIAN_POINT('',(19.4,-10.8,0.));
#1541 = LINE('',#1542,#1543);
#1542 = CARTESIAN_POINT('',(7.496446609407,-22.70355339059,0.));
#1543 = VECTOR('',#1544,1.);
#1544 = DIRECTION('',(0.707106781187,0.707106781187,-0.));
#1545 = ORIENTED_EDGE('',*,*,#1546,.F.);
#1546 = EDGE_CURVE('',#1547,#1539,#1549,.T.);
#1547 = VERTEX_POINT('',#1548);
#1548 = CARTESIAN_POINT('',(20.,-9.,0.));
#1549 = CIRCLE('',#1550,3.);
#1550 = AXIS2_PLACEMENT_3D('',#1551,#1552,#1553);
#1551 = CARTESIAN_POINT('',(17.,-9.,0.));
#1552 = DIRECTION('',(-0.,-0.,-1.));
#1553 = DIRECTION('',(0.,-1.,0.));
#1554 = ORIENTED_EDGE('',*,*,#1555,.T.);
#1555 = EDGE_CURVE('',#1547,#1556,#1558,.T.);
#1556 = VERTEX_POINT('',#1557);
#1557 = CARTESIAN_POINT('',(20.,9.,0.));
#1558 = LINE('',#1559,#1560);
#1559 = CARTESIAN_POINT('',(20.,-12.,0.));
#1560 = VECTOR('',#1561,1.);
#1561 = DIRECTION('',(0.,1.,0.));
#1562 = ORIENTED_EDGE('',*,*,#1563,.T.);
#1563 = EDGE_CURVE('',#1556,#1564,#1566,.T.);
#1564 = VERTEX_POINT('',#1565);
#1565 = CARTESIAN_POINT('',(19.4,10.8,0.));
#1566 = CIRCLE('',#1567,3.);
#1567 = AXIS2_PLACEMENT_3D('',#1568,#1569,#1570);
#1568 = CARTESIAN_POINT('',(17.,9.,0.));
#1569 = DIRECTION('',(-0.,0.,1.));
#1570 = DIRECTION('',(0.,-1.,0.));
#1571 = ORIENTED_EDGE('',*,*,#1572,.T.);
#1572 = EDGE_CURVE('',#1564,#1573,#1575,.T.);
#1573 = VERTEX_POINT('',#1574);
#1574 = CARTESIAN_POINT('',(18.8,11.4,0.));
#1575 = LINE('',#1576,#1577);
#1576 = CARTESIAN_POINT('',(16.703553390593,13.496446609407,0.));
#1577 = VECTOR('',#1578,1.);
#1578 = DIRECTION('',(-0.707106781187,0.707106781187,0.));
#1579 = ORIENTED_EDGE('',*,*,#1580,.T.);
#1580 = EDGE_CURVE('',#1573,#1581,#1583,.T.);
#1581 = VERTEX_POINT('',#1582);
#1582 = CARTESIAN_POINT('',(17.,12.,0.));
#1583 = CIRCLE('',#1584,3.);
#1584 = AXIS2_PLACEMENT_3D('',#1585,#1586,#1587);
#1585 = CARTESIAN_POINT('',(17.,9.,0.));
#1586 = DIRECTION('',(-0.,0.,1.));
#1587 = DIRECTION('',(0.,-1.,0.));
#1588 = ORIENTED_EDGE('',*,*,#1589,.F.);
#1589 = EDGE_CURVE('',#1422,#1581,#1590,.T.);
#1590 = LINE('',#1591,#1592);
#1591 = CARTESIAN_POINT('',(-20.,12.,0.));
#1592 = VECTOR('',#1593,1.);
#1593 = DIRECTION('',(1.,0.,0.));
#1594 = ORIENTED_EDGE('',*,*,#1421,.F.);
#1595 = ORIENTED_EDGE('',*,*,#382,.T.);
#1596 = ORIENTED_EDGE('',*,*,#1309,.F.);
#1597 = PLANE('',#1598);
#1598 = AXIS2_PLACEMENT_3D('',#1599,#1600,#1601);
#1599 = CARTESIAN_POINT('',(-20.,-12.,0.));
#1600 = DIRECTION('',(0.,0.,1.));
#1601 = DIRECTION('',(1.,0.,0.));
#1602 = ADVANCED_FACE('',(#1603,#1629),#1632,.F.);
#1603 = FACE_BOUND('',#1604,.T.);
#1604 = EDGE_LOOP('',(#1605,#1613,#1622,#1628));
#1605 = ORIENTED_EDGE('',*,*,#1606,.F.);
#1606 = EDGE_CURVE('',#1607,#1455,#1609,.T.);
#1607 = VERTEX_POINT('',#1608);
#1608 = CARTESIAN_POINT('',(-19.5,8.5,-3.5));
#1609 = LINE('',#1610,#1611);
#1610 = CARTESIAN_POINT('',(-19.5,8.5,-3.5));
#1611 = VECTOR('',#1612,1.);
#1612 = DIRECTION('',(0.,0.,1.));
#1613 = ORIENTED_EDGE('',*,*,#1614,.T.);
#1614 = EDGE_CURVE('',#1607,#1615,#1617,.T.);
#1615 = VERTEX_POINT('',#1616);
#1616 = CARTESIAN_POINT('',(-16.5,11.5,-3.5));
#1617 = CIRCLE('',#1618,3.);
#1618 = AXIS2_PLACEMENT_3D('',#1619,#1620,#1621);
#1619 = CARTESIAN_POINT('',(-16.5,8.5,-3.5));
#1620 = DIRECTION('',(-0.,-0.,-1.));
#1621 = DIRECTION('',(0.,-1.,0.));
#1622 = ORIENTED_EDGE('',*,*,#1623,.T.);
#1623 = EDGE_CURVE('',#1615,#1463,#1624,.T.);
#1624 = LINE('',#1625,#1626);
#1625 = CARTESIAN_POINT('',(-16.5,11.5,-3.5));
#1626 = VECTOR('',#1627,1.);
#1627 = DIRECTION('',(0.,0.,1.));
#1628 = ORIENTED_EDGE('',*,*,#1462,.T.);
#1629 = FACE_BOUND('',#1630,.T.);
#1630 = EDGE_LOOP('',(#1631));
#1631 = ORIENTED_EDGE('',*,*,#431,.T.);
#1632 = CYLINDRICAL_SURFACE('',#1633,3.);
#1633 = AXIS2_PLACEMENT_3D('',#1634,#1635,#1636);
#1634 = CARTESIAN_POINT('',(-16.5,8.5,-3.5));
#1635 = DIRECTION('',(0.,0.,1.));
#1636 = DIRECTION('',(-1.,0.,0.));
#1637 = ADVANCED_FACE('',(#1638),#1693,.F.);
#1638 = FACE_BOUND('',#1639,.F.);
#1639 = EDGE_LOOP('',(#1640,#1641,#1642,#1643,#1644,#1645,#1653,#1662,
    #1670,#1679,#1687));
#1640 = ORIENTED_EDGE('',*,*,#662,.F.);
#1641 = ORIENTED_EDGE('',*,*,#713,.T.);
#1642 = ORIENTED_EDGE('',*,*,#746,.T.);
#1643 = ORIENTED_EDGE('',*,*,#762,.F.);
#1644 = ORIENTED_EDGE('',*,*,#952,.T.);
#1645 = ORIENTED_EDGE('',*,*,#1646,.T.);
#1646 = EDGE_CURVE('',#953,#1647,#1649,.T.);
#1647 = VERTEX_POINT('',#1648);
#1648 = CARTESIAN_POINT('',(11.050384638146,-13.,1.));
#1649 = LINE('',#1650,#1651);
#1650 = CARTESIAN_POINT('',(-21.,-13.,1.));
#1651 = VECTOR('',#1652,1.);
#1652 = DIRECTION('',(1.,0.,0.));
#1653 = ORIENTED_EDGE('',*,*,#1654,.F.);
#1654 = EDGE_CURVE('',#1655,#1647,#1657,.T.);
#1655 = VERTEX_POINT('',#1656);
#1656 = CARTESIAN_POINT('',(17.2,-13.,-0.466287829862));
#1657 = CIRCLE('',#1658,3.249615361854);
#1658 = AXIS2_PLACEMENT_3D('',#1659,#1660,#1661);
#1659 = CARTESIAN_POINT('',(14.3,-13.,1.));
#1660 = DIRECTION('',(0.,1.,0.));
#1661 = DIRECTION('',(0.,0.,1.));
#1662 = ORIENTED_EDGE('',*,*,#1663,.T.);
#1663 = EDGE_CURVE('',#1655,#1664,#1666,.T.);
#1664 = VERTEX_POINT('',#1665);
#1665 = CARTESIAN_POINT('',(17.2,-13.,-1.5));
#1666 = LINE('',#1667,#1668);
#1667 = CARTESIAN_POINT('',(17.2,-13.,-4.));
#1668 = VECTOR('',#1669,1.);
#1669 = DIRECTION('',(0.,0.,-1.));
#1670 = ORIENTED_EDGE('',*,*,#1671,.F.);
#1671 = EDGE_CURVE('',#1672,#1664,#1674,.T.);
#1672 = VERTEX_POINT('',#1673);
#1673 = CARTESIAN_POINT('',(17.2,-13.,-3.5));
#1674 = ELLIPSE('',#1675,1.414213562373,1.);
#1675 = AXIS2_PLACEMENT_3D('',#1676,#1677,#1678);
#1676 = CARTESIAN_POINT('',(17.2,-13.,-2.5));
#1677 = DIRECTION('',(0.,1.,0.));
#1678 = DIRECTION('',(-1.,0.,-3.140184917368E-16));
#1679 = ORIENTED_EDGE('',*,*,#1680,.T.);
#1680 = EDGE_CURVE('',#1672,#1681,#1683,.T.);
#1681 = VERTEX_POINT('',#1682);
#1682 = CARTESIAN_POINT('',(17.5,-13.,-3.5));
#1683 = LINE('',#1684,#1685);
#1684 = CARTESIAN_POINT('',(-2.553553390593,-13.,-3.5));
#1685 = VECTOR('',#1686,1.);
#1686 = DIRECTION('',(1.,0.,0.));
#1687 = ORIENTED_EDGE('',*,*,#1688,.F.);
#1688 = EDGE_CURVE('',#663,#1681,#1689,.T.);
#1689 = LINE('',#1690,#1691);
#1690 = CARTESIAN_POINT('',(17.5,-13.,-4.5));
#1691 = VECTOR('',#1692,1.);
#1692 = DIRECTION('',(0.,0.,1.));
#1693 = PLANE('',#1694);
#1694 = AXIS2_PLACEMENT_3D('',#1695,#1696,#1697);
#1695 = CARTESIAN_POINT('',(-21.,-13.,-4.5));
#1696 = DIRECTION('',(0.,1.,0.));
#1697 = DIRECTION('',(0.,0.,1.));
#1698 = ADVANCED_FACE('',(#1699),#1718,.T.);
#1699 = FACE_BOUND('',#1700,.F.);
#1700 = EDGE_LOOP('',(#1701,#1709,#1710,#1711));
#1701 = ORIENTED_EDGE('',*,*,#1702,.F.);
#1702 = EDGE_CURVE('',#671,#1703,#1705,.T.);
#1703 = VERTEX_POINT('',#1704);
#1704 = CARTESIAN_POINT('',(21.,-9.5,-3.5));
#1705 = LINE('',#1706,#1707);
#1706 = CARTESIAN_POINT('',(21.,-9.5,-4.5));
#1707 = VECTOR('',#1708,1.);
#1708 = DIRECTION('',(0.,0.,1.));
#1709 = ORIENTED_EDGE('',*,*,#670,.T.);
#1710 = ORIENTED_EDGE('',*,*,#1688,.T.);
#1711 = ORIENTED_EDGE('',*,*,#1712,.T.);
#1712 = EDGE_CURVE('',#1681,#1703,#1713,.T.);
#1713 = CIRCLE('',#1714,3.5);
#1714 = AXIS2_PLACEMENT_3D('',#1715,#1716,#1717);
#1715 = CARTESIAN_POINT('',(17.5,-9.5,-3.5));
#1716 = DIRECTION('',(0.,0.,1.));
#1717 = DIRECTION('',(1.,0.,-0.));
#1718 = CYLINDRICAL_SURFACE('',#1719,3.5);
#1719 = AXIS2_PLACEMENT_3D('',#1720,#1721,#1722);
#1720 = CARTESIAN_POINT('',(17.5,-9.5,-4.5));
#1721 = DIRECTION('',(0.,0.,1.));
#1722 = DIRECTION('',(1.,0.,0.));
#1723 = ADVANCED_FACE('',(#1724),#1743,.T.);
#1724 = FACE_BOUND('',#1725,.T.);
#1725 = EDGE_LOOP('',(#1726,#1734,#1735,#1736));
#1726 = ORIENTED_EDGE('',*,*,#1727,.F.);
#1727 = EDGE_CURVE('',#680,#1728,#1730,.T.);
#1728 = VERTEX_POINT('',#1729);
#1729 = CARTESIAN_POINT('',(21.,9.5,-3.5));
#1730 = LINE('',#1731,#1732);
#1731 = CARTESIAN_POINT('',(21.,9.5,-4.5));
#1732 = VECTOR('',#1733,1.);
#1733 = DIRECTION('',(0.,0.,1.));
#1734 = ORIENTED_EDGE('',*,*,#687,.T.);
#1735 = ORIENTED_EDGE('',*,*,#1364,.T.);
#1736 = ORIENTED_EDGE('',*,*,#1737,.F.);
#1737 = EDGE_CURVE('',#1728,#1357,#1738,.T.);
#1738 = CIRCLE('',#1739,3.5);
#1739 = AXIS2_PLACEMENT_3D('',#1740,#1741,#1742);
#1740 = CARTESIAN_POINT('',(17.5,9.5,-3.5));
#1741 = DIRECTION('',(0.,0.,1.));
#1742 = DIRECTION('',(1.,0.,-0.));
#1743 = CYLINDRICAL_SURFACE('',#1744,3.5);
#1744 = AXIS2_PLACEMENT_3D('',#1745,#1746,#1747);
#1745 = CARTESIAN_POINT('',(17.5,9.5,-4.5));
#1746 = DIRECTION('',(0.,0.,1.));
#1747 = DIRECTION('',(1.,0.,0.));
#1748 = ADVANCED_FACE('',(#1749,#1810),#1878,.T.);
#1749 = FACE_BOUND('',#1750,.T.);
#1750 = EDGE_LOOP('',(#1751,#1761,#1769,#1778,#1784,#1785,#1786,#1787,
    #1795,#1804));
#1751 = ORIENTED_EDGE('',*,*,#1752,.F.);
#1752 = EDGE_CURVE('',#1753,#1755,#1757,.T.);
#1753 = VERTEX_POINT('',#1754);
#1754 = CARTESIAN_POINT('',(21.,-9.2,1.));
#1755 = VERTEX_POINT('',#1756);
#1756 = CARTESIAN_POINT('',(21.,9.2,1.));
#1757 = LINE('',#1758,#1759);
#1758 = CARTESIAN_POINT('',(21.,-13.,1.));
#1759 = VECTOR('',#1760,1.);
#1760 = DIRECTION('',(0.,1.,0.));
#1761 = ORIENTED_EDGE('',*,*,#1762,.T.);
#1762 = EDGE_CURVE('',#1753,#1763,#1765,.T.);
#1763 = VERTEX_POINT('',#1764);
#1764 = CARTESIAN_POINT('',(21.,-9.2,-1.5));
#1765 = LINE('',#1766,#1767);
#1766 = CARTESIAN_POINT('',(21.,-9.2,-4.));
#1767 = VECTOR('',#1768,1.);
#1768 = DIRECTION('',(0.,0.,-1.));
#1769 = ORIENTED_EDGE('',*,*,#1770,.F.);
#1770 = EDGE_CURVE('',#1771,#1763,#1773,.T.);
#1771 = VERTEX_POINT('',#1772);
#1772 = CARTESIAN_POINT('',(21.,-9.2,-3.5));
#1773 = ELLIPSE('',#1774,1.414213562373,1.);
#1774 = AXIS2_PLACEMENT_3D('',#1775,#1776,#1777);
#1775 = CARTESIAN_POINT('',(21.,-9.2,-2.5));
#1776 = DIRECTION('',(1.,0.,0.));
#1777 = DIRECTION('',(0.,-1.,-3.140184917368E-16));
#1778 = ORIENTED_EDGE('',*,*,#1779,.T.);
#1779 = EDGE_CURVE('',#1771,#1703,#1780,.T.);
#1780 = LINE('',#1781,#1782);
#1781 = CARTESIAN_POINT('',(21.,-13.65355339059,-3.5));
#1782 = VECTOR('',#1783,1.);
#1783 = DIRECTION('',(0.,-1.,0.));
#1784 = ORIENTED_EDGE('',*,*,#1702,.F.);
#1785 = ORIENTED_EDGE('',*,*,#679,.T.);
#1786 = ORIENTED_EDGE('',*,*,#1727,.T.);
#1787 = ORIENTED_EDGE('',*,*,#1788,.T.);
#1788 = EDGE_CURVE('',#1728,#1789,#1791,.T.);
#1789 = VERTEX_POINT('',#1790);
#1790 = CARTESIAN_POINT('',(21.,9.2,-3.5));
#1791 = LINE('',#1792,#1793);
#1792 = CARTESIAN_POINT('',(21.,-2.553553390593,-3.5));
#1793 = VECTOR('',#1794,1.);
#1794 = DIRECTION('',(0.,-1.,0.));
#1795 = ORIENTED_EDGE('',*,*,#1796,.F.);
#1796 = EDGE_CURVE('',#1797,#1789,#1799,.T.);
#1797 = VERTEX_POINT('',#1798);
#1798 = CARTESIAN_POINT('',(21.,9.2,-1.5));
#1799 = ELLIPSE('',#1800,1.414213562373,1.);
#1800 = AXIS2_PLACEMENT_3D('',#1801,#1802,#1803);
#1801 = CARTESIAN_POINT('',(21.,9.2,-2.5));
#1802 = DIRECTION('',(1.,0.,0.));
#1803 = DIRECTION('',(0.,-1.,-3.140184917368E-16));
#1804 = ORIENTED_EDGE('',*,*,#1805,.T.);
#1805 = EDGE_CURVE('',#1797,#1755,#1806,.T.);
#1806 = LINE('',#1807,#1808);
#1807 = CARTESIAN_POINT('',(21.,9.2,-4.));
#1808 = VECTOR('',#1809,1.);
#1809 = DIRECTION('',(0.,0.,1.));
#1810 = FACE_BOUND('',#1811,.T.);
#1811 = EDGE_LOOP('',(#1812,#1822,#1830,#1838,#1847,#1855,#1863,#1871));
#1812 = ORIENTED_EDGE('',*,*,#1813,.F.);
#1813 = EDGE_CURVE('',#1814,#1816,#1818,.T.);
#1814 = VERTEX_POINT('',#1815);
#1815 = CARTESIAN_POINT('',(21.,2.9,-3.));
#1816 = VERTEX_POINT('',#1817);
#1817 = CARTESIAN_POINT('',(21.,2.9,-2.995993579438));
#1818 = LINE('',#1819,#1820);
#1819 = CARTESIAN_POINT('',(21.,2.9,-3.75));
#1820 = VECTOR('',#1821,1.);
#1821 = DIRECTION('',(0.,0.,1.));
#1822 = ORIENTED_EDGE('',*,*,#1823,.T.);
#1823 = EDGE_CURVE('',#1814,#1824,#1826,.T.);
#1824 = VERTEX_POINT('',#1825);
#1825 = CARTESIAN_POINT('',(21.,-2.9,-3.));
#1826 = LINE('',#1827,#1828);
#1827 = CARTESIAN_POINT('',(21.,-7.95,-3.));
#1828 = VECTOR('',#1829,1.);
#1829 = DIRECTION('',(0.,-1.,0.));
#1830 = ORIENTED_EDGE('',*,*,#1831,.T.);
#1831 = EDGE_CURVE('',#1824,#1832,#1834,.T.);
#1832 = VERTEX_POINT('',#1833);
#1833 = CARTESIAN_POINT('',(21.,-2.9,-2.995993579438));
#1834 = LINE('',#1835,#1836);
#1835 = CARTESIAN_POINT('',(21.,-2.9,-3.75));
#1836 = VECTOR('',#1837,1.);
#1837 = DIRECTION('',(0.,0.,1.));
#1838 = ORIENTED_EDGE('',*,*,#1839,.T.);
#1839 = EDGE_CURVE('',#1832,#1840,#1842,.T.);
#1840 = VERTEX_POINT('',#1841);
#1841 = CARTESIAN_POINT('',(21.,-2.9,-0.504006420562));
#1842 = CIRCLE('',#1843,1.25);
#1843 = AXIS2_PLACEMENT_3D('',#1844,#1845,#1846);
#1844 = CARTESIAN_POINT('',(21.,-3.,-1.75));
#1845 = DIRECTION('',(-1.,-0.,-2.2E-16));
#1846 = DIRECTION('',(2.2E-16,0.,-1.));
#1847 = ORIENTED_EDGE('',*,*,#1848,.T.);
#1848 = EDGE_CURVE('',#1840,#1849,#1851,.T.);
#1849 = VERTEX_POINT('',#1850);
#1850 = CARTESIAN_POINT('',(21.,-2.9,-0.5));
#1851 = LINE('',#1852,#1853);
#1852 = CARTESIAN_POINT('',(21.,-2.9,-3.75));
#1853 = VECTOR('',#1854,1.);
#1854 = DIRECTION('',(0.,0.,1.));
#1855 = ORIENTED_EDGE('',*,*,#1856,.F.);
#1856 = EDGE_CURVE('',#1857,#1849,#1859,.T.);
#1857 = VERTEX_POINT('',#1858);
#1858 = CARTESIAN_POINT('',(21.,2.9,-0.5));
#1859 = LINE('',#1860,#1861);
#1860 = CARTESIAN_POINT('',(21.,-7.95,-0.5));
#1861 = VECTOR('',#1862,1.);
#1862 = DIRECTION('',(0.,-1.,0.));
#1863 = ORIENTED_EDGE('',*,*,#1864,.F.);
#1864 = EDGE_CURVE('',#1865,#1857,#1867,.T.);
#1865 = VERTEX_POINT('',#1866);
#1866 = CARTESIAN_POINT('',(21.,2.9,-0.504006420562));
#1867 = LINE('',#1868,#1869);
#1868 = CARTESIAN_POINT('',(21.,2.9,-3.75));
#1869 = VECTOR('',#1870,1.);
#1870 = DIRECTION('',(0.,0.,1.));
#1871 = ORIENTED_EDGE('',*,*,#1872,.T.);
#1872 = EDGE_CURVE('',#1865,#1816,#1873,.T.);
#1873 = CIRCLE('',#1874,1.25);
#1874 = AXIS2_PLACEMENT_3D('',#1875,#1876,#1877);
#1875 = CARTESIAN_POINT('',(21.,3.,-1.75));
#1876 = DIRECTION('',(-1.,-0.,-2.2E-16));
#1877 = DIRECTION('',(2.2E-16,0.,-1.));
#1878 = PLANE('',#1879);
#1879 = AXIS2_PLACEMENT_3D('',#1880,#1881,#1882);
#1880 = CARTESIAN_POINT('',(21.,-13.,-4.5));
#1881 = DIRECTION('',(1.,0.,0.));
#1882 = DIRECTION('',(0.,0.,1.));
#1883 = ADVANCED_FACE('',(#1884,#1920),#1923,.F.);
#1884 = FACE_BOUND('',#1885,.F.);
#1885 = EDGE_LOOP('',(#1886,#1896,#1905,#1913));
#1886 = ORIENTED_EDGE('',*,*,#1887,.F.);
#1887 = EDGE_CURVE('',#1888,#1890,#1892,.T.);
#1888 = VERTEX_POINT('',#1889);
#1889 = CARTESIAN_POINT('',(-19.5,-8.5,-3.5));
#1890 = VERTEX_POINT('',#1891);
#1891 = CARTESIAN_POINT('',(-19.5,-8.5,0.));
#1892 = LINE('',#1893,#1894);
#1893 = CARTESIAN_POINT('',(-19.5,-8.5,-3.5));
#1894 = VECTOR('',#1895,1.);
#1895 = DIRECTION('',(0.,0.,1.));
#1896 = ORIENTED_EDGE('',*,*,#1897,.T.);
#1897 = EDGE_CURVE('',#1888,#1898,#1900,.T.);
#1898 = VERTEX_POINT('',#1899);
#1899 = CARTESIAN_POINT('',(-16.5,-11.5,-3.5));
#1900 = CIRCLE('',#1901,3.);
#1901 = AXIS2_PLACEMENT_3D('',#1902,#1903,#1904);
#1902 = CARTESIAN_POINT('',(-16.5,-8.5,-3.5));
#1903 = DIRECTION('',(-0.,0.,1.));
#1904 = DIRECTION('',(0.,-1.,0.));
#1905 = ORIENTED_EDGE('',*,*,#1906,.T.);
#1906 = EDGE_CURVE('',#1898,#1907,#1909,.T.);
#1907 = VERTEX_POINT('',#1908);
#1908 = CARTESIAN_POINT('',(-16.5,-11.5,0.));
#1909 = LINE('',#1910,#1911);
#1910 = CARTESIAN_POINT('',(-16.5,-11.5,-3.5));
#1911 = VECTOR('',#1912,1.);
#1912 = DIRECTION('',(0.,0.,1.));
#1913 = ORIENTED_EDGE('',*,*,#1914,.F.);
#1914 = EDGE_CURVE('',#1890,#1907,#1915,.T.);
#1915 = CIRCLE('',#1916,3.);
#1916 = AXIS2_PLACEMENT_3D('',#1917,#1918,#1919);
#1917 = CARTESIAN_POINT('',(-16.5,-8.5,0.));
#1918 = DIRECTION('',(0.,0.,1.));
#1919 = DIRECTION('',(-1.,0.,0.));
#1920 = FACE_BOUND('',#1921,.F.);
#1921 = EDGE_LOOP('',(#1922));
#1922 = ORIENTED_EDGE('',*,*,#779,.F.);
#1923 = CYLINDRICAL_SURFACE('',#1924,3.);
#1924 = AXIS2_PLACEMENT_3D('',#1925,#1926,#1927);
#1925 = CARTESIAN_POINT('',(-16.5,-8.5,-3.5));
#1926 = DIRECTION('',(0.,0.,1.));
#1927 = DIRECTION('',(-1.,0.,0.));
#1928 = ADVANCED_FACE('',(#1929),#1980,.T.);
#1929 = FACE_BOUND('',#1930,.T.);
#1930 = EDGE_LOOP('',(#1931,#1932,#1933,#1934,#1943,#1951,#1959,#1965,
    #1966,#1974));
#1931 = ORIENTED_EDGE('',*,*,#1220,.F.);
#1932 = ORIENTED_EDGE('',*,*,#1291,.T.);
#1933 = ORIENTED_EDGE('',*,*,#976,.T.);
#1934 = ORIENTED_EDGE('',*,*,#1935,.T.);
#1935 = EDGE_CURVE('',#969,#1936,#1938,.T.);
#1936 = VERTEX_POINT('',#1937);
#1937 = CARTESIAN_POINT('',(-17.,-12.,0.));
#1938 = CIRCLE('',#1939,3.);
#1939 = AXIS2_PLACEMENT_3D('',#1940,#1941,#1942);
#1940 = CARTESIAN_POINT('',(-17.,-9.,0.));
#1941 = DIRECTION('',(-0.,0.,1.));
#1942 = DIRECTION('',(0.,-1.,0.));
#1943 = ORIENTED_EDGE('',*,*,#1944,.T.);
#1944 = EDGE_CURVE('',#1936,#1945,#1947,.T.);
#1945 = VERTEX_POINT('',#1946);
#1946 = CARTESIAN_POINT('',(12.4,-12.,0.));
#1947 = LINE('',#1948,#1949);
#1948 = CARTESIAN_POINT('',(-20.,-12.,0.));
#1949 = VECTOR('',#1950,1.);
#1950 = DIRECTION('',(1.,0.,0.));
#1951 = ORIENTED_EDGE('',*,*,#1952,.T.);
#1952 = EDGE_CURVE('',#1945,#1953,#1955,.T.);
#1953 = VERTEX_POINT('',#1954);
#1954 = CARTESIAN_POINT('',(12.4,-11.5,0.));
#1955 = LINE('',#1956,#1957);
#1956 = CARTESIAN_POINT('',(12.4,-12.05,0.));
#1957 = VECTOR('',#1958,1.);
#1958 = DIRECTION('',(0.,1.,0.));
#1959 = ORIENTED_EDGE('',*,*,#1960,.F.);
#1960 = EDGE_CURVE('',#1907,#1953,#1961,.T.);
#1961 = LINE('',#1962,#1963);
#1962 = CARTESIAN_POINT('',(-19.75,-11.5,0.));
#1963 = VECTOR('',#1964,1.);
#1964 = DIRECTION('',(1.,0.,0.));
#1965 = ORIENTED_EDGE('',*,*,#1914,.F.);
#1966 = ORIENTED_EDGE('',*,*,#1967,.F.);
#1967 = EDGE_CURVE('',#1968,#1890,#1970,.T.);
#1968 = VERTEX_POINT('',#1969);
#1969 = CARTESIAN_POINT('',(-19.5,-4.5,0.));
#1970 = LINE('',#1971,#1972);
#1971 = CARTESIAN_POINT('',(-19.5,-11.75,0.));
#1972 = VECTOR('',#1973,1.);
#1973 = DIRECTION('',(0.,-1.,0.));
#1974 = ORIENTED_EDGE('',*,*,#1975,.T.);
#1975 = EDGE_CURVE('',#1968,#1221,#1976,.T.);
#1976 = LINE('',#1977,#1978);
#1977 = CARTESIAN_POINT('',(-12.,-4.5,0.));
#1978 = VECTOR('',#1979,1.);
#1979 = DIRECTION('',(-1.,0.,0.));
#1980 = PLANE('',#1981);
#1981 = AXIS2_PLACEMENT_3D('',#1982,#1983,#1984);
#1982 = CARTESIAN_POINT('',(-20.,-12.,0.));
#1983 = DIRECTION('',(0.,0.,1.));
#1984 = DIRECTION('',(1.,0.,0.));
#1985 = ADVANCED_FACE('',(#1986),#2005,.F.);
#1986 = FACE_BOUND('',#1987,.F.);
#1987 = EDGE_LOOP('',(#1988,#1989,#1990,#1998));
#1988 = ORIENTED_EDGE('',*,*,#968,.F.);
#1989 = ORIENTED_EDGE('',*,*,#1935,.T.);
#1990 = ORIENTED_EDGE('',*,*,#1991,.T.);
#1991 = EDGE_CURVE('',#1936,#1992,#1994,.T.);
#1992 = VERTEX_POINT('',#1993);
#1993 = CARTESIAN_POINT('',(-17.,-12.,1.));
#1994 = LINE('',#1995,#1996);
#1995 = CARTESIAN_POINT('',(-17.,-12.,0.));
#1996 = VECTOR('',#1997,1.);
#1997 = DIRECTION('',(0.,0.,1.));
#1998 = ORIENTED_EDGE('',*,*,#1999,.F.);
#1999 = EDGE_CURVE('',#961,#1992,#2000,.T.);
#2000 = CIRCLE('',#2001,3.);
#2001 = AXIS2_PLACEMENT_3D('',#2002,#2003,#2004);
#2002 = CARTESIAN_POINT('',(-17.,-9.,1.));
#2003 = DIRECTION('',(0.,0.,1.));
#2004 = DIRECTION('',(-1.,0.,0.));
#2005 = CYLINDRICAL_SURFACE('',#2006,3.);
#2006 = AXIS2_PLACEMENT_3D('',#2007,#2008,#2009);
#2007 = CARTESIAN_POINT('',(-17.,-9.,0.));
#2008 = DIRECTION('',(0.,0.,1.));
#2009 = DIRECTION('',(-1.,0.,0.));
#2010 = ADVANCED_FACE('',(#2011),#2047,.T.);
#2011 = FACE_BOUND('',#2012,.T.);
#2012 = EDGE_LOOP('',(#2013,#2014,#2015,#2024,#2032,#2040,#2046));
#2013 = ORIENTED_EDGE('',*,*,#960,.T.);
#2014 = ORIENTED_EDGE('',*,*,#1646,.T.);
#2015 = ORIENTED_EDGE('',*,*,#2016,.F.);
#2016 = EDGE_CURVE('',#2017,#1647,#2019,.T.);
#2017 = VERTEX_POINT('',#2018);
#2018 = CARTESIAN_POINT('',(12.594127789077,-12.1,1.));
#2019 = CIRCLE('',#2020,5.);
#2020 = AXIS2_PLACEMENT_3D('',#2021,#2022,#2023);
#2021 = CARTESIAN_POINT('',(14.3,-16.8,1.));
#2022 = DIRECTION('',(0.,0.,1.));
#2023 = DIRECTION('',(1.,0.,0.));
#2024 = ORIENTED_EDGE('',*,*,#2025,.F.);
#2025 = EDGE_CURVE('',#2026,#2017,#2028,.T.);
#2026 = VERTEX_POINT('',#2027);
#2027 = CARTESIAN_POINT('',(12.4,-12.1,1.));
#2028 = LINE('',#2029,#2030);
#2029 = CARTESIAN_POINT('',(-4.212522792992,-12.1,1.));
#2030 = VECTOR('',#2031,1.);
#2031 = DIRECTION('',(1.,0.,0.));
#2032 = ORIENTED_EDGE('',*,*,#2033,.T.);
#2033 = EDGE_CURVE('',#2026,#2034,#2036,.T.);
#2034 = VERTEX_POINT('',#2035);
#2035 = CARTESIAN_POINT('',(12.4,-12.,1.));
#2036 = LINE('',#2037,#2038);
#2037 = CARTESIAN_POINT('',(12.4,-12.1,1.));
#2038 = VECTOR('',#2039,1.);
#2039 = DIRECTION('',(0.,1.,0.));
#2040 = ORIENTED_EDGE('',*,*,#2041,.T.);
#2041 = EDGE_CURVE('',#2034,#1992,#2042,.T.);
#2042 = LINE('',#2043,#2044);
#2043 = CARTESIAN_POINT('',(-20.5,-12.,1.));
#2044 = VECTOR('',#2045,1.);
#2045 = DIRECTION('',(-1.,0.,0.));
#2046 = ORIENTED_EDGE('',*,*,#1999,.F.);
#2047 = PLANE('',#2048);
#2048 = AXIS2_PLACEMENT_3D('',#2049,#2050,#2051);
#2049 = CARTESIAN_POINT('',(-6.230264229602,-11.84639549689,1.));
#2050 = DIRECTION('',(0.,0.,1.));
#2051 = DIRECTION('',(1.,0.,0.));
#2052 = ADVANCED_FACE('',(#2053),#2071,.F.);
#2053 = FACE_BOUND('',#2054,.F.);
#2054 = EDGE_LOOP('',(#2055,#2063,#2069,#2070));
#2055 = ORIENTED_EDGE('',*,*,#2056,.F.);
#2056 = EDGE_CURVE('',#2057,#1229,#2059,.T.);
#2057 = VERTEX_POINT('',#2058);
#2058 = CARTESIAN_POINT('',(-19.5,-4.5,-3.5));
#2059 = LINE('',#2060,#2061);
#2060 = CARTESIAN_POINT('',(-12.,-4.5,-3.5));
#2061 = VECTOR('',#2062,1.);
#2062 = DIRECTION('',(-1.,0.,0.));
#2063 = ORIENTED_EDGE('',*,*,#2064,.F.);
#2064 = EDGE_CURVE('',#1968,#2057,#2065,.T.);
#2065 = LINE('',#2066,#2067);
#2066 = CARTESIAN_POINT('',(-19.5,-4.5,-3.5));
#2067 = VECTOR('',#2068,1.);
#2068 = DIRECTION('',(0.,0.,-1.));
#2069 = ORIENTED_EDGE('',*,*,#1975,.T.);
#2070 = ORIENTED_EDGE('',*,*,#1228,.F.);
#2071 = PLANE('',#2072);
#2072 = AXIS2_PLACEMENT_3D('',#2073,#2074,#2075);
#2073 = CARTESIAN_POINT('',(-12.,-4.5,-3.5));
#2074 = DIRECTION('',(0.,-1.,0.));
#2075 = DIRECTION('',(0.,0.,1.));
#2076 = ADVANCED_FACE('',(#2077),#2143,.T.);
#2077 = FACE_BOUND('',#2078,.T.);
#2078 = EDGE_LOOP('',(#2079,#2080,#2086,#2087,#2095,#2104,#2112,#2121,
    #2127,#2128,#2136,#2142));
#2079 = ORIENTED_EDGE('',*,*,#2056,.F.);
#2080 = ORIENTED_EDGE('',*,*,#2081,.F.);
#2081 = EDGE_CURVE('',#1888,#2057,#2082,.T.);
#2082 = LINE('',#2083,#2084);
#2083 = CARTESIAN_POINT('',(-19.5,-11.5,-3.5));
#2084 = VECTOR('',#2085,1.);
#2085 = DIRECTION('',(0.,1.,0.));
#2086 = ORIENTED_EDGE('',*,*,#1897,.T.);
#2087 = ORIENTED_EDGE('',*,*,#2088,.T.);
#2088 = EDGE_CURVE('',#1898,#2089,#2091,.T.);
#2089 = VERTEX_POINT('',#2090);
#2090 = CARTESIAN_POINT('',(16.5,-11.5,-3.5));
#2091 = LINE('',#2092,#2093);
#2092 = CARTESIAN_POINT('',(-19.5,-11.5,-3.5));
#2093 = VECTOR('',#2094,1.);
#2094 = DIRECTION('',(1.,0.,0.));
#2095 = ORIENTED_EDGE('',*,*,#2096,.F.);
#2096 = EDGE_CURVE('',#2097,#2089,#2099,.T.);
#2097 = VERTEX_POINT('',#2098);
#2098 = CARTESIAN_POINT('',(19.5,-8.5,-3.5));
#2099 = CIRCLE('',#2100,3.);
#2100 = AXIS2_PLACEMENT_3D('',#2101,#2102,#2103);
#2101 = CARTESIAN_POINT('',(16.5,-8.5,-3.5));
#2102 = DIRECTION('',(-0.,-0.,-1.));
#2103 = DIRECTION('',(0.,-1.,0.));
#2104 = ORIENTED_EDGE('',*,*,#2105,.T.);
#2105 = EDGE_CURVE('',#2097,#2106,#2108,.T.);
#2106 = VERTEX_POINT('',#2107);
#2107 = CARTESIAN_POINT('',(19.5,8.5,-3.5));
#2108 = LINE('',#2109,#2110);
#2109 = CARTESIAN_POINT('',(19.5,-11.5,-3.5));
#2110 = VECTOR('',#2111,1.);
#2111 = DIRECTION('',(0.,1.,0.));
#2112 = ORIENTED_EDGE('',*,*,#2113,.T.);
#2113 = EDGE_CURVE('',#2106,#2114,#2116,.T.);
#2114 = VERTEX_POINT('',#2115);
#2115 = CARTESIAN_POINT('',(16.5,11.5,-3.5));
#2116 = CIRCLE('',#2117,3.);
#2117 = AXIS2_PLACEMENT_3D('',#2118,#2119,#2120);
#2118 = CARTESIAN_POINT('',(16.5,8.5,-3.5));
#2119 = DIRECTION('',(-0.,0.,1.));
#2120 = DIRECTION('',(0.,-1.,0.));
#2121 = ORIENTED_EDGE('',*,*,#2122,.F.);
#2122 = EDGE_CURVE('',#1615,#2114,#2123,.T.);
#2123 = LINE('',#2124,#2125);
#2124 = CARTESIAN_POINT('',(-19.5,11.5,-3.5));
#2125 = VECTOR('',#2126,1.);
#2126 = DIRECTION('',(1.,0.,0.));
#2127 = ORIENTED_EDGE('',*,*,#1614,.F.);
#2128 = ORIENTED_EDGE('',*,*,#2129,.F.);
#2129 = EDGE_CURVE('',#2130,#1607,#2132,.T.);
#2130 = VERTEX_POINT('',#2131);
#2131 = CARTESIAN_POINT('',(-19.5,4.5,-3.5));
#2132 = LINE('',#2133,#2134);
#2133 = CARTESIAN_POINT('',(-19.5,-11.5,-3.5));
#2134 = VECTOR('',#2135,1.);
#2135 = DIRECTION('',(0.,1.,0.));
#2136 = ORIENTED_EDGE('',*,*,#2137,.T.);
#2137 = EDGE_CURVE('',#2130,#1237,#2138,.T.);
#2138 = LINE('',#2139,#2140);
#2139 = CARTESIAN_POINT('',(-12.,4.5,-3.5));
#2140 = VECTOR('',#2141,1.);
#2141 = DIRECTION('',(-1.,0.,0.));
#2142 = ORIENTED_EDGE('',*,*,#1236,.T.);
#2143 = PLANE('',#2144);
#2144 = AXIS2_PLACEMENT_3D('',#2145,#2146,#2147);
#2145 = CARTESIAN_POINT('',(-0.202699927514,3.E-17,-3.5));
#2146 = DIRECTION('',(0.,0.,1.));
#2147 = DIRECTION('',(1.,0.,0.));
#2148 = ADVANCED_FACE('',(#2149),#2160,.T.);
#2149 = FACE_BOUND('',#2150,.T.);
#2150 = EDGE_LOOP('',(#2151,#2152,#2158,#2159));
#2151 = ORIENTED_EDGE('',*,*,#2137,.F.);
#2152 = ORIENTED_EDGE('',*,*,#2153,.F.);
#2153 = EDGE_CURVE('',#1447,#2130,#2154,.T.);
#2154 = LINE('',#2155,#2156);
#2155 = CARTESIAN_POINT('',(-19.5,4.5,-3.5));
#2156 = VECTOR('',#2157,1.);
#2157 = DIRECTION('',(0.,0.,-1.));
#2158 = ORIENTED_EDGE('',*,*,#1446,.T.);
#2159 = ORIENTED_EDGE('',*,*,#1244,.F.);
#2160 = PLANE('',#2161);
#2161 = AXIS2_PLACEMENT_3D('',#2162,#2163,#2164);
#2162 = CARTESIAN_POINT('',(-12.,4.5,-3.5));
#2163 = DIRECTION('',(0.,-1.,0.));
#2164 = DIRECTION('',(0.,0.,1.));
#2165 = ADVANCED_FACE('',(#2166),#2177,.T.);
#2166 = FACE_BOUND('',#2167,.T.);
#2167 = EDGE_LOOP('',(#2168,#2174,#2175,#2176));
#2168 = ORIENTED_EDGE('',*,*,#2169,.F.);
#2169 = EDGE_CURVE('',#1789,#1348,#2170,.T.);
#2170 = LINE('',#2171,#2172);
#2171 = CARTESIAN_POINT('',(22.307106781187,7.892893218813,-3.5));
#2172 = VECTOR('',#2173,1.);
#2173 = DIRECTION('',(-0.707106781187,0.707106781187,0.));
#2174 = ORIENTED_EDGE('',*,*,#1788,.F.);
#2175 = ORIENTED_EDGE('',*,*,#1737,.T.);
#2176 = ORIENTED_EDGE('',*,*,#1356,.F.);
#2177 = PLANE('',#2178);
#2178 = AXIS2_PLACEMENT_3D('',#2179,#2180,#2181);
#2179 = CARTESIAN_POINT('',(22.307106781187,7.892893218813,-3.5));
#2180 = DIRECTION('',(0.,0.,1.));
#2181 = DIRECTION('',(0.707106781187,0.707106781187,0.));
#2182 = ADVANCED_FACE('',(#2183,#2194),#2359,.F.);
#2183 = FACE_BOUND('',#2184,.T.);
#2184 = EDGE_LOOP('',(#2185,#2186,#2187,#2188));
#2185 = ORIENTED_EDGE('',*,*,#1796,.T.);
#2186 = ORIENTED_EDGE('',*,*,#2169,.T.);
#2187 = ORIENTED_EDGE('',*,*,#1347,.T.);
#2188 = ORIENTED_EDGE('',*,*,#2189,.T.);
#2189 = EDGE_CURVE('',#1340,#1797,#2190,.T.);
#2190 = LINE('',#2191,#2192);
#2191 = CARTESIAN_POINT('',(22.307106781187,7.892893218813,-1.5));
#2192 = VECTOR('',#2193,1.);
#2193 = DIRECTION('',(0.707106781187,-0.707106781187,-2.22044604925E-16)
  );
#2194 = FACE_BOUND('',#2195,.T.);
#2195 = EDGE_LOOP('',(#2196));
#2196 = ORIENTED_EDGE('',*,*,#2197,.T.);
#2197 = EDGE_CURVE('',#2198,#2198,#2200,.T.);
#2198 = VERTEX_POINT('',#2199);
#2199 = CARTESIAN_POINT('',(18.62132034356,10.62132034356,
    -1.763975833943));
#2200 = B_SPLINE_CURVE_WITH_KNOTS('',7,(#2201,#2202,#2203,#2204,#2205,
    #2206,#2207,#2208,#2209,#2210,#2211,#2212,#2213,#2214,#2215,#2216,
    #2217,#2218,#2219,#2220,#2221,#2222,#2223,#2224,#2225,#2226,#2227,
    #2228,#2229,#2230,#2231,#2232,#2233,#2234,#2235,#2236,#2237,#2238,
    #2239,#2240,#2241,#2242,#2243,#2244,#2245,#2246,#2247,#2248,#2249,
    #2250,#2251,#2252,#2253,#2254,#2255,#2256,#2257,#2258,#2259,#2260,
    #2261,#2262,#2263,#2264,#2265,#2266,#2267,#2268,#2269,#2270,#2271,
    #2272,#2273,#2274,#2275,#2276,#2277,#2278,#2279,#2280,#2281,#2282,
    #2283,#2284,#2285,#2286,#2287,#2288,#2289,#2290,#2291,#2292,#2293,
    #2294,#2295,#2296,#2297,#2298,#2299,#2300,#2301,#2302,#2303,#2304,
    #2305,#2306,#2307,#2308,#2309,#2310,#2311,#2312,#2313,#2314,#2315,
    #2316,#2317,#2318,#2319,#2320,#2321,#2322,#2323,#2324,#2325,#2326,
    #2327,#2328,#2329,#2330,#2331,#2332,#2333,#2334,#2335,#2336,#2337,
    #2338,#2339,#2340,#2341,#2342,#2343,#2344,#2345,#2346,#2347,#2348,
    #2349,#2350,#2351,#2352,#2353,#2354,#2355,#2356,#2357,#2358),
  .UNSPECIFIED.,.T.,.F.,(8,6,6,6,6,6,6,6,6,6,6,6,6,6,6,6,6,6,6,6,6,6,6,6
    ,6,6,8),(0.,0.115913002834,0.156248840656,0.1897693108,
    0.208843615508,0.221132459484,0.250035026394,0.278602045907,
    0.290899681982,0.309998703098,0.343622447753,0.384253650436,
    0.414406244962,0.500027964865,0.561946687176,0.615799404452,
    0.656425004507,0.690044112791,0.709140498102,0.721436435584,
    0.74999950932,0.778898084106,0.791185230704,0.810256900802,
    0.843772740982,0.884103007476,1.),.UNSPECIFIED.);
#2201 = CARTESIAN_POINT('',(18.62132034356,10.62132034356,
    -1.763975833943));
#2202 = CARTESIAN_POINT('',(18.535488448711,10.707152238408,
    -1.763975833943));
#2203 = CARTESIAN_POINT('',(18.44561594461,10.788921453394,
    -1.769245755765));
#2204 = CARTESIAN_POINT('',(18.352163169915,10.866170580413,
    -1.779784511294));
#2205 = CARTESIAN_POINT('',(18.255739287959,10.938459147339,
    -1.795998527108));
#2206 = CARTESIAN_POINT('',(18.157210760776,11.005307004332,
    -1.81867876411));
#2207 = CARTESIAN_POINT('',(18.057933013783,11.066196685631,
    -1.849033070651));
#2208 = CARTESIAN_POINT('',(17.926171552609,11.139611878304,
    -1.90243837702));
#2209 = CARTESIAN_POINT('',(17.892342620716,11.157785863895,
    -1.917346794102));
#2210 = CARTESIAN_POINT('',(17.85882178064,11.175146802402,
    -1.93343353718));
#2211 = CARTESIAN_POINT('',(17.825744662301,11.191664483304,
    -1.950755169722));
#2212 = CARTESIAN_POINT('',(17.7932601461,11.207313410561,
    -1.969367464417));
#2213 = CARTESIAN_POINT('',(17.761530617669,11.222072920712,
    -1.989324605897));
#2214 = CARTESIAN_POINT('',(17.705137695826,11.247440768029,
    -2.028424126219));
#2215 = CARTESIAN_POINT('',(17.680183949446,11.258330156574,
    -2.047136003906));
#2216 = CARTESIAN_POINT('',(17.65600073537,11.268573154743,
    -2.06682479017));
#2217 = CARTESIAN_POINT('',(17.632719628676,11.278154275476,
    -2.087494256773));
#2218 = CARTESIAN_POINT('',(17.610473080491,11.287063394297,
    -2.109140632331));
#2219 = CARTESIAN_POINT('',(17.589393470845,11.295294287097,
    -2.131752051056));
#2220 = CARTESIAN_POINT('',(17.558355913636,11.307138741698,
    -2.168712150492));
#2221 = CARTESIAN_POINT('',(17.547522713584,11.311212345471,
    -2.18241892879));
#2222 = CARTESIAN_POINT('',(17.53714028624,11.315062222137,
    -2.19641989097));
#2223 = CARTESIAN_POINT('',(17.527235121279,11.318687047277,
    -2.210705233827));
#2224 = CARTESIAN_POINT('',(17.51783247318,11.322085929147,
    -2.22526379636));
#2225 = CARTESIAN_POINT('',(17.508956361226,11.32525840868,
    -2.240083059778));
#2226 = CARTESIAN_POINT('',(17.49526493652,11.330102487178,
    -2.264855650787));
#2227 = CARTESIAN_POINT('',(17.490128630591,11.3319063621,
    -2.274663945129));
#2228 = CARTESIAN_POINT('',(17.485226948273,11.333615969687,
    -2.284569852949));
#2229 = CARTESIAN_POINT('',(17.48056586089,11.335231222232,
    -2.294568851083));
#2230 = CARTESIAN_POINT('',(17.476151014536,11.336752058875,
    -2.304656070787));
#2231 = CARTESIAN_POINT('',(17.471987730072,11.338178445613,
    -2.314826297728));
#2232 = CARTESIAN_POINT('',(17.458892633821,11.342642987819,
    -2.349175839642));
#2233 = CARTESIAN_POINT('',(17.451121429546,11.345253655415,
    -2.373711283691));
#2234 = CARTESIAN_POINT('',(17.444834866938,11.347341307967,
    -2.398602036026));
#2235 = CARTESIAN_POINT('',(17.440084468565,11.348906234086,
    -2.423765091687));
#2236 = CARTESIAN_POINT('',(17.436905290323,11.349949276724,
    -2.449113329043));
#2237 = CARTESIAN_POINT('',(17.435315408831,11.350471028796,
    -2.474556129966));
#2238 = CARTESIAN_POINT('',(17.435315408831,11.350471028796,
    -2.525148476743));
#2239 = CARTESIAN_POINT('',(17.436868585307,11.349961325131,
    -2.550295949639));
#2240 = CARTESIAN_POINT('',(17.439974392613,11.348942348962,
    -2.575352148322));
#2241 = CARTESIAN_POINT('',(17.444615579166,11.347413541076,
    -2.600229521502));
#2242 = CARTESIAN_POINT('',(17.450758665795,11.345374103333,
    -2.624843821976));
#2243 = CARTESIAN_POINT('',(17.458354424087,11.342823750115,
    -2.64911469164));
#2244 = CARTESIAN_POINT('',(17.471205790389,11.33844605468,
    -2.683233951939));
#2245 = CARTESIAN_POINT('',(17.475330825566,11.337034054414,
    -2.693424857721));
#2246 = CARTESIAN_POINT('',(17.479708498071,11.335527464097,
    -2.703533357123));
#2247 = CARTESIAN_POINT('',(17.484333515235,11.33392631538,
    -2.713554188408));
#2248 = CARTESIAN_POINT('',(17.489200253927,11.33223066644,
    -2.723482434832));
#2249 = CARTESIAN_POINT('',(17.494302760549,11.330440601979,
    -2.733313524641));
#2250 = CARTESIAN_POINT('',(17.507915675786,11.325629687148,
    -2.758154092014));
#2251 = CARTESIAN_POINT('',(17.516749357766,11.322476081472,
    -2.77301882842));
#2252 = CARTESIAN_POINT('',(17.526113008351,11.319095432787,
    -2.787623352848));
#2253 = CARTESIAN_POINT('',(17.53598257942,11.315488189613,
    -2.801954947467));
#2254 = CARTESIAN_POINT('',(17.546332763354,11.311655232402,
    -2.816002264058));
#2255 = CARTESIAN_POINT('',(17.557136993042,11.307597873532,
    -2.829755324009));
#2256 = CARTESIAN_POINT('',(17.588138598821,11.295782907144,
    -2.866884527652));
#2257 = CARTESIAN_POINT('',(17.609222432528,11.287561413125,
    -2.889614740199));
#2258 = CARTESIAN_POINT('',(17.631486328831,11.278657134242,
    -2.911374843878));
#2259 = CARTESIAN_POINT('',(17.654796537689,11.269076276052,
    -2.932152341535));
#2260 = CARTESIAN_POINT('',(17.679019144662,11.258828990646,
    -2.951942991789));
#2261 = CARTESIAN_POINT('',(17.704021042388,11.247930876611,
    -2.970750249877));
#2262 = CARTESIAN_POINT('',(17.760666398183,11.222475887667,
    -3.010136011305));
#2263 = CARTESIAN_POINT('',(17.792611299973,11.207628405398,
    -3.030269048938));
#2264 = CARTESIAN_POINT('',(17.82532524885,11.191878007167,
    -3.049036641188));
#2265 = CARTESIAN_POINT('',(17.858642048153,11.175245768351,
    -3.066494094488));
#2266 = CARTESIAN_POINT('',(17.892409400349,11.157757746505,
    -3.082698372712));
#2267 = CARTESIAN_POINT('',(17.926488644238,11.139444863142,
    -3.097707267968));
#2268 = CARTESIAN_POINT('',(17.986183328884,11.106167049553,
    -3.121872526794));
#2269 = CARTESIAN_POINT('',(18.011722399754,11.091552331734,
    -3.131543015449));
#2270 = CARTESIAN_POINT('',(18.037330055508,11.076507759771,
    -3.140616599199));
#2271 = CARTESIAN_POINT('',(18.062968190209,11.061042712413,
    -3.149118345181));
#2272 = CARTESIAN_POINT('',(18.088602241248,11.045166819447,
    -3.15707182583));
#2273 = CARTESIAN_POINT('',(18.114201189347,11.028889961698,
    -3.164499118887));
#2274 = CARTESIAN_POINT('',(18.212250981914,10.964892468588,
    -3.191075728766));
#2275 = CARTESIAN_POINT('',(18.284255180356,10.914412861502,
    -3.206652651448));
#2276 = CARTESIAN_POINT('',(18.355173679343,10.860972157909,
    -3.218638391513));
#2277 = CARTESIAN_POINT('',(18.424604212833,10.804761460804,
    -3.227390606039));
#2278 = CARTESIAN_POINT('',(18.492253741198,10.745961637434,
    -3.233146137677));
#2279 = CARTESIAN_POINT('',(18.557891537707,10.684749149413,
    -3.236024166057));
#2280 = CARTESIAN_POINT('',(18.667189903533,10.575450783586,
    -3.236024166057));
#2281 = CARTESIAN_POINT('',(18.711900951668,10.528425038181,
    -3.234519121462));
#2282 = CARTESIAN_POINT('',(18.755379000682,10.480319312609,
    -3.231508860663));
#2283 = CARTESIAN_POINT('',(18.797553823153,10.431217108109,
    -3.226961254639));
#2284 = CARTESIAN_POINT('',(18.838357317102,10.38121716927,
    -3.22081161343));
#2285 = CARTESIAN_POINT('',(18.877721371585,10.330441431399,
    -3.212962082623));
#2286 = CARTESIAN_POINT('',(18.948498895227,10.234340060277,
    -3.194861123508));
#2287 = CARTESIAN_POINT('',(18.980284421402,10.18916055086,
    -3.185054822675));
#2288 = CARTESIAN_POINT('',(19.010883409533,10.143608860371,
    -3.173774829932));
#2289 = CARTESIAN_POINT('',(19.040242124451,10.097815459241,
    -3.160917045708));
#2290 = CARTESIAN_POINT('',(19.068305616887,10.05194039381,
    -3.146360316618));
#2291 = CARTESIAN_POINT('',(19.095021343269,10.00617681253,
    -3.129966173825));
#2292 = CARTESIAN_POINT('',(19.139444863142,9.926488644238,
    -3.097707267968));
#2293 = CARTESIAN_POINT('',(19.157757746505,9.892409400349,
    -3.082698372712));
#2294 = CARTESIAN_POINT('',(19.175245768351,9.858642048153,
    -3.066494094488));
#2295 = CARTESIAN_POINT('',(19.191878007167,9.82532524885,
    -3.049036641188));
#2296 = CARTESIAN_POINT('',(19.207628405398,9.792611299973,
    -3.030269048938));
#2297 = CARTESIAN_POINT('',(19.222475887667,9.760666398183,
    -3.010136011305));
#2298 = CARTESIAN_POINT('',(19.247930876611,9.704021042388,
    -2.970750249877));
#2299 = CARTESIAN_POINT('',(19.258828990646,9.679019144662,
    -2.951942991789));
#2300 = CARTESIAN_POINT('',(19.269076276052,9.654796537689,
    -2.932152341535));
#2301 = CARTESIAN_POINT('',(19.278657134242,9.631486328831,
    -2.911374843878));
#2302 = CARTESIAN_POINT('',(19.287561413125,9.609222432528,
    -2.889614740199));
#2303 = CARTESIAN_POINT('',(19.295782907144,9.588138598821,
    -2.866884527652));
#2304 = CARTESIAN_POINT('',(19.307597873029,9.557136994363,
    -2.829755325591));
#2305 = CARTESIAN_POINT('',(19.311655232273,9.54633276366,
    -2.816002264153));
#2306 = CARTESIAN_POINT('',(19.315488189917,9.535982578578,
    -2.801954946092));
#2307 = CARTESIAN_POINT('',(19.319095433156,9.526113007366,
    -2.787623351542));
#2308 = CARTESIAN_POINT('',(19.322476081506,9.516749357713,
    -2.773018828688));
#2309 = CARTESIAN_POINT('',(19.325629686808,9.507915676747,
    -2.758154093769));
#2310 = CARTESIAN_POINT('',(19.330440601979,9.494302760549,
    -2.733313524641));
#2311 = CARTESIAN_POINT('',(19.33223066644,9.489200253927,
    -2.723482434832));
#2312 = CARTESIAN_POINT('',(19.33392631538,9.484333515235,
    -2.713554188408));
#2313 = CARTESIAN_POINT('',(19.335527464097,9.479708498071,
    -2.703533357123));
#2314 = CARTESIAN_POINT('',(19.337034054414,9.475330825566,
    -2.693424857721));
#2315 = CARTESIAN_POINT('',(19.33844605468,9.471205790389,
    -2.683233951939));
#2316 = CARTESIAN_POINT('',(19.342823750115,9.458354424087,
    -2.64911469164));
#2317 = CARTESIAN_POINT('',(19.345374103333,9.450758665795,
    -2.624843821976));
#2318 = CARTESIAN_POINT('',(19.347413541076,9.444615579166,
    -2.600229521502));
#2319 = CARTESIAN_POINT('',(19.348942348962,9.439974392613,
    -2.575352148322));
#2320 = CARTESIAN_POINT('',(19.349961325131,9.436868585307,
    -2.550295949639));
#2321 = CARTESIAN_POINT('',(19.350471028796,9.435315408831,
    -2.525148476743));
#2322 = CARTESIAN_POINT('',(19.350471028796,9.435315408831,
    -2.474556129966));
#2323 = CARTESIAN_POINT('',(19.349949276724,9.436905290323,
    -2.449113329043));
#2324 = CARTESIAN_POINT('',(19.348906234086,9.440084468565,
    -2.423765091687));
#2325 = CARTESIAN_POINT('',(19.347341307967,9.444834866938,
    -2.398602036026));
#2326 = CARTESIAN_POINT('',(19.345253655415,9.451121429546,
    -2.373711283691));
#2327 = CARTESIAN_POINT('',(19.342642987819,9.458892633821,
    -2.349175839642));
#2328 = CARTESIAN_POINT('',(19.338178445613,9.471987730072,
    -2.314826297728));
#2329 = CARTESIAN_POINT('',(19.336752058875,9.476151014536,
    -2.304656070787));
#2330 = CARTESIAN_POINT('',(19.335231222232,9.48056586089,
    -2.294568851083));
#2331 = CARTESIAN_POINT('',(19.333615969687,9.485226948273,
    -2.284569852949));
#2332 = CARTESIAN_POINT('',(19.3319063621,9.490128630591,-2.274663945129
    ));
#2333 = CARTESIAN_POINT('',(19.330102487178,9.49526493652,
    -2.264855650787));
#2334 = CARTESIAN_POINT('',(19.32525840868,9.508956361226,
    -2.240083059778));
#2335 = CARTESIAN_POINT('',(19.322085929147,9.51783247318,-2.22526379636
    ));
#2336 = CARTESIAN_POINT('',(19.318687047277,9.527235121279,
    -2.210705233827));
#2337 = CARTESIAN_POINT('',(19.315062222137,9.53714028624,-2.19641989097
    ));
#2338 = CARTESIAN_POINT('',(19.311212345471,9.547522713584,
    -2.18241892879));
#2339 = CARTESIAN_POINT('',(19.307138741698,9.558355913636,
    -2.168712150492));
#2340 = CARTESIAN_POINT('',(19.295294287097,9.589393470845,
    -2.131752051056));
#2341 = CARTESIAN_POINT('',(19.287063394297,9.610473080491,
    -2.109140632331));
#2342 = CARTESIAN_POINT('',(19.278154275476,9.632719628676,
    -2.087494256773));
#2343 = CARTESIAN_POINT('',(19.268573154743,9.65600073537,-2.06682479017
    ));
#2344 = CARTESIAN_POINT('',(19.258330156574,9.680183949446,
    -2.047136003906));
#2345 = CARTESIAN_POINT('',(19.247440768028,9.705137695826,
    -2.028424126219));
#2346 = CARTESIAN_POINT('',(19.222072920712,9.761530617669,
    -1.989324605897));
#2347 = CARTESIAN_POINT('',(19.207313410561,9.7932601461,-1.969367464417
    ));
#2348 = CARTESIAN_POINT('',(19.191664483304,9.825744662301,
    -1.950755169722));
#2349 = CARTESIAN_POINT('',(19.175146802402,9.85882178064,-1.93343353718
    ));
#2350 = CARTESIAN_POINT('',(19.157785863895,9.892342620716,
    -1.917346794102));
#2351 = CARTESIAN_POINT('',(19.139611878304,9.926171552609,
    -1.90243837702));
#2352 = CARTESIAN_POINT('',(19.066196685631,10.057933013783,
    -1.849033070651));
#2353 = CARTESIAN_POINT('',(19.005307004332,10.157210760776,
    -1.81867876411));
#2354 = CARTESIAN_POINT('',(18.938459147339,10.25573928796,
    -1.795998527108));
#2355 = CARTESIAN_POINT('',(18.866170580413,10.352163169914,
    -1.779784511294));
#2356 = CARTESIAN_POINT('',(18.788921453394,10.44561594461,
    -1.769245755765));
#2357 = CARTESIAN_POINT('',(18.707152238408,10.535488448711,
    -1.763975833943));
#2358 = CARTESIAN_POINT('',(18.62132034356,10.62132034356,
    -1.763975833943));
#2359 = CYLINDRICAL_SURFACE('',#2360,1.);
#2360 = AXIS2_PLACEMENT_3D('',#2361,#2362,#2363);
#2361 = CARTESIAN_POINT('',(22.307106781187,7.892893218813,-2.5));
#2362 = DIRECTION('',(0.707106781187,-0.707106781187,-2.22044604925E-16)
  );
#2363 = DIRECTION('',(0.707106781187,0.707106781187,0.));
#2364 = ADVANCED_FACE('',(#2365),#2392,.T.);
#2365 = FACE_BOUND('',#2366,.T.);
#2366 = EDGE_LOOP('',(#2367,#2368,#2369,#2370,#2371,#2377,#2378,#2386));
#2367 = ORIENTED_EDGE('',*,*,#1805,.F.);
#2368 = ORIENTED_EDGE('',*,*,#2189,.F.);
#2369 = ORIENTED_EDGE('',*,*,#1339,.F.);
#2370 = ORIENTED_EDGE('',*,*,#1405,.F.);
#2371 = ORIENTED_EDGE('',*,*,#2372,.F.);
#2372 = EDGE_CURVE('',#1573,#1397,#2373,.T.);
#2373 = LINE('',#2374,#2375);
#2374 = CARTESIAN_POINT('',(18.8,11.4,0.));
#2375 = VECTOR('',#2376,1.);
#2376 = DIRECTION('',(0.,0.,1.));
#2377 = ORIENTED_EDGE('',*,*,#1572,.F.);
#2378 = ORIENTED_EDGE('',*,*,#2379,.T.);
#2379 = EDGE_CURVE('',#1564,#2380,#2382,.T.);
#2380 = VERTEX_POINT('',#2381);
#2381 = CARTESIAN_POINT('',(19.4,10.8,1.));
#2382 = LINE('',#2383,#2384);
#2383 = CARTESIAN_POINT('',(19.4,10.8,0.));
#2384 = VECTOR('',#2385,1.);
#2385 = DIRECTION('',(0.,0.,1.));
#2386 = ORIENTED_EDGE('',*,*,#2387,.F.);
#2387 = EDGE_CURVE('',#1755,#2380,#2388,.T.);
#2388 = LINE('',#2389,#2390);
#2389 = CARTESIAN_POINT('',(18.446911275531,11.753088724469,1.));
#2390 = VECTOR('',#2391,1.);
#2391 = DIRECTION('',(-0.707106781187,0.707106781187,0.));
#2392 = PLANE('',#2393);
#2393 = AXIS2_PLACEMENT_3D('',#2394,#2395,#2396);
#2394 = CARTESIAN_POINT('',(22.307106781187,7.892893218813,-3.5));
#2395 = DIRECTION('',(0.707106781187,0.707106781187,0.));
#2396 = DIRECTION('',(0.,0.,1.));
#2397 = ADVANCED_FACE('',(#2398),#2409,.F.);
#2398 = FACE_BOUND('',#2399,.F.);
#2399 = EDGE_LOOP('',(#2400,#2401,#2402,#2408));
#2400 = ORIENTED_EDGE('',*,*,#2372,.F.);
#2401 = ORIENTED_EDGE('',*,*,#1580,.T.);
#2402 = ORIENTED_EDGE('',*,*,#2403,.T.);
#2403 = EDGE_CURVE('',#1581,#1389,#2404,.T.);
#2404 = LINE('',#2405,#2406);
#2405 = CARTESIAN_POINT('',(17.,12.,0.));
#2406 = VECTOR('',#2407,1.);
#2407 = DIRECTION('',(0.,0.,1.));
#2408 = ORIENTED_EDGE('',*,*,#1396,.F.);
#2409 = CYLINDRICAL_SURFACE('',#2410,3.);
#2410 = AXIS2_PLACEMENT_3D('',#2411,#2412,#2413);
#2411 = CARTESIAN_POINT('',(17.,9.,0.));
#2412 = DIRECTION('',(0.,0.,1.));
#2413 = DIRECTION('',(1.,0.,0.));
#2414 = ADVANCED_FACE('',(#2415),#2421,.F.);
#2415 = FACE_BOUND('',#2416,.F.);
#2416 = EDGE_LOOP('',(#2417,#2418,#2419,#2420));
#2417 = ORIENTED_EDGE('',*,*,#1589,.F.);
#2418 = ORIENTED_EDGE('',*,*,#1430,.T.);
#2419 = ORIENTED_EDGE('',*,*,#1388,.F.);
#2420 = ORIENTED_EDGE('',*,*,#2403,.F.);
#2421 = PLANE('',#2422);
#2422 = AXIS2_PLACEMENT_3D('',#2423,#2424,#2425);
#2423 = CARTESIAN_POINT('',(-20.,12.,0.));
#2424 = DIRECTION('',(0.,1.,0.));
#2425 = DIRECTION('',(0.,0.,1.));
#2426 = ADVANCED_FACE('',(#2427),#2446,.F.);
#2427 = FACE_BOUND('',#2428,.F.);
#2428 = EDGE_LOOP('',(#2429,#2437,#2438,#2439));
#2429 = ORIENTED_EDGE('',*,*,#2430,.F.);
#2430 = EDGE_CURVE('',#1556,#2431,#2433,.T.);
#2431 = VERTEX_POINT('',#2432);
#2432 = CARTESIAN_POINT('',(20.,9.,1.));
#2433 = LINE('',#2434,#2435);
#2434 = CARTESIAN_POINT('',(20.,9.,0.));
#2435 = VECTOR('',#2436,1.);
#2436 = DIRECTION('',(0.,0.,1.));
#2437 = ORIENTED_EDGE('',*,*,#1563,.T.);
#2438 = ORIENTED_EDGE('',*,*,#2379,.T.);
#2439 = ORIENTED_EDGE('',*,*,#2440,.F.);
#2440 = EDGE_CURVE('',#2431,#2380,#2441,.T.);
#2441 = CIRCLE('',#2442,3.);
#2442 = AXIS2_PLACEMENT_3D('',#2443,#2444,#2445);
#2443 = CARTESIAN_POINT('',(17.,9.,1.));
#2444 = DIRECTION('',(0.,0.,1.));
#2445 = DIRECTION('',(1.,0.,0.));
#2446 = CYLINDRICAL_SURFACE('',#2447,3.);
#2447 = AXIS2_PLACEMENT_3D('',#2448,#2449,#2450);
#2448 = CARTESIAN_POINT('',(17.,9.,0.));
#2449 = DIRECTION('',(0.,0.,1.));
#2450 = DIRECTION('',(1.,0.,0.));
#2451 = ADVANCED_FACE('',(#2452),#2470,.F.);
#2452 = FACE_BOUND('',#2453,.F.);
#2453 = EDGE_LOOP('',(#2454,#2462,#2468,#2469));
#2454 = ORIENTED_EDGE('',*,*,#2455,.F.);
#2455 = EDGE_CURVE('',#2456,#2431,#2458,.T.);
#2456 = VERTEX_POINT('',#2457);
#2457 = CARTESIAN_POINT('',(20.,-9.,1.));
#2458 = LINE('',#2459,#2460);
#2459 = CARTESIAN_POINT('',(20.,-12.5,1.));
#2460 = VECTOR('',#2461,1.);
#2461 = DIRECTION('',(0.,1.,0.));
#2462 = ORIENTED_EDGE('',*,*,#2463,.F.);
#2463 = EDGE_CURVE('',#1547,#2456,#2464,.T.);
#2464 = LINE('',#2465,#2466);
#2465 = CARTESIAN_POINT('',(20.,-9.,0.));
#2466 = VECTOR('',#2467,1.);
#2467 = DIRECTION('',(0.,0.,1.));
#2468 = ORIENTED_EDGE('',*,*,#1555,.T.);
#2469 = ORIENTED_EDGE('',*,*,#2430,.T.);
#2470 = PLANE('',#2471);
#2471 = AXIS2_PLACEMENT_3D('',#2472,#2473,#2474);
#2472 = CARTESIAN_POINT('',(20.,-12.,0.));
#2473 = DIRECTION('',(1.,0.,0.));
#2474 = DIRECTION('',(0.,0.,1.));
#2475 = ADVANCED_FACE('',(#2476),#2495,.F.);
#2476 = FACE_BOUND('',#2477,.T.);
#2477 = EDGE_LOOP('',(#2478,#2479,#2480,#2488));
#2478 = ORIENTED_EDGE('',*,*,#2463,.F.);
#2479 = ORIENTED_EDGE('',*,*,#1546,.T.);
#2480 = ORIENTED_EDGE('',*,*,#2481,.T.);
#2481 = EDGE_CURVE('',#1539,#2482,#2484,.T.);
#2482 = VERTEX_POINT('',#2483);
#2483 = CARTESIAN_POINT('',(19.4,-10.8,1.));
#2484 = LINE('',#2485,#2486);
#2485 = CARTESIAN_POINT('',(19.4,-10.8,0.));
#2486 = VECTOR('',#2487,1.);
#2487 = DIRECTION('',(0.,0.,1.));
#2488 = ORIENTED_EDGE('',*,*,#2489,.T.);
#2489 = EDGE_CURVE('',#2482,#2456,#2490,.T.);
#2490 = CIRCLE('',#2491,3.);
#2491 = AXIS2_PLACEMENT_3D('',#2492,#2493,#2494);
#2492 = CARTESIAN_POINT('',(17.,-9.,1.));
#2493 = DIRECTION('',(0.,0.,1.));
#2494 = DIRECTION('',(1.,0.,0.));
#2495 = CYLINDRICAL_SURFACE('',#2496,3.);
#2496 = AXIS2_PLACEMENT_3D('',#2497,#2498,#2499);
#2497 = CARTESIAN_POINT('',(17.,-9.,0.));
#2498 = DIRECTION('',(0.,0.,1.));
#2499 = DIRECTION('',(1.,0.,0.));
#2500 = ADVANCED_FACE('',(#2501),#2542,.T.);
#2501 = FACE_BOUND('',#2502,.T.);
#2502 = EDGE_LOOP('',(#2503,#2504,#2510,#2511,#2517,#2518,#2519,#2527,
    #2535));
#2503 = ORIENTED_EDGE('',*,*,#1663,.T.);
#2504 = ORIENTED_EDGE('',*,*,#2505,.F.);
#2505 = EDGE_CURVE('',#1763,#1664,#2506,.T.);
#2506 = LINE('',#2507,#2508);
#2507 = CARTESIAN_POINT('',(15.892893218813,-14.30710678118,-1.5));
#2508 = VECTOR('',#2509,1.);
#2509 = DIRECTION('',(-0.707106781187,-0.707106781187,-2.22044604925E-16
    ));
#2510 = ORIENTED_EDGE('',*,*,#1762,.F.);
#2511 = ORIENTED_EDGE('',*,*,#2512,.F.);
#2512 = EDGE_CURVE('',#2482,#1753,#2513,.T.);
#2513 = LINE('',#2514,#2515);
#2514 = CARTESIAN_POINT('',(18.642120041307,-11.55787995869,1.));
#2515 = VECTOR('',#2516,1.);
#2516 = DIRECTION('',(0.707106781187,0.707106781187,-0.));
#2517 = ORIENTED_EDGE('',*,*,#2481,.F.);
#2518 = ORIENTED_EDGE('',*,*,#1538,.F.);
#2519 = ORIENTED_EDGE('',*,*,#2520,.T.);
#2520 = EDGE_CURVE('',#1530,#2521,#2523,.T.);
#2521 = VERTEX_POINT('',#2522);
#2522 = CARTESIAN_POINT('',(18.8,-11.4,1.));
#2523 = LINE('',#2524,#2525);
#2524 = CARTESIAN_POINT('',(18.8,-11.4,0.));
#2525 = VECTOR('',#2526,1.);
#2526 = DIRECTION('',(0.,0.,1.));
#2527 = ORIENTED_EDGE('',*,*,#2528,.F.);
#2528 = EDGE_CURVE('',#2529,#2521,#2531,.T.);
#2529 = VERTEX_POINT('',#2530);
#2530 = CARTESIAN_POINT('',(17.35677914902,-12.84322085098,1.));
#2531 = LINE('',#2532,#2533);
#2532 = CARTESIAN_POINT('',(18.642120041307,-11.55787995869,1.));
#2533 = VECTOR('',#2534,1.);
#2534 = DIRECTION('',(0.707106781187,0.707106781187,-0.));
#2535 = ORIENTED_EDGE('',*,*,#2536,.F.);
#2536 = EDGE_CURVE('',#1655,#2529,#2537,.T.);
#2537 = CIRCLE('',#2538,4.959334632791);
#2538 = AXIS2_PLACEMENT_3D('',#2539,#2540,#2541);
#2539 = CARTESIAN_POINT('',(13.85,-16.35,1.));
#2540 = DIRECTION('',(0.707106781187,-0.707106781187,0.));
#2541 = DIRECTION('',(0.707106781187,0.707106781187,0.));
#2542 = PLANE('',#2543);
#2543 = AXIS2_PLACEMENT_3D('',#2544,#2545,#2546);
#2544 = CARTESIAN_POINT('',(15.892893218813,-14.30710678118,-3.5));
#2545 = DIRECTION('',(0.707106781187,-0.707106781187,0.));
#2546 = DIRECTION('',(0.,0.,1.));
#2547 = ADVANCED_FACE('',(#2548),#2567,.F.);
#2548 = FACE_BOUND('',#2549,.T.);
#2549 = EDGE_LOOP('',(#2550,#2551,#2552,#2560));
#2550 = ORIENTED_EDGE('',*,*,#2520,.F.);
#2551 = ORIENTED_EDGE('',*,*,#1529,.T.);
#2552 = ORIENTED_EDGE('',*,*,#2553,.T.);
#2553 = EDGE_CURVE('',#1522,#2554,#2556,.T.);
#2554 = VERTEX_POINT('',#2555);
#2555 = CARTESIAN_POINT('',(17.,-12.,1.));
#2556 = LINE('',#2557,#2558);
#2557 = CARTESIAN_POINT('',(17.,-12.,0.));
#2558 = VECTOR('',#2559,1.);
#2559 = DIRECTION('',(0.,0.,1.));
#2560 = ORIENTED_EDGE('',*,*,#2561,.T.);
#2561 = EDGE_CURVE('',#2554,#2521,#2562,.T.);
#2562 = CIRCLE('',#2563,3.);
#2563 = AXIS2_PLACEMENT_3D('',#2564,#2565,#2566);
#2564 = CARTESIAN_POINT('',(17.,-9.,1.));
#2565 = DIRECTION('',(0.,0.,1.));
#2566 = DIRECTION('',(1.,0.,0.));
#2567 = CYLINDRICAL_SURFACE('',#2568,3.);
#2568 = AXIS2_PLACEMENT_3D('',#2569,#2570,#2571);
#2569 = CARTESIAN_POINT('',(17.,-9.,0.));
#2570 = DIRECTION('',(0.,0.,1.));
#2571 = DIRECTION('',(1.,0.,0.));
#2572 = ADVANCED_FACE('',(#2573),#2591,.T.);
#2573 = FACE_BOUND('',#2574,.T.);
#2574 = EDGE_LOOP('',(#2575,#2576,#2584,#2590));
#2575 = ORIENTED_EDGE('',*,*,#1521,.F.);
#2576 = ORIENTED_EDGE('',*,*,#2577,.F.);
#2577 = EDGE_CURVE('',#2578,#1514,#2580,.T.);
#2578 = VERTEX_POINT('',#2579);
#2579 = CARTESIAN_POINT('',(16.2,-12.,1.));
#2580 = LINE('',#2581,#2582);
#2581 = CARTESIAN_POINT('',(16.2,-12.,-0.25));
#2582 = VECTOR('',#2583,1.);
#2583 = DIRECTION('',(0.,0.,-1.));
#2584 = ORIENTED_EDGE('',*,*,#2585,.F.);
#2585 = EDGE_CURVE('',#2554,#2578,#2586,.T.);
#2586 = LINE('',#2587,#2588);
#2587 = CARTESIAN_POINT('',(-20.5,-12.,1.));
#2588 = VECTOR('',#2589,1.);
#2589 = DIRECTION('',(-1.,0.,0.));
#2590 = ORIENTED_EDGE('',*,*,#2553,.F.);
#2591 = PLANE('',#2592);
#2592 = AXIS2_PLACEMENT_3D('',#2593,#2594,#2595);
#2593 = CARTESIAN_POINT('',(-20.,-12.,0.));
#2594 = DIRECTION('',(0.,1.,0.));
#2595 = DIRECTION('',(0.,0.,1.));
#2596 = ADVANCED_FACE('',(#2597),#2631,.F.);
#2597 = FACE_BOUND('',#2598,.F.);
#2598 = EDGE_LOOP('',(#2599,#2609,#2617,#2623,#2624,#2625));
#2599 = ORIENTED_EDGE('',*,*,#2600,.F.);
#2600 = EDGE_CURVE('',#2601,#2603,#2605,.T.);
#2601 = VERTEX_POINT('',#2602);
#2602 = CARTESIAN_POINT('',(16.2,-12.1,-0.5));
#2603 = VERTEX_POINT('',#2604);
#2604 = CARTESIAN_POINT('',(16.2,-12.1,1.));
#2605 = LINE('',#2606,#2607);
#2606 = CARTESIAN_POINT('',(16.2,-12.1,-0.5));
#2607 = VECTOR('',#2608,1.);
#2608 = DIRECTION('',(0.,0.,1.));
#2609 = ORIENTED_EDGE('',*,*,#2610,.T.);
#2610 = EDGE_CURVE('',#2601,#2611,#2613,.T.);
#2611 = VERTEX_POINT('',#2612);
#2612 = CARTESIAN_POINT('',(16.2,-11.5,-0.5));
#2613 = LINE('',#2614,#2615);
#2614 = CARTESIAN_POINT('',(16.2,-12.1,-0.5));
#2615 = VECTOR('',#2616,1.);
#2616 = DIRECTION('',(0.,1.,0.));
#2617 = ORIENTED_EDGE('',*,*,#2618,.F.);
#2618 = EDGE_CURVE('',#1506,#2611,#2619,.T.);
#2619 = LINE('',#2620,#2621);
#2620 = CARTESIAN_POINT('',(16.2,-11.5,-2.));
#2621 = VECTOR('',#2622,1.);
#2622 = DIRECTION('',(0.,0.,-1.));
#2623 = ORIENTED_EDGE('',*,*,#1513,.F.);
#2624 = ORIENTED_EDGE('',*,*,#2577,.F.);
#2625 = ORIENTED_EDGE('',*,*,#2626,.F.);
#2626 = EDGE_CURVE('',#2603,#2578,#2627,.T.);
#2627 = LINE('',#2628,#2629);
#2628 = CARTESIAN_POINT('',(16.2,-12.1,1.));
#2629 = VECTOR('',#2630,1.);
#2630 = DIRECTION('',(0.,1.,0.));
#2631 = PLANE('',#2632);
#2632 = AXIS2_PLACEMENT_3D('',#2633,#2634,#2635);
#2633 = CARTESIAN_POINT('',(16.2,-12.1,-0.5));
#2634 = DIRECTION('',(1.,0.,0.));
#2635 = DIRECTION('',(0.,0.,1.));
#2636 = ADVANCED_FACE('',(#2637),#2664,.T.);
#2637 = FACE_BOUND('',#2638,.T.);
#2638 = EDGE_LOOP('',(#2639,#2640,#2641,#2642,#2650,#2656,#2657,#2658));
#2639 = ORIENTED_EDGE('',*,*,#2088,.F.);
#2640 = ORIENTED_EDGE('',*,*,#1906,.T.);
#2641 = ORIENTED_EDGE('',*,*,#1960,.T.);
#2642 = ORIENTED_EDGE('',*,*,#2643,.T.);
#2643 = EDGE_CURVE('',#1953,#2644,#2646,.T.);
#2644 = VERTEX_POINT('',#2645);
#2645 = CARTESIAN_POINT('',(12.4,-11.5,-0.5));
#2646 = LINE('',#2647,#2648);
#2647 = CARTESIAN_POINT('',(12.4,-11.5,-2.));
#2648 = VECTOR('',#2649,1.);
#2649 = DIRECTION('',(0.,0.,-1.));
#2650 = ORIENTED_EDGE('',*,*,#2651,.T.);
#2651 = EDGE_CURVE('',#2644,#2611,#2652,.T.);
#2652 = LINE('',#2653,#2654);
#2653 = CARTESIAN_POINT('',(-3.55,-11.5,-0.5));
#2654 = VECTOR('',#2655,1.);
#2655 = DIRECTION('',(1.,0.,0.));
#2656 = ORIENTED_EDGE('',*,*,#2618,.F.);
#2657 = ORIENTED_EDGE('',*,*,#1505,.T.);
#2658 = ORIENTED_EDGE('',*,*,#2659,.F.);
#2659 = EDGE_CURVE('',#2089,#1497,#2660,.T.);
#2660 = LINE('',#2661,#2662);
#2661 = CARTESIAN_POINT('',(16.5,-11.5,-3.5));
#2662 = VECTOR('',#2663,1.);
#2663 = DIRECTION('',(0.,0.,1.));
#2664 = PLANE('',#2665);
#2665 = AXIS2_PLACEMENT_3D('',#2666,#2667,#2668);
#2666 = CARTESIAN_POINT('',(-19.5,-11.5,-3.5));
#2667 = DIRECTION('',(0.,1.,0.));
#2668 = DIRECTION('',(0.,0.,1.));
#2669 = ADVANCED_FACE('',(#2670,#2681),#2846,.F.);
#2670 = FACE_BOUND('',#2671,.T.);
#2671 = EDGE_LOOP('',(#2672,#2678,#2679,#2680));
#2672 = ORIENTED_EDGE('',*,*,#2673,.F.);
#2673 = EDGE_CURVE('',#2097,#1489,#2674,.T.);
#2674 = LINE('',#2675,#2676);
#2675 = CARTESIAN_POINT('',(19.5,-8.5,-3.5));
#2676 = VECTOR('',#2677,1.);
#2677 = DIRECTION('',(0.,0.,1.));
#2678 = ORIENTED_EDGE('',*,*,#2096,.T.);
#2679 = ORIENTED_EDGE('',*,*,#2659,.T.);
#2680 = ORIENTED_EDGE('',*,*,#1496,.T.);
#2681 = FACE_BOUND('',#2682,.T.);
#2682 = EDGE_LOOP('',(#2683));
#2683 = ORIENTED_EDGE('',*,*,#2684,.F.);
#2684 = EDGE_CURVE('',#2685,#2685,#2687,.T.);
#2685 = VERTEX_POINT('',#2686);
#2686 = CARTESIAN_POINT('',(18.62132034356,-10.62132034356,
    -1.763975833943));
#2687 = B_SPLINE_CURVE_WITH_KNOTS('',7,(#2688,#2689,#2690,#2691,#2692,
    #2693,#2694,#2695,#2696,#2697,#2698,#2699,#2700,#2701,#2702,#2703,
    #2704,#2705,#2706,#2707,#2708,#2709,#2710,#2711,#2712,#2713,#2714,
    #2715,#2716,#2717,#2718,#2719,#2720,#2721,#2722,#2723,#2724,#2725,
    #2726,#2727,#2728,#2729,#2730,#2731,#2732,#2733,#2734,#2735,#2736,
    #2737,#2738,#2739,#2740,#2741,#2742,#2743,#2744,#2745,#2746,#2747,
    #2748,#2749,#2750,#2751,#2752,#2753,#2754,#2755,#2756,#2757,#2758,
    #2759,#2760,#2761,#2762,#2763,#2764,#2765,#2766,#2767,#2768,#2769,
    #2770,#2771,#2772,#2773,#2774,#2775,#2776,#2777,#2778,#2779,#2780,
    #2781,#2782,#2783,#2784,#2785,#2786,#2787,#2788,#2789,#2790,#2791,
    #2792,#2793,#2794,#2795,#2796,#2797,#2798,#2799,#2800,#2801,#2802,
    #2803,#2804,#2805,#2806,#2807,#2808,#2809,#2810,#2811,#2812,#2813,
    #2814,#2815,#2816,#2817,#2818,#2819,#2820,#2821,#2822,#2823,#2824,
    #2825,#2826,#2827,#2828,#2829,#2830,#2831,#2832,#2833,#2834,#2835,
    #2836,#2837,#2838,#2839,#2840,#2841,#2842,#2843,#2844,#2845),
  .UNSPECIFIED.,.T.,.F.,(8,6,6,6,6,6,6,6,6,6,6,6,6,6,6,6,6,6,6,6,6,6,6,6
    ,6,6,8),(0.,0.115906505833,0.156240082797,0.189758674086,
    0.208831909661,0.221120064835,0.250021011728,0.278586430032,
    0.290883376812,0.309981329627,0.343603197498,0.384232132266,
    0.414383046111,0.500000000022,0.585616953932,0.615767867777,
    0.656396802545,0.690018670416,0.709116623231,0.721413570011,
    0.749978988315,0.778879935207,0.791168090382,0.810241325956,
    0.843759917245,0.884093494204,1.),.UNSPECIFIED.);
#2688 = CARTESIAN_POINT('',(18.62132034356,-10.62132034356,
    -1.763975833943));
#2689 = CARTESIAN_POINT('',(18.707152238408,-10.53548844871,
    -1.763975833943));
#2690 = CARTESIAN_POINT('',(18.788921453394,-10.4456159446,
    -1.769245755765));
#2691 = CARTESIAN_POINT('',(18.866170580412,-10.35216316991,
    -1.779784511294));
#2692 = CARTESIAN_POINT('',(18.93845914734,-10.25573928795,
    -1.795998527108));
#2693 = CARTESIAN_POINT('',(19.005307004331,-10.15721076077,
    -1.81867876411));
#2694 = CARTESIAN_POINT('',(19.066196685631,-10.05793301378,
    -1.849033070651));
#2695 = CARTESIAN_POINT('',(19.139611878301,-9.926171552615,
    -1.902438377018));
#2696 = CARTESIAN_POINT('',(19.157785863895,-9.892342620716,
    -1.917346794102));
#2697 = CARTESIAN_POINT('',(19.175146802404,-9.858821780636,
    -1.933433537181));
#2698 = CARTESIAN_POINT('',(19.191664483306,-9.825744662297,
    -1.950755169724));
#2699 = CARTESIAN_POINT('',(19.207313410561,-9.7932601461,
    -1.969367464417));
#2700 = CARTESIAN_POINT('',(19.22207292071,-9.761530617673,
    -1.989324605894));
#2701 = CARTESIAN_POINT('',(19.247440768028,-9.705137695826,
    -2.028424126219));
#2702 = CARTESIAN_POINT('',(19.258330156574,-9.680183949446,
    -2.047136003906));
#2703 = CARTESIAN_POINT('',(19.268573154743,-9.65600073537,
    -2.06682479017));
#2704 = CARTESIAN_POINT('',(19.278154275476,-9.632719628676,
    -2.087494256773));
#2705 = CARTESIAN_POINT('',(19.287063394297,-9.610473080491,
    -2.109140632331));
#2706 = CARTESIAN_POINT('',(19.295294287097,-9.589393470845,
    -2.131752051056));
#2707 = CARTESIAN_POINT('',(19.307138741698,-9.558355913636,
    -2.168712150492));
#2708 = CARTESIAN_POINT('',(19.311212345471,-9.547522713584,
    -2.18241892879));
#2709 = CARTESIAN_POINT('',(19.315062222137,-9.53714028624,
    -2.19641989097));
#2710 = CARTESIAN_POINT('',(19.318687047277,-9.527235121279,
    -2.210705233827));
#2711 = CARTESIAN_POINT('',(19.322085929147,-9.51783247318,
    -2.22526379636));
#2712 = CARTESIAN_POINT('',(19.32525840868,-9.508956361226,
    -2.240083059778));
#2713 = CARTESIAN_POINT('',(19.330102487178,-9.49526493652,
    -2.264855650787));
#2714 = CARTESIAN_POINT('',(19.3319063621,-9.490128630591,
    -2.274663945129));
#2715 = CARTESIAN_POINT('',(19.333615969687,-9.485226948273,
    -2.284569852949));
#2716 = CARTESIAN_POINT('',(19.335231222232,-9.48056586089,
    -2.294568851083));
#2717 = CARTESIAN_POINT('',(19.336752058875,-9.476151014536,
    -2.304656070787));
#2718 = CARTESIAN_POINT('',(19.338178445613,-9.471987730072,
    -2.314826297728));
#2719 = CARTESIAN_POINT('',(19.342642987819,-9.458892633821,
    -2.349175839642));
#2720 = CARTESIAN_POINT('',(19.345253655415,-9.451121429546,
    -2.373711283691));
#2721 = CARTESIAN_POINT('',(19.347341307967,-9.444834866938,
    -2.398602036026));
#2722 = CARTESIAN_POINT('',(19.348906234086,-9.440084468565,
    -2.423765091687));
#2723 = CARTESIAN_POINT('',(19.349949276724,-9.436905290323,
    -2.449113329043));
#2724 = CARTESIAN_POINT('',(19.350471028796,-9.435315408831,
    -2.474556129966));
#2725 = CARTESIAN_POINT('',(19.350471028796,-9.435315408831,
    -2.525148476743));
#2726 = CARTESIAN_POINT('',(19.349961325131,-9.436868585307,
    -2.550295949639));
#2727 = CARTESIAN_POINT('',(19.348942348962,-9.439974392613,
    -2.575352148322));
#2728 = CARTESIAN_POINT('',(19.347413541076,-9.444615579166,
    -2.600229521502));
#2729 = CARTESIAN_POINT('',(19.345374103333,-9.450758665795,
    -2.624843821976));
#2730 = CARTESIAN_POINT('',(19.342823750115,-9.458354424087,
    -2.64911469164));
#2731 = CARTESIAN_POINT('',(19.33844605468,-9.471205790389,
    -2.683233951939));
#2732 = CARTESIAN_POINT('',(19.337034054414,-9.475330825566,
    -2.693424857721));
#2733 = CARTESIAN_POINT('',(19.335527464097,-9.479708498071,
    -2.703533357123));
#2734 = CARTESIAN_POINT('',(19.33392631538,-9.484333515235,
    -2.713554188408));
#2735 = CARTESIAN_POINT('',(19.33223066644,-9.489200253927,
    -2.723482434832));
#2736 = CARTESIAN_POINT('',(19.330440601979,-9.494302760549,
    -2.733313524641));
#2737 = CARTESIAN_POINT('',(19.325629686808,-9.507915676747,
    -2.758154093769));
#2738 = CARTESIAN_POINT('',(19.322476081506,-9.516749357713,
    -2.773018828688));
#2739 = CARTESIAN_POINT('',(19.319095433156,-9.526113007366,
    -2.787623351542));
#2740 = CARTESIAN_POINT('',(19.315488189917,-9.535982578578,
    -2.801954946092));
#2741 = CARTESIAN_POINT('',(19.311655232273,-9.54633276366,
    -2.816002264153));
#2742 = CARTESIAN_POINT('',(19.307597873029,-9.557136994363,
    -2.829755325591));
#2743 = CARTESIAN_POINT('',(19.295782907144,-9.588138598821,
    -2.866884527652));
#2744 = CARTESIAN_POINT('',(19.287561413125,-9.609222432528,
    -2.889614740199));
#2745 = CARTESIAN_POINT('',(19.278657134242,-9.631486328831,
    -2.911374843878));
#2746 = CARTESIAN_POINT('',(19.269076276052,-9.654796537689,
    -2.932152341535));
#2747 = CARTESIAN_POINT('',(19.258828990646,-9.679019144662,
    -2.951942991789));
#2748 = CARTESIAN_POINT('',(19.247930876611,-9.704021042388,
    -2.970750249877));
#2749 = CARTESIAN_POINT('',(19.222475887665,-9.760666398188,
    -3.010136011308));
#2750 = CARTESIAN_POINT('',(19.207628405397,-9.792611299973,
    -3.030269048938));
#2751 = CARTESIAN_POINT('',(19.191878007169,-9.825325248845,
    -3.049036641185));
#2752 = CARTESIAN_POINT('',(19.175245768354,-9.858642048149,
    -3.066494094486));
#2753 = CARTESIAN_POINT('',(19.157757746505,-9.892409400349,
    -3.082698372712));
#2754 = CARTESIAN_POINT('',(19.139444863138,-9.926488644244,
    -3.09770726797));
#2755 = CARTESIAN_POINT('',(19.106167048451,-9.98618333086,
    -3.121872527594));
#2756 = CARTESIAN_POINT('',(19.091552331686,-10.01172239998,
    -3.131543015661));
#2757 = CARTESIAN_POINT('',(19.076507760754,-10.03733005394,
    -3.140616598726));
#2758 = CARTESIAN_POINT('',(19.061042713331,-10.06296818863,
    -3.149118344597));
#2759 = CARTESIAN_POINT('',(19.045166819237,-10.08860224144,
    -3.157071825767));
#2760 = CARTESIAN_POINT('',(19.028889960434,-10.11420119128,
    -3.164499119412));
#2761 = CARTESIAN_POINT('',(18.964892468588,-10.21225098191,
    -3.191075728766));
#2762 = CARTESIAN_POINT('',(18.914412861502,-10.28425518035,
    -3.206652651448));
#2763 = CARTESIAN_POINT('',(18.860972157909,-10.35517367934,
    -3.218638391513));
#2764 = CARTESIAN_POINT('',(18.804761460804,-10.42460421283,
    -3.227390606039));
#2765 = CARTESIAN_POINT('',(18.745961637434,-10.49225374119,
    -3.233146137677));
#2766 = CARTESIAN_POINT('',(18.684749149413,-10.5578915377,
    -3.236024166057));
#2767 = CARTESIAN_POINT('',(18.557891537707,-10.68474914941,
    -3.236024166057));
#2768 = CARTESIAN_POINT('',(18.492253741198,-10.74596163743,
    -3.233146137677));
#2769 = CARTESIAN_POINT('',(18.424604212833,-10.8047614608,
    -3.227390606039));
#2770 = CARTESIAN_POINT('',(18.355173679343,-10.8609721579,
    -3.218638391513));
#2771 = CARTESIAN_POINT('',(18.284255180356,-10.9144128615,
    -3.206652651448));
#2772 = CARTESIAN_POINT('',(18.212250981914,-10.96489246858,
    -3.191075728766));
#2773 = CARTESIAN_POINT('',(18.114201191284,-11.02888996043,
    -3.164499119412));
#2774 = CARTESIAN_POINT('',(18.088602241442,-11.04516681923,
    -3.157071825767));
#2775 = CARTESIAN_POINT('',(18.06296818863,-11.06104271333,
    -3.149118344597));
#2776 = CARTESIAN_POINT('',(18.037330053945,-11.07650776075,
    -3.140616598726));
#2777 = CARTESIAN_POINT('',(18.011722399988,-11.09155233168,
    -3.131543015661));
#2778 = CARTESIAN_POINT('',(17.98618333086,-11.10616704845,
    -3.121872527594));
#2779 = CARTESIAN_POINT('',(17.926488644244,-11.13944486313,
    -3.09770726797));
#2780 = CARTESIAN_POINT('',(17.892409400349,-11.1577577465,
    -3.082698372712));
#2781 = CARTESIAN_POINT('',(17.858642048149,-11.17524576835,
    -3.066494094486));
#2782 = CARTESIAN_POINT('',(17.825325248845,-11.19187800716,
    -3.049036641185));
#2783 = CARTESIAN_POINT('',(17.792611299973,-11.20762840539,
    -3.030269048938));
#2784 = CARTESIAN_POINT('',(17.760666398188,-11.22247588766,
    -3.010136011308));
#2785 = CARTESIAN_POINT('',(17.704021042388,-11.24793087661,
    -2.970750249877));
#2786 = CARTESIAN_POINT('',(17.679019144662,-11.25882899064,
    -2.951942991789));
#2787 = CARTESIAN_POINT('',(17.654796537689,-11.26907627605,
    -2.932152341535));
#2788 = CARTESIAN_POINT('',(17.631486328831,-11.27865713424,
    -2.911374843878));
#2789 = CARTESIAN_POINT('',(17.609222432528,-11.28756141312,
    -2.889614740199));
#2790 = CARTESIAN_POINT('',(17.588138598821,-11.29578290714,
    -2.866884527652));
#2791 = CARTESIAN_POINT('',(17.557136994363,-11.30759787302,
    -2.829755325591));
#2792 = CARTESIAN_POINT('',(17.54633276366,-11.31165523227,
    -2.816002264153));
#2793 = CARTESIAN_POINT('',(17.535982578578,-11.31548818991,
    -2.801954946092));
#2794 = CARTESIAN_POINT('',(17.526113007366,-11.31909543315,
    -2.787623351542));
#2795 = CARTESIAN_POINT('',(17.516749357713,-11.3224760815,
    -2.773018828688));
#2796 = CARTESIAN_POINT('',(17.507915676747,-11.3256296868,
    -2.758154093769));
#2797 = CARTESIAN_POINT('',(17.494302760549,-11.33044060197,
    -2.733313524641));
#2798 = CARTESIAN_POINT('',(17.489200253927,-11.33223066644,
    -2.723482434832));
#2799 = CARTESIAN_POINT('',(17.484333515235,-11.33392631538,
    -2.713554188408));
#2800 = CARTESIAN_POINT('',(17.479708498071,-11.33552746409,
    -2.703533357123));
#2801 = CARTESIAN_POINT('',(17.475330825566,-11.33703405441,
    -2.693424857721));
#2802 = CARTESIAN_POINT('',(17.471205790389,-11.33844605468,
    -2.683233951939));
#2803 = CARTESIAN_POINT('',(17.458354424087,-11.34282375011,
    -2.64911469164));
#2804 = CARTESIAN_POINT('',(17.450758665795,-11.34537410333,
    -2.624843821976));
#2805 = CARTESIAN_POINT('',(17.444615579166,-11.34741354107,
    -2.600229521502));
#2806 = CARTESIAN_POINT('',(17.439974392613,-11.34894234896,
    -2.575352148322));
#2807 = CARTESIAN_POINT('',(17.436868585307,-11.34996132513,
    -2.550295949639));
#2808 = CARTESIAN_POINT('',(17.435315408831,-11.35047102879,
    -2.525148476743));
#2809 = CARTESIAN_POINT('',(17.435315408831,-11.35047102879,
    -2.474556129966));
#2810 = CARTESIAN_POINT('',(17.436905290323,-11.34994927672,
    -2.449113329043));
#2811 = CARTESIAN_POINT('',(17.440084468565,-11.34890623408,
    -2.423765091687));
#2812 = CARTESIAN_POINT('',(17.444834866938,-11.34734130796,
    -2.398602036026));
#2813 = CARTESIAN_POINT('',(17.451121429546,-11.34525365541,
    -2.373711283691));
#2814 = CARTESIAN_POINT('',(17.458892633821,-11.34264298781,
    -2.349175839642));
#2815 = CARTESIAN_POINT('',(17.471987730072,-11.33817844561,
    -2.314826297728));
#2816 = CARTESIAN_POINT('',(17.476151014536,-11.33675205887,
    -2.304656070787));
#2817 = CARTESIAN_POINT('',(17.48056586089,-11.33523122223,
    -2.294568851083));
#2818 = CARTESIAN_POINT('',(17.485226948273,-11.33361596968,
    -2.284569852949));
#2819 = CARTESIAN_POINT('',(17.490128630591,-11.3319063621,
    -2.274663945129));
#2820 = CARTESIAN_POINT('',(17.49526493652,-11.33010248717,
    -2.264855650787));
#2821 = CARTESIAN_POINT('',(17.508956361226,-11.32525840868,
    -2.240083059778));
#2822 = CARTESIAN_POINT('',(17.51783247318,-11.32208592914,
    -2.22526379636));
#2823 = CARTESIAN_POINT('',(17.527235121279,-11.31868704727,
    -2.210705233827));
#2824 = CARTESIAN_POINT('',(17.53714028624,-11.31506222213,
    -2.19641989097));
#2825 = CARTESIAN_POINT('',(17.547522713584,-11.31121234547,
    -2.18241892879));
#2826 = CARTESIAN_POINT('',(17.558355913636,-11.30713874169,
    -2.168712150492));
#2827 = CARTESIAN_POINT('',(17.589393470845,-11.29529428709,
    -2.131752051056));
#2828 = CARTESIAN_POINT('',(17.610473080491,-11.28706339429,
    -2.109140632331));
#2829 = CARTESIAN_POINT('',(17.632719628676,-11.27815427547,
    -2.087494256773));
#2830 = CARTESIAN_POINT('',(17.65600073537,-11.26857315474,
    -2.06682479017));
#2831 = CARTESIAN_POINT('',(17.680183949446,-11.25833015657,
    -2.047136003906));
#2832 = CARTESIAN_POINT('',(17.705137695826,-11.24744076802,
    -2.028424126219));
#2833 = CARTESIAN_POINT('',(17.761530617669,-11.22207292071,
    -1.989324605897));
#2834 = CARTESIAN_POINT('',(17.7932601461,-11.20731341056,
    -1.969367464417));
#2835 = CARTESIAN_POINT('',(17.825744662301,-11.1916644833,
    -1.950755169722));
#2836 = CARTESIAN_POINT('',(17.85882178064,-11.1751468024,-1.93343353718
    ));
#2837 = CARTESIAN_POINT('',(17.892342620716,-11.15778586389,
    -1.917346794102));
#2838 = CARTESIAN_POINT('',(17.926171552609,-11.1396118783,
    -1.90243837702));
#2839 = CARTESIAN_POINT('',(18.057933013783,-11.06619668563,
    -1.849033070651));
#2840 = CARTESIAN_POINT('',(18.157210760776,-11.00530700433,
    -1.818678764111));
#2841 = CARTESIAN_POINT('',(18.255739287959,-10.93845914733,
    -1.795998527107));
#2842 = CARTESIAN_POINT('',(18.352163169914,-10.86617058041,
    -1.779784511294));
#2843 = CARTESIAN_POINT('',(18.44561594461,-10.78892145339,
    -1.769245755765));
#2844 = CARTESIAN_POINT('',(18.535488448711,-10.7071522384,
    -1.763975833943));
#2845 = CARTESIAN_POINT('',(18.62132034356,-10.62132034356,
    -1.763975833943));
#2846 = CYLINDRICAL_SURFACE('',#2847,3.);
#2847 = AXIS2_PLACEMENT_3D('',#2848,#2849,#2850);
#2848 = CARTESIAN_POINT('',(16.5,-8.5,-3.5));
#2849 = DIRECTION('',(0.,0.,1.));
#2850 = DIRECTION('',(1.,0.,0.));
#2851 = ADVANCED_FACE('',(#2852,#2863),#2931,.F.);
#2852 = FACE_BOUND('',#2853,.F.);
#2853 = EDGE_LOOP('',(#2854,#2855,#2856,#2857));
#2854 = ORIENTED_EDGE('',*,*,#1488,.T.);
#2855 = ORIENTED_EDGE('',*,*,#2673,.F.);
#2856 = ORIENTED_EDGE('',*,*,#2105,.T.);
#2857 = ORIENTED_EDGE('',*,*,#2858,.T.);
#2858 = EDGE_CURVE('',#2106,#1480,#2859,.T.);
#2859 = LINE('',#2860,#2861);
#2860 = CARTESIAN_POINT('',(19.5,8.5,-3.5));
#2861 = VECTOR('',#2862,1.);
#2862 = DIRECTION('',(0.,0.,1.));
#2863 = FACE_BOUND('',#2864,.F.);
#2864 = EDGE_LOOP('',(#2865,#2875,#2883,#2891,#2900,#2908,#2916,#2924));
#2865 = ORIENTED_EDGE('',*,*,#2866,.F.);
#2866 = EDGE_CURVE('',#2867,#2869,#2871,.T.);
#2867 = VERTEX_POINT('',#2868);
#2868 = CARTESIAN_POINT('',(19.5,2.9,-3.));
#2869 = VERTEX_POINT('',#2870);
#2870 = CARTESIAN_POINT('',(19.5,2.9,-2.995993579438));
#2871 = LINE('',#2872,#2873);
#2872 = CARTESIAN_POINT('',(19.5,2.9,-3.25));
#2873 = VECTOR('',#2874,1.);
#2874 = DIRECTION('',(0.,0.,1.));
#2875 = ORIENTED_EDGE('',*,*,#2876,.T.);
#2876 = EDGE_CURVE('',#2867,#2877,#2879,.T.);
#2877 = VERTEX_POINT('',#2878);
#2878 = CARTESIAN_POINT('',(19.5,-2.9,-3.));
#2879 = LINE('',#2880,#2881);
#2880 = CARTESIAN_POINT('',(19.5,-7.2,-3.));
#2881 = VECTOR('',#2882,1.);
#2882 = DIRECTION('',(0.,-1.,0.));
#2883 = ORIENTED_EDGE('',*,*,#2884,.T.);
#2884 = EDGE_CURVE('',#2877,#2885,#2887,.T.);
#2885 = VERTEX_POINT('',#2886);
#2886 = CARTESIAN_POINT('',(19.5,-2.9,-2.995993579438));
#2887 = LINE('',#2888,#2889);
#2888 = CARTESIAN_POINT('',(19.5,-2.9,-3.25));
#2889 = VECTOR('',#2890,1.);
#2890 = DIRECTION('',(0.,0.,1.));
#2891 = ORIENTED_EDGE('',*,*,#2892,.T.);
#2892 = EDGE_CURVE('',#2885,#2893,#2895,.T.);
#2893 = VERTEX_POINT('',#2894);
#2894 = CARTESIAN_POINT('',(19.5,-2.9,-0.504006420562));
#2895 = CIRCLE('',#2896,1.25);
#2896 = AXIS2_PLACEMENT_3D('',#2897,#2898,#2899);
#2897 = CARTESIAN_POINT('',(19.5,-3.,-1.75));
#2898 = DIRECTION('',(-1.,-0.,-2.2E-16));
#2899 = DIRECTION('',(2.2E-16,0.,-1.));
#2900 = ORIENTED_EDGE('',*,*,#2901,.T.);
#2901 = EDGE_CURVE('',#2893,#2902,#2904,.T.);
#2902 = VERTEX_POINT('',#2903);
#2903 = CARTESIAN_POINT('',(19.5,-2.9,-0.5));
#2904 = LINE('',#2905,#2906);
#2905 = CARTESIAN_POINT('',(19.5,-2.9,-3.25));
#2906 = VECTOR('',#2907,1.);
#2907 = DIRECTION('',(0.,0.,1.));
#2908 = ORIENTED_EDGE('',*,*,#2909,.F.);
#2909 = EDGE_CURVE('',#2910,#2902,#2912,.T.);
#2910 = VERTEX_POINT('',#2911);
#2911 = CARTESIAN_POINT('',(19.5,2.9,-0.5));
#2912 = LINE('',#2913,#2914);
#2913 = CARTESIAN_POINT('',(19.5,-7.2,-0.5));
#2914 = VECTOR('',#2915,1.);
#2915 = DIRECTION('',(0.,-1.,0.));
#2916 = ORIENTED_EDGE('',*,*,#2917,.F.);
#2917 = EDGE_CURVE('',#2918,#2910,#2920,.T.);
#2918 = VERTEX_POINT('',#2919);
#2919 = CARTESIAN_POINT('',(19.5,2.9,-0.504006420562));
#2920 = LINE('',#2921,#2922);
#2921 = CARTESIAN_POINT('',(19.5,2.9,-3.25));
#2922 = VECTOR('',#2923,1.);
#2923 = DIRECTION('',(0.,0.,1.));
#2924 = ORIENTED_EDGE('',*,*,#2925,.T.);
#2925 = EDGE_CURVE('',#2918,#2869,#2926,.T.);
#2926 = CIRCLE('',#2927,1.25);
#2927 = AXIS2_PLACEMENT_3D('',#2928,#2929,#2930);
#2928 = CARTESIAN_POINT('',(19.5,3.,-1.75));
#2929 = DIRECTION('',(-1.,-0.,-2.2E-16));
#2930 = DIRECTION('',(2.2E-16,0.,-1.));
#2931 = PLANE('',#2932);
#2932 = AXIS2_PLACEMENT_3D('',#2933,#2934,#2935);
#2933 = CARTESIAN_POINT('',(19.5,-11.5,-3.5));
#2934 = DIRECTION('',(1.,0.,0.));
#2935 = DIRECTION('',(0.,0.,1.));
#2936 = ADVANCED_FACE('',(#2937,#2948),#2951,.F.);
#2937 = FACE_BOUND('',#2938,.F.);
#2938 = EDGE_LOOP('',(#2939,#2940,#2941,#2947));
#2939 = ORIENTED_EDGE('',*,*,#2858,.F.);
#2940 = ORIENTED_EDGE('',*,*,#2113,.T.);
#2941 = ORIENTED_EDGE('',*,*,#2942,.T.);
#2942 = EDGE_CURVE('',#2114,#1472,#2943,.T.);
#2943 = LINE('',#2944,#2945);
#2944 = CARTESIAN_POINT('',(16.5,11.5,-3.5));
#2945 = VECTOR('',#2946,1.);
#2946 = DIRECTION('',(0.,0.,1.));
#2947 = ORIENTED_EDGE('',*,*,#1479,.F.);
#2948 = FACE_BOUND('',#2949,.F.);
#2949 = EDGE_LOOP('',(#2950));
#2950 = ORIENTED_EDGE('',*,*,#2197,.T.);
#2951 = CYLINDRICAL_SURFACE('',#2952,3.);
#2952 = AXIS2_PLACEMENT_3D('',#2953,#2954,#2955);
#2953 = CARTESIAN_POINT('',(16.5,8.5,-3.5));
#2954 = DIRECTION('',(0.,0.,1.));
#2955 = DIRECTION('',(1.,0.,0.));
#2956 = ADVANCED_FACE('',(#2957),#2963,.F.);
#2957 = FACE_BOUND('',#2958,.F.);
#2958 = EDGE_LOOP('',(#2959,#2960,#2961,#2962));
#2959 = ORIENTED_EDGE('',*,*,#2122,.F.);
#2960 = ORIENTED_EDGE('',*,*,#1623,.T.);
#2961 = ORIENTED_EDGE('',*,*,#1471,.T.);
#2962 = ORIENTED_EDGE('',*,*,#2942,.F.);
#2963 = PLANE('',#2964);
#2964 = AXIS2_PLACEMENT_3D('',#2965,#2966,#2967);
#2965 = CARTESIAN_POINT('',(-19.5,11.5,-3.5));
#2966 = DIRECTION('',(0.,1.,0.));
#2967 = DIRECTION('',(0.,0.,1.));
#2968 = ADVANCED_FACE('',(#2969),#2975,.T.);
#2969 = FACE_BOUND('',#2970,.T.);
#2970 = EDGE_LOOP('',(#2971,#2972,#2973,#2974));
#2971 = ORIENTED_EDGE('',*,*,#1606,.T.);
#2972 = ORIENTED_EDGE('',*,*,#1454,.T.);
#2973 = ORIENTED_EDGE('',*,*,#2153,.T.);
#2974 = ORIENTED_EDGE('',*,*,#2129,.T.);
#2975 = PLANE('',#2976);
#2976 = AXIS2_PLACEMENT_3D('',#2977,#2978,#2979);
#2977 = CARTESIAN_POINT('',(-19.5,-11.5,-3.5));
#2978 = DIRECTION('',(1.,0.,0.));
#2979 = DIRECTION('',(0.,0.,1.));
#2980 = ADVANCED_FACE('',(#2981),#2992,.T.);
#2981 = FACE_BOUND('',#2982,.T.);
#2982 = EDGE_LOOP('',(#2983,#2989,#2990,#2991));
#2983 = ORIENTED_EDGE('',*,*,#2984,.F.);
#2984 = EDGE_CURVE('',#1672,#1771,#2985,.T.);
#2985 = LINE('',#2986,#2987);
#2986 = CARTESIAN_POINT('',(15.892893218813,-14.30710678118,-3.5));
#2987 = VECTOR('',#2988,1.);
#2988 = DIRECTION('',(0.707106781187,0.707106781187,0.));
#2989 = ORIENTED_EDGE('',*,*,#1680,.T.);
#2990 = ORIENTED_EDGE('',*,*,#1712,.T.);
#2991 = ORIENTED_EDGE('',*,*,#1779,.F.);
#2992 = PLANE('',#2993);
#2993 = AXIS2_PLACEMENT_3D('',#2994,#2995,#2996);
#2994 = CARTESIAN_POINT('',(15.892893218813,-14.30710678118,-3.5));
#2995 = DIRECTION('',(0.,0.,1.));
#2996 = DIRECTION('',(0.707106781187,-0.707106781187,0.));
#2997 = ADVANCED_FACE('',(#2998,#3004),#3007,.F.);
#2998 = FACE_BOUND('',#2999,.T.);
#2999 = EDGE_LOOP('',(#3000,#3001,#3002,#3003));
#3000 = ORIENTED_EDGE('',*,*,#1671,.F.);
#3001 = ORIENTED_EDGE('',*,*,#2984,.T.);
#3002 = ORIENTED_EDGE('',*,*,#1770,.T.);
#3003 = ORIENTED_EDGE('',*,*,#2505,.T.);
#3004 = FACE_BOUND('',#3005,.T.);
#3005 = EDGE_LOOP('',(#3006));
#3006 = ORIENTED_EDGE('',*,*,#2684,.T.);
#3007 = CYLINDRICAL_SURFACE('',#3008,1.);
#3008 = AXIS2_PLACEMENT_3D('',#3009,#3010,#3011);
#3009 = CARTESIAN_POINT('',(15.892893218813,-14.30710678118,-2.5));
#3010 = DIRECTION('',(-0.707106781187,-0.707106781187,-2.22044604925E-16
    ));
#3011 = DIRECTION('',(0.707106781187,-0.707106781187,0.));
#3012 = ADVANCED_FACE('',(#3013),#3052,.F.);
#3013 = FACE_BOUND('',#3014,.F.);
#3014 = EDGE_LOOP('',(#3015,#3016,#3025,#3034,#3043,#3050,#3051));
#3015 = ORIENTED_EDGE('',*,*,#2016,.F.);
#3016 = ORIENTED_EDGE('',*,*,#3017,.F.);
#3017 = EDGE_CURVE('',#3018,#2017,#3020,.T.);
#3018 = VERTEX_POINT('',#3019);
#3019 = CARTESIAN_POINT('',(13.487596159536,-12.1,-0.5));
#3020 = CIRCLE('',#3021,1.705872210923);
#3021 = AXIS2_PLACEMENT_3D('',#3022,#3023,#3024);
#3022 = CARTESIAN_POINT('',(14.3,-12.1,1.));
#3023 = DIRECTION('',(0.,1.,0.));
#3024 = DIRECTION('',(0.,0.,1.));
#3025 = ORIENTED_EDGE('',*,*,#3026,.F.);
#3026 = EDGE_CURVE('',#3027,#3018,#3029,.T.);
#3027 = VERTEX_POINT('',#3028);
#3028 = CARTESIAN_POINT('',(15.112403840464,-12.1,-0.5));
#3029 = CIRCLE('',#3030,4.769696007085);
#3030 = AXIS2_PLACEMENT_3D('',#3031,#3032,#3033);
#3031 = CARTESIAN_POINT('',(14.3,-16.8,-0.5));
#3032 = DIRECTION('',(0.,0.,1.));
#3033 = DIRECTION('',(1.,0.,0.));
#3034 = ORIENTED_EDGE('',*,*,#3035,.F.);
#3035 = EDGE_CURVE('',#3036,#3027,#3038,.T.);
#3036 = VERTEX_POINT('',#3037);
#3037 = CARTESIAN_POINT('',(16.005872210923,-12.1,1.));
#3038 = CIRCLE('',#3039,1.705872210923);
#3039 = AXIS2_PLACEMENT_3D('',#3040,#3041,#3042);
#3040 = CARTESIAN_POINT('',(14.3,-12.1,1.));
#3041 = DIRECTION('',(0.,1.,0.));
#3042 = DIRECTION('',(0.,0.,1.));
#3043 = ORIENTED_EDGE('',*,*,#3044,.F.);
#3044 = EDGE_CURVE('',#2529,#3036,#3045,.T.);
#3045 = CIRCLE('',#3046,5.);
#3046 = AXIS2_PLACEMENT_3D('',#3047,#3048,#3049);
#3047 = CARTESIAN_POINT('',(14.3,-16.8,1.));
#3048 = DIRECTION('',(0.,0.,1.));
#3049 = DIRECTION('',(1.,0.,0.));
#3050 = ORIENTED_EDGE('',*,*,#2536,.F.);
#3051 = ORIENTED_EDGE('',*,*,#1654,.T.);
#3052 = SPHERICAL_SURFACE('',#3053,5.);
#3053 = AXIS2_PLACEMENT_3D('',#3054,#3055,#3056);
#3054 = CARTESIAN_POINT('',(14.3,-16.8,1.));
#3055 = DIRECTION('',(0.,0.,1.));
#3056 = DIRECTION('',(1.,0.,0.));
#3057 = ADVANCED_FACE('',(#3058),#3066,.T.);
#3058 = FACE_BOUND('',#3059,.T.);
#3059 = EDGE_LOOP('',(#3060,#3061,#3062,#3063,#3064,#3065));
#3060 = ORIENTED_EDGE('',*,*,#2387,.T.);
#3061 = ORIENTED_EDGE('',*,*,#2440,.F.);
#3062 = ORIENTED_EDGE('',*,*,#2455,.F.);
#3063 = ORIENTED_EDGE('',*,*,#2489,.F.);
#3064 = ORIENTED_EDGE('',*,*,#2512,.T.);
#3065 = ORIENTED_EDGE('',*,*,#1752,.T.);
#3066 = PLANE('',#3067);
#3067 = AXIS2_PLACEMENT_3D('',#3068,#3069,#3070);
#3068 = CARTESIAN_POINT('',(5.778062633674,6.804631093925,1.));
#3069 = DIRECTION('',(0.,0.,1.));
#3070 = DIRECTION('',(1.,0.,0.));
#3071 = ADVANCED_FACE('',(#3072),#3088,.F.);
#3072 = FACE_BOUND('',#3073,.F.);
#3073 = EDGE_LOOP('',(#3074,#3075,#3081,#3082));
#3074 = ORIENTED_EDGE('',*,*,#1813,.F.);
#3075 = ORIENTED_EDGE('',*,*,#3076,.F.);
#3076 = EDGE_CURVE('',#2867,#1814,#3077,.T.);
#3077 = LINE('',#3078,#3079);
#3078 = CARTESIAN_POINT('',(11.,2.9,-3.));
#3079 = VECTOR('',#3080,1.);
#3080 = DIRECTION('',(1.,0.,0.));
#3081 = ORIENTED_EDGE('',*,*,#2866,.T.);
#3082 = ORIENTED_EDGE('',*,*,#3083,.F.);
#3083 = EDGE_CURVE('',#1816,#2869,#3084,.T.);
#3084 = LINE('',#3085,#3086);
#3085 = CARTESIAN_POINT('',(11.,2.9,-2.995993579438));
#3086 = VECTOR('',#3087,1.);
#3087 = DIRECTION('',(-1.,-0.,-2.2E-16));
#3088 = PLANE('',#3089);
#3089 = AXIS2_PLACEMENT_3D('',#3090,#3091,#3092);
#3090 = CARTESIAN_POINT('',(11.,2.9,-3.));
#3091 = DIRECTION('',(0.,1.,0.));
#3092 = DIRECTION('',(0.,0.,1.));
#3093 = ADVANCED_FACE('',(#3094),#3105,.T.);
#3094 = FACE_BOUND('',#3095,.T.);
#3095 = EDGE_LOOP('',(#3096,#3097,#3098,#3104));
#3096 = ORIENTED_EDGE('',*,*,#3076,.F.);
#3097 = ORIENTED_EDGE('',*,*,#2876,.T.);
#3098 = ORIENTED_EDGE('',*,*,#3099,.T.);
#3099 = EDGE_CURVE('',#2877,#1824,#3100,.T.);
#3100 = LINE('',#3101,#3102);
#3101 = CARTESIAN_POINT('',(11.,-2.9,-3.));
#3102 = VECTOR('',#3103,1.);
#3103 = DIRECTION('',(1.,0.,0.));
#3104 = ORIENTED_EDGE('',*,*,#1823,.F.);
#3105 = PLANE('',#3106);
#3106 = AXIS2_PLACEMENT_3D('',#3107,#3108,#3109);
#3107 = CARTESIAN_POINT('',(11.,-2.9,-3.));
#3108 = DIRECTION('',(0.,0.,1.));
#3109 = DIRECTION('',(1.,0.,0.));
#3110 = ADVANCED_FACE('',(#3111),#3122,.F.);
#3111 = FACE_BOUND('',#3112,.T.);
#3112 = EDGE_LOOP('',(#3113,#3114,#3115,#3121));
#3113 = ORIENTED_EDGE('',*,*,#3083,.F.);
#3114 = ORIENTED_EDGE('',*,*,#1872,.F.);
#3115 = ORIENTED_EDGE('',*,*,#3116,.T.);
#3116 = EDGE_CURVE('',#1865,#2918,#3117,.T.);
#3117 = LINE('',#3118,#3119);
#3118 = CARTESIAN_POINT('',(11.,2.9,-0.504006420562));
#3119 = VECTOR('',#3120,1.);
#3120 = DIRECTION('',(-1.,-0.,-2.2E-16));
#3121 = ORIENTED_EDGE('',*,*,#2925,.T.);
#3122 = CYLINDRICAL_SURFACE('',#3123,1.25);
#3123 = AXIS2_PLACEMENT_3D('',#3124,#3125,#3126);
#3124 = CARTESIAN_POINT('',(11.,3.,-1.75));
#3125 = DIRECTION('',(-1.,-0.,-2.2E-16));
#3126 = DIRECTION('',(2.2E-16,0.,-1.));
#3127 = ADVANCED_FACE('',(#3128),#3139,.T.);
#3128 = FACE_BOUND('',#3129,.T.);
#3129 = EDGE_LOOP('',(#3130,#3131,#3132,#3133));
#3130 = ORIENTED_EDGE('',*,*,#1831,.F.);
#3131 = ORIENTED_EDGE('',*,*,#3099,.F.);
#3132 = ORIENTED_EDGE('',*,*,#2884,.T.);
#3133 = ORIENTED_EDGE('',*,*,#3134,.F.);
#3134 = EDGE_CURVE('',#1832,#2885,#3135,.T.);
#3135 = LINE('',#3136,#3137);
#3136 = CARTESIAN_POINT('',(11.,-2.9,-2.995993579438));
#3137 = VECTOR('',#3138,1.);
#3138 = DIRECTION('',(-1.,-0.,-2.2E-16));
#3139 = PLANE('',#3140);
#3140 = AXIS2_PLACEMENT_3D('',#3141,#3142,#3143);
#3141 = CARTESIAN_POINT('',(11.,-2.9,-3.));
#3142 = DIRECTION('',(0.,1.,0.));
#3143 = DIRECTION('',(0.,0.,1.));
#3144 = ADVANCED_FACE('',(#3145),#3156,.F.);
#3145 = FACE_BOUND('',#3146,.F.);
#3146 = EDGE_LOOP('',(#3147,#3148,#3149,#3150));
#3147 = ORIENTED_EDGE('',*,*,#1864,.F.);
#3148 = ORIENTED_EDGE('',*,*,#3116,.T.);
#3149 = ORIENTED_EDGE('',*,*,#2917,.T.);
#3150 = ORIENTED_EDGE('',*,*,#3151,.T.);
#3151 = EDGE_CURVE('',#2910,#1857,#3152,.T.);
#3152 = LINE('',#3153,#3154);
#3153 = CARTESIAN_POINT('',(11.,2.9,-0.5));
#3154 = VECTOR('',#3155,1.);
#3155 = DIRECTION('',(1.,0.,0.));
#3156 = PLANE('',#3157);
#3157 = AXIS2_PLACEMENT_3D('',#3158,#3159,#3160);
#3158 = CARTESIAN_POINT('',(11.,2.9,-3.));
#3159 = DIRECTION('',(0.,1.,0.));
#3160 = DIRECTION('',(0.,0.,1.));
#3161 = ADVANCED_FACE('',(#3162),#3173,.F.);
#3162 = FACE_BOUND('',#3163,.T.);
#3163 = EDGE_LOOP('',(#3164,#3170,#3171,#3172));
#3164 = ORIENTED_EDGE('',*,*,#3165,.F.);
#3165 = EDGE_CURVE('',#1840,#2893,#3166,.T.);
#3166 = LINE('',#3167,#3168);
#3167 = CARTESIAN_POINT('',(11.,-2.9,-0.504006420562));
#3168 = VECTOR('',#3169,1.);
#3169 = DIRECTION('',(-1.,-0.,-2.2E-16));
#3170 = ORIENTED_EDGE('',*,*,#1839,.F.);
#3171 = ORIENTED_EDGE('',*,*,#3134,.T.);
#3172 = ORIENTED_EDGE('',*,*,#2892,.T.);
#3173 = CYLINDRICAL_SURFACE('',#3174,1.25);
#3174 = AXIS2_PLACEMENT_3D('',#3175,#3176,#3177);
#3175 = CARTESIAN_POINT('',(11.,-3.,-1.75));
#3176 = DIRECTION('',(-1.,-0.,-2.2E-16));
#3177 = DIRECTION('',(2.2E-16,0.,-1.));
#3178 = ADVANCED_FACE('',(#3179),#3190,.F.);
#3179 = FACE_BOUND('',#3180,.F.);
#3180 = EDGE_LOOP('',(#3181,#3182,#3183,#3189));
#3181 = ORIENTED_EDGE('',*,*,#3151,.F.);
#3182 = ORIENTED_EDGE('',*,*,#2909,.T.);
#3183 = ORIENTED_EDGE('',*,*,#3184,.T.);
#3184 = EDGE_CURVE('',#2902,#1849,#3185,.T.);
#3185 = LINE('',#3186,#3187);
#3186 = CARTESIAN_POINT('',(11.,-2.9,-0.5));
#3187 = VECTOR('',#3188,1.);
#3188 = DIRECTION('',(1.,0.,0.));
#3189 = ORIENTED_EDGE('',*,*,#1856,.F.);
#3190 = PLANE('',#3191);
#3191 = AXIS2_PLACEMENT_3D('',#3192,#3193,#3194);
#3192 = CARTESIAN_POINT('',(11.,-2.9,-0.5));
#3193 = DIRECTION('',(0.,0.,1.));
#3194 = DIRECTION('',(1.,0.,0.));
#3195 = ADVANCED_FACE('',(#3196),#3202,.T.);
#3196 = FACE_BOUND('',#3197,.T.);
#3197 = EDGE_LOOP('',(#3198,#3199,#3200,#3201));
#3198 = ORIENTED_EDGE('',*,*,#1848,.F.);
#3199 = ORIENTED_EDGE('',*,*,#3165,.T.);
#3200 = ORIENTED_EDGE('',*,*,#2901,.T.);
#3201 = ORIENTED_EDGE('',*,*,#3184,.T.);
#3202 = PLANE('',#3203);
#3203 = AXIS2_PLACEMENT_3D('',#3204,#3205,#3206);
#3204 = CARTESIAN_POINT('',(11.,-2.9,-3.));
#3205 = DIRECTION('',(0.,1.,0.));
#3206 = DIRECTION('',(0.,0.,1.));
#3207 = ADVANCED_FACE('',(#3208),#3214,.T.);
#3208 = FACE_BOUND('',#3209,.T.);
#3209 = EDGE_LOOP('',(#3210,#3211,#3212,#3213));
#3210 = ORIENTED_EDGE('',*,*,#2064,.F.);
#3211 = ORIENTED_EDGE('',*,*,#1967,.T.);
#3212 = ORIENTED_EDGE('',*,*,#1887,.F.);
#3213 = ORIENTED_EDGE('',*,*,#2081,.T.);
#3214 = PLANE('',#3215);
#3215 = AXIS2_PLACEMENT_3D('',#3216,#3217,#3218);
#3216 = CARTESIAN_POINT('',(-19.5,-11.5,-3.5));
#3217 = DIRECTION('',(1.,0.,0.));
#3218 = DIRECTION('',(0.,0.,1.));
#3219 = ADVANCED_FACE('',(#3220),#3245,.T.);
#3220 = FACE_BOUND('',#3221,.T.);
#3221 = EDGE_LOOP('',(#3222,#3230,#3236,#3237,#3238,#3244));
#3222 = ORIENTED_EDGE('',*,*,#3223,.F.);
#3223 = EDGE_CURVE('',#3224,#2026,#3226,.T.);
#3224 = VERTEX_POINT('',#3225);
#3225 = CARTESIAN_POINT('',(12.4,-12.1,-0.5));
#3226 = LINE('',#3227,#3228);
#3227 = CARTESIAN_POINT('',(12.4,-12.1,-0.5));
#3228 = VECTOR('',#3229,1.);
#3229 = DIRECTION('',(0.,0.,1.));
#3230 = ORIENTED_EDGE('',*,*,#3231,.T.);
#3231 = EDGE_CURVE('',#3224,#2644,#3232,.T.);
#3232 = LINE('',#3233,#3234);
#3233 = CARTESIAN_POINT('',(12.4,-12.1,-0.5));
#3234 = VECTOR('',#3235,1.);
#3235 = DIRECTION('',(0.,1.,0.));
#3236 = ORIENTED_EDGE('',*,*,#2643,.F.);
#3237 = ORIENTED_EDGE('',*,*,#1952,.F.);
#3238 = ORIENTED_EDGE('',*,*,#3239,.F.);
#3239 = EDGE_CURVE('',#2034,#1945,#3240,.T.);
#3240 = LINE('',#3241,#3242);
#3241 = CARTESIAN_POINT('',(12.4,-12.,-0.25));
#3242 = VECTOR('',#3243,1.);
#3243 = DIRECTION('',(0.,0.,-1.));
#3244 = ORIENTED_EDGE('',*,*,#2033,.F.);
#3245 = PLANE('',#3246);
#3246 = AXIS2_PLACEMENT_3D('',#3247,#3248,#3249);
#3247 = CARTESIAN_POINT('',(12.4,-12.1,-0.5));
#3248 = DIRECTION('',(1.,0.,0.));
#3249 = DIRECTION('',(0.,0.,1.));
#3250 = ADVANCED_FACE('',(#3251),#3257,.T.);
#3251 = FACE_BOUND('',#3252,.T.);
#3252 = EDGE_LOOP('',(#3253,#3254,#3255,#3256));
#3253 = ORIENTED_EDGE('',*,*,#1944,.F.);
#3254 = ORIENTED_EDGE('',*,*,#1991,.T.);
#3255 = ORIENTED_EDGE('',*,*,#2041,.F.);
#3256 = ORIENTED_EDGE('',*,*,#3239,.T.);
#3257 = PLANE('',#3258);
#3258 = AXIS2_PLACEMENT_3D('',#3259,#3260,#3261);
#3259 = CARTESIAN_POINT('',(-20.,-12.,0.));
#3260 = DIRECTION('',(0.,1.,0.));
#3261 = DIRECTION('',(0.,0.,1.));
#3262 = ADVANCED_FACE('',(#3263),#3274,.F.);
#3263 = FACE_BOUND('',#3264,.F.);
#3264 = EDGE_LOOP('',(#3265,#3266,#3272,#3273));
#3265 = ORIENTED_EDGE('',*,*,#3223,.F.);
#3266 = ORIENTED_EDGE('',*,*,#3267,.T.);
#3267 = EDGE_CURVE('',#3224,#3018,#3268,.T.);
#3268 = LINE('',#3269,#3270);
#3269 = CARTESIAN_POINT('',(12.4,-12.1,-0.5));
#3270 = VECTOR('',#3271,1.);
#3271 = DIRECTION('',(1.,0.,0.));
#3272 = ORIENTED_EDGE('',*,*,#3017,.T.);
#3273 = ORIENTED_EDGE('',*,*,#2025,.F.);
#3274 = PLANE('',#3275);
#3275 = AXIS2_PLACEMENT_3D('',#3276,#3277,#3278);
#3276 = CARTESIAN_POINT('',(12.574954414016,-12.1,1.092433473321));
#3277 = DIRECTION('',(-0.,-1.,-0.));
#3278 = DIRECTION('',(0.,0.,-1.));
#3279 = ADVANCED_FACE('',(#3280),#3293,.T.);
#3280 = FACE_BOUND('',#3281,.T.);
#3281 = EDGE_LOOP('',(#3282,#3283,#3284,#3285,#3286,#3292));
#3282 = ORIENTED_EDGE('',*,*,#2528,.T.);
#3283 = ORIENTED_EDGE('',*,*,#2561,.F.);
#3284 = ORIENTED_EDGE('',*,*,#2585,.T.);
#3285 = ORIENTED_EDGE('',*,*,#2626,.F.);
#3286 = ORIENTED_EDGE('',*,*,#3287,.F.);
#3287 = EDGE_CURVE('',#3036,#2603,#3288,.T.);
#3288 = LINE('',#3289,#3290);
#3289 = CARTESIAN_POINT('',(-2.493588458689,-12.1,1.));
#3290 = VECTOR('',#3291,1.);
#3291 = DIRECTION('',(1.,0.,0.));
#3292 = ORIENTED_EDGE('',*,*,#3044,.F.);
#3293 = PLANE('',#3294);
#3294 = AXIS2_PLACEMENT_3D('',#3295,#3296,#3297);
#3295 = CARTESIAN_POINT('',(5.778062633674,6.804631093925,1.));
#3296 = DIRECTION('',(0.,0.,1.));
#3297 = DIRECTION('',(1.,0.,0.));
#3298 = ADVANCED_FACE('',(#3299),#3310,.F.);
#3299 = FACE_BOUND('',#3300,.F.);
#3300 = EDGE_LOOP('',(#3301,#3302,#3308,#3309));
#3301 = ORIENTED_EDGE('',*,*,#3035,.T.);
#3302 = ORIENTED_EDGE('',*,*,#3303,.T.);
#3303 = EDGE_CURVE('',#3027,#2601,#3304,.T.);
#3304 = LINE('',#3305,#3306);
#3305 = CARTESIAN_POINT('',(12.4,-12.1,-0.5));
#3306 = VECTOR('',#3307,1.);
#3307 = DIRECTION('',(1.,0.,0.));
#3308 = ORIENTED_EDGE('',*,*,#2600,.T.);
#3309 = ORIENTED_EDGE('',*,*,#3287,.F.);
#3310 = PLANE('',#3311);
#3311 = AXIS2_PLACEMENT_3D('',#3312,#3313,#3314);
#3312 = CARTESIAN_POINT('',(16.012823082622,-12.1,1.087163080312));
#3313 = DIRECTION('',(-0.,-1.,-0.));
#3314 = DIRECTION('',(0.,0.,-1.));
#3315 = ADVANCED_FACE('',(#3316),#3324,.T.);
#3316 = FACE_BOUND('',#3317,.T.);
#3317 = EDGE_LOOP('',(#3318,#3319,#3320,#3321,#3322,#3323));
#3318 = ORIENTED_EDGE('',*,*,#2610,.T.);
#3319 = ORIENTED_EDGE('',*,*,#2651,.F.);
#3320 = ORIENTED_EDGE('',*,*,#3231,.F.);
#3321 = ORIENTED_EDGE('',*,*,#3267,.T.);
#3322 = ORIENTED_EDGE('',*,*,#3026,.F.);
#3323 = ORIENTED_EDGE('',*,*,#3303,.T.);
#3324 = PLANE('',#3325);
#3325 = AXIS2_PLACEMENT_3D('',#3326,#3327,#3328);
#3326 = CARTESIAN_POINT('',(12.4,-12.1,-0.5));
#3327 = DIRECTION('',(0.,0.,1.));
#3328 = DIRECTION('',(1.,0.,0.));
#3329 = ( GEOMETRIC_REPRESENTATION_CONTEXT(3) 
GLOBAL_UNCERTAINTY_ASSIGNED_CONTEXT((#3333)) 
GLOBAL_UNIT_ASSIGNED_CONTEXT((#3330,#3331,#3332)) REPRESENTATION_CONTEXT
('Context #1','3D Context with UNIT and UNCERTAINTY') );
#3330 = ( LENGTH_UNIT() NAMED_UNIT(*) SI_UNIT(.MILLI.,.METRE.) );
#3331 = ( NAMED_UNIT(*) PLANE_ANGLE_UNIT() SI_UNIT($,.RADIAN.) );
#3332 = ( NAMED_UNIT(*) SI_UNIT($,.STERADIAN.) SOLID_ANGLE_UNIT() );
#3333 = UNCERTAINTY_MEASURE_WITH_UNIT(LENGTH_MEASURE(2.E-05),#3330,
  'distance_accuracy_value','confusion accuracy');
#3334 = PRODUCT_RELATED_PRODUCT_CATEGORY('part',$,(#7));
#3335 = MECHANICAL_DESIGN_GEOMETRIC_PRESENTATION_REPRESENTATION('',(
    #3336),#3329);
#3336 = STYLED_ITEM('color',(#3337),#15);
#3337 = PRESENTATION_STYLE_ASSIGNMENT((#3338,#3346));
#3338 = SURFACE_STYLE_USAGE(.BOTH.,#3339);
#3339 = SURFACE_SIDE_STYLE('',(#3340,#3344));
#3340 = SURFACE_STYLE_FILL_AREA(#3341);
#3341 = FILL_AREA_STYLE('',(#3342));
#3342 = FILL_AREA_STYLE_COLOUR('',#3343);
#3343 = COLOUR_RGB('',0.447058818107,0.474509808674,0.501960817233);
#3344 = SURFACE_STYLE_RENDERING_WITH_PROPERTIES(.NORMAL_SHADING.,#3343,(
    #3345));
#3345 = SURFACE_STYLE_TRANSPARENT(0.399999976158);
#3346 = CURVE_STYLE('',#3347,POSITIVE_LENGTH_MEASURE(0.1),#3348);
#3347 = DRAUGHTING_PRE_DEFINED_CURVE_FONT('continuous');
#3348 = COLOUR_RGB('',9.803921802644E-02,9.803921802644E-02,
  9.803921802644E-02);
ENDSEC;
END-ISO-10303-21;
