ISO-10303-21;
HEADER;
FILE_DESCRIPTION(('FreeCAD Model'),'2;1');
FILE_NAME('Open CASCADE Shape Model','2026-10-07T00:54:28',(''),(''),
  'Open CASCADE STEP processor 7.8','FreeCAD','Unknown');
FILE_SCHEMA((
'AP242_MANAGED_MODEL_BASED_3D_ENGINEERING_MIM_LF. {1 0 10303 442 1 1 4 
}'));
ENDSEC;
DATA;
#1 = APPLICATION_PROTOCOL_DEFINITION('international standard',
  'ap242_managed_model_based_3d_engineering',2013,#2);
#2 = APPLICATION_CONTEXT('Managed model based 3d engineering');
#3 = SHAPE_DEFINITION_REPRESENTATION(#4,#10);
#4 = PRODUCT_DEFINITION_SHAPE('','',#5);
#5 = PRODUCT_DEFINITION('design','',#6,#9);
#6 = PRODUCT_DEFINITION_FORMATION('','',#7);
#7 = PRODUCT('TinkerLink_case_design','TinkerLink_case_design','',(#8));
#8 = PRODUCT_CONTEXT('',#2,'mechanical');
#9 = PRODUCT_DEFINITION_CONTEXT('part definition',#2,'design');
#10 = SHAPE_REPRESENTATION('',(#11,#15,#19,#23,#27),#31);
#11 = AXIS2_PLACEMENT_3D('',#12,#13,#14);
#12 = CARTESIAN_POINT('',(0.,0.,0.));
#13 = DIRECTION('',(0.,0.,1.));
#14 = DIRECTION('',(1.,0.,-0.));
#15 = AXIS2_PLACEMENT_3D('',#16,#17,#18);
#16 = CARTESIAN_POINT('',(0.,0.,0.));
#17 = DIRECTION('',(0.,0.,1.));
#18 = DIRECTION('',(1.,0.,0.));
#19 = AXIS2_PLACEMENT_3D('',#20,#21,#22);
#20 = CARTESIAN_POINT('',(0.,0.,0.));
#21 = DIRECTION('',(0.,0.,1.));
#22 = DIRECTION('',(1.,0.,0.));
#23 = AXIS2_PLACEMENT_3D('',#24,#25,#26);
#24 = CARTESIAN_POINT('',(0.,0.,0.));
#25 = DIRECTION('',(0.,0.,1.));
#26 = DIRECTION('',(1.,0.,0.));
#27 = AXIS2_PLACEMENT_3D('',#28,#29,#30);
#28 = CARTESIAN_POINT('',(0.,0.,0.));
#29 = DIRECTION('',(0.,0.,1.));
#30 = DIRECTION('',(1.,0.,0.));
#31 = ( GEOMETRIC_REPRESENTATION_CONTEXT(3) 
GLOBAL_UNCERTAINTY_ASSIGNED_CONTEXT((#35)) GLOBAL_UNIT_ASSIGNED_CONTEXT(
(#32,#33,#34)) REPRESENTATION_CONTEXT('Context #1',
  '3D Context with UNIT and UNCERTAINTY') );
#32 = ( LENGTH_UNIT() NAMED_UNIT(*) SI_UNIT(.MILLI.,.METRE.) );
#33 = ( NAMED_UNIT(*) PLANE_ANGLE_UNIT() SI_UNIT($,.RADIAN.) );
#34 = ( NAMED_UNIT(*) SI_UNIT($,.STERADIAN.) SOLID_ANGLE_UNIT() );
#35 = UNCERTAINTY_MEASURE_WITH_UNIT(LENGTH_MEASURE(1.E-05),#32,
  'distance_accuracy_value','confusion accuracy');
#36 = PRODUCT_RELATED_PRODUCT_CATEGORY('part',$,(#7));
#37 = SHAPE_DEFINITION_REPRESENTATION(#38,#44);
#38 = PRODUCT_DEFINITION_SHAPE('','',#39);
#39 = PRODUCT_DEFINITION('design','',#40,#43);
#40 = PRODUCT_DEFINITION_FORMATION('','',#41);
#41 = PRODUCT('Case Btm Cut000','Case Btm Cut000','',(#42));
#42 = PRODUCT_CONTEXT('',#2,'mechanical');
#43 = PRODUCT_DEFINITION_CONTEXT('part definition',#2,'design');
#44 = ADVANCED_BREP_SHAPE_REPRESENTATION('',(#11,#45),#2012);
#45 = MANIFOLD_SOLID_BREP('',#46);
#46 = CLOSED_SHELL('',(#47,#187,#218,#242,#266,#299,#358,#383,#414,#438,
    #472,#496,#520,#544,#578,#595,#628,#669,#721,#745,#770,#862,#881,
    #912,#959,#1001,#1023,#1073,#1099,#1130,#1155,#1179,#1203,#1227,
    #1252,#1276,#1293,#1333,#1364,#1397,#1428,#1461,#1492,#1525,#1613,
    #1644,#1675,#1710,#1735,#1769,#1794,#1818,#1843,#1860,#1884,#1902,
    #1925,#1955,#1992));
#47 = ADVANCED_FACE('',(#48,#114),#182,.F.);
#48 = FACE_BOUND('',#49,.F.);
#49 = EDGE_LOOP('',(#50,#60,#68,#76,#84,#92,#100,#108));
#50 = ORIENTED_EDGE('',*,*,#51,.F.);
#51 = EDGE_CURVE('',#52,#54,#56,.T.);
#52 = VERTEX_POINT('',#53);
#53 = CARTESIAN_POINT('',(-21.,-9.5,1.));
#54 = VERTEX_POINT('',#55);
#55 = CARTESIAN_POINT('',(-21.,-6.,1.));
#56 = LINE('',#57,#58);
#57 = CARTESIAN_POINT('',(-21.,-13.,1.));
#58 = VECTOR('',#59,1.);
#59 = DIRECTION('',(0.,1.,0.));
#60 = ORIENTED_EDGE('',*,*,#61,.F.);
#61 = EDGE_CURVE('',#62,#52,#64,.T.);
#62 = VERTEX_POINT('',#63);
#63 = CARTESIAN_POINT('',(-21.,-9.5,-4.5));
#64 = LINE('',#65,#66);
#65 = CARTESIAN_POINT('',(-21.,-9.5,-4.5));
#66 = VECTOR('',#67,1.);
#67 = DIRECTION('',(0.,0.,1.));
#68 = ORIENTED_EDGE('',*,*,#69,.T.);
#69 = EDGE_CURVE('',#62,#70,#72,.T.);
#70 = VERTEX_POINT('',#71);
#71 = CARTESIAN_POINT('',(-21.,9.5,-4.5));
#72 = LINE('',#73,#74);
#73 = CARTESIAN_POINT('',(-21.,-13.,-4.5));
#74 = VECTOR('',#75,1.);
#75 = DIRECTION('',(0.,1.,0.));
#76 = ORIENTED_EDGE('',*,*,#77,.T.);
#77 = EDGE_CURVE('',#70,#78,#80,.T.);
#78 = VERTEX_POINT('',#79);
#79 = CARTESIAN_POINT('',(-21.,9.5,1.));
#80 = LINE('',#81,#82);
#81 = CARTESIAN_POINT('',(-21.,9.5,-4.5));
#82 = VECTOR('',#83,1.);
#83 = DIRECTION('',(0.,0.,1.));
#84 = ORIENTED_EDGE('',*,*,#85,.F.);
#85 = EDGE_CURVE('',#86,#78,#88,.T.);
#86 = VERTEX_POINT('',#87);
#87 = CARTESIAN_POINT('',(-21.,6.,1.));
#88 = LINE('',#89,#90);
#89 = CARTESIAN_POINT('',(-21.,-13.,1.));
#90 = VECTOR('',#91,1.);
#91 = DIRECTION('',(0.,1.,0.));
#92 = ORIENTED_EDGE('',*,*,#93,.F.);
#93 = EDGE_CURVE('',#94,#86,#96,.T.);
#94 = VERTEX_POINT('',#95);
#95 = CARTESIAN_POINT('',(-21.,6.,0.3));
#96 = LINE('',#97,#98);
#97 = CARTESIAN_POINT('',(-21.,6.,-2.1));
#98 = VECTOR('',#99,1.);
#99 = DIRECTION('',(0.,0.,1.));
#100 = ORIENTED_EDGE('',*,*,#101,.T.);
#101 = EDGE_CURVE('',#94,#102,#104,.T.);
#102 = VERTEX_POINT('',#103);
#103 = CARTESIAN_POINT('',(-21.,-6.,0.3));
#104 = LINE('',#105,#106);
#105 = CARTESIAN_POINT('',(-21.,-9.5,0.3));
#106 = VECTOR('',#107,1.);
#107 = DIRECTION('',(0.,-1.,0.));
#108 = ORIENTED_EDGE('',*,*,#109,.T.);
#109 = EDGE_CURVE('',#102,#54,#110,.T.);
#110 = LINE('',#111,#112);
#111 = CARTESIAN_POINT('',(-21.,-6.,-2.1));
#112 = VECTOR('',#113,1.);
#113 = DIRECTION('',(0.,0.,1.));
#114 = FACE_BOUND('',#115,.F.);
#115 = EDGE_LOOP('',(#116,#126,#134,#143,#151,#159,#167,#176));
#116 = ORIENTED_EDGE('',*,*,#117,.F.);
#117 = EDGE_CURVE('',#118,#120,#122,.T.);
#118 = VERTEX_POINT('',#119);
#119 = CARTESIAN_POINT('',(-21.,2.9,-0.5));
#120 = VERTEX_POINT('',#121);
#121 = CARTESIAN_POINT('',(-21.,-2.9,-0.5));
#122 = LINE('',#123,#124);
#123 = CARTESIAN_POINT('',(-21.,-5.05,-0.5));
#124 = VECTOR('',#125,1.);
#125 = DIRECTION('',(0.,-1.,0.));
#126 = ORIENTED_EDGE('',*,*,#127,.T.);
#127 = EDGE_CURVE('',#118,#128,#130,.T.);
#128 = VERTEX_POINT('',#129);
#129 = CARTESIAN_POINT('',(-21.,2.9,-0.504006420562));
#130 = LINE('',#131,#132);
#131 = CARTESIAN_POINT('',(-21.,2.9,-3.75));
#132 = VECTOR('',#133,1.);
#133 = DIRECTION('',(0.,-0.,-1.));
#134 = ORIENTED_EDGE('',*,*,#135,.F.);
#135 = EDGE_CURVE('',#136,#128,#138,.T.);
#136 = VERTEX_POINT('',#137);
#137 = CARTESIAN_POINT('',(-21.,2.9,-2.995993579438));
#138 = CIRCLE('',#139,1.25);
#139 = AXIS2_PLACEMENT_3D('',#140,#141,#142);
#140 = CARTESIAN_POINT('',(-21.,3.,-1.75));
#141 = DIRECTION('',(1.,-1.2E-16,-2.2E-16));
#142 = DIRECTION('',(-2.2E-16,0.,-1.));
#143 = ORIENTED_EDGE('',*,*,#144,.T.);
#144 = EDGE_CURVE('',#136,#145,#147,.T.);
#145 = VERTEX_POINT('',#146);
#146 = CARTESIAN_POINT('',(-21.,2.9,-3.));
#147 = LINE('',#148,#149);
#148 = CARTESIAN_POINT('',(-21.,2.9,-3.75));
#149 = VECTOR('',#150,1.);
#150 = DIRECTION('',(0.,-0.,-1.));
#151 = ORIENTED_EDGE('',*,*,#152,.T.);
#152 = EDGE_CURVE('',#145,#153,#155,.T.);
#153 = VERTEX_POINT('',#154);
#154 = CARTESIAN_POINT('',(-21.,-2.9,-3.));
#155 = LINE('',#156,#157);
#156 = CARTESIAN_POINT('',(-21.,-5.05,-3.));
#157 = VECTOR('',#158,1.);
#158 = DIRECTION('',(0.,-1.,0.));
#159 = ORIENTED_EDGE('',*,*,#160,.F.);
#160 = EDGE_CURVE('',#161,#153,#163,.T.);
#161 = VERTEX_POINT('',#162);
#162 = CARTESIAN_POINT('',(-21.,-2.9,-2.995993579438));
#163 = LINE('',#164,#165);
#164 = CARTESIAN_POINT('',(-21.,-2.9,-3.75));
#165 = VECTOR('',#166,1.);
#166 = DIRECTION('',(0.,-0.,-1.));
#167 = ORIENTED_EDGE('',*,*,#168,.F.);
#168 = EDGE_CURVE('',#169,#161,#171,.T.);
#169 = VERTEX_POINT('',#170);
#170 = CARTESIAN_POINT('',(-21.,-2.9,-0.504006420562));
#171 = CIRCLE('',#172,1.25);
#172 = AXIS2_PLACEMENT_3D('',#173,#174,#175);
#173 = CARTESIAN_POINT('',(-21.,-3.,-1.75));
#174 = DIRECTION('',(1.,-1.2E-16,-2.2E-16));
#175 = DIRECTION('',(-2.2E-16,0.,-1.));
#176 = ORIENTED_EDGE('',*,*,#177,.F.);
#177 = EDGE_CURVE('',#120,#169,#178,.T.);
#178 = LINE('',#179,#180);
#179 = CARTESIAN_POINT('',(-21.,-2.9,-3.75));
#180 = VECTOR('',#181,1.);
#181 = DIRECTION('',(0.,-0.,-1.));
#182 = PLANE('',#183);
#183 = AXIS2_PLACEMENT_3D('',#184,#185,#186);
#184 = CARTESIAN_POINT('',(-21.,-13.,-4.5));
#185 = DIRECTION('',(1.,0.,0.));
#186 = DIRECTION('',(0.,0.,1.));
#187 = ADVANCED_FACE('',(#188),#213,.T.);
#188 = FACE_BOUND('',#189,.T.);
#189 = EDGE_LOOP('',(#190,#200,#206,#207));
#190 = ORIENTED_EDGE('',*,*,#191,.F.);
#191 = EDGE_CURVE('',#192,#194,#196,.T.);
#192 = VERTEX_POINT('',#193);
#193 = CARTESIAN_POINT('',(-20.,-6.,0.3));
#194 = VERTEX_POINT('',#195);
#195 = CARTESIAN_POINT('',(-20.,-6.,1.));
#196 = LINE('',#197,#198);
#197 = CARTESIAN_POINT('',(-20.,-6.,0.15));
#198 = VECTOR('',#199,1.);
#199 = DIRECTION('',(0.,0.,1.));
#200 = ORIENTED_EDGE('',*,*,#201,.T.);
#201 = EDGE_CURVE('',#192,#102,#202,.T.);
#202 = LINE('',#203,#204);
#203 = CARTESIAN_POINT('',(-16.,-6.,0.3));
#204 = VECTOR('',#205,1.);
#205 = DIRECTION('',(-1.,0.,0.));
#206 = ORIENTED_EDGE('',*,*,#109,.T.);
#207 = ORIENTED_EDGE('',*,*,#208,.F.);
#208 = EDGE_CURVE('',#194,#54,#209,.T.);
#209 = LINE('',#210,#211);
#210 = CARTESIAN_POINT('',(-18.5,-6.,1.));
#211 = VECTOR('',#212,1.);
#212 = DIRECTION('',(-1.,2.2E-16,0.));
#213 = PLANE('',#214);
#214 = AXIS2_PLACEMENT_3D('',#215,#216,#217);
#215 = CARTESIAN_POINT('',(-16.,-6.,0.3));
#216 = DIRECTION('',(0.,1.,0.));
#217 = DIRECTION('',(0.,0.,1.));
#218 = ADVANCED_FACE('',(#219),#237,.T.);
#219 = FACE_BOUND('',#220,.T.);
#220 = EDGE_LOOP('',(#221,#222,#230,#236));
#221 = ORIENTED_EDGE('',*,*,#201,.F.);
#222 = ORIENTED_EDGE('',*,*,#223,.F.);
#223 = EDGE_CURVE('',#224,#192,#226,.T.);
#224 = VERTEX_POINT('',#225);
#225 = CARTESIAN_POINT('',(-20.,6.,0.3));
#226 = LINE('',#227,#228);
#227 = CARTESIAN_POINT('',(-20.,-9.,0.3));
#228 = VECTOR('',#229,1.);
#229 = DIRECTION('',(0.,-1.,0.));
#230 = ORIENTED_EDGE('',*,*,#231,.T.);
#231 = EDGE_CURVE('',#224,#94,#232,.T.);
#232 = LINE('',#233,#234);
#233 = CARTESIAN_POINT('',(-16.,6.,0.3));
#234 = VECTOR('',#235,1.);
#235 = DIRECTION('',(-1.,0.,0.));
#236 = ORIENTED_EDGE('',*,*,#101,.T.);
#237 = PLANE('',#238);
#238 = AXIS2_PLACEMENT_3D('',#239,#240,#241);
#239 = CARTESIAN_POINT('',(-16.,-6.,0.3));
#240 = DIRECTION('',(0.,0.,1.));
#241 = DIRECTION('',(0.,1.,0.));
#242 = ADVANCED_FACE('',(#243),#261,.F.);
#243 = FACE_BOUND('',#244,.F.);
#244 = EDGE_LOOP('',(#245,#253,#254,#255));
#245 = ORIENTED_EDGE('',*,*,#246,.F.);
#246 = EDGE_CURVE('',#224,#247,#249,.T.);
#247 = VERTEX_POINT('',#248);
#248 = CARTESIAN_POINT('',(-20.,6.,1.));
#249 = LINE('',#250,#251);
#250 = CARTESIAN_POINT('',(-20.,6.,0.15));
#251 = VECTOR('',#252,1.);
#252 = DIRECTION('',(0.,0.,1.));
#253 = ORIENTED_EDGE('',*,*,#231,.T.);
#254 = ORIENTED_EDGE('',*,*,#93,.T.);
#255 = ORIENTED_EDGE('',*,*,#256,.F.);
#256 = EDGE_CURVE('',#247,#86,#257,.T.);
#257 = LINE('',#258,#259);
#258 = CARTESIAN_POINT('',(-18.5,6.,1.));
#259 = VECTOR('',#260,1.);
#260 = DIRECTION('',(-1.,2.2E-16,0.));
#261 = PLANE('',#262);
#262 = AXIS2_PLACEMENT_3D('',#263,#264,#265);
#263 = CARTESIAN_POINT('',(-16.,6.,0.3));
#264 = DIRECTION('',(0.,1.,0.));
#265 = DIRECTION('',(0.,0.,1.));
#266 = ADVANCED_FACE('',(#267),#294,.T.);
#267 = FACE_BOUND('',#268,.F.);
#268 = EDGE_LOOP('',(#269,#278,#286,#293));
#269 = ORIENTED_EDGE('',*,*,#270,.T.);
#270 = EDGE_CURVE('',#70,#271,#273,.T.);
#271 = VERTEX_POINT('',#272);
#272 = CARTESIAN_POINT('',(-17.5,13.,-4.5));
#273 = CIRCLE('',#274,3.5);
#274 = AXIS2_PLACEMENT_3D('',#275,#276,#277);
#275 = CARTESIAN_POINT('',(-17.5,9.5,-4.5));
#276 = DIRECTION('',(-0.,-0.,-1.));
#277 = DIRECTION('',(0.,-1.,0.));
#278 = ORIENTED_EDGE('',*,*,#279,.T.);
#279 = EDGE_CURVE('',#271,#280,#282,.T.);
#280 = VERTEX_POINT('',#281);
#281 = CARTESIAN_POINT('',(-17.5,13.,1.));
#282 = LINE('',#283,#284);
#283 = CARTESIAN_POINT('',(-17.5,13.,-4.5));
#284 = VECTOR('',#285,1.);
#285 = DIRECTION('',(0.,0.,1.));
#286 = ORIENTED_EDGE('',*,*,#287,.F.);
#287 = EDGE_CURVE('',#78,#280,#288,.T.);
#288 = CIRCLE('',#289,3.5);
#289 = AXIS2_PLACEMENT_3D('',#290,#291,#292);
#290 = CARTESIAN_POINT('',(-17.5,9.5,1.));
#291 = DIRECTION('',(-0.,-0.,-1.));
#292 = DIRECTION('',(0.,-1.,0.));
#293 = ORIENTED_EDGE('',*,*,#77,.F.);
#294 = CYLINDRICAL_SURFACE('',#295,3.5);
#295 = AXIS2_PLACEMENT_3D('',#296,#297,#298);
#296 = CARTESIAN_POINT('',(-17.5,9.5,-4.5));
#297 = DIRECTION('',(0.,0.,1.));
#298 = DIRECTION('',(-1.,0.,0.));
#299 = ADVANCED_FACE('',(#300),#353,.F.);
#300 = FACE_BOUND('',#301,.F.);
#301 = EDGE_LOOP('',(#302,#303,#312,#320,#329,#337,#346,#352));
#302 = ORIENTED_EDGE('',*,*,#69,.F.);
#303 = ORIENTED_EDGE('',*,*,#304,.T.);
#304 = EDGE_CURVE('',#62,#305,#307,.T.);
#305 = VERTEX_POINT('',#306);
#306 = CARTESIAN_POINT('',(-17.5,-13.,-4.5));
#307 = CIRCLE('',#308,3.5);
#308 = AXIS2_PLACEMENT_3D('',#309,#310,#311);
#309 = CARTESIAN_POINT('',(-17.5,-9.5,-4.5));
#310 = DIRECTION('',(-0.,0.,1.));
#311 = DIRECTION('',(0.,-1.,0.));
#312 = ORIENTED_EDGE('',*,*,#313,.T.);
#313 = EDGE_CURVE('',#305,#314,#316,.T.);
#314 = VERTEX_POINT('',#315);
#315 = CARTESIAN_POINT('',(17.5,-13.,-4.5));
#316 = LINE('',#317,#318);
#317 = CARTESIAN_POINT('',(-21.,-13.,-4.5));
#318 = VECTOR('',#319,1.);
#319 = DIRECTION('',(1.,0.,0.));
#320 = ORIENTED_EDGE('',*,*,#321,.F.);
#321 = EDGE_CURVE('',#322,#314,#324,.T.);
#322 = VERTEX_POINT('',#323);
#323 = CARTESIAN_POINT('',(21.,-9.5,-4.5));
#324 = CIRCLE('',#325,3.5);
#325 = AXIS2_PLACEMENT_3D('',#326,#327,#328);
#326 = CARTESIAN_POINT('',(17.5,-9.5,-4.5));
#327 = DIRECTION('',(-0.,-0.,-1.));
#328 = DIRECTION('',(0.,-1.,0.));
#329 = ORIENTED_EDGE('',*,*,#330,.T.);
#330 = EDGE_CURVE('',#322,#331,#333,.T.);
#331 = VERTEX_POINT('',#332);
#332 = CARTESIAN_POINT('',(21.,9.5,-4.5));
#333 = LINE('',#334,#335);
#334 = CARTESIAN_POINT('',(21.,-13.,-4.5));
#335 = VECTOR('',#336,1.);
#336 = DIRECTION('',(0.,1.,0.));
#337 = ORIENTED_EDGE('',*,*,#338,.T.);
#338 = EDGE_CURVE('',#331,#339,#341,.T.);
#339 = VERTEX_POINT('',#340);
#340 = CARTESIAN_POINT('',(17.5,13.,-4.5));
#341 = CIRCLE('',#342,3.5);
#342 = AXIS2_PLACEMENT_3D('',#343,#344,#345);
#343 = CARTESIAN_POINT('',(17.5,9.5,-4.5));
#344 = DIRECTION('',(-0.,0.,1.));
#345 = DIRECTION('',(0.,-1.,0.));
#346 = ORIENTED_EDGE('',*,*,#347,.F.);
#347 = EDGE_CURVE('',#271,#339,#348,.T.);
#348 = LINE('',#349,#350);
#349 = CARTESIAN_POINT('',(-21.,13.,-4.5));
#350 = VECTOR('',#351,1.);
#351 = DIRECTION('',(1.,0.,0.));
#352 = ORIENTED_EDGE('',*,*,#270,.F.);
#353 = PLANE('',#354);
#354 = AXIS2_PLACEMENT_3D('',#355,#356,#357);
#355 = CARTESIAN_POINT('',(-21.,-13.,-4.5));
#356 = DIRECTION('',(0.,0.,1.));
#357 = DIRECTION('',(1.,0.,0.));
#358 = ADVANCED_FACE('',(#359),#378,.T.);
#359 = FACE_BOUND('',#360,.T.);
#360 = EDGE_LOOP('',(#361,#362,#370,#377));
#361 = ORIENTED_EDGE('',*,*,#304,.T.);
#362 = ORIENTED_EDGE('',*,*,#363,.T.);
#363 = EDGE_CURVE('',#305,#364,#366,.T.);
#364 = VERTEX_POINT('',#365);
#365 = CARTESIAN_POINT('',(-17.5,-13.,1.));
#366 = LINE('',#367,#368);
#367 = CARTESIAN_POINT('',(-17.5,-13.,-4.5));
#368 = VECTOR('',#369,1.);
#369 = DIRECTION('',(0.,0.,1.));
#370 = ORIENTED_EDGE('',*,*,#371,.F.);
#371 = EDGE_CURVE('',#52,#364,#372,.T.);
#372 = CIRCLE('',#373,3.5);
#373 = AXIS2_PLACEMENT_3D('',#374,#375,#376);
#374 = CARTESIAN_POINT('',(-17.5,-9.5,1.));
#375 = DIRECTION('',(-0.,0.,1.));
#376 = DIRECTION('',(0.,-1.,0.));
#377 = ORIENTED_EDGE('',*,*,#61,.F.);
#378 = CYLINDRICAL_SURFACE('',#379,3.5);
#379 = AXIS2_PLACEMENT_3D('',#380,#381,#382);
#380 = CARTESIAN_POINT('',(-17.5,-9.5,-4.5));
#381 = DIRECTION('',(0.,0.,1.));
#382 = DIRECTION('',(-1.,0.,0.));
#383 = ADVANCED_FACE('',(#384),#409,.F.);
#384 = FACE_BOUND('',#385,.F.);
#385 = EDGE_LOOP('',(#386,#394,#402,#408));
#386 = ORIENTED_EDGE('',*,*,#387,.F.);
#387 = EDGE_CURVE('',#388,#120,#390,.T.);
#388 = VERTEX_POINT('',#389);
#389 = CARTESIAN_POINT('',(-20.,-2.9,-0.5));
#390 = LINE('',#391,#392);
#391 = CARTESIAN_POINT('',(-11.,-2.9,-0.5));
#392 = VECTOR('',#393,1.);
#393 = DIRECTION('',(-1.,0.,0.));
#394 = ORIENTED_EDGE('',*,*,#395,.F.);
#395 = EDGE_CURVE('',#396,#388,#398,.T.);
#396 = VERTEX_POINT('',#397);
#397 = CARTESIAN_POINT('',(-20.,2.9,-0.5));
#398 = LINE('',#399,#400);
#399 = CARTESIAN_POINT('',(-20.,3.7,-0.5));
#400 = VECTOR('',#401,1.);
#401 = DIRECTION('',(0.,-1.,0.));
#402 = ORIENTED_EDGE('',*,*,#403,.T.);
#403 = EDGE_CURVE('',#396,#118,#404,.T.);
#404 = LINE('',#405,#406);
#405 = CARTESIAN_POINT('',(-11.,2.9,-0.5));
#406 = VECTOR('',#407,1.);
#407 = DIRECTION('',(-1.,0.,0.));
#408 = ORIENTED_EDGE('',*,*,#117,.T.);
#409 = PLANE('',#410);
#410 = AXIS2_PLACEMENT_3D('',#411,#412,#413);
#411 = CARTESIAN_POINT('',(-11.,2.9,-0.5));
#412 = DIRECTION('',(0.,0.,1.));
#413 = DIRECTION('',(-1.,0.,0.));
#414 = ADVANCED_FACE('',(#415),#433,.F.);
#415 = FACE_BOUND('',#416,.F.);
#416 = EDGE_LOOP('',(#417,#418,#426,#432));
#417 = ORIENTED_EDGE('',*,*,#177,.T.);
#418 = ORIENTED_EDGE('',*,*,#419,.T.);
#419 = EDGE_CURVE('',#169,#420,#422,.T.);
#420 = VERTEX_POINT('',#421);
#421 = CARTESIAN_POINT('',(-20.,-2.9,-0.504006420562));
#422 = LINE('',#423,#424);
#423 = CARTESIAN_POINT('',(-11.,-2.9,-0.504006420562));
#424 = VECTOR('',#425,1.);
#425 = DIRECTION('',(1.,0.,-2.2E-16));
#426 = ORIENTED_EDGE('',*,*,#427,.F.);
#427 = EDGE_CURVE('',#388,#420,#428,.T.);
#428 = LINE('',#429,#430);
#429 = CARTESIAN_POINT('',(-20.,-2.9,-3.25));
#430 = VECTOR('',#431,1.);
#431 = DIRECTION('',(0.,0.,-1.));
#432 = ORIENTED_EDGE('',*,*,#387,.T.);
#433 = PLANE('',#434);
#434 = AXIS2_PLACEMENT_3D('',#435,#436,#437);
#435 = CARTESIAN_POINT('',(-11.,-2.9,-3.));
#436 = DIRECTION('',(0.,-1.,0.));
#437 = DIRECTION('',(0.,0.,1.));
#438 = ADVANCED_FACE('',(#439),#467,.F.);
#439 = FACE_BOUND('',#440,.T.);
#440 = EDGE_LOOP('',(#441,#442,#443,#452,#461));
#441 = ORIENTED_EDGE('',*,*,#168,.F.);
#442 = ORIENTED_EDGE('',*,*,#419,.T.);
#443 = ORIENTED_EDGE('',*,*,#444,.T.);
#444 = EDGE_CURVE('',#420,#445,#447,.T.);
#445 = VERTEX_POINT('',#446);
#446 = CARTESIAN_POINT('',(-20.,-3.,-3.));
#447 = CIRCLE('',#448,1.25);
#448 = AXIS2_PLACEMENT_3D('',#449,#450,#451);
#449 = CARTESIAN_POINT('',(-20.,-3.,-1.75));
#450 = DIRECTION('',(1.,0.,-2.2E-16));
#451 = DIRECTION('',(-2.2E-16,0.,-1.));
#452 = ORIENTED_EDGE('',*,*,#453,.T.);
#453 = EDGE_CURVE('',#445,#454,#456,.T.);
#454 = VERTEX_POINT('',#455);
#455 = CARTESIAN_POINT('',(-20.,-2.9,-2.995993579438));
#456 = CIRCLE('',#457,1.25);
#457 = AXIS2_PLACEMENT_3D('',#458,#459,#460);
#458 = CARTESIAN_POINT('',(-20.,-3.,-1.75));
#459 = DIRECTION('',(1.,0.,-2.2E-16));
#460 = DIRECTION('',(-2.2E-16,0.,-1.));
#461 = ORIENTED_EDGE('',*,*,#462,.F.);
#462 = EDGE_CURVE('',#161,#454,#463,.T.);
#463 = LINE('',#464,#465);
#464 = CARTESIAN_POINT('',(-11.,-2.9,-2.995993579438));
#465 = VECTOR('',#466,1.);
#466 = DIRECTION('',(1.,0.,-2.2E-16));
#467 = CYLINDRICAL_SURFACE('',#468,1.25);
#468 = AXIS2_PLACEMENT_3D('',#469,#470,#471);
#469 = CARTESIAN_POINT('',(-11.,-3.,-1.75));
#470 = DIRECTION('',(1.,0.,-2.2E-16));
#471 = DIRECTION('',(-2.2E-16,0.,-1.));
#472 = ADVANCED_FACE('',(#473),#491,.F.);
#473 = FACE_BOUND('',#474,.F.);
#474 = EDGE_LOOP('',(#475,#483,#489,#490));
#475 = ORIENTED_EDGE('',*,*,#476,.F.);
#476 = EDGE_CURVE('',#477,#153,#479,.T.);
#477 = VERTEX_POINT('',#478);
#478 = CARTESIAN_POINT('',(-20.,-2.9,-3.));
#479 = LINE('',#480,#481);
#480 = CARTESIAN_POINT('',(-11.,-2.9,-3.));
#481 = VECTOR('',#482,1.);
#482 = DIRECTION('',(-1.,0.,0.));
#483 = ORIENTED_EDGE('',*,*,#484,.F.);
#484 = EDGE_CURVE('',#454,#477,#485,.T.);
#485 = LINE('',#486,#487);
#486 = CARTESIAN_POINT('',(-20.,-2.9,-3.25));
#487 = VECTOR('',#488,1.);
#488 = DIRECTION('',(0.,0.,-1.));
#489 = ORIENTED_EDGE('',*,*,#462,.F.);
#490 = ORIENTED_EDGE('',*,*,#160,.T.);
#491 = PLANE('',#492);
#492 = AXIS2_PLACEMENT_3D('',#493,#494,#495);
#493 = CARTESIAN_POINT('',(-11.,-2.9,-3.));
#494 = DIRECTION('',(0.,-1.,0.));
#495 = DIRECTION('',(0.,0.,1.));
#496 = ADVANCED_FACE('',(#497),#515,.T.);
#497 = FACE_BOUND('',#498,.T.);
#498 = EDGE_LOOP('',(#499,#500,#508,#514));
#499 = ORIENTED_EDGE('',*,*,#476,.F.);
#500 = ORIENTED_EDGE('',*,*,#501,.F.);
#501 = EDGE_CURVE('',#502,#477,#504,.T.);
#502 = VERTEX_POINT('',#503);
#503 = CARTESIAN_POINT('',(-20.,2.9,-3.));
#504 = LINE('',#505,#506);
#505 = CARTESIAN_POINT('',(-20.,3.7,-3.));
#506 = VECTOR('',#507,1.);
#507 = DIRECTION('',(0.,-1.,0.));
#508 = ORIENTED_EDGE('',*,*,#509,.T.);
#509 = EDGE_CURVE('',#502,#145,#510,.T.);
#510 = LINE('',#511,#512);
#511 = CARTESIAN_POINT('',(-11.,2.9,-3.));
#512 = VECTOR('',#513,1.);
#513 = DIRECTION('',(-1.,0.,0.));
#514 = ORIENTED_EDGE('',*,*,#152,.T.);
#515 = PLANE('',#516);
#516 = AXIS2_PLACEMENT_3D('',#517,#518,#519);
#517 = CARTESIAN_POINT('',(-11.,2.9,-3.));
#518 = DIRECTION('',(0.,0.,1.));
#519 = DIRECTION('',(-1.,0.,0.));
#520 = ADVANCED_FACE('',(#521),#539,.T.);
#521 = FACE_BOUND('',#522,.T.);
#522 = EDGE_LOOP('',(#523,#524,#532,#538));
#523 = ORIENTED_EDGE('',*,*,#509,.F.);
#524 = ORIENTED_EDGE('',*,*,#525,.F.);
#525 = EDGE_CURVE('',#526,#502,#528,.T.);
#526 = VERTEX_POINT('',#527);
#527 = CARTESIAN_POINT('',(-20.,2.9,-2.995993579438));
#528 = LINE('',#529,#530);
#529 = CARTESIAN_POINT('',(-20.,2.9,-3.25));
#530 = VECTOR('',#531,1.);
#531 = DIRECTION('',(0.,0.,-1.));
#532 = ORIENTED_EDGE('',*,*,#533,.F.);
#533 = EDGE_CURVE('',#136,#526,#534,.T.);
#534 = LINE('',#535,#536);
#535 = CARTESIAN_POINT('',(-11.,2.9,-2.995993579438));
#536 = VECTOR('',#537,1.);
#537 = DIRECTION('',(1.,0.,-2.2E-16));
#538 = ORIENTED_EDGE('',*,*,#144,.T.);
#539 = PLANE('',#540);
#540 = AXIS2_PLACEMENT_3D('',#541,#542,#543);
#541 = CARTESIAN_POINT('',(-11.,2.9,-3.));
#542 = DIRECTION('',(0.,-1.,0.));
#543 = DIRECTION('',(0.,0.,1.));
#544 = ADVANCED_FACE('',(#545),#573,.F.);
#545 = FACE_BOUND('',#546,.T.);
#546 = EDGE_LOOP('',(#547,#548,#549,#558,#567));
#547 = ORIENTED_EDGE('',*,*,#135,.F.);
#548 = ORIENTED_EDGE('',*,*,#533,.T.);
#549 = ORIENTED_EDGE('',*,*,#550,.T.);
#550 = EDGE_CURVE('',#526,#551,#553,.T.);
#551 = VERTEX_POINT('',#552);
#552 = CARTESIAN_POINT('',(-20.,3.,-3.));
#553 = CIRCLE('',#554,1.25);
#554 = AXIS2_PLACEMENT_3D('',#555,#556,#557);
#555 = CARTESIAN_POINT('',(-20.,3.,-1.75));
#556 = DIRECTION('',(1.,0.,-2.2E-16));
#557 = DIRECTION('',(-2.2E-16,0.,-1.));
#558 = ORIENTED_EDGE('',*,*,#559,.T.);
#559 = EDGE_CURVE('',#551,#560,#562,.T.);
#560 = VERTEX_POINT('',#561);
#561 = CARTESIAN_POINT('',(-20.,2.9,-0.504006420562));
#562 = CIRCLE('',#563,1.25);
#563 = AXIS2_PLACEMENT_3D('',#564,#565,#566);
#564 = CARTESIAN_POINT('',(-20.,3.,-1.75));
#565 = DIRECTION('',(1.,0.,-2.2E-16));
#566 = DIRECTION('',(-2.2E-16,0.,-1.));
#567 = ORIENTED_EDGE('',*,*,#568,.F.);
#568 = EDGE_CURVE('',#128,#560,#569,.T.);
#569 = LINE('',#570,#571);
#570 = CARTESIAN_POINT('',(-11.,2.9,-0.504006420562));
#571 = VECTOR('',#572,1.);
#572 = DIRECTION('',(1.,0.,-2.2E-16));
#573 = CYLINDRICAL_SURFACE('',#574,1.25);
#574 = AXIS2_PLACEMENT_3D('',#575,#576,#577);
#575 = CARTESIAN_POINT('',(-11.,3.,-1.75));
#576 = DIRECTION('',(1.,0.,-2.2E-16));
#577 = DIRECTION('',(-2.2E-16,0.,-1.));
#578 = ADVANCED_FACE('',(#579),#590,.T.);
#579 = FACE_BOUND('',#580,.T.);
#580 = EDGE_LOOP('',(#581,#582,#583,#589));
#581 = ORIENTED_EDGE('',*,*,#127,.T.);
#582 = ORIENTED_EDGE('',*,*,#568,.T.);
#583 = ORIENTED_EDGE('',*,*,#584,.F.);
#584 = EDGE_CURVE('',#396,#560,#585,.T.);
#585 = LINE('',#586,#587);
#586 = CARTESIAN_POINT('',(-20.,2.9,-3.25));
#587 = VECTOR('',#588,1.);
#588 = DIRECTION('',(0.,0.,-1.));
#589 = ORIENTED_EDGE('',*,*,#403,.T.);
#590 = PLANE('',#591);
#591 = AXIS2_PLACEMENT_3D('',#592,#593,#594);
#592 = CARTESIAN_POINT('',(-11.,2.9,-3.));
#593 = DIRECTION('',(0.,-1.,0.));
#594 = DIRECTION('',(0.,0.,1.));
#595 = ADVANCED_FACE('',(#596),#623,.F.);
#596 = FACE_BOUND('',#597,.F.);
#597 = EDGE_LOOP('',(#598,#599,#600,#608,#617));
#598 = ORIENTED_EDGE('',*,*,#313,.F.);
#599 = ORIENTED_EDGE('',*,*,#363,.T.);
#600 = ORIENTED_EDGE('',*,*,#601,.T.);
#601 = EDGE_CURVE('',#364,#602,#604,.T.);
#602 = VERTEX_POINT('',#603);
#603 = CARTESIAN_POINT('',(11.050384638146,-13.,1.));
#604 = LINE('',#605,#606);
#605 = CARTESIAN_POINT('',(-21.,-13.,1.));
#606 = VECTOR('',#607,1.);
#607 = DIRECTION('',(1.,0.,0.));
#608 = ORIENTED_EDGE('',*,*,#609,.F.);
#609 = EDGE_CURVE('',#610,#602,#612,.T.);
#610 = VERTEX_POINT('',#611);
#611 = CARTESIAN_POINT('',(17.5,-13.,0.434314575051));
#612 = CIRCLE('',#613,3.249615361854);
#613 = AXIS2_PLACEMENT_3D('',#614,#615,#616);
#614 = CARTESIAN_POINT('',(14.3,-13.,1.));
#615 = DIRECTION('',(0.,1.,0.));
#616 = DIRECTION('',(0.,-0.,1.));
#617 = ORIENTED_EDGE('',*,*,#618,.F.);
#618 = EDGE_CURVE('',#314,#610,#619,.T.);
#619 = LINE('',#620,#621);
#620 = CARTESIAN_POINT('',(17.5,-13.,-4.5));
#621 = VECTOR('',#622,1.);
#622 = DIRECTION('',(0.,0.,1.));
#623 = PLANE('',#624);
#624 = AXIS2_PLACEMENT_3D('',#625,#626,#627);
#625 = CARTESIAN_POINT('',(-21.,-13.,-4.5));
#626 = DIRECTION('',(0.,1.,0.));
#627 = DIRECTION('',(0.,0.,1.));
#628 = ADVANCED_FACE('',(#629),#664,.F.);
#629 = FACE_BOUND('',#630,.F.);
#630 = EDGE_LOOP('',(#631,#641,#649,#658));
#631 = ORIENTED_EDGE('',*,*,#632,.F.);
#632 = EDGE_CURVE('',#633,#635,#637,.T.);
#633 = VERTEX_POINT('',#634);
#634 = CARTESIAN_POINT('',(12.4,-12.1,-0.5));
#635 = VERTEX_POINT('',#636);
#636 = CARTESIAN_POINT('',(12.4,-12.1,1.));
#637 = LINE('',#638,#639);
#638 = CARTESIAN_POINT('',(12.4,-12.1,-0.5));
#639 = VECTOR('',#640,1.);
#640 = DIRECTION('',(0.,0.,1.));
#641 = ORIENTED_EDGE('',*,*,#642,.T.);
#642 = EDGE_CURVE('',#633,#643,#645,.T.);
#643 = VERTEX_POINT('',#644);
#644 = CARTESIAN_POINT('',(13.487596159536,-12.1,-0.5));
#645 = LINE('',#646,#647);
#646 = CARTESIAN_POINT('',(12.4,-12.1,-0.5));
#647 = VECTOR('',#648,1.);
#648 = DIRECTION('',(1.,0.,0.));
#649 = ORIENTED_EDGE('',*,*,#650,.T.);
#650 = EDGE_CURVE('',#643,#651,#653,.T.);
#651 = VERTEX_POINT('',#652);
#652 = CARTESIAN_POINT('',(12.594127789077,-12.1,1.));
#653 = CIRCLE('',#654,1.705872210923);
#654 = AXIS2_PLACEMENT_3D('',#655,#656,#657);
#655 = CARTESIAN_POINT('',(14.3,-12.1,1.));
#656 = DIRECTION('',(0.,1.,0.));
#657 = DIRECTION('',(0.,0.,1.));
#658 = ORIENTED_EDGE('',*,*,#659,.F.);
#659 = EDGE_CURVE('',#635,#651,#660,.T.);
#660 = LINE('',#661,#662);
#661 = CARTESIAN_POINT('',(-4.212522792992,-12.1,1.));
#662 = VECTOR('',#663,1.);
#663 = DIRECTION('',(1.,0.,0.));
#664 = PLANE('',#665);
#665 = AXIS2_PLACEMENT_3D('',#666,#667,#668);
#666 = CARTESIAN_POINT('',(12.574954414016,-12.1,1.092433473321));
#667 = DIRECTION('',(-0.,-1.,-0.));
#668 = DIRECTION('',(0.,0.,-1.));
#669 = ADVANCED_FACE('',(#670),#716,.F.);
#670 = FACE_BOUND('',#671,.F.);
#671 = EDGE_LOOP('',(#672,#679,#680,#689,#698,#707,#715));
#672 = ORIENTED_EDGE('',*,*,#673,.F.);
#673 = EDGE_CURVE('',#651,#602,#674,.T.);
#674 = CIRCLE('',#675,5.);
#675 = AXIS2_PLACEMENT_3D('',#676,#677,#678);
#676 = CARTESIAN_POINT('',(14.3,-16.8,1.));
#677 = DIRECTION('',(0.,0.,1.));
#678 = DIRECTION('',(1.,0.,-0.));
#679 = ORIENTED_EDGE('',*,*,#650,.F.);
#680 = ORIENTED_EDGE('',*,*,#681,.F.);
#681 = EDGE_CURVE('',#682,#643,#684,.T.);
#682 = VERTEX_POINT('',#683);
#683 = CARTESIAN_POINT('',(15.112403840464,-12.1,-0.5));
#684 = CIRCLE('',#685,4.769696007085);
#685 = AXIS2_PLACEMENT_3D('',#686,#687,#688);
#686 = CARTESIAN_POINT('',(14.3,-16.8,-0.5));
#687 = DIRECTION('',(0.,0.,1.));
#688 = DIRECTION('',(1.,0.,0.));
#689 = ORIENTED_EDGE('',*,*,#690,.F.);
#690 = EDGE_CURVE('',#691,#682,#693,.T.);
#691 = VERTEX_POINT('',#692);
#692 = CARTESIAN_POINT('',(16.005872210923,-12.1,1.));
#693 = CIRCLE('',#694,1.705872210923);
#694 = AXIS2_PLACEMENT_3D('',#695,#696,#697);
#695 = CARTESIAN_POINT('',(14.3,-12.1,1.));
#696 = DIRECTION('',(0.,1.,0.));
#697 = DIRECTION('',(0.,0.,1.));
#698 = ORIENTED_EDGE('',*,*,#699,.F.);
#699 = EDGE_CURVE('',#700,#691,#702,.T.);
#700 = VERTEX_POINT('',#701);
#701 = CARTESIAN_POINT('',(17.549210747034,-12.99965402609,1.));
#702 = CIRCLE('',#703,5.);
#703 = AXIS2_PLACEMENT_3D('',#704,#705,#706);
#704 = CARTESIAN_POINT('',(14.3,-16.8,1.));
#705 = DIRECTION('',(0.,0.,1.));
#706 = DIRECTION('',(1.,0.,-0.));
#707 = ORIENTED_EDGE('',*,*,#708,.T.);
#708 = EDGE_CURVE('',#700,#610,#709,.T.);
#709 = B_SPLINE_CURVE_WITH_KNOTS('',4,(#710,#711,#712,#713,#714),
  .UNSPECIFIED.,.F.,.F.,(5,5),(0.,1.),.PIECEWISE_BEZIER_KNOTS.);
#710 = CARTESIAN_POINT('',(17.549210743985,-12.99965402614,
    1.000141897755));
#711 = CARTESIAN_POINT('',(17.549216844092,-12.99965394036,
    0.858162789317));
#712 = CARTESIAN_POINT('',(17.541083791507,-12.99976555341,
    0.716347769847));
#713 = CARTESIAN_POINT('',(17.524855195525,-13.,0.574916793479));
#714 = CARTESIAN_POINT('',(17.5,-13.,0.434314575051));
#715 = ORIENTED_EDGE('',*,*,#609,.T.);
#716 = SPHERICAL_SURFACE('',#717,5.);
#717 = AXIS2_PLACEMENT_3D('',#718,#719,#720);
#718 = CARTESIAN_POINT('',(14.3,-16.8,1.));
#719 = DIRECTION('',(0.,0.,1.));
#720 = DIRECTION('',(1.,0.,0.));
#721 = ADVANCED_FACE('',(#722),#740,.T.);
#722 = FACE_BOUND('',#723,.T.);
#723 = EDGE_LOOP('',(#724,#725,#726,#734));
#724 = ORIENTED_EDGE('',*,*,#347,.F.);
#725 = ORIENTED_EDGE('',*,*,#279,.T.);
#726 = ORIENTED_EDGE('',*,*,#727,.T.);
#727 = EDGE_CURVE('',#280,#728,#730,.T.);
#728 = VERTEX_POINT('',#729);
#729 = CARTESIAN_POINT('',(17.5,13.,1.));
#730 = LINE('',#731,#732);
#731 = CARTESIAN_POINT('',(-21.,13.,1.));
#732 = VECTOR('',#733,1.);
#733 = DIRECTION('',(1.,0.,0.));
#734 = ORIENTED_EDGE('',*,*,#735,.F.);
#735 = EDGE_CURVE('',#339,#728,#736,.T.);
#736 = LINE('',#737,#738);
#737 = CARTESIAN_POINT('',(17.5,13.,-4.5));
#738 = VECTOR('',#739,1.);
#739 = DIRECTION('',(0.,0.,1.));
#740 = PLANE('',#741);
#741 = AXIS2_PLACEMENT_3D('',#742,#743,#744);
#742 = CARTESIAN_POINT('',(-21.,13.,-4.5));
#743 = DIRECTION('',(0.,1.,0.));
#744 = DIRECTION('',(0.,0.,1.));
#745 = ADVANCED_FACE('',(#746),#765,.T.);
#746 = FACE_BOUND('',#747,.T.);
#747 = EDGE_LOOP('',(#748,#749,#750,#759));
#748 = ORIENTED_EDGE('',*,*,#338,.T.);
#749 = ORIENTED_EDGE('',*,*,#735,.T.);
#750 = ORIENTED_EDGE('',*,*,#751,.F.);
#751 = EDGE_CURVE('',#752,#728,#754,.T.);
#752 = VERTEX_POINT('',#753);
#753 = CARTESIAN_POINT('',(21.,9.5,1.));
#754 = CIRCLE('',#755,3.5);
#755 = AXIS2_PLACEMENT_3D('',#756,#757,#758);
#756 = CARTESIAN_POINT('',(17.5,9.5,1.));
#757 = DIRECTION('',(-0.,0.,1.));
#758 = DIRECTION('',(0.,-1.,0.));
#759 = ORIENTED_EDGE('',*,*,#760,.F.);
#760 = EDGE_CURVE('',#331,#752,#761,.T.);
#761 = LINE('',#762,#763);
#762 = CARTESIAN_POINT('',(21.,9.5,-4.5));
#763 = VECTOR('',#764,1.);
#764 = DIRECTION('',(0.,0.,1.));
#765 = CYLINDRICAL_SURFACE('',#766,3.5);
#766 = AXIS2_PLACEMENT_3D('',#767,#768,#769);
#767 = CARTESIAN_POINT('',(17.5,9.5,-4.5));
#768 = DIRECTION('',(0.,0.,1.));
#769 = DIRECTION('',(1.,0.,0.));
#770 = ADVANCED_FACE('',(#771,#789),#857,.T.);
#771 = FACE_BOUND('',#772,.T.);
#772 = EDGE_LOOP('',(#773,#781,#787,#788));
#773 = ORIENTED_EDGE('',*,*,#774,.F.);
#774 = EDGE_CURVE('',#775,#752,#777,.T.);
#775 = VERTEX_POINT('',#776);
#776 = CARTESIAN_POINT('',(21.,-9.5,1.));
#777 = LINE('',#778,#779);
#778 = CARTESIAN_POINT('',(21.,-13.,1.));
#779 = VECTOR('',#780,1.);
#780 = DIRECTION('',(0.,1.,0.));
#781 = ORIENTED_EDGE('',*,*,#782,.F.);
#782 = EDGE_CURVE('',#322,#775,#783,.T.);
#783 = LINE('',#784,#785);
#784 = CARTESIAN_POINT('',(21.,-9.5,-4.5));
#785 = VECTOR('',#786,1.);
#786 = DIRECTION('',(0.,0.,1.));
#787 = ORIENTED_EDGE('',*,*,#330,.T.);
#788 = ORIENTED_EDGE('',*,*,#760,.T.);
#789 = FACE_BOUND('',#790,.T.);
#790 = EDGE_LOOP('',(#791,#801,#809,#817,#826,#834,#842,#850));
#791 = ORIENTED_EDGE('',*,*,#792,.F.);
#792 = EDGE_CURVE('',#793,#795,#797,.T.);
#793 = VERTEX_POINT('',#794);
#794 = CARTESIAN_POINT('',(21.,2.9,-3.));
#795 = VERTEX_POINT('',#796);
#796 = CARTESIAN_POINT('',(21.,2.9,-2.995993579438));
#797 = LINE('',#798,#799);
#798 = CARTESIAN_POINT('',(21.,2.9,-3.75));
#799 = VECTOR('',#800,1.);
#800 = DIRECTION('',(0.,0.,1.));
#801 = ORIENTED_EDGE('',*,*,#802,.T.);
#802 = EDGE_CURVE('',#793,#803,#805,.T.);
#803 = VERTEX_POINT('',#804);
#804 = CARTESIAN_POINT('',(21.,-2.9,-3.));
#805 = LINE('',#806,#807);
#806 = CARTESIAN_POINT('',(21.,-7.95,-3.));
#807 = VECTOR('',#808,1.);
#808 = DIRECTION('',(0.,-1.,0.));
#809 = ORIENTED_EDGE('',*,*,#810,.T.);
#810 = EDGE_CURVE('',#803,#811,#813,.T.);
#811 = VERTEX_POINT('',#812);
#812 = CARTESIAN_POINT('',(21.,-2.9,-2.995993579438));
#813 = LINE('',#814,#815);
#814 = CARTESIAN_POINT('',(21.,-2.9,-3.75));
#815 = VECTOR('',#816,1.);
#816 = DIRECTION('',(0.,0.,1.));
#817 = ORIENTED_EDGE('',*,*,#818,.T.);
#818 = EDGE_CURVE('',#811,#819,#821,.T.);
#819 = VERTEX_POINT('',#820);
#820 = CARTESIAN_POINT('',(21.,-2.9,-0.504006420562));
#821 = CIRCLE('',#822,1.25);
#822 = AXIS2_PLACEMENT_3D('',#823,#824,#825);
#823 = CARTESIAN_POINT('',(21.,-3.,-1.75));
#824 = DIRECTION('',(-1.,-0.,-2.2E-16));
#825 = DIRECTION('',(2.2E-16,0.,-1.));
#826 = ORIENTED_EDGE('',*,*,#827,.T.);
#827 = EDGE_CURVE('',#819,#828,#830,.T.);
#828 = VERTEX_POINT('',#829);
#829 = CARTESIAN_POINT('',(21.,-2.9,-0.5));
#830 = LINE('',#831,#832);
#831 = CARTESIAN_POINT('',(21.,-2.9,-3.75));
#832 = VECTOR('',#833,1.);
#833 = DIRECTION('',(0.,0.,1.));
#834 = ORIENTED_EDGE('',*,*,#835,.F.);
#835 = EDGE_CURVE('',#836,#828,#838,.T.);
#836 = VERTEX_POINT('',#837);
#837 = CARTESIAN_POINT('',(21.,2.9,-0.5));
#838 = LINE('',#839,#840);
#839 = CARTESIAN_POINT('',(21.,-7.95,-0.5));
#840 = VECTOR('',#841,1.);
#841 = DIRECTION('',(0.,-1.,0.));
#842 = ORIENTED_EDGE('',*,*,#843,.F.);
#843 = EDGE_CURVE('',#844,#836,#846,.T.);
#844 = VERTEX_POINT('',#845);
#845 = CARTESIAN_POINT('',(21.,2.9,-0.504006420562));
#846 = LINE('',#847,#848);
#847 = CARTESIAN_POINT('',(21.,2.9,-3.75));
#848 = VECTOR('',#849,1.);
#849 = DIRECTION('',(0.,0.,1.));
#850 = ORIENTED_EDGE('',*,*,#851,.T.);
#851 = EDGE_CURVE('',#844,#795,#852,.T.);
#852 = CIRCLE('',#853,1.25);
#853 = AXIS2_PLACEMENT_3D('',#854,#855,#856);
#854 = CARTESIAN_POINT('',(21.,3.,-1.75));
#855 = DIRECTION('',(-1.,-0.,-2.2E-16));
#856 = DIRECTION('',(2.2E-16,0.,-1.));
#857 = PLANE('',#858);
#858 = AXIS2_PLACEMENT_3D('',#859,#860,#861);
#859 = CARTESIAN_POINT('',(21.,-13.,-4.5));
#860 = DIRECTION('',(1.,0.,0.));
#861 = DIRECTION('',(0.,0.,1.));
#862 = ADVANCED_FACE('',(#863),#876,.T.);
#863 = FACE_BOUND('',#864,.F.);
#864 = EDGE_LOOP('',(#865,#866,#867,#868,#869));
#865 = ORIENTED_EDGE('',*,*,#782,.F.);
#866 = ORIENTED_EDGE('',*,*,#321,.T.);
#867 = ORIENTED_EDGE('',*,*,#618,.T.);
#868 = ORIENTED_EDGE('',*,*,#708,.F.);
#869 = ORIENTED_EDGE('',*,*,#870,.F.);
#870 = EDGE_CURVE('',#775,#700,#871,.T.);
#871 = CIRCLE('',#872,3.5);
#872 = AXIS2_PLACEMENT_3D('',#873,#874,#875);
#873 = CARTESIAN_POINT('',(17.5,-9.5,1.));
#874 = DIRECTION('',(-0.,-0.,-1.));
#875 = DIRECTION('',(0.,-1.,0.));
#876 = CYLINDRICAL_SURFACE('',#877,3.5);
#877 = AXIS2_PLACEMENT_3D('',#878,#879,#880);
#878 = CARTESIAN_POINT('',(17.5,-9.5,-4.5));
#879 = DIRECTION('',(0.,0.,1.));
#880 = DIRECTION('',(1.,0.,0.));
#881 = ADVANCED_FACE('',(#882),#907,.F.);
#882 = FACE_BOUND('',#883,.F.);
#883 = EDGE_LOOP('',(#884,#885,#893,#901));
#884 = ORIENTED_EDGE('',*,*,#690,.T.);
#885 = ORIENTED_EDGE('',*,*,#886,.T.);
#886 = EDGE_CURVE('',#682,#887,#889,.T.);
#887 = VERTEX_POINT('',#888);
#888 = CARTESIAN_POINT('',(16.2,-12.1,-0.5));
#889 = LINE('',#890,#891);
#890 = CARTESIAN_POINT('',(12.4,-12.1,-0.5));
#891 = VECTOR('',#892,1.);
#892 = DIRECTION('',(1.,0.,0.));
#893 = ORIENTED_EDGE('',*,*,#894,.T.);
#894 = EDGE_CURVE('',#887,#895,#897,.T.);
#895 = VERTEX_POINT('',#896);
#896 = CARTESIAN_POINT('',(16.2,-12.1,1.));
#897 = LINE('',#898,#899);
#898 = CARTESIAN_POINT('',(16.2,-12.1,-0.5));
#899 = VECTOR('',#900,1.);
#900 = DIRECTION('',(0.,0.,1.));
#901 = ORIENTED_EDGE('',*,*,#902,.F.);
#902 = EDGE_CURVE('',#691,#895,#903,.T.);
#903 = LINE('',#904,#905);
#904 = CARTESIAN_POINT('',(-2.493588458689,-12.1,1.));
#905 = VECTOR('',#906,1.);
#906 = DIRECTION('',(1.,0.,0.));
#907 = PLANE('',#908);
#908 = AXIS2_PLACEMENT_3D('',#909,#910,#911);
#909 = CARTESIAN_POINT('',(16.012823082622,-12.1,1.087163080312));
#910 = DIRECTION('',(-0.,-1.,-0.));
#911 = DIRECTION('',(0.,0.,-1.));
#912 = ADVANCED_FACE('',(#913),#954,.T.);
#913 = FACE_BOUND('',#914,.T.);
#914 = EDGE_LOOP('',(#915,#916,#924,#932,#940,#948));
#915 = ORIENTED_EDGE('',*,*,#632,.F.);
#916 = ORIENTED_EDGE('',*,*,#917,.T.);
#917 = EDGE_CURVE('',#633,#918,#920,.T.);
#918 = VERTEX_POINT('',#919);
#919 = CARTESIAN_POINT('',(12.4,-11.5,-0.5));
#920 = LINE('',#921,#922);
#921 = CARTESIAN_POINT('',(12.4,-12.1,-0.5));
#922 = VECTOR('',#923,1.);
#923 = DIRECTION('',(0.,1.,0.));
#924 = ORIENTED_EDGE('',*,*,#925,.F.);
#925 = EDGE_CURVE('',#926,#918,#928,.T.);
#926 = VERTEX_POINT('',#927);
#927 = CARTESIAN_POINT('',(12.4,-11.5,0.));
#928 = LINE('',#929,#930);
#929 = CARTESIAN_POINT('',(12.4,-11.5,-2.));
#930 = VECTOR('',#931,1.);
#931 = DIRECTION('',(0.,0.,-1.));
#932 = ORIENTED_EDGE('',*,*,#933,.F.);
#933 = EDGE_CURVE('',#934,#926,#936,.T.);
#934 = VERTEX_POINT('',#935);
#935 = CARTESIAN_POINT('',(12.4,-12.,0.));
#936 = LINE('',#937,#938);
#937 = CARTESIAN_POINT('',(12.4,-12.05,0.));
#938 = VECTOR('',#939,1.);
#939 = DIRECTION('',(0.,1.,0.));
#940 = ORIENTED_EDGE('',*,*,#941,.F.);
#941 = EDGE_CURVE('',#942,#934,#944,.T.);
#942 = VERTEX_POINT('',#943);
#943 = CARTESIAN_POINT('',(12.4,-12.,1.));
#944 = LINE('',#945,#946);
#945 = CARTESIAN_POINT('',(12.4,-12.,-0.25));
#946 = VECTOR('',#947,1.);
#947 = DIRECTION('',(0.,0.,-1.));
#948 = ORIENTED_EDGE('',*,*,#949,.F.);
#949 = EDGE_CURVE('',#635,#942,#950,.T.);
#950 = LINE('',#951,#952);
#951 = CARTESIAN_POINT('',(12.4,-12.1,1.));
#952 = VECTOR('',#953,1.);
#953 = DIRECTION('',(0.,1.,0.));
#954 = PLANE('',#955);
#955 = AXIS2_PLACEMENT_3D('',#956,#957,#958);
#956 = CARTESIAN_POINT('',(12.4,-12.1,-0.5));
#957 = DIRECTION('',(1.,0.,0.));
#958 = DIRECTION('',(0.,0.,1.));
#959 = ADVANCED_FACE('',(#960),#996,.F.);
#960 = FACE_BOUND('',#961,.F.);
#961 = EDGE_LOOP('',(#962,#972,#981,#989));
#962 = ORIENTED_EDGE('',*,*,#963,.F.);
#963 = EDGE_CURVE('',#964,#966,#968,.T.);
#964 = VERTEX_POINT('',#965);
#965 = CARTESIAN_POINT('',(-20.,-9.,0.));
#966 = VERTEX_POINT('',#967);
#967 = CARTESIAN_POINT('',(-20.,-9.,1.));
#968 = LINE('',#969,#970);
#969 = CARTESIAN_POINT('',(-20.,-9.,0.));
#970 = VECTOR('',#971,1.);
#971 = DIRECTION('',(0.,0.,1.));
#972 = ORIENTED_EDGE('',*,*,#973,.T.);
#973 = EDGE_CURVE('',#964,#974,#976,.T.);
#974 = VERTEX_POINT('',#975);
#975 = CARTESIAN_POINT('',(-17.,-12.,0.));
#976 = CIRCLE('',#977,3.);
#977 = AXIS2_PLACEMENT_3D('',#978,#979,#980);
#978 = CARTESIAN_POINT('',(-17.,-9.,0.));
#979 = DIRECTION('',(-0.,0.,1.));
#980 = DIRECTION('',(0.,-1.,0.));
#981 = ORIENTED_EDGE('',*,*,#982,.T.);
#982 = EDGE_CURVE('',#974,#983,#985,.T.);
#983 = VERTEX_POINT('',#984);
#984 = CARTESIAN_POINT('',(-17.,-12.,1.));
#985 = LINE('',#986,#987);
#986 = CARTESIAN_POINT('',(-17.,-12.,0.));
#987 = VECTOR('',#988,1.);
#988 = DIRECTION('',(0.,0.,1.));
#989 = ORIENTED_EDGE('',*,*,#990,.F.);
#990 = EDGE_CURVE('',#966,#983,#991,.T.);
#991 = CIRCLE('',#992,3.);
#992 = AXIS2_PLACEMENT_3D('',#993,#994,#995);
#993 = CARTESIAN_POINT('',(-17.,-9.,1.));
#994 = DIRECTION('',(0.,0.,1.));
#995 = DIRECTION('',(-1.,0.,0.));
#996 = CYLINDRICAL_SURFACE('',#997,3.);
#997 = AXIS2_PLACEMENT_3D('',#998,#999,#1000);
#998 = CARTESIAN_POINT('',(-17.,-9.,0.));
#999 = DIRECTION('',(0.,0.,1.));
#1000 = DIRECTION('',(-1.,0.,0.));
#1001 = ADVANCED_FACE('',(#1002),#1018,.T.);
#1002 = FACE_BOUND('',#1003,.T.);
#1003 = EDGE_LOOP('',(#1004,#1010,#1011,#1017));
#1004 = ORIENTED_EDGE('',*,*,#1005,.F.);
#1005 = EDGE_CURVE('',#974,#934,#1006,.T.);
#1006 = LINE('',#1007,#1008);
#1007 = CARTESIAN_POINT('',(-20.,-12.,0.));
#1008 = VECTOR('',#1009,1.);
#1009 = DIRECTION('',(1.,0.,0.));
#1010 = ORIENTED_EDGE('',*,*,#982,.T.);
#1011 = ORIENTED_EDGE('',*,*,#1012,.F.);
#1012 = EDGE_CURVE('',#942,#983,#1013,.T.);
#1013 = LINE('',#1014,#1015);
#1014 = CARTESIAN_POINT('',(-20.5,-12.,1.));
#1015 = VECTOR('',#1016,1.);
#1016 = DIRECTION('',(-1.,0.,0.));
#1017 = ORIENTED_EDGE('',*,*,#941,.T.);
#1018 = PLANE('',#1019);
#1019 = AXIS2_PLACEMENT_3D('',#1020,#1021,#1022);
#1020 = CARTESIAN_POINT('',(-20.,-12.,0.));
#1021 = DIRECTION('',(0.,1.,0.));
#1022 = DIRECTION('',(0.,0.,1.));
#1023 = ADVANCED_FACE('',(#1024),#1068,.T.);
#1024 = FACE_BOUND('',#1025,.T.);
#1025 = EDGE_LOOP('',(#1026,#1034,#1035,#1036,#1037,#1045,#1054,#1062));
#1026 = ORIENTED_EDGE('',*,*,#1027,.F.);
#1027 = EDGE_CURVE('',#964,#1028,#1030,.T.);
#1028 = VERTEX_POINT('',#1029);
#1029 = CARTESIAN_POINT('',(-20.,-4.5,0.));
#1030 = LINE('',#1031,#1032);
#1031 = CARTESIAN_POINT('',(-20.,-12.,0.));
#1032 = VECTOR('',#1033,1.);
#1033 = DIRECTION('',(0.,1.,0.));
#1034 = ORIENTED_EDGE('',*,*,#973,.T.);
#1035 = ORIENTED_EDGE('',*,*,#1005,.T.);
#1036 = ORIENTED_EDGE('',*,*,#933,.T.);
#1037 = ORIENTED_EDGE('',*,*,#1038,.F.);
#1038 = EDGE_CURVE('',#1039,#926,#1041,.T.);
#1039 = VERTEX_POINT('',#1040);
#1040 = CARTESIAN_POINT('',(-16.5,-11.5,0.));
#1041 = LINE('',#1042,#1043);
#1042 = CARTESIAN_POINT('',(-19.75,-11.5,0.));
#1043 = VECTOR('',#1044,1.);
#1044 = DIRECTION('',(1.,0.,0.));
#1045 = ORIENTED_EDGE('',*,*,#1046,.F.);
#1046 = EDGE_CURVE('',#1047,#1039,#1049,.T.);
#1047 = VERTEX_POINT('',#1048);
#1048 = CARTESIAN_POINT('',(-19.5,-8.5,0.));
#1049 = CIRCLE('',#1050,3.);
#1050 = AXIS2_PLACEMENT_3D('',#1051,#1052,#1053);
#1051 = CARTESIAN_POINT('',(-16.5,-8.5,0.));
#1052 = DIRECTION('',(0.,0.,1.));
#1053 = DIRECTION('',(-1.,0.,0.));
#1054 = ORIENTED_EDGE('',*,*,#1055,.F.);
#1055 = EDGE_CURVE('',#1056,#1047,#1058,.T.);
#1056 = VERTEX_POINT('',#1057);
#1057 = CARTESIAN_POINT('',(-19.5,-4.5,0.));
#1058 = LINE('',#1059,#1060);
#1059 = CARTESIAN_POINT('',(-19.5,-11.75,0.));
#1060 = VECTOR('',#1061,1.);
#1061 = DIRECTION('',(0.,-1.,0.));
#1062 = ORIENTED_EDGE('',*,*,#1063,.T.);
#1063 = EDGE_CURVE('',#1056,#1028,#1064,.T.);
#1064 = LINE('',#1065,#1066);
#1065 = CARTESIAN_POINT('',(-12.,-4.5,0.));
#1066 = VECTOR('',#1067,1.);
#1067 = DIRECTION('',(-1.,0.,0.));
#1068 = PLANE('',#1069);
#1069 = AXIS2_PLACEMENT_3D('',#1070,#1071,#1072);
#1070 = CARTESIAN_POINT('',(-20.,-12.,0.));
#1071 = DIRECTION('',(0.,0.,1.));
#1072 = DIRECTION('',(1.,0.,0.));
#1073 = ADVANCED_FACE('',(#1074),#1094,.T.);
#1074 = FACE_BOUND('',#1075,.T.);
#1075 = EDGE_LOOP('',(#1076,#1084,#1090,#1091,#1092,#1093));
#1076 = ORIENTED_EDGE('',*,*,#1077,.T.);
#1077 = EDGE_CURVE('',#887,#1078,#1080,.T.);
#1078 = VERTEX_POINT('',#1079);
#1079 = CARTESIAN_POINT('',(16.2,-11.5,-0.5));
#1080 = LINE('',#1081,#1082);
#1081 = CARTESIAN_POINT('',(16.2,-12.1,-0.5));
#1082 = VECTOR('',#1083,1.);
#1083 = DIRECTION('',(0.,1.,0.));
#1084 = ORIENTED_EDGE('',*,*,#1085,.F.);
#1085 = EDGE_CURVE('',#918,#1078,#1086,.T.);
#1086 = LINE('',#1087,#1088);
#1087 = CARTESIAN_POINT('',(-3.55,-11.5,-0.5));
#1088 = VECTOR('',#1089,1.);
#1089 = DIRECTION('',(1.,0.,0.));
#1090 = ORIENTED_EDGE('',*,*,#917,.F.);
#1091 = ORIENTED_EDGE('',*,*,#642,.T.);
#1092 = ORIENTED_EDGE('',*,*,#681,.F.);
#1093 = ORIENTED_EDGE('',*,*,#886,.T.);
#1094 = PLANE('',#1095);
#1095 = AXIS2_PLACEMENT_3D('',#1096,#1097,#1098);
#1096 = CARTESIAN_POINT('',(12.4,-12.1,-0.5));
#1097 = DIRECTION('',(0.,0.,1.));
#1098 = DIRECTION('',(1.,0.,0.));
#1099 = ADVANCED_FACE('',(#1100),#1125,.F.);
#1100 = FACE_BOUND('',#1101,.F.);
#1101 = EDGE_LOOP('',(#1102,#1103,#1111,#1119));
#1102 = ORIENTED_EDGE('',*,*,#792,.F.);
#1103 = ORIENTED_EDGE('',*,*,#1104,.F.);
#1104 = EDGE_CURVE('',#1105,#793,#1107,.T.);
#1105 = VERTEX_POINT('',#1106);
#1106 = CARTESIAN_POINT('',(19.5,2.9,-3.));
#1107 = LINE('',#1108,#1109);
#1108 = CARTESIAN_POINT('',(11.,2.9,-3.));
#1109 = VECTOR('',#1110,1.);
#1110 = DIRECTION('',(1.,0.,0.));
#1111 = ORIENTED_EDGE('',*,*,#1112,.T.);
#1112 = EDGE_CURVE('',#1105,#1113,#1115,.T.);
#1113 = VERTEX_POINT('',#1114);
#1114 = CARTESIAN_POINT('',(19.5,2.9,-2.995993579438));
#1115 = LINE('',#1116,#1117);
#1116 = CARTESIAN_POINT('',(19.5,2.9,-3.25));
#1117 = VECTOR('',#1118,1.);
#1118 = DIRECTION('',(0.,0.,1.));
#1119 = ORIENTED_EDGE('',*,*,#1120,.F.);
#1120 = EDGE_CURVE('',#795,#1113,#1121,.T.);
#1121 = LINE('',#1122,#1123);
#1122 = CARTESIAN_POINT('',(11.,2.9,-2.995993579438));
#1123 = VECTOR('',#1124,1.);
#1124 = DIRECTION('',(-1.,-0.,-2.2E-16));
#1125 = PLANE('',#1126);
#1126 = AXIS2_PLACEMENT_3D('',#1127,#1128,#1129);
#1127 = CARTESIAN_POINT('',(11.,2.9,-3.));
#1128 = DIRECTION('',(0.,1.,0.));
#1129 = DIRECTION('',(0.,0.,1.));
#1130 = ADVANCED_FACE('',(#1131),#1150,.F.);
#1131 = FACE_BOUND('',#1132,.T.);
#1132 = EDGE_LOOP('',(#1133,#1134,#1135,#1143));
#1133 = ORIENTED_EDGE('',*,*,#1120,.F.);
#1134 = ORIENTED_EDGE('',*,*,#851,.F.);
#1135 = ORIENTED_EDGE('',*,*,#1136,.T.);
#1136 = EDGE_CURVE('',#844,#1137,#1139,.T.);
#1137 = VERTEX_POINT('',#1138);
#1138 = CARTESIAN_POINT('',(19.5,2.9,-0.504006420562));
#1139 = LINE('',#1140,#1141);
#1140 = CARTESIAN_POINT('',(11.,2.9,-0.504006420562));
#1141 = VECTOR('',#1142,1.);
#1142 = DIRECTION('',(-1.,-0.,-2.2E-16));
#1143 = ORIENTED_EDGE('',*,*,#1144,.T.);
#1144 = EDGE_CURVE('',#1137,#1113,#1145,.T.);
#1145 = CIRCLE('',#1146,1.25);
#1146 = AXIS2_PLACEMENT_3D('',#1147,#1148,#1149);
#1147 = CARTESIAN_POINT('',(19.5,3.,-1.75));
#1148 = DIRECTION('',(-1.,-0.,-2.2E-16));
#1149 = DIRECTION('',(2.2E-16,0.,-1.));
#1150 = CYLINDRICAL_SURFACE('',#1151,1.25);
#1151 = AXIS2_PLACEMENT_3D('',#1152,#1153,#1154);
#1152 = CARTESIAN_POINT('',(11.,3.,-1.75));
#1153 = DIRECTION('',(-1.,-0.,-2.2E-16));
#1154 = DIRECTION('',(2.2E-16,0.,-1.));
#1155 = ADVANCED_FACE('',(#1156),#1174,.F.);
#1156 = FACE_BOUND('',#1157,.F.);
#1157 = EDGE_LOOP('',(#1158,#1159,#1160,#1168));
#1158 = ORIENTED_EDGE('',*,*,#843,.F.);
#1159 = ORIENTED_EDGE('',*,*,#1136,.T.);
#1160 = ORIENTED_EDGE('',*,*,#1161,.T.);
#1161 = EDGE_CURVE('',#1137,#1162,#1164,.T.);
#1162 = VERTEX_POINT('',#1163);
#1163 = CARTESIAN_POINT('',(19.5,2.9,-0.5));
#1164 = LINE('',#1165,#1166);
#1165 = CARTESIAN_POINT('',(19.5,2.9,-3.25));
#1166 = VECTOR('',#1167,1.);
#1167 = DIRECTION('',(0.,0.,1.));
#1168 = ORIENTED_EDGE('',*,*,#1169,.T.);
#1169 = EDGE_CURVE('',#1162,#836,#1170,.T.);
#1170 = LINE('',#1171,#1172);
#1171 = CARTESIAN_POINT('',(11.,2.9,-0.5));
#1172 = VECTOR('',#1173,1.);
#1173 = DIRECTION('',(1.,0.,0.));
#1174 = PLANE('',#1175);
#1175 = AXIS2_PLACEMENT_3D('',#1176,#1177,#1178);
#1176 = CARTESIAN_POINT('',(11.,2.9,-3.));
#1177 = DIRECTION('',(0.,1.,0.));
#1178 = DIRECTION('',(0.,0.,1.));
#1179 = ADVANCED_FACE('',(#1180),#1198,.F.);
#1180 = FACE_BOUND('',#1181,.F.);
#1181 = EDGE_LOOP('',(#1182,#1183,#1191,#1197));
#1182 = ORIENTED_EDGE('',*,*,#1169,.F.);
#1183 = ORIENTED_EDGE('',*,*,#1184,.T.);
#1184 = EDGE_CURVE('',#1162,#1185,#1187,.T.);
#1185 = VERTEX_POINT('',#1186);
#1186 = CARTESIAN_POINT('',(19.5,-2.9,-0.5));
#1187 = LINE('',#1188,#1189);
#1188 = CARTESIAN_POINT('',(19.5,-7.2,-0.5));
#1189 = VECTOR('',#1190,1.);
#1190 = DIRECTION('',(0.,-1.,0.));
#1191 = ORIENTED_EDGE('',*,*,#1192,.T.);
#1192 = EDGE_CURVE('',#1185,#828,#1193,.T.);
#1193 = LINE('',#1194,#1195);
#1194 = CARTESIAN_POINT('',(11.,-2.9,-0.5));
#1195 = VECTOR('',#1196,1.);
#1196 = DIRECTION('',(1.,0.,0.));
#1197 = ORIENTED_EDGE('',*,*,#835,.F.);
#1198 = PLANE('',#1199);
#1199 = AXIS2_PLACEMENT_3D('',#1200,#1201,#1202);
#1200 = CARTESIAN_POINT('',(11.,-2.9,-0.5));
#1201 = DIRECTION('',(0.,0.,1.));
#1202 = DIRECTION('',(1.,0.,0.));
#1203 = ADVANCED_FACE('',(#1204),#1222,.T.);
#1204 = FACE_BOUND('',#1205,.T.);
#1205 = EDGE_LOOP('',(#1206,#1207,#1215,#1221));
#1206 = ORIENTED_EDGE('',*,*,#827,.F.);
#1207 = ORIENTED_EDGE('',*,*,#1208,.T.);
#1208 = EDGE_CURVE('',#819,#1209,#1211,.T.);
#1209 = VERTEX_POINT('',#1210);
#1210 = CARTESIAN_POINT('',(19.5,-2.9,-0.504006420562));
#1211 = LINE('',#1212,#1213);
#1212 = CARTESIAN_POINT('',(11.,-2.9,-0.504006420562));
#1213 = VECTOR('',#1214,1.);
#1214 = DIRECTION('',(-1.,-0.,-2.2E-16));
#1215 = ORIENTED_EDGE('',*,*,#1216,.T.);
#1216 = EDGE_CURVE('',#1209,#1185,#1217,.T.);
#1217 = LINE('',#1218,#1219);
#1218 = CARTESIAN_POINT('',(19.5,-2.9,-3.25));
#1219 = VECTOR('',#1220,1.);
#1220 = DIRECTION('',(0.,0.,1.));
#1221 = ORIENTED_EDGE('',*,*,#1192,.T.);
#1222 = PLANE('',#1223);
#1223 = AXIS2_PLACEMENT_3D('',#1224,#1225,#1226);
#1224 = CARTESIAN_POINT('',(11.,-2.9,-3.));
#1225 = DIRECTION('',(0.,1.,0.));
#1226 = DIRECTION('',(0.,0.,1.));
#1227 = ADVANCED_FACE('',(#1228),#1247,.F.);
#1228 = FACE_BOUND('',#1229,.T.);
#1229 = EDGE_LOOP('',(#1230,#1231,#1232,#1240));
#1230 = ORIENTED_EDGE('',*,*,#1208,.F.);
#1231 = ORIENTED_EDGE('',*,*,#818,.F.);
#1232 = ORIENTED_EDGE('',*,*,#1233,.T.);
#1233 = EDGE_CURVE('',#811,#1234,#1236,.T.);
#1234 = VERTEX_POINT('',#1235);
#1235 = CARTESIAN_POINT('',(19.5,-2.9,-2.995993579438));
#1236 = LINE('',#1237,#1238);
#1237 = CARTESIAN_POINT('',(11.,-2.9,-2.995993579438));
#1238 = VECTOR('',#1239,1.);
#1239 = DIRECTION('',(-1.,-0.,-2.2E-16));
#1240 = ORIENTED_EDGE('',*,*,#1241,.T.);
#1241 = EDGE_CURVE('',#1234,#1209,#1242,.T.);
#1242 = CIRCLE('',#1243,1.25);
#1243 = AXIS2_PLACEMENT_3D('',#1244,#1245,#1246);
#1244 = CARTESIAN_POINT('',(19.5,-3.,-1.75));
#1245 = DIRECTION('',(-1.,-0.,-2.2E-16));
#1246 = DIRECTION('',(2.2E-16,0.,-1.));
#1247 = CYLINDRICAL_SURFACE('',#1248,1.25);
#1248 = AXIS2_PLACEMENT_3D('',#1249,#1250,#1251);
#1249 = CARTESIAN_POINT('',(11.,-3.,-1.75));
#1250 = DIRECTION('',(-1.,-0.,-2.2E-16));
#1251 = DIRECTION('',(2.2E-16,0.,-1.));
#1252 = ADVANCED_FACE('',(#1253),#1271,.T.);
#1253 = FACE_BOUND('',#1254,.T.);
#1254 = EDGE_LOOP('',(#1255,#1256,#1264,#1270));
#1255 = ORIENTED_EDGE('',*,*,#810,.F.);
#1256 = ORIENTED_EDGE('',*,*,#1257,.F.);
#1257 = EDGE_CURVE('',#1258,#803,#1260,.T.);
#1258 = VERTEX_POINT('',#1259);
#1259 = CARTESIAN_POINT('',(19.5,-2.9,-3.));
#1260 = LINE('',#1261,#1262);
#1261 = CARTESIAN_POINT('',(11.,-2.9,-3.));
#1262 = VECTOR('',#1263,1.);
#1263 = DIRECTION('',(1.,0.,0.));
#1264 = ORIENTED_EDGE('',*,*,#1265,.T.);
#1265 = EDGE_CURVE('',#1258,#1234,#1266,.T.);
#1266 = LINE('',#1267,#1268);
#1267 = CARTESIAN_POINT('',(19.5,-2.9,-3.25));
#1268 = VECTOR('',#1269,1.);
#1269 = DIRECTION('',(0.,0.,1.));
#1270 = ORIENTED_EDGE('',*,*,#1233,.F.);
#1271 = PLANE('',#1272);
#1272 = AXIS2_PLACEMENT_3D('',#1273,#1274,#1275);
#1273 = CARTESIAN_POINT('',(11.,-2.9,-3.));
#1274 = DIRECTION('',(0.,1.,0.));
#1275 = DIRECTION('',(0.,0.,1.));
#1276 = ADVANCED_FACE('',(#1277),#1288,.T.);
#1277 = FACE_BOUND('',#1278,.T.);
#1278 = EDGE_LOOP('',(#1279,#1280,#1286,#1287));
#1279 = ORIENTED_EDGE('',*,*,#1104,.F.);
#1280 = ORIENTED_EDGE('',*,*,#1281,.T.);
#1281 = EDGE_CURVE('',#1105,#1258,#1282,.T.);
#1282 = LINE('',#1283,#1284);
#1283 = CARTESIAN_POINT('',(19.5,-7.2,-3.));
#1284 = VECTOR('',#1285,1.);
#1285 = DIRECTION('',(0.,-1.,0.));
#1286 = ORIENTED_EDGE('',*,*,#1257,.T.);
#1287 = ORIENTED_EDGE('',*,*,#802,.F.);
#1288 = PLANE('',#1289);
#1289 = AXIS2_PLACEMENT_3D('',#1290,#1291,#1292);
#1290 = CARTESIAN_POINT('',(11.,-2.9,-3.));
#1291 = DIRECTION('',(0.,0.,1.));
#1292 = DIRECTION('',(1.,0.,0.));
#1293 = ADVANCED_FACE('',(#1294),#1328,.F.);
#1294 = FACE_BOUND('',#1295,.F.);
#1295 = EDGE_LOOP('',(#1296,#1297,#1298,#1306,#1314,#1322));
#1296 = ORIENTED_EDGE('',*,*,#894,.F.);
#1297 = ORIENTED_EDGE('',*,*,#1077,.T.);
#1298 = ORIENTED_EDGE('',*,*,#1299,.F.);
#1299 = EDGE_CURVE('',#1300,#1078,#1302,.T.);
#1300 = VERTEX_POINT('',#1301);
#1301 = CARTESIAN_POINT('',(16.2,-11.5,0.));
#1302 = LINE('',#1303,#1304);
#1303 = CARTESIAN_POINT('',(16.2,-11.5,-2.));
#1304 = VECTOR('',#1305,1.);
#1305 = DIRECTION('',(0.,0.,-1.));
#1306 = ORIENTED_EDGE('',*,*,#1307,.F.);
#1307 = EDGE_CURVE('',#1308,#1300,#1310,.T.);
#1308 = VERTEX_POINT('',#1309);
#1309 = CARTESIAN_POINT('',(16.2,-12.,0.));
#1310 = LINE('',#1311,#1312);
#1311 = CARTESIAN_POINT('',(16.2,-12.05,0.));
#1312 = VECTOR('',#1313,1.);
#1313 = DIRECTION('',(0.,1.,0.));
#1314 = ORIENTED_EDGE('',*,*,#1315,.F.);
#1315 = EDGE_CURVE('',#1316,#1308,#1318,.T.);
#1316 = VERTEX_POINT('',#1317);
#1317 = CARTESIAN_POINT('',(16.2,-12.,1.));
#1318 = LINE('',#1319,#1320);
#1319 = CARTESIAN_POINT('',(16.2,-12.,-0.25));
#1320 = VECTOR('',#1321,1.);
#1321 = DIRECTION('',(0.,0.,-1.));
#1322 = ORIENTED_EDGE('',*,*,#1323,.F.);
#1323 = EDGE_CURVE('',#895,#1316,#1324,.T.);
#1324 = LINE('',#1325,#1326);
#1325 = CARTESIAN_POINT('',(16.2,-12.1,1.));
#1326 = VECTOR('',#1327,1.);
#1327 = DIRECTION('',(0.,1.,0.));
#1328 = PLANE('',#1329);
#1329 = AXIS2_PLACEMENT_3D('',#1330,#1331,#1332);
#1330 = CARTESIAN_POINT('',(16.2,-12.1,-0.5));
#1331 = DIRECTION('',(1.,0.,0.));
#1332 = DIRECTION('',(0.,0.,1.));
#1333 = ADVANCED_FACE('',(#1334),#1359,.T.);
#1334 = FACE_BOUND('',#1335,.T.);
#1335 = EDGE_LOOP('',(#1336,#1344,#1345,#1353));
#1336 = ORIENTED_EDGE('',*,*,#1337,.F.);
#1337 = EDGE_CURVE('',#1308,#1338,#1340,.T.);
#1338 = VERTEX_POINT('',#1339);
#1339 = CARTESIAN_POINT('',(17.,-12.,0.));
#1340 = LINE('',#1341,#1342);
#1341 = CARTESIAN_POINT('',(-20.,-12.,0.));
#1342 = VECTOR('',#1343,1.);
#1343 = DIRECTION('',(1.,0.,0.));
#1344 = ORIENTED_EDGE('',*,*,#1315,.F.);
#1345 = ORIENTED_EDGE('',*,*,#1346,.F.);
#1346 = EDGE_CURVE('',#1347,#1316,#1349,.T.);
#1347 = VERTEX_POINT('',#1348);
#1348 = CARTESIAN_POINT('',(17.,-12.,1.));
#1349 = LINE('',#1350,#1351);
#1350 = CARTESIAN_POINT('',(-20.5,-12.,1.));
#1351 = VECTOR('',#1352,1.);
#1352 = DIRECTION('',(-1.,0.,0.));
#1353 = ORIENTED_EDGE('',*,*,#1354,.F.);
#1354 = EDGE_CURVE('',#1338,#1347,#1355,.T.);
#1355 = LINE('',#1356,#1357);
#1356 = CARTESIAN_POINT('',(17.,-12.,0.));
#1357 = VECTOR('',#1358,1.);
#1358 = DIRECTION('',(0.,0.,1.));
#1359 = PLANE('',#1360);
#1360 = AXIS2_PLACEMENT_3D('',#1361,#1362,#1363);
#1361 = CARTESIAN_POINT('',(-20.,-12.,0.));
#1362 = DIRECTION('',(0.,1.,0.));
#1363 = DIRECTION('',(0.,0.,1.));
#1364 = ADVANCED_FACE('',(#1365),#1392,.F.);
#1365 = FACE_BOUND('',#1366,.T.);
#1366 = EDGE_LOOP('',(#1367,#1377,#1384,#1385));
#1367 = ORIENTED_EDGE('',*,*,#1368,.F.);
#1368 = EDGE_CURVE('',#1369,#1371,#1373,.T.);
#1369 = VERTEX_POINT('',#1370);
#1370 = CARTESIAN_POINT('',(20.,-9.,0.));
#1371 = VERTEX_POINT('',#1372);
#1372 = CARTESIAN_POINT('',(20.,-9.,1.));
#1373 = LINE('',#1374,#1375);
#1374 = CARTESIAN_POINT('',(20.,-9.,0.));
#1375 = VECTOR('',#1376,1.);
#1376 = DIRECTION('',(0.,0.,1.));
#1377 = ORIENTED_EDGE('',*,*,#1378,.T.);
#1378 = EDGE_CURVE('',#1369,#1338,#1379,.T.);
#1379 = CIRCLE('',#1380,3.);
#1380 = AXIS2_PLACEMENT_3D('',#1381,#1382,#1383);
#1381 = CARTESIAN_POINT('',(17.,-9.,0.));
#1382 = DIRECTION('',(-0.,-0.,-1.));
#1383 = DIRECTION('',(0.,-1.,0.));
#1384 = ORIENTED_EDGE('',*,*,#1354,.T.);
#1385 = ORIENTED_EDGE('',*,*,#1386,.T.);
#1386 = EDGE_CURVE('',#1347,#1371,#1387,.T.);
#1387 = CIRCLE('',#1388,3.);
#1388 = AXIS2_PLACEMENT_3D('',#1389,#1390,#1391);
#1389 = CARTESIAN_POINT('',(17.,-9.,1.));
#1390 = DIRECTION('',(0.,0.,1.));
#1391 = DIRECTION('',(1.,0.,0.));
#1392 = CYLINDRICAL_SURFACE('',#1393,3.);
#1393 = AXIS2_PLACEMENT_3D('',#1394,#1395,#1396);
#1394 = CARTESIAN_POINT('',(17.,-9.,0.));
#1395 = DIRECTION('',(0.,0.,1.));
#1396 = DIRECTION('',(1.,0.,0.));
#1397 = ADVANCED_FACE('',(#1398),#1423,.F.);
#1398 = FACE_BOUND('',#1399,.F.);
#1399 = EDGE_LOOP('',(#1400,#1408,#1409,#1417));
#1400 = ORIENTED_EDGE('',*,*,#1401,.F.);
#1401 = EDGE_CURVE('',#1371,#1402,#1404,.T.);
#1402 = VERTEX_POINT('',#1403);
#1403 = CARTESIAN_POINT('',(20.,9.,1.));
#1404 = LINE('',#1405,#1406);
#1405 = CARTESIAN_POINT('',(20.,-12.5,1.));
#1406 = VECTOR('',#1407,1.);
#1407 = DIRECTION('',(0.,1.,0.));
#1408 = ORIENTED_EDGE('',*,*,#1368,.F.);
#1409 = ORIENTED_EDGE('',*,*,#1410,.T.);
#1410 = EDGE_CURVE('',#1369,#1411,#1413,.T.);
#1411 = VERTEX_POINT('',#1412);
#1412 = CARTESIAN_POINT('',(20.,9.,0.));
#1413 = LINE('',#1414,#1415);
#1414 = CARTESIAN_POINT('',(20.,-12.,0.));
#1415 = VECTOR('',#1416,1.);
#1416 = DIRECTION('',(0.,1.,0.));
#1417 = ORIENTED_EDGE('',*,*,#1418,.T.);
#1418 = EDGE_CURVE('',#1411,#1402,#1419,.T.);
#1419 = LINE('',#1420,#1421);
#1420 = CARTESIAN_POINT('',(20.,9.,0.));
#1421 = VECTOR('',#1422,1.);
#1422 = DIRECTION('',(0.,0.,1.));
#1423 = PLANE('',#1424);
#1424 = AXIS2_PLACEMENT_3D('',#1425,#1426,#1427);
#1425 = CARTESIAN_POINT('',(20.,-12.,0.));
#1426 = DIRECTION('',(1.,0.,0.));
#1427 = DIRECTION('',(0.,0.,1.));
#1428 = ADVANCED_FACE('',(#1429),#1456,.F.);
#1429 = FACE_BOUND('',#1430,.F.);
#1430 = EDGE_LOOP('',(#1431,#1432,#1441,#1449));
#1431 = ORIENTED_EDGE('',*,*,#1418,.F.);
#1432 = ORIENTED_EDGE('',*,*,#1433,.T.);
#1433 = EDGE_CURVE('',#1411,#1434,#1436,.T.);
#1434 = VERTEX_POINT('',#1435);
#1435 = CARTESIAN_POINT('',(17.,12.,0.));
#1436 = CIRCLE('',#1437,3.);
#1437 = AXIS2_PLACEMENT_3D('',#1438,#1439,#1440);
#1438 = CARTESIAN_POINT('',(17.,9.,0.));
#1439 = DIRECTION('',(-0.,0.,1.));
#1440 = DIRECTION('',(0.,-1.,0.));
#1441 = ORIENTED_EDGE('',*,*,#1442,.T.);
#1442 = EDGE_CURVE('',#1434,#1443,#1445,.T.);
#1443 = VERTEX_POINT('',#1444);
#1444 = CARTESIAN_POINT('',(17.,12.,1.));
#1445 = LINE('',#1446,#1447);
#1446 = CARTESIAN_POINT('',(17.,12.,0.));
#1447 = VECTOR('',#1448,1.);
#1448 = DIRECTION('',(0.,0.,1.));
#1449 = ORIENTED_EDGE('',*,*,#1450,.F.);
#1450 = EDGE_CURVE('',#1402,#1443,#1451,.T.);
#1451 = CIRCLE('',#1452,3.);
#1452 = AXIS2_PLACEMENT_3D('',#1453,#1454,#1455);
#1453 = CARTESIAN_POINT('',(17.,9.,1.));
#1454 = DIRECTION('',(0.,0.,1.));
#1455 = DIRECTION('',(1.,0.,0.));
#1456 = CYLINDRICAL_SURFACE('',#1457,3.);
#1457 = AXIS2_PLACEMENT_3D('',#1458,#1459,#1460);
#1458 = CARTESIAN_POINT('',(17.,9.,0.));
#1459 = DIRECTION('',(0.,0.,1.));
#1460 = DIRECTION('',(1.,0.,0.));
#1461 = ADVANCED_FACE('',(#1462),#1487,.F.);
#1462 = FACE_BOUND('',#1463,.F.);
#1463 = EDGE_LOOP('',(#1464,#1472,#1480,#1486));
#1464 = ORIENTED_EDGE('',*,*,#1465,.F.);
#1465 = EDGE_CURVE('',#1466,#1434,#1468,.T.);
#1466 = VERTEX_POINT('',#1467);
#1467 = CARTESIAN_POINT('',(-17.,12.,0.));
#1468 = LINE('',#1469,#1470);
#1469 = CARTESIAN_POINT('',(-20.,12.,0.));
#1470 = VECTOR('',#1471,1.);
#1471 = DIRECTION('',(1.,0.,0.));
#1472 = ORIENTED_EDGE('',*,*,#1473,.T.);
#1473 = EDGE_CURVE('',#1466,#1474,#1476,.T.);
#1474 = VERTEX_POINT('',#1475);
#1475 = CARTESIAN_POINT('',(-17.,12.,1.));
#1476 = LINE('',#1477,#1478);
#1477 = CARTESIAN_POINT('',(-17.,12.,0.));
#1478 = VECTOR('',#1479,1.);
#1479 = DIRECTION('',(0.,0.,1.));
#1480 = ORIENTED_EDGE('',*,*,#1481,.F.);
#1481 = EDGE_CURVE('',#1443,#1474,#1482,.T.);
#1482 = LINE('',#1483,#1484);
#1483 = CARTESIAN_POINT('',(-20.5,12.,1.));
#1484 = VECTOR('',#1485,1.);
#1485 = DIRECTION('',(-1.,0.,0.));
#1486 = ORIENTED_EDGE('',*,*,#1442,.F.);
#1487 = PLANE('',#1488);
#1488 = AXIS2_PLACEMENT_3D('',#1489,#1490,#1491);
#1489 = CARTESIAN_POINT('',(-20.,12.,0.));
#1490 = DIRECTION('',(0.,1.,0.));
#1491 = DIRECTION('',(0.,0.,1.));
#1492 = ADVANCED_FACE('',(#1493),#1520,.F.);
#1493 = FACE_BOUND('',#1494,.T.);
#1494 = EDGE_LOOP('',(#1495,#1505,#1512,#1513));
#1495 = ORIENTED_EDGE('',*,*,#1496,.F.);
#1496 = EDGE_CURVE('',#1497,#1499,#1501,.T.);
#1497 = VERTEX_POINT('',#1498);
#1498 = CARTESIAN_POINT('',(-20.,9.,0.));
#1499 = VERTEX_POINT('',#1500);
#1500 = CARTESIAN_POINT('',(-20.,9.,1.));
#1501 = LINE('',#1502,#1503);
#1502 = CARTESIAN_POINT('',(-20.,9.,0.));
#1503 = VECTOR('',#1504,1.);
#1504 = DIRECTION('',(0.,0.,1.));
#1505 = ORIENTED_EDGE('',*,*,#1506,.T.);
#1506 = EDGE_CURVE('',#1497,#1466,#1507,.T.);
#1507 = CIRCLE('',#1508,3.);
#1508 = AXIS2_PLACEMENT_3D('',#1509,#1510,#1511);
#1509 = CARTESIAN_POINT('',(-17.,9.,0.));
#1510 = DIRECTION('',(-0.,-0.,-1.));
#1511 = DIRECTION('',(0.,-1.,0.));
#1512 = ORIENTED_EDGE('',*,*,#1473,.T.);
#1513 = ORIENTED_EDGE('',*,*,#1514,.T.);
#1514 = EDGE_CURVE('',#1474,#1499,#1515,.T.);
#1515 = CIRCLE('',#1516,3.);
#1516 = AXIS2_PLACEMENT_3D('',#1517,#1518,#1519);
#1517 = CARTESIAN_POINT('',(-17.,9.,1.));
#1518 = DIRECTION('',(0.,0.,1.));
#1519 = DIRECTION('',(-1.,0.,0.));
#1520 = CYLINDRICAL_SURFACE('',#1521,3.);
#1521 = AXIS2_PLACEMENT_3D('',#1522,#1523,#1524);
#1522 = CARTESIAN_POINT('',(-17.,9.,0.));
#1523 = DIRECTION('',(0.,0.,1.));
#1524 = DIRECTION('',(-1.,0.,0.));
#1525 = ADVANCED_FACE('',(#1526),#1608,.T.);
#1526 = FACE_BOUND('',#1527,.T.);
#1527 = EDGE_LOOP('',(#1528,#1536,#1544,#1552,#1561,#1569,#1578,#1586,
    #1595,#1601,#1602,#1603,#1604,#1605,#1606,#1607));
#1528 = ORIENTED_EDGE('',*,*,#1529,.F.);
#1529 = EDGE_CURVE('',#1530,#1497,#1532,.T.);
#1530 = VERTEX_POINT('',#1531);
#1531 = CARTESIAN_POINT('',(-20.,4.5,0.));
#1532 = LINE('',#1533,#1534);
#1533 = CARTESIAN_POINT('',(-20.,-12.,0.));
#1534 = VECTOR('',#1535,1.);
#1535 = DIRECTION('',(0.,1.,0.));
#1536 = ORIENTED_EDGE('',*,*,#1537,.F.);
#1537 = EDGE_CURVE('',#1538,#1530,#1540,.T.);
#1538 = VERTEX_POINT('',#1539);
#1539 = CARTESIAN_POINT('',(-19.5,4.5,0.));
#1540 = LINE('',#1541,#1542);
#1541 = CARTESIAN_POINT('',(-12.,4.5,0.));
#1542 = VECTOR('',#1543,1.);
#1543 = DIRECTION('',(-1.,0.,0.));
#1544 = ORIENTED_EDGE('',*,*,#1545,.F.);
#1545 = EDGE_CURVE('',#1546,#1538,#1548,.T.);
#1546 = VERTEX_POINT('',#1547);
#1547 = CARTESIAN_POINT('',(-19.5,8.5,0.));
#1548 = LINE('',#1549,#1550);
#1549 = CARTESIAN_POINT('',(-19.5,-11.75,0.));
#1550 = VECTOR('',#1551,1.);
#1551 = DIRECTION('',(0.,-1.,0.));
#1552 = ORIENTED_EDGE('',*,*,#1553,.F.);
#1553 = EDGE_CURVE('',#1554,#1546,#1556,.T.);
#1554 = VERTEX_POINT('',#1555);
#1555 = CARTESIAN_POINT('',(-16.5,11.5,0.));
#1556 = CIRCLE('',#1557,3.);
#1557 = AXIS2_PLACEMENT_3D('',#1558,#1559,#1560);
#1558 = CARTESIAN_POINT('',(-16.5,8.5,0.));
#1559 = DIRECTION('',(0.,0.,1.));
#1560 = DIRECTION('',(-1.,0.,0.));
#1561 = ORIENTED_EDGE('',*,*,#1562,.T.);
#1562 = EDGE_CURVE('',#1554,#1563,#1565,.T.);
#1563 = VERTEX_POINT('',#1564);
#1564 = CARTESIAN_POINT('',(16.5,11.5,0.));
#1565 = LINE('',#1566,#1567);
#1566 = CARTESIAN_POINT('',(-19.75,11.5,0.));
#1567 = VECTOR('',#1568,1.);
#1568 = DIRECTION('',(1.,0.,0.));
#1569 = ORIENTED_EDGE('',*,*,#1570,.F.);
#1570 = EDGE_CURVE('',#1571,#1563,#1573,.T.);
#1571 = VERTEX_POINT('',#1572);
#1572 = CARTESIAN_POINT('',(19.5,8.5,0.));
#1573 = CIRCLE('',#1574,3.);
#1574 = AXIS2_PLACEMENT_3D('',#1575,#1576,#1577);
#1575 = CARTESIAN_POINT('',(16.5,8.5,0.));
#1576 = DIRECTION('',(0.,0.,1.));
#1577 = DIRECTION('',(1.,0.,0.));
#1578 = ORIENTED_EDGE('',*,*,#1579,.T.);
#1579 = EDGE_CURVE('',#1571,#1580,#1582,.T.);
#1580 = VERTEX_POINT('',#1581);
#1581 = CARTESIAN_POINT('',(19.5,-8.5,0.));
#1582 = LINE('',#1583,#1584);
#1583 = CARTESIAN_POINT('',(19.5,-11.75,0.));
#1584 = VECTOR('',#1585,1.);
#1585 = DIRECTION('',(0.,-1.,0.));
#1586 = ORIENTED_EDGE('',*,*,#1587,.F.);
#1587 = EDGE_CURVE('',#1588,#1580,#1590,.T.);
#1588 = VERTEX_POINT('',#1589);
#1589 = CARTESIAN_POINT('',(16.5,-11.5,0.));
#1590 = CIRCLE('',#1591,3.);
#1591 = AXIS2_PLACEMENT_3D('',#1592,#1593,#1594);
#1592 = CARTESIAN_POINT('',(16.5,-8.5,0.));
#1593 = DIRECTION('',(0.,0.,1.));
#1594 = DIRECTION('',(1.,0.,0.));
#1595 = ORIENTED_EDGE('',*,*,#1596,.F.);
#1596 = EDGE_CURVE('',#1300,#1588,#1597,.T.);
#1597 = LINE('',#1598,#1599);
#1598 = CARTESIAN_POINT('',(-19.75,-11.5,0.));
#1599 = VECTOR('',#1600,1.);
#1600 = DIRECTION('',(1.,0.,0.));
#1601 = ORIENTED_EDGE('',*,*,#1307,.F.);
#1602 = ORIENTED_EDGE('',*,*,#1337,.T.);
#1603 = ORIENTED_EDGE('',*,*,#1378,.F.);
#1604 = ORIENTED_EDGE('',*,*,#1410,.T.);
#1605 = ORIENTED_EDGE('',*,*,#1433,.T.);
#1606 = ORIENTED_EDGE('',*,*,#1465,.F.);
#1607 = ORIENTED_EDGE('',*,*,#1506,.F.);
#1608 = PLANE('',#1609);
#1609 = AXIS2_PLACEMENT_3D('',#1610,#1611,#1612);
#1610 = CARTESIAN_POINT('',(-20.,-12.,0.));
#1611 = DIRECTION('',(0.,0.,1.));
#1612 = DIRECTION('',(1.,0.,0.));
#1613 = ADVANCED_FACE('',(#1614),#1639,.T.);
#1614 = FACE_BOUND('',#1615,.T.);
#1615 = EDGE_LOOP('',(#1616,#1626,#1632,#1633));
#1616 = ORIENTED_EDGE('',*,*,#1617,.F.);
#1617 = EDGE_CURVE('',#1618,#1620,#1622,.T.);
#1618 = VERTEX_POINT('',#1619);
#1619 = CARTESIAN_POINT('',(-19.5,4.5,-3.5));
#1620 = VERTEX_POINT('',#1621);
#1621 = CARTESIAN_POINT('',(-20.,4.5,-3.5));
#1622 = LINE('',#1623,#1624);
#1623 = CARTESIAN_POINT('',(-12.,4.5,-3.5));
#1624 = VECTOR('',#1625,1.);
#1625 = DIRECTION('',(-1.,0.,0.));
#1626 = ORIENTED_EDGE('',*,*,#1627,.F.);
#1627 = EDGE_CURVE('',#1538,#1618,#1628,.T.);
#1628 = LINE('',#1629,#1630);
#1629 = CARTESIAN_POINT('',(-19.5,4.5,-3.5));
#1630 = VECTOR('',#1631,1.);
#1631 = DIRECTION('',(0.,-0.,-1.));
#1632 = ORIENTED_EDGE('',*,*,#1537,.T.);
#1633 = ORIENTED_EDGE('',*,*,#1634,.F.);
#1634 = EDGE_CURVE('',#1620,#1530,#1635,.T.);
#1635 = LINE('',#1636,#1637);
#1636 = CARTESIAN_POINT('',(-20.,4.5,-3.5));
#1637 = VECTOR('',#1638,1.);
#1638 = DIRECTION('',(0.,0.,1.));
#1639 = PLANE('',#1640);
#1640 = AXIS2_PLACEMENT_3D('',#1641,#1642,#1643);
#1641 = CARTESIAN_POINT('',(-12.,4.5,-3.5));
#1642 = DIRECTION('',(0.,-1.,0.));
#1643 = DIRECTION('',(0.,0.,1.));
#1644 = ADVANCED_FACE('',(#1645),#1670,.F.);
#1645 = FACE_BOUND('',#1646,.F.);
#1646 = EDGE_LOOP('',(#1647,#1657,#1663,#1664));
#1647 = ORIENTED_EDGE('',*,*,#1648,.F.);
#1648 = EDGE_CURVE('',#1649,#1651,#1653,.T.);
#1649 = VERTEX_POINT('',#1650);
#1650 = CARTESIAN_POINT('',(-19.5,-4.5,-3.5));
#1651 = VERTEX_POINT('',#1652);
#1652 = CARTESIAN_POINT('',(-20.,-4.5,-3.5));
#1653 = LINE('',#1654,#1655);
#1654 = CARTESIAN_POINT('',(-12.,-4.5,-3.5));
#1655 = VECTOR('',#1656,1.);
#1656 = DIRECTION('',(-1.,0.,0.));
#1657 = ORIENTED_EDGE('',*,*,#1658,.F.);
#1658 = EDGE_CURVE('',#1056,#1649,#1659,.T.);
#1659 = LINE('',#1660,#1661);
#1660 = CARTESIAN_POINT('',(-19.5,-4.5,-3.5));
#1661 = VECTOR('',#1662,1.);
#1662 = DIRECTION('',(0.,-0.,-1.));
#1663 = ORIENTED_EDGE('',*,*,#1063,.T.);
#1664 = ORIENTED_EDGE('',*,*,#1665,.F.);
#1665 = EDGE_CURVE('',#1651,#1028,#1666,.T.);
#1666 = LINE('',#1667,#1668);
#1667 = CARTESIAN_POINT('',(-20.,-4.5,-3.5));
#1668 = VECTOR('',#1669,1.);
#1669 = DIRECTION('',(0.,0.,1.));
#1670 = PLANE('',#1671);
#1671 = AXIS2_PLACEMENT_3D('',#1672,#1673,#1674);
#1672 = CARTESIAN_POINT('',(-12.,-4.5,-3.5));
#1673 = DIRECTION('',(0.,-1.,0.));
#1674 = DIRECTION('',(0.,0.,1.));
#1675 = ADVANCED_FACE('',(#1676),#1705,.T.);
#1676 = FACE_BOUND('',#1677,.T.);
#1677 = EDGE_LOOP('',(#1678,#1688,#1694,#1695,#1696,#1697,#1698,#1699));
#1678 = ORIENTED_EDGE('',*,*,#1679,.F.);
#1679 = EDGE_CURVE('',#1680,#1682,#1684,.T.);
#1680 = VERTEX_POINT('',#1681);
#1681 = CARTESIAN_POINT('',(-16.5,-11.5,-3.5));
#1682 = VERTEX_POINT('',#1683);
#1683 = CARTESIAN_POINT('',(16.5,-11.5,-3.5));
#1684 = LINE('',#1685,#1686);
#1685 = CARTESIAN_POINT('',(-19.5,-11.5,-3.5));
#1686 = VECTOR('',#1687,1.);
#1687 = DIRECTION('',(1.,0.,0.));
#1688 = ORIENTED_EDGE('',*,*,#1689,.T.);
#1689 = EDGE_CURVE('',#1680,#1039,#1690,.T.);
#1690 = LINE('',#1691,#1692);
#1691 = CARTESIAN_POINT('',(-16.5,-11.5,-3.5));
#1692 = VECTOR('',#1693,1.);
#1693 = DIRECTION('',(0.,0.,1.));
#1694 = ORIENTED_EDGE('',*,*,#1038,.T.);
#1695 = ORIENTED_EDGE('',*,*,#925,.T.);
#1696 = ORIENTED_EDGE('',*,*,#1085,.T.);
#1697 = ORIENTED_EDGE('',*,*,#1299,.F.);
#1698 = ORIENTED_EDGE('',*,*,#1596,.T.);
#1699 = ORIENTED_EDGE('',*,*,#1700,.F.);
#1700 = EDGE_CURVE('',#1682,#1588,#1701,.T.);
#1701 = LINE('',#1702,#1703);
#1702 = CARTESIAN_POINT('',(16.5,-11.5,-3.5));
#1703 = VECTOR('',#1704,1.);
#1704 = DIRECTION('',(0.,0.,1.));
#1705 = PLANE('',#1706);
#1706 = AXIS2_PLACEMENT_3D('',#1707,#1708,#1709);
#1707 = CARTESIAN_POINT('',(-19.5,-11.5,-3.5));
#1708 = DIRECTION('',(0.,1.,0.));
#1709 = DIRECTION('',(0.,0.,1.));
#1710 = ADVANCED_FACE('',(#1711),#1730,.F.);
#1711 = FACE_BOUND('',#1712,.T.);
#1712 = EDGE_LOOP('',(#1713,#1721,#1728,#1729));
#1713 = ORIENTED_EDGE('',*,*,#1714,.F.);
#1714 = EDGE_CURVE('',#1715,#1580,#1717,.T.);
#1715 = VERTEX_POINT('',#1716);
#1716 = CARTESIAN_POINT('',(19.5,-8.5,-3.5));
#1717 = LINE('',#1718,#1719);
#1718 = CARTESIAN_POINT('',(19.5,-8.5,-3.5));
#1719 = VECTOR('',#1720,1.);
#1720 = DIRECTION('',(0.,0.,1.));
#1721 = ORIENTED_EDGE('',*,*,#1722,.T.);
#1722 = EDGE_CURVE('',#1715,#1682,#1723,.T.);
#1723 = CIRCLE('',#1724,3.);
#1724 = AXIS2_PLACEMENT_3D('',#1725,#1726,#1727);
#1725 = CARTESIAN_POINT('',(16.5,-8.5,-3.5));
#1726 = DIRECTION('',(-0.,-0.,-1.));
#1727 = DIRECTION('',(0.,-1.,0.));
#1728 = ORIENTED_EDGE('',*,*,#1700,.T.);
#1729 = ORIENTED_EDGE('',*,*,#1587,.T.);
#1730 = CYLINDRICAL_SURFACE('',#1731,3.);
#1731 = AXIS2_PLACEMENT_3D('',#1732,#1733,#1734);
#1732 = CARTESIAN_POINT('',(16.5,-8.5,-3.5));
#1733 = DIRECTION('',(0.,0.,1.));
#1734 = DIRECTION('',(1.,0.,0.));
#1735 = ADVANCED_FACE('',(#1736,#1754),#1764,.F.);
#1736 = FACE_BOUND('',#1737,.F.);
#1737 = EDGE_LOOP('',(#1738,#1739,#1740,#1748));
#1738 = ORIENTED_EDGE('',*,*,#1579,.T.);
#1739 = ORIENTED_EDGE('',*,*,#1714,.F.);
#1740 = ORIENTED_EDGE('',*,*,#1741,.T.);
#1741 = EDGE_CURVE('',#1715,#1742,#1744,.T.);
#1742 = VERTEX_POINT('',#1743);
#1743 = CARTESIAN_POINT('',(19.5,8.5,-3.5));
#1744 = LINE('',#1745,#1746);
#1745 = CARTESIAN_POINT('',(19.5,-11.5,-3.5));
#1746 = VECTOR('',#1747,1.);
#1747 = DIRECTION('',(0.,1.,0.));
#1748 = ORIENTED_EDGE('',*,*,#1749,.T.);
#1749 = EDGE_CURVE('',#1742,#1571,#1750,.T.);
#1750 = LINE('',#1751,#1752);
#1751 = CARTESIAN_POINT('',(19.5,8.5,-3.5));
#1752 = VECTOR('',#1753,1.);
#1753 = DIRECTION('',(0.,0.,1.));
#1754 = FACE_BOUND('',#1755,.F.);
#1755 = EDGE_LOOP('',(#1756,#1757,#1758,#1759,#1760,#1761,#1762,#1763));
#1756 = ORIENTED_EDGE('',*,*,#1112,.F.);
#1757 = ORIENTED_EDGE('',*,*,#1281,.T.);
#1758 = ORIENTED_EDGE('',*,*,#1265,.T.);
#1759 = ORIENTED_EDGE('',*,*,#1241,.T.);
#1760 = ORIENTED_EDGE('',*,*,#1216,.T.);
#1761 = ORIENTED_EDGE('',*,*,#1184,.F.);
#1762 = ORIENTED_EDGE('',*,*,#1161,.F.);
#1763 = ORIENTED_EDGE('',*,*,#1144,.T.);
#1764 = PLANE('',#1765);
#1765 = AXIS2_PLACEMENT_3D('',#1766,#1767,#1768);
#1766 = CARTESIAN_POINT('',(19.5,-11.5,-3.5));
#1767 = DIRECTION('',(1.,0.,0.));
#1768 = DIRECTION('',(0.,0.,1.));
#1769 = ADVANCED_FACE('',(#1770),#1789,.F.);
#1770 = FACE_BOUND('',#1771,.F.);
#1771 = EDGE_LOOP('',(#1772,#1773,#1782,#1788));
#1772 = ORIENTED_EDGE('',*,*,#1749,.F.);
#1773 = ORIENTED_EDGE('',*,*,#1774,.T.);
#1774 = EDGE_CURVE('',#1742,#1775,#1777,.T.);
#1775 = VERTEX_POINT('',#1776);
#1776 = CARTESIAN_POINT('',(16.5,11.5,-3.5));
#1777 = CIRCLE('',#1778,3.);
#1778 = AXIS2_PLACEMENT_3D('',#1779,#1780,#1781);
#1779 = CARTESIAN_POINT('',(16.5,8.5,-3.5));
#1780 = DIRECTION('',(-0.,0.,1.));
#1781 = DIRECTION('',(0.,-1.,0.));
#1782 = ORIENTED_EDGE('',*,*,#1783,.T.);
#1783 = EDGE_CURVE('',#1775,#1563,#1784,.T.);
#1784 = LINE('',#1785,#1786);
#1785 = CARTESIAN_POINT('',(16.5,11.5,-3.5));
#1786 = VECTOR('',#1787,1.);
#1787 = DIRECTION('',(0.,0.,1.));
#1788 = ORIENTED_EDGE('',*,*,#1570,.F.);
#1789 = CYLINDRICAL_SURFACE('',#1790,3.);
#1790 = AXIS2_PLACEMENT_3D('',#1791,#1792,#1793);
#1791 = CARTESIAN_POINT('',(16.5,8.5,-3.5));
#1792 = DIRECTION('',(0.,0.,1.));
#1793 = DIRECTION('',(1.,0.,0.));
#1794 = ADVANCED_FACE('',(#1795),#1813,.F.);
#1795 = FACE_BOUND('',#1796,.F.);
#1796 = EDGE_LOOP('',(#1797,#1805,#1811,#1812));
#1797 = ORIENTED_EDGE('',*,*,#1798,.F.);
#1798 = EDGE_CURVE('',#1799,#1775,#1801,.T.);
#1799 = VERTEX_POINT('',#1800);
#1800 = CARTESIAN_POINT('',(-16.5,11.5,-3.5));
#1801 = LINE('',#1802,#1803);
#1802 = CARTESIAN_POINT('',(-19.5,11.5,-3.5));
#1803 = VECTOR('',#1804,1.);
#1804 = DIRECTION('',(1.,0.,0.));
#1805 = ORIENTED_EDGE('',*,*,#1806,.T.);
#1806 = EDGE_CURVE('',#1799,#1554,#1807,.T.);
#1807 = LINE('',#1808,#1809);
#1808 = CARTESIAN_POINT('',(-16.5,11.5,-3.5));
#1809 = VECTOR('',#1810,1.);
#1810 = DIRECTION('',(0.,0.,1.));
#1811 = ORIENTED_EDGE('',*,*,#1562,.T.);
#1812 = ORIENTED_EDGE('',*,*,#1783,.F.);
#1813 = PLANE('',#1814);
#1814 = AXIS2_PLACEMENT_3D('',#1815,#1816,#1817);
#1815 = CARTESIAN_POINT('',(-19.5,11.5,-3.5));
#1816 = DIRECTION('',(0.,1.,0.));
#1817 = DIRECTION('',(0.,0.,1.));
#1818 = ADVANCED_FACE('',(#1819),#1838,.F.);
#1819 = FACE_BOUND('',#1820,.T.);
#1820 = EDGE_LOOP('',(#1821,#1829,#1836,#1837));
#1821 = ORIENTED_EDGE('',*,*,#1822,.F.);
#1822 = EDGE_CURVE('',#1823,#1546,#1825,.T.);
#1823 = VERTEX_POINT('',#1824);
#1824 = CARTESIAN_POINT('',(-19.5,8.5,-3.5));
#1825 = LINE('',#1826,#1827);
#1826 = CARTESIAN_POINT('',(-19.5,8.5,-3.5));
#1827 = VECTOR('',#1828,1.);
#1828 = DIRECTION('',(0.,0.,1.));
#1829 = ORIENTED_EDGE('',*,*,#1830,.T.);
#1830 = EDGE_CURVE('',#1823,#1799,#1831,.T.);
#1831 = CIRCLE('',#1832,3.);
#1832 = AXIS2_PLACEMENT_3D('',#1833,#1834,#1835);
#1833 = CARTESIAN_POINT('',(-16.5,8.5,-3.5));
#1834 = DIRECTION('',(-0.,-0.,-1.));
#1835 = DIRECTION('',(0.,-1.,0.));
#1836 = ORIENTED_EDGE('',*,*,#1806,.T.);
#1837 = ORIENTED_EDGE('',*,*,#1553,.T.);
#1838 = CYLINDRICAL_SURFACE('',#1839,3.);
#1839 = AXIS2_PLACEMENT_3D('',#1840,#1841,#1842);
#1840 = CARTESIAN_POINT('',(-16.5,8.5,-3.5));
#1841 = DIRECTION('',(0.,0.,1.));
#1842 = DIRECTION('',(-1.,0.,0.));
#1843 = ADVANCED_FACE('',(#1844),#1855,.T.);
#1844 = FACE_BOUND('',#1845,.T.);
#1845 = EDGE_LOOP('',(#1846,#1847,#1848,#1849));
#1846 = ORIENTED_EDGE('',*,*,#1822,.T.);
#1847 = ORIENTED_EDGE('',*,*,#1545,.T.);
#1848 = ORIENTED_EDGE('',*,*,#1627,.T.);
#1849 = ORIENTED_EDGE('',*,*,#1850,.T.);
#1850 = EDGE_CURVE('',#1618,#1823,#1851,.T.);
#1851 = LINE('',#1852,#1853);
#1852 = CARTESIAN_POINT('',(-19.5,-11.5,-3.5));
#1853 = VECTOR('',#1854,1.);
#1854 = DIRECTION('',(0.,1.,0.));
#1855 = PLANE('',#1856);
#1856 = AXIS2_PLACEMENT_3D('',#1857,#1858,#1859);
#1857 = CARTESIAN_POINT('',(-19.5,-11.5,-3.5));
#1858 = DIRECTION('',(1.,0.,0.));
#1859 = DIRECTION('',(0.,0.,1.));
#1860 = ADVANCED_FACE('',(#1861),#1879,.T.);
#1861 = FACE_BOUND('',#1862,.T.);
#1862 = EDGE_LOOP('',(#1863,#1864,#1865,#1873));
#1863 = ORIENTED_EDGE('',*,*,#1658,.F.);
#1864 = ORIENTED_EDGE('',*,*,#1055,.T.);
#1865 = ORIENTED_EDGE('',*,*,#1866,.F.);
#1866 = EDGE_CURVE('',#1867,#1047,#1869,.T.);
#1867 = VERTEX_POINT('',#1868);
#1868 = CARTESIAN_POINT('',(-19.5,-8.5,-3.5));
#1869 = LINE('',#1870,#1871);
#1870 = CARTESIAN_POINT('',(-19.5,-8.5,-3.5));
#1871 = VECTOR('',#1872,1.);
#1872 = DIRECTION('',(0.,0.,1.));
#1873 = ORIENTED_EDGE('',*,*,#1874,.T.);
#1874 = EDGE_CURVE('',#1867,#1649,#1875,.T.);
#1875 = LINE('',#1876,#1877);
#1876 = CARTESIAN_POINT('',(-19.5,-11.5,-3.5));
#1877 = VECTOR('',#1878,1.);
#1878 = DIRECTION('',(0.,1.,0.));
#1879 = PLANE('',#1880);
#1880 = AXIS2_PLACEMENT_3D('',#1881,#1882,#1883);
#1881 = CARTESIAN_POINT('',(-19.5,-11.5,-3.5));
#1882 = DIRECTION('',(1.,0.,0.));
#1883 = DIRECTION('',(0.,0.,1.));
#1884 = ADVANCED_FACE('',(#1885),#1897,.F.);
#1885 = FACE_BOUND('',#1886,.F.);
#1886 = EDGE_LOOP('',(#1887,#1888,#1895,#1896));
#1887 = ORIENTED_EDGE('',*,*,#1866,.F.);
#1888 = ORIENTED_EDGE('',*,*,#1889,.T.);
#1889 = EDGE_CURVE('',#1867,#1680,#1890,.T.);
#1890 = CIRCLE('',#1891,3.);
#1891 = AXIS2_PLACEMENT_3D('',#1892,#1893,#1894);
#1892 = CARTESIAN_POINT('',(-16.5,-8.5,-3.5));
#1893 = DIRECTION('',(-0.,0.,1.));
#1894 = DIRECTION('',(0.,-1.,0.));
#1895 = ORIENTED_EDGE('',*,*,#1689,.T.);
#1896 = ORIENTED_EDGE('',*,*,#1046,.F.);
#1897 = CYLINDRICAL_SURFACE('',#1898,3.);
#1898 = AXIS2_PLACEMENT_3D('',#1899,#1900,#1901);
#1899 = CARTESIAN_POINT('',(-16.5,-8.5,-3.5));
#1900 = DIRECTION('',(0.,0.,1.));
#1901 = DIRECTION('',(-1.,0.,0.));
#1902 = ADVANCED_FACE('',(#1903),#1920,.T.);
#1903 = FACE_BOUND('',#1904,.T.);
#1904 = EDGE_LOOP('',(#1905,#1906,#1907,#1908,#1909,#1910,#1911,#1912,
    #1913,#1919));
#1905 = ORIENTED_EDGE('',*,*,#51,.F.);
#1906 = ORIENTED_EDGE('',*,*,#371,.T.);
#1907 = ORIENTED_EDGE('',*,*,#601,.T.);
#1908 = ORIENTED_EDGE('',*,*,#673,.F.);
#1909 = ORIENTED_EDGE('',*,*,#659,.F.);
#1910 = ORIENTED_EDGE('',*,*,#949,.T.);
#1911 = ORIENTED_EDGE('',*,*,#1012,.T.);
#1912 = ORIENTED_EDGE('',*,*,#990,.F.);
#1913 = ORIENTED_EDGE('',*,*,#1914,.T.);
#1914 = EDGE_CURVE('',#966,#194,#1915,.T.);
#1915 = LINE('',#1916,#1917);
#1916 = CARTESIAN_POINT('',(-20.,-12.5,1.));
#1917 = VECTOR('',#1918,1.);
#1918 = DIRECTION('',(0.,1.,0.));
#1919 = ORIENTED_EDGE('',*,*,#208,.T.);
#1920 = PLANE('',#1921);
#1921 = AXIS2_PLACEMENT_3D('',#1922,#1923,#1924);
#1922 = CARTESIAN_POINT('',(-6.230264229602,-11.84639549689,1.));
#1923 = DIRECTION('',(0.,0.,1.));
#1924 = DIRECTION('',(1.,0.,-0.));
#1925 = ADVANCED_FACE('',(#1926),#1950,.T.);
#1926 = FACE_BOUND('',#1927,.T.);
#1927 = EDGE_LOOP('',(#1928,#1929,#1930,#1936,#1937,#1938,#1939,#1940,
    #1941,#1942,#1943,#1944,#1945,#1946,#1947,#1948,#1949));
#1928 = ORIENTED_EDGE('',*,*,#85,.F.);
#1929 = ORIENTED_EDGE('',*,*,#256,.F.);
#1930 = ORIENTED_EDGE('',*,*,#1931,.T.);
#1931 = EDGE_CURVE('',#247,#1499,#1932,.T.);
#1932 = LINE('',#1933,#1934);
#1933 = CARTESIAN_POINT('',(-20.,-12.5,1.));
#1934 = VECTOR('',#1935,1.);
#1935 = DIRECTION('',(0.,1.,0.));
#1936 = ORIENTED_EDGE('',*,*,#1514,.F.);
#1937 = ORIENTED_EDGE('',*,*,#1481,.F.);
#1938 = ORIENTED_EDGE('',*,*,#1450,.F.);
#1939 = ORIENTED_EDGE('',*,*,#1401,.F.);
#1940 = ORIENTED_EDGE('',*,*,#1386,.F.);
#1941 = ORIENTED_EDGE('',*,*,#1346,.T.);
#1942 = ORIENTED_EDGE('',*,*,#1323,.F.);
#1943 = ORIENTED_EDGE('',*,*,#902,.F.);
#1944 = ORIENTED_EDGE('',*,*,#699,.F.);
#1945 = ORIENTED_EDGE('',*,*,#870,.F.);
#1946 = ORIENTED_EDGE('',*,*,#774,.T.);
#1947 = ORIENTED_EDGE('',*,*,#751,.T.);
#1948 = ORIENTED_EDGE('',*,*,#727,.F.);
#1949 = ORIENTED_EDGE('',*,*,#287,.F.);
#1950 = PLANE('',#1951);
#1951 = AXIS2_PLACEMENT_3D('',#1952,#1953,#1954);
#1952 = CARTESIAN_POINT('',(5.778062633674,6.804631093925,1.));
#1953 = DIRECTION('',(0.,0.,1.));
#1954 = DIRECTION('',(1.,0.,-0.));
#1955 = ADVANCED_FACE('',(#1956,#1975),#1987,.T.);
#1956 = FACE_BOUND('',#1957,.T.);
#1957 = EDGE_LOOP('',(#1958,#1959,#1960,#1961,#1962,#1968,#1969,#1970,
    #1971,#1972,#1973,#1974));
#1958 = ORIENTED_EDGE('',*,*,#1914,.F.);
#1959 = ORIENTED_EDGE('',*,*,#963,.F.);
#1960 = ORIENTED_EDGE('',*,*,#1027,.T.);
#1961 = ORIENTED_EDGE('',*,*,#1665,.F.);
#1962 = ORIENTED_EDGE('',*,*,#1963,.F.);
#1963 = EDGE_CURVE('',#1620,#1651,#1964,.T.);
#1964 = LINE('',#1965,#1966);
#1965 = CARTESIAN_POINT('',(-20.,4.5,-3.5));
#1966 = VECTOR('',#1967,1.);
#1967 = DIRECTION('',(0.,-1.,0.));
#1968 = ORIENTED_EDGE('',*,*,#1634,.T.);
#1969 = ORIENTED_EDGE('',*,*,#1529,.T.);
#1970 = ORIENTED_EDGE('',*,*,#1496,.T.);
#1971 = ORIENTED_EDGE('',*,*,#1931,.F.);
#1972 = ORIENTED_EDGE('',*,*,#246,.F.);
#1973 = ORIENTED_EDGE('',*,*,#223,.T.);
#1974 = ORIENTED_EDGE('',*,*,#191,.T.);
#1975 = FACE_BOUND('',#1976,.T.);
#1976 = EDGE_LOOP('',(#1977,#1978,#1979,#1980,#1981,#1982,#1983,#1984,
    #1985,#1986));
#1977 = ORIENTED_EDGE('',*,*,#584,.T.);
#1978 = ORIENTED_EDGE('',*,*,#559,.F.);
#1979 = ORIENTED_EDGE('',*,*,#550,.F.);
#1980 = ORIENTED_EDGE('',*,*,#525,.T.);
#1981 = ORIENTED_EDGE('',*,*,#501,.T.);
#1982 = ORIENTED_EDGE('',*,*,#484,.F.);
#1983 = ORIENTED_EDGE('',*,*,#453,.F.);
#1984 = ORIENTED_EDGE('',*,*,#444,.F.);
#1985 = ORIENTED_EDGE('',*,*,#427,.F.);
#1986 = ORIENTED_EDGE('',*,*,#395,.F.);
#1987 = PLANE('',#1988);
#1988 = AXIS2_PLACEMENT_3D('',#1989,#1990,#1991);
#1989 = CARTESIAN_POINT('',(-20.,2.3E-16,-0.694827586207));
#1990 = DIRECTION('',(1.,0.,0.));
#1991 = DIRECTION('',(-0.,0.,1.));
#1992 = ADVANCED_FACE('',(#1993),#2007,.T.);
#1993 = FACE_BOUND('',#1994,.T.);
#1994 = EDGE_LOOP('',(#1995,#1996,#1997,#1998,#1999,#2000,#2001,#2002,
    #2003,#2004,#2005,#2006));
#1995 = ORIENTED_EDGE('',*,*,#1648,.F.);
#1996 = ORIENTED_EDGE('',*,*,#1874,.F.);
#1997 = ORIENTED_EDGE('',*,*,#1889,.T.);
#1998 = ORIENTED_EDGE('',*,*,#1679,.T.);
#1999 = ORIENTED_EDGE('',*,*,#1722,.F.);
#2000 = ORIENTED_EDGE('',*,*,#1741,.T.);
#2001 = ORIENTED_EDGE('',*,*,#1774,.T.);
#2002 = ORIENTED_EDGE('',*,*,#1798,.F.);
#2003 = ORIENTED_EDGE('',*,*,#1830,.F.);
#2004 = ORIENTED_EDGE('',*,*,#1850,.F.);
#2005 = ORIENTED_EDGE('',*,*,#1617,.T.);
#2006 = ORIENTED_EDGE('',*,*,#1963,.T.);
#2007 = PLANE('',#2008);
#2008 = AXIS2_PLACEMENT_3D('',#2009,#2010,#2011);
#2009 = CARTESIAN_POINT('',(-0.202699927514,3.E-17,-3.5));
#2010 = DIRECTION('',(0.,0.,1.));
#2011 = DIRECTION('',(1.,0.,-0.));
#2012 = ( GEOMETRIC_REPRESENTATION_CONTEXT(3) 
GLOBAL_UNCERTAINTY_ASSIGNED_CONTEXT((#2016)) 
GLOBAL_UNIT_ASSIGNED_CONTEXT((#2013,#2014,#2015)) REPRESENTATION_CONTEXT
('Context #1','3D Context with UNIT and UNCERTAINTY') );
#2013 = ( LENGTH_UNIT() NAMED_UNIT(*) SI_UNIT(.MILLI.,.METRE.) );
#2014 = ( NAMED_UNIT(*) PLANE_ANGLE_UNIT() SI_UNIT($,.RADIAN.) );
#2015 = ( NAMED_UNIT(*) SI_UNIT($,.STERADIAN.) SOLID_ANGLE_UNIT() );
#2016 = UNCERTAINTY_MEASURE_WITH_UNIT(LENGTH_MEASURE(2.E-05),#2013,
  'distance_accuracy_value','confusion accuracy');
#2017 = CONTEXT_DEPENDENT_SHAPE_REPRESENTATION(#2018,#2020);
#2018 = ( REPRESENTATION_RELATIONSHIP('','',#44,#10) 
REPRESENTATION_RELATIONSHIP_WITH_TRANSFORMATION(#2019) 
SHAPE_REPRESENTATION_RELATIONSHIP() );
#2019 = ITEM_DEFINED_TRANSFORMATION('','',#11,#15);
#2020 = PRODUCT_DEFINITION_SHAPE('Placement','Placement of an item',
  #2021);
#2021 = NEXT_ASSEMBLY_USAGE_OCCURRENCE('1','Case Btm Cut000','',#5,#39,$
  );
#2022 = PRODUCT_RELATED_PRODUCT_CATEGORY('part',$,(#41));
#2023 = SHAPE_DEFINITION_REPRESENTATION(#2024,#2030);
#2024 = PRODUCT_DEFINITION_SHAPE('','',#2025);
#2025 = PRODUCT_DEFINITION('design','',#2026,#2029);
#2026 = PRODUCT_DEFINITION_FORMATION('','',#2027);
#2027 = PRODUCT('Case Top Cut000','Case Top Cut000','',(#2028));
#2028 = PRODUCT_CONTEXT('',#2,'mechanical');
#2029 = PRODUCT_DEFINITION_CONTEXT('part definition',#2,'design');
#2030 = ADVANCED_BREP_SHAPE_REPRESENTATION('',(#11,#2031),#4224);
#2031 = MANIFOLD_SOLID_BREP('',#2032);
#2032 = CLOSED_SHELL('',(#2033,#2105,#2183,#2208,#2342,#2382,#2406,#2446
    ,#2521,#2538,#2564,#2581,#2619,#2757,#2837,#2863,#2900,#2924,#2964,
    #2988,#3013,#3045,#3069,#3094,#3111,#3180,#3222,#3246,#3297,#3314,
    #3331,#3364,#3381,#3423,#3447,#3482,#3507,#3547,#3571,#3611,#3629,
    #3687,#3711,#3735,#3759,#3810,#3834,#3858,#3875,#3945,#3973,#4005,
    #4039,#4061,#4091,#4121,#4142,#4154,#4171,#4185,#4202));
#2033 = ADVANCED_FACE('',(#2034),#2100,.F.);
#2034 = FACE_BOUND('',#2035,.F.);
#2035 = EDGE_LOOP('',(#2036,#2046,#2054,#2062,#2070,#2078,#2086,#2094));
#2036 = ORIENTED_EDGE('',*,*,#2037,.F.);
#2037 = EDGE_CURVE('',#2038,#2040,#2042,.T.);
#2038 = VERTEX_POINT('',#2039);
#2039 = CARTESIAN_POINT('',(-21.,-9.5,6.));
#2040 = VERTEX_POINT('',#2041);
#2041 = CARTESIAN_POINT('',(-21.,9.5,6.));
#2042 = LINE('',#2043,#2044);
#2043 = CARTESIAN_POINT('',(-21.,-13.,6.));
#2044 = VECTOR('',#2045,1.);
#2045 = DIRECTION('',(0.,1.,0.));
#2046 = ORIENTED_EDGE('',*,*,#2047,.F.);
#2047 = EDGE_CURVE('',#2048,#2038,#2050,.T.);
#2048 = VERTEX_POINT('',#2049);
#2049 = CARTESIAN_POINT('',(-21.,-9.5,1.));
#2050 = LINE('',#2051,#2052);
#2051 = CARTESIAN_POINT('',(-21.,-9.5,1.));
#2052 = VECTOR('',#2053,1.);
#2053 = DIRECTION('',(0.,0.,1.));
#2054 = ORIENTED_EDGE('',*,*,#2055,.T.);
#2055 = EDGE_CURVE('',#2048,#2056,#2058,.T.);
#2056 = VERTEX_POINT('',#2057);
#2057 = CARTESIAN_POINT('',(-21.,-6.,1.));
#2058 = LINE('',#2059,#2060);
#2059 = CARTESIAN_POINT('',(-21.,-13.,1.));
#2060 = VECTOR('',#2061,1.);
#2061 = DIRECTION('',(0.,1.,0.));
#2062 = ORIENTED_EDGE('',*,*,#2063,.T.);
#2063 = EDGE_CURVE('',#2056,#2064,#2066,.T.);
#2064 = VERTEX_POINT('',#2065);
#2065 = CARTESIAN_POINT('',(-21.,-6.,4.9));
#2066 = LINE('',#2067,#2068);
#2067 = CARTESIAN_POINT('',(-21.,-6.,0.65));
#2068 = VECTOR('',#2069,1.);
#2069 = DIRECTION('',(0.,0.,1.));
#2070 = ORIENTED_EDGE('',*,*,#2071,.F.);
#2071 = EDGE_CURVE('',#2072,#2064,#2074,.T.);
#2072 = VERTEX_POINT('',#2073);
#2073 = CARTESIAN_POINT('',(-21.,6.,4.9));
#2074 = LINE('',#2075,#2076);
#2075 = CARTESIAN_POINT('',(-21.,-9.5,4.9));
#2076 = VECTOR('',#2077,1.);
#2077 = DIRECTION('',(0.,-1.,0.));
#2078 = ORIENTED_EDGE('',*,*,#2079,.F.);
#2079 = EDGE_CURVE('',#2080,#2072,#2082,.T.);
#2080 = VERTEX_POINT('',#2081);
#2081 = CARTESIAN_POINT('',(-21.,6.,1.));
#2082 = LINE('',#2083,#2084);
#2083 = CARTESIAN_POINT('',(-21.,6.,0.65));
#2084 = VECTOR('',#2085,1.);
#2085 = DIRECTION('',(0.,0.,1.));
#2086 = ORIENTED_EDGE('',*,*,#2087,.T.);
#2087 = EDGE_CURVE('',#2080,#2088,#2090,.T.);
#2088 = VERTEX_POINT('',#2089);
#2089 = CARTESIAN_POINT('',(-21.,9.5,1.));
#2090 = LINE('',#2091,#2092);
#2091 = CARTESIAN_POINT('',(-21.,-13.,1.));
#2092 = VECTOR('',#2093,1.);
#2093 = DIRECTION('',(0.,1.,0.));
#2094 = ORIENTED_EDGE('',*,*,#2095,.T.);
#2095 = EDGE_CURVE('',#2088,#2040,#2096,.T.);
#2096 = LINE('',#2097,#2098);
#2097 = CARTESIAN_POINT('',(-21.,9.5,1.));
#2098 = VECTOR('',#2099,1.);
#2099 = DIRECTION('',(0.,0.,1.));
#2100 = PLANE('',#2101);
#2101 = AXIS2_PLACEMENT_3D('',#2102,#2103,#2104);
#2102 = CARTESIAN_POINT('',(-21.,-13.,1.));
#2103 = DIRECTION('',(1.,0.,0.));
#2104 = DIRECTION('',(0.,0.,1.));
#2105 = ADVANCED_FACE('',(#2106,#2167),#2178,.T.);
#2106 = FACE_BOUND('',#2107,.T.);
#2107 = EDGE_LOOP('',(#2108,#2109,#2118,#2126,#2135,#2143,#2152,#2160));
#2108 = ORIENTED_EDGE('',*,*,#2037,.F.);
#2109 = ORIENTED_EDGE('',*,*,#2110,.T.);
#2110 = EDGE_CURVE('',#2038,#2111,#2113,.T.);
#2111 = VERTEX_POINT('',#2112);
#2112 = CARTESIAN_POINT('',(-17.5,-13.,6.));
#2113 = CIRCLE('',#2114,3.5);
#2114 = AXIS2_PLACEMENT_3D('',#2115,#2116,#2117);
#2115 = CARTESIAN_POINT('',(-17.5,-9.5,6.));
#2116 = DIRECTION('',(-0.,0.,1.));
#2117 = DIRECTION('',(0.,-1.,0.));
#2118 = ORIENTED_EDGE('',*,*,#2119,.T.);
#2119 = EDGE_CURVE('',#2111,#2120,#2122,.T.);
#2120 = VERTEX_POINT('',#2121);
#2121 = CARTESIAN_POINT('',(17.5,-13.,6.));
#2122 = LINE('',#2123,#2124);
#2123 = CARTESIAN_POINT('',(-21.,-13.,6.));
#2124 = VECTOR('',#2125,1.);
#2125 = DIRECTION('',(1.,0.,0.));
#2126 = ORIENTED_EDGE('',*,*,#2127,.F.);
#2127 = EDGE_CURVE('',#2128,#2120,#2130,.T.);
#2128 = VERTEX_POINT('',#2129);
#2129 = CARTESIAN_POINT('',(21.,-9.5,6.));
#2130 = CIRCLE('',#2131,3.5);
#2131 = AXIS2_PLACEMENT_3D('',#2132,#2133,#2134);
#2132 = CARTESIAN_POINT('',(17.5,-9.5,6.));
#2133 = DIRECTION('',(-0.,-0.,-1.));
#2134 = DIRECTION('',(0.,-1.,0.));
#2135 = ORIENTED_EDGE('',*,*,#2136,.T.);
#2136 = EDGE_CURVE('',#2128,#2137,#2139,.T.);
#2137 = VERTEX_POINT('',#2138);
#2138 = CARTESIAN_POINT('',(21.,9.5,6.));
#2139 = LINE('',#2140,#2141);
#2140 = CARTESIAN_POINT('',(21.,-13.,6.));
#2141 = VECTOR('',#2142,1.);
#2142 = DIRECTION('',(0.,1.,0.));
#2143 = ORIENTED_EDGE('',*,*,#2144,.T.);
#2144 = EDGE_CURVE('',#2137,#2145,#2147,.T.);
#2145 = VERTEX_POINT('',#2146);
#2146 = CARTESIAN_POINT('',(17.5,13.,6.));
#2147 = CIRCLE('',#2148,3.5);
#2148 = AXIS2_PLACEMENT_3D('',#2149,#2150,#2151);
#2149 = CARTESIAN_POINT('',(17.5,9.5,6.));
#2150 = DIRECTION('',(-0.,0.,1.));
#2151 = DIRECTION('',(0.,-1.,0.));
#2152 = ORIENTED_EDGE('',*,*,#2153,.F.);
#2153 = EDGE_CURVE('',#2154,#2145,#2156,.T.);
#2154 = VERTEX_POINT('',#2155);
#2155 = CARTESIAN_POINT('',(-17.5,13.,6.));
#2156 = LINE('',#2157,#2158);
#2157 = CARTESIAN_POINT('',(-21.,13.,6.));
#2158 = VECTOR('',#2159,1.);
#2159 = DIRECTION('',(1.,0.,0.));
#2160 = ORIENTED_EDGE('',*,*,#2161,.F.);
#2161 = EDGE_CURVE('',#2040,#2154,#2162,.T.);
#2162 = CIRCLE('',#2163,3.5);
#2163 = AXIS2_PLACEMENT_3D('',#2164,#2165,#2166);
#2164 = CARTESIAN_POINT('',(-17.5,9.5,6.));
#2165 = DIRECTION('',(-0.,-0.,-1.));
#2166 = DIRECTION('',(0.,-1.,0.));
#2167 = FACE_BOUND('',#2168,.T.);
#2168 = EDGE_LOOP('',(#2169));
#2169 = ORIENTED_EDGE('',*,*,#2170,.F.);
#2170 = EDGE_CURVE('',#2171,#2171,#2173,.T.);
#2171 = VERTEX_POINT('',#2172);
#2172 = CARTESIAN_POINT('',(17.4,9.,6.));
#2173 = CIRCLE('',#2174,1.2);
#2174 = AXIS2_PLACEMENT_3D('',#2175,#2176,#2177);
#2175 = CARTESIAN_POINT('',(16.2,9.,6.));
#2176 = DIRECTION('',(0.,0.,1.));
#2177 = DIRECTION('',(1.,0.,0.));
#2178 = PLANE('',#2179);
#2179 = AXIS2_PLACEMENT_3D('',#2180,#2181,#2182);
#2180 = CARTESIAN_POINT('',(-21.,-13.,6.));
#2181 = DIRECTION('',(0.,0.,1.));
#2182 = DIRECTION('',(1.,0.,0.));
#2183 = ADVANCED_FACE('',(#2184),#2203,.T.);
#2184 = FACE_BOUND('',#2185,.F.);
#2185 = EDGE_LOOP('',(#2186,#2195,#2201,#2202));
#2186 = ORIENTED_EDGE('',*,*,#2187,.T.);
#2187 = EDGE_CURVE('',#2088,#2188,#2190,.T.);
#2188 = VERTEX_POINT('',#2189);
#2189 = CARTESIAN_POINT('',(-17.5,13.,1.));
#2190 = CIRCLE('',#2191,3.5);
#2191 = AXIS2_PLACEMENT_3D('',#2192,#2193,#2194);
#2192 = CARTESIAN_POINT('',(-17.5,9.5,1.));
#2193 = DIRECTION('',(-0.,-0.,-1.));
#2194 = DIRECTION('',(0.,-1.,0.));
#2195 = ORIENTED_EDGE('',*,*,#2196,.T.);
#2196 = EDGE_CURVE('',#2188,#2154,#2197,.T.);
#2197 = LINE('',#2198,#2199);
#2198 = CARTESIAN_POINT('',(-17.5,13.,1.));
#2199 = VECTOR('',#2200,1.);
#2200 = DIRECTION('',(0.,0.,1.));
#2201 = ORIENTED_EDGE('',*,*,#2161,.F.);
#2202 = ORIENTED_EDGE('',*,*,#2095,.F.);
#2203 = CYLINDRICAL_SURFACE('',#2204,3.5);
#2204 = AXIS2_PLACEMENT_3D('',#2205,#2206,#2207);
#2205 = CARTESIAN_POINT('',(-17.5,9.5,1.));
#2206 = DIRECTION('',(0.,0.,1.));
#2207 = DIRECTION('',(-1.,0.,0.));
#2208 = ADVANCED_FACE('',(#2209),#2337,.F.);
#2209 = FACE_BOUND('',#2210,.F.);
#2210 = EDGE_LOOP('',(#2211,#2212,#2220,#2228,#2237,#2245,#2254,#2262,
    #2271,#2279,#2287,#2295,#2304,#2313,#2321,#2330,#2336));
#2211 = ORIENTED_EDGE('',*,*,#2087,.F.);
#2212 = ORIENTED_EDGE('',*,*,#2213,.F.);
#2213 = EDGE_CURVE('',#2214,#2080,#2216,.T.);
#2214 = VERTEX_POINT('',#2215);
#2215 = CARTESIAN_POINT('',(-20.,6.,1.));
#2216 = LINE('',#2217,#2218);
#2217 = CARTESIAN_POINT('',(-18.5,6.,1.));
#2218 = VECTOR('',#2219,1.);
#2219 = DIRECTION('',(-1.,2.22044604925E-16,0.));
#2220 = ORIENTED_EDGE('',*,*,#2221,.T.);
#2221 = EDGE_CURVE('',#2214,#2222,#2224,.T.);
#2222 = VERTEX_POINT('',#2223);
#2223 = CARTESIAN_POINT('',(-20.,9.,1.));
#2224 = LINE('',#2225,#2226);
#2225 = CARTESIAN_POINT('',(-20.,-12.5,1.));
#2226 = VECTOR('',#2227,1.);
#2227 = DIRECTION('',(0.,1.,0.));
#2228 = ORIENTED_EDGE('',*,*,#2229,.F.);
#2229 = EDGE_CURVE('',#2230,#2222,#2232,.T.);
#2230 = VERTEX_POINT('',#2231);
#2231 = CARTESIAN_POINT('',(-17.,12.,1.));
#2232 = CIRCLE('',#2233,3.);
#2233 = AXIS2_PLACEMENT_3D('',#2234,#2235,#2236);
#2234 = CARTESIAN_POINT('',(-17.,9.,1.));
#2235 = DIRECTION('',(0.,0.,1.));
#2236 = DIRECTION('',(-1.,0.,0.));
#2237 = ORIENTED_EDGE('',*,*,#2238,.F.);
#2238 = EDGE_CURVE('',#2239,#2230,#2241,.T.);
#2239 = VERTEX_POINT('',#2240);
#2240 = CARTESIAN_POINT('',(17.,12.,1.));
#2241 = LINE('',#2242,#2243);
#2242 = CARTESIAN_POINT('',(-20.5,12.,1.));
#2243 = VECTOR('',#2244,1.);
#2244 = DIRECTION('',(-1.,0.,0.));
#2245 = ORIENTED_EDGE('',*,*,#2246,.F.);
#2246 = EDGE_CURVE('',#2247,#2239,#2249,.T.);
#2247 = VERTEX_POINT('',#2248);
#2248 = CARTESIAN_POINT('',(20.,9.,1.));
#2249 = CIRCLE('',#2250,3.);
#2250 = AXIS2_PLACEMENT_3D('',#2251,#2252,#2253);
#2251 = CARTESIAN_POINT('',(17.,9.,1.));
#2252 = DIRECTION('',(0.,0.,1.));
#2253 = DIRECTION('',(1.,0.,0.));
#2254 = ORIENTED_EDGE('',*,*,#2255,.F.);
#2255 = EDGE_CURVE('',#2256,#2247,#2258,.T.);
#2256 = VERTEX_POINT('',#2257);
#2257 = CARTESIAN_POINT('',(20.,-9.,1.));
#2258 = LINE('',#2259,#2260);
#2259 = CARTESIAN_POINT('',(20.,-12.5,1.));
#2260 = VECTOR('',#2261,1.);
#2261 = DIRECTION('',(0.,1.,0.));
#2262 = ORIENTED_EDGE('',*,*,#2263,.F.);
#2263 = EDGE_CURVE('',#2264,#2256,#2266,.T.);
#2264 = VERTEX_POINT('',#2265);
#2265 = CARTESIAN_POINT('',(17.,-12.,1.));
#2266 = CIRCLE('',#2267,3.);
#2267 = AXIS2_PLACEMENT_3D('',#2268,#2269,#2270);
#2268 = CARTESIAN_POINT('',(17.,-9.,1.));
#2269 = DIRECTION('',(0.,0.,1.));
#2270 = DIRECTION('',(1.,0.,0.));
#2271 = ORIENTED_EDGE('',*,*,#2272,.T.);
#2272 = EDGE_CURVE('',#2264,#2273,#2275,.T.);
#2273 = VERTEX_POINT('',#2274);
#2274 = CARTESIAN_POINT('',(16.78,-12.,1.));
#2275 = LINE('',#2276,#2277);
#2276 = CARTESIAN_POINT('',(-20.5,-12.,1.));
#2277 = VECTOR('',#2278,1.);
#2278 = DIRECTION('',(-1.,0.,0.));
#2279 = ORIENTED_EDGE('',*,*,#2280,.F.);
#2280 = EDGE_CURVE('',#2281,#2273,#2283,.T.);
#2281 = VERTEX_POINT('',#2282);
#2282 = CARTESIAN_POINT('',(16.78,-12.1,1.));
#2283 = LINE('',#2284,#2285);
#2284 = CARTESIAN_POINT('',(16.78,-12.1,1.));
#2285 = VECTOR('',#2286,1.);
#2286 = DIRECTION('',(0.,1.,0.));
#2287 = ORIENTED_EDGE('',*,*,#2288,.F.);
#2288 = EDGE_CURVE('',#2289,#2281,#2291,.T.);
#2289 = VERTEX_POINT('',#2290);
#2290 = CARTESIAN_POINT('',(16.005872210923,-12.1,1.));
#2291 = LINE('',#2292,#2293);
#2292 = CARTESIAN_POINT('',(-2.493588458689,-12.1,1.));
#2293 = VECTOR('',#2294,1.);
#2294 = DIRECTION('',(1.,0.,0.));
#2295 = ORIENTED_EDGE('',*,*,#2296,.F.);
#2296 = EDGE_CURVE('',#2297,#2289,#2299,.T.);
#2297 = VERTEX_POINT('',#2298);
#2298 = CARTESIAN_POINT('',(17.549210747034,-12.99965402609,1.));
#2299 = CIRCLE('',#2300,5.);
#2300 = AXIS2_PLACEMENT_3D('',#2301,#2302,#2303);
#2301 = CARTESIAN_POINT('',(14.3,-16.8,1.));
#2302 = DIRECTION('',(0.,0.,1.));
#2303 = DIRECTION('',(1.,0.,-0.));
#2304 = ORIENTED_EDGE('',*,*,#2305,.F.);
#2305 = EDGE_CURVE('',#2306,#2297,#2308,.T.);
#2306 = VERTEX_POINT('',#2307);
#2307 = CARTESIAN_POINT('',(21.,-9.5,1.));
#2308 = CIRCLE('',#2309,3.5);
#2309 = AXIS2_PLACEMENT_3D('',#2310,#2311,#2312);
#2310 = CARTESIAN_POINT('',(17.5,-9.5,1.));
#2311 = DIRECTION('',(-0.,-0.,-1.));
#2312 = DIRECTION('',(0.,-1.,0.));
#2313 = ORIENTED_EDGE('',*,*,#2314,.T.);
#2314 = EDGE_CURVE('',#2306,#2315,#2317,.T.);
#2315 = VERTEX_POINT('',#2316);
#2316 = CARTESIAN_POINT('',(21.,9.5,1.));
#2317 = LINE('',#2318,#2319);
#2318 = CARTESIAN_POINT('',(21.,-13.,1.));
#2319 = VECTOR('',#2320,1.);
#2320 = DIRECTION('',(0.,1.,0.));
#2321 = ORIENTED_EDGE('',*,*,#2322,.T.);
#2322 = EDGE_CURVE('',#2315,#2323,#2325,.T.);
#2323 = VERTEX_POINT('',#2324);
#2324 = CARTESIAN_POINT('',(17.5,13.,1.));
#2325 = CIRCLE('',#2326,3.5);
#2326 = AXIS2_PLACEMENT_3D('',#2327,#2328,#2329);
#2327 = CARTESIAN_POINT('',(17.5,9.5,1.));
#2328 = DIRECTION('',(-0.,0.,1.));
#2329 = DIRECTION('',(0.,-1.,0.));
#2330 = ORIENTED_EDGE('',*,*,#2331,.F.);
#2331 = EDGE_CURVE('',#2188,#2323,#2332,.T.);
#2332 = LINE('',#2333,#2334);
#2333 = CARTESIAN_POINT('',(-21.,13.,1.));
#2334 = VECTOR('',#2335,1.);
#2335 = DIRECTION('',(1.,0.,0.));
#2336 = ORIENTED_EDGE('',*,*,#2187,.F.);
#2337 = PLANE('',#2338);
#2338 = AXIS2_PLACEMENT_3D('',#2339,#2340,#2341);
#2339 = CARTESIAN_POINT('',(-21.,-13.,1.));
#2340 = DIRECTION('',(0.,0.,1.));
#2341 = DIRECTION('',(1.,0.,0.));
#2342 = ADVANCED_FACE('',(#2343),#2377,.F.);
#2343 = FACE_BOUND('',#2344,.F.);
#2344 = EDGE_LOOP('',(#2345,#2353,#2361,#2369,#2375,#2376));
#2345 = ORIENTED_EDGE('',*,*,#2346,.F.);
#2346 = EDGE_CURVE('',#2347,#2072,#2349,.T.);
#2347 = VERTEX_POINT('',#2348);
#2348 = CARTESIAN_POINT('',(-19.5,6.,4.9));
#2349 = LINE('',#2350,#2351);
#2350 = CARTESIAN_POINT('',(-16.,6.,4.9));
#2351 = VECTOR('',#2352,1.);
#2352 = DIRECTION('',(-1.,2.22044604925E-16,0.));
#2353 = ORIENTED_EDGE('',*,*,#2354,.F.);
#2354 = EDGE_CURVE('',#2355,#2347,#2357,.T.);
#2355 = VERTEX_POINT('',#2356);
#2356 = CARTESIAN_POINT('',(-19.5,6.,1.6));
#2357 = LINE('',#2358,#2359);
#2358 = CARTESIAN_POINT('',(-19.5,6.,0.65));
#2359 = VECTOR('',#2360,1.);
#2360 = DIRECTION('',(0.,0.,1.));
#2361 = ORIENTED_EDGE('',*,*,#2362,.T.);
#2362 = EDGE_CURVE('',#2355,#2363,#2365,.T.);
#2363 = VERTEX_POINT('',#2364);
#2364 = CARTESIAN_POINT('',(-20.,6.,1.6));
#2365 = LINE('',#2366,#2367);
#2366 = CARTESIAN_POINT('',(-18.,6.,1.6));
#2367 = VECTOR('',#2368,1.);
#2368 = DIRECTION('',(-1.,2.22044604925E-16,0.));
#2369 = ORIENTED_EDGE('',*,*,#2370,.F.);
#2370 = EDGE_CURVE('',#2214,#2363,#2371,.T.);
#2371 = LINE('',#2372,#2373);
#2372 = CARTESIAN_POINT('',(-20.,6.,0.15));
#2373 = VECTOR('',#2374,1.);
#2374 = DIRECTION('',(0.,0.,1.));
#2375 = ORIENTED_EDGE('',*,*,#2213,.T.);
#2376 = ORIENTED_EDGE('',*,*,#2079,.T.);
#2377 = PLANE('',#2378);
#2378 = AXIS2_PLACEMENT_3D('',#2379,#2380,#2381);
#2379 = CARTESIAN_POINT('',(-16.,6.,0.3));
#2380 = DIRECTION('',(2.22044604925E-16,1.,0.));
#2381 = DIRECTION('',(0.,0.,1.));
#2382 = ADVANCED_FACE('',(#2383),#2401,.F.);
#2383 = FACE_BOUND('',#2384,.F.);
#2384 = EDGE_LOOP('',(#2385,#2393,#2399,#2400));
#2385 = ORIENTED_EDGE('',*,*,#2386,.F.);
#2386 = EDGE_CURVE('',#2387,#2064,#2389,.T.);
#2387 = VERTEX_POINT('',#2388);
#2388 = CARTESIAN_POINT('',(-19.5,-6.,4.9));
#2389 = LINE('',#2390,#2391);
#2390 = CARTESIAN_POINT('',(-16.,-6.,4.9));
#2391 = VECTOR('',#2392,1.);
#2392 = DIRECTION('',(-1.,2.22044604925E-16,0.));
#2393 = ORIENTED_EDGE('',*,*,#2394,.F.);
#2394 = EDGE_CURVE('',#2347,#2387,#2395,.T.);
#2395 = LINE('',#2396,#2397);
#2396 = CARTESIAN_POINT('',(-19.5,-8.75,4.9));
#2397 = VECTOR('',#2398,1.);
#2398 = DIRECTION('',(0.,-1.,0.));
#2399 = ORIENTED_EDGE('',*,*,#2346,.T.);
#2400 = ORIENTED_EDGE('',*,*,#2071,.T.);
#2401 = PLANE('',#2402);
#2402 = AXIS2_PLACEMENT_3D('',#2403,#2404,#2405);
#2403 = CARTESIAN_POINT('',(-16.,-6.,4.9));
#2404 = DIRECTION('',(0.,0.,1.));
#2405 = DIRECTION('',(2.22044604925E-16,1.,0.));
#2406 = ADVANCED_FACE('',(#2407),#2441,.T.);
#2407 = FACE_BOUND('',#2408,.T.);
#2408 = EDGE_LOOP('',(#2409,#2410,#2418,#2426,#2434,#2440));
#2409 = ORIENTED_EDGE('',*,*,#2386,.F.);
#2410 = ORIENTED_EDGE('',*,*,#2411,.F.);
#2411 = EDGE_CURVE('',#2412,#2387,#2414,.T.);
#2412 = VERTEX_POINT('',#2413);
#2413 = CARTESIAN_POINT('',(-19.5,-6.,1.6));
#2414 = LINE('',#2415,#2416);
#2415 = CARTESIAN_POINT('',(-19.5,-6.,0.65));
#2416 = VECTOR('',#2417,1.);
#2417 = DIRECTION('',(0.,0.,1.));
#2418 = ORIENTED_EDGE('',*,*,#2419,.T.);
#2419 = EDGE_CURVE('',#2412,#2420,#2422,.T.);
#2420 = VERTEX_POINT('',#2421);
#2421 = CARTESIAN_POINT('',(-20.,-6.,1.6));
#2422 = LINE('',#2423,#2424);
#2423 = CARTESIAN_POINT('',(-18.,-6.,1.6));
#2424 = VECTOR('',#2425,1.);
#2425 = DIRECTION('',(-1.,2.22044604925E-16,0.));
#2426 = ORIENTED_EDGE('',*,*,#2427,.F.);
#2427 = EDGE_CURVE('',#2428,#2420,#2430,.T.);
#2428 = VERTEX_POINT('',#2429);
#2429 = CARTESIAN_POINT('',(-20.,-6.,1.));
#2430 = LINE('',#2431,#2432);
#2431 = CARTESIAN_POINT('',(-20.,-6.,0.15));
#2432 = VECTOR('',#2433,1.);
#2433 = DIRECTION('',(0.,0.,1.));
#2434 = ORIENTED_EDGE('',*,*,#2435,.T.);
#2435 = EDGE_CURVE('',#2428,#2056,#2436,.T.);
#2436 = LINE('',#2437,#2438);
#2437 = CARTESIAN_POINT('',(-18.5,-6.,1.));
#2438 = VECTOR('',#2439,1.);
#2439 = DIRECTION('',(-1.,2.22044604925E-16,0.));
#2440 = ORIENTED_EDGE('',*,*,#2063,.T.);
#2441 = PLANE('',#2442);
#2442 = AXIS2_PLACEMENT_3D('',#2443,#2444,#2445);
#2443 = CARTESIAN_POINT('',(-16.,-6.,0.3));
#2444 = DIRECTION('',(2.22044604925E-16,1.,0.));
#2445 = DIRECTION('',(0.,0.,1.));
#2446 = ADVANCED_FACE('',(#2447),#2516,.F.);
#2447 = FACE_BOUND('',#2448,.F.);
#2448 = EDGE_LOOP('',(#2449,#2450,#2459,#2467,#2476,#2484,#2492,#2500,
    #2509,#2515));
#2449 = ORIENTED_EDGE('',*,*,#2055,.F.);
#2450 = ORIENTED_EDGE('',*,*,#2451,.T.);
#2451 = EDGE_CURVE('',#2048,#2452,#2454,.T.);
#2452 = VERTEX_POINT('',#2453);
#2453 = CARTESIAN_POINT('',(-17.5,-13.,1.));
#2454 = CIRCLE('',#2455,3.5);
#2455 = AXIS2_PLACEMENT_3D('',#2456,#2457,#2458);
#2456 = CARTESIAN_POINT('',(-17.5,-9.5,1.));
#2457 = DIRECTION('',(-0.,0.,1.));
#2458 = DIRECTION('',(0.,-1.,0.));
#2459 = ORIENTED_EDGE('',*,*,#2460,.T.);
#2460 = EDGE_CURVE('',#2452,#2461,#2463,.T.);
#2461 = VERTEX_POINT('',#2462);
#2462 = CARTESIAN_POINT('',(11.050384638146,-13.,1.));
#2463 = LINE('',#2464,#2465);
#2464 = CARTESIAN_POINT('',(-21.,-13.,1.));
#2465 = VECTOR('',#2466,1.);
#2466 = DIRECTION('',(1.,0.,0.));
#2467 = ORIENTED_EDGE('',*,*,#2468,.F.);
#2468 = EDGE_CURVE('',#2469,#2461,#2471,.T.);
#2469 = VERTEX_POINT('',#2470);
#2470 = CARTESIAN_POINT('',(12.594127789077,-12.1,1.));
#2471 = CIRCLE('',#2472,5.);
#2472 = AXIS2_PLACEMENT_3D('',#2473,#2474,#2475);
#2473 = CARTESIAN_POINT('',(14.3,-16.8,1.));
#2474 = DIRECTION('',(0.,0.,1.));
#2475 = DIRECTION('',(1.,0.,-0.));
#2476 = ORIENTED_EDGE('',*,*,#2477,.F.);
#2477 = EDGE_CURVE('',#2478,#2469,#2480,.T.);
#2478 = VERTEX_POINT('',#2479);
#2479 = CARTESIAN_POINT('',(11.78,-12.1,1.));
#2480 = LINE('',#2481,#2482);
#2481 = CARTESIAN_POINT('',(11.78,-12.1,1.));
#2482 = VECTOR('',#2483,1.);
#2483 = DIRECTION('',(1.,0.,0.));
#2484 = ORIENTED_EDGE('',*,*,#2485,.T.);
#2485 = EDGE_CURVE('',#2478,#2486,#2488,.T.);
#2486 = VERTEX_POINT('',#2487);
#2487 = CARTESIAN_POINT('',(11.78,-12.,1.));
#2488 = LINE('',#2489,#2490);
#2489 = CARTESIAN_POINT('',(11.78,-12.1,1.));
#2490 = VECTOR('',#2491,1.);
#2491 = DIRECTION('',(0.,1.,0.));
#2492 = ORIENTED_EDGE('',*,*,#2493,.T.);
#2493 = EDGE_CURVE('',#2486,#2494,#2496,.T.);
#2494 = VERTEX_POINT('',#2495);
#2495 = CARTESIAN_POINT('',(-17.,-12.,1.));
#2496 = LINE('',#2497,#2498);
#2497 = CARTESIAN_POINT('',(-20.5,-12.,1.));
#2498 = VECTOR('',#2499,1.);
#2499 = DIRECTION('',(-1.,0.,0.));
#2500 = ORIENTED_EDGE('',*,*,#2501,.F.);
#2501 = EDGE_CURVE('',#2502,#2494,#2504,.T.);
#2502 = VERTEX_POINT('',#2503);
#2503 = CARTESIAN_POINT('',(-20.,-9.,1.));
#2504 = CIRCLE('',#2505,3.);
#2505 = AXIS2_PLACEMENT_3D('',#2506,#2507,#2508);
#2506 = CARTESIAN_POINT('',(-17.,-9.,1.));
#2507 = DIRECTION('',(0.,0.,1.));
#2508 = DIRECTION('',(-1.,0.,0.));
#2509 = ORIENTED_EDGE('',*,*,#2510,.T.);
#2510 = EDGE_CURVE('',#2502,#2428,#2511,.T.);
#2511 = LINE('',#2512,#2513);
#2512 = CARTESIAN_POINT('',(-20.,-12.5,1.));
#2513 = VECTOR('',#2514,1.);
#2514 = DIRECTION('',(0.,1.,0.));
#2515 = ORIENTED_EDGE('',*,*,#2435,.T.);
#2516 = PLANE('',#2517);
#2517 = AXIS2_PLACEMENT_3D('',#2518,#2519,#2520);
#2518 = CARTESIAN_POINT('',(-21.,-13.,1.));
#2519 = DIRECTION('',(0.,0.,1.));
#2520 = DIRECTION('',(1.,0.,0.));
#2521 = ADVANCED_FACE('',(#2522),#2533,.T.);
#2522 = FACE_BOUND('',#2523,.T.);
#2523 = EDGE_LOOP('',(#2524,#2525,#2531,#2532));
#2524 = ORIENTED_EDGE('',*,*,#2451,.T.);
#2525 = ORIENTED_EDGE('',*,*,#2526,.T.);
#2526 = EDGE_CURVE('',#2452,#2111,#2527,.T.);
#2527 = LINE('',#2528,#2529);
#2528 = CARTESIAN_POINT('',(-17.5,-13.,1.));
#2529 = VECTOR('',#2530,1.);
#2530 = DIRECTION('',(0.,0.,1.));
#2531 = ORIENTED_EDGE('',*,*,#2110,.F.);
#2532 = ORIENTED_EDGE('',*,*,#2047,.F.);
#2533 = CYLINDRICAL_SURFACE('',#2534,3.5);
#2534 = AXIS2_PLACEMENT_3D('',#2535,#2536,#2537);
#2535 = CARTESIAN_POINT('',(-17.5,-9.5,1.));
#2536 = DIRECTION('',(0.,0.,1.));
#2537 = DIRECTION('',(-1.,0.,0.));
#2538 = ADVANCED_FACE('',(#2539),#2559,.F.);
#2539 = FACE_BOUND('',#2540,.F.);
#2540 = EDGE_LOOP('',(#2541,#2542,#2543,#2544,#2552));
#2541 = ORIENTED_EDGE('',*,*,#2460,.F.);
#2542 = ORIENTED_EDGE('',*,*,#2526,.T.);
#2543 = ORIENTED_EDGE('',*,*,#2119,.T.);
#2544 = ORIENTED_EDGE('',*,*,#2545,.F.);
#2545 = EDGE_CURVE('',#2546,#2120,#2548,.T.);
#2546 = VERTEX_POINT('',#2547);
#2547 = CARTESIAN_POINT('',(17.5,-13.,1.565685424949));
#2548 = LINE('',#2549,#2550);
#2549 = CARTESIAN_POINT('',(17.5,-13.,1.));
#2550 = VECTOR('',#2551,1.);
#2551 = DIRECTION('',(0.,0.,1.));
#2552 = ORIENTED_EDGE('',*,*,#2553,.F.);
#2553 = EDGE_CURVE('',#2461,#2546,#2554,.T.);
#2554 = CIRCLE('',#2555,3.249615361854);
#2555 = AXIS2_PLACEMENT_3D('',#2556,#2557,#2558);
#2556 = CARTESIAN_POINT('',(14.3,-13.,1.));
#2557 = DIRECTION('',(0.,1.,0.));
#2558 = DIRECTION('',(0.,-0.,1.));
#2559 = PLANE('',#2560);
#2560 = AXIS2_PLACEMENT_3D('',#2561,#2562,#2563);
#2561 = CARTESIAN_POINT('',(-21.,-13.,1.));
#2562 = DIRECTION('',(0.,1.,0.));
#2563 = DIRECTION('',(0.,0.,1.));
#2564 = ADVANCED_FACE('',(#2565),#2576,.T.);
#2565 = FACE_BOUND('',#2566,.T.);
#2566 = EDGE_LOOP('',(#2567,#2568,#2569,#2570));
#2567 = ORIENTED_EDGE('',*,*,#2331,.F.);
#2568 = ORIENTED_EDGE('',*,*,#2196,.T.);
#2569 = ORIENTED_EDGE('',*,*,#2153,.T.);
#2570 = ORIENTED_EDGE('',*,*,#2571,.F.);
#2571 = EDGE_CURVE('',#2323,#2145,#2572,.T.);
#2572 = LINE('',#2573,#2574);
#2573 = CARTESIAN_POINT('',(17.5,13.,1.));
#2574 = VECTOR('',#2575,1.);
#2575 = DIRECTION('',(0.,0.,1.));
#2576 = PLANE('',#2577);
#2577 = AXIS2_PLACEMENT_3D('',#2578,#2579,#2580);
#2578 = CARTESIAN_POINT('',(-21.,13.,1.));
#2579 = DIRECTION('',(0.,1.,0.));
#2580 = DIRECTION('',(0.,0.,1.));
#2581 = ADVANCED_FACE('',(#2582),#2614,.T.);
#2582 = FACE_BOUND('',#2583,.F.);
#2583 = EDGE_LOOP('',(#2584,#2590,#2591,#2612,#2613));
#2584 = ORIENTED_EDGE('',*,*,#2585,.F.);
#2585 = EDGE_CURVE('',#2306,#2128,#2586,.T.);
#2586 = LINE('',#2587,#2588);
#2587 = CARTESIAN_POINT('',(21.,-9.5,1.));
#2588 = VECTOR('',#2589,1.);
#2589 = DIRECTION('',(0.,0.,1.));
#2590 = ORIENTED_EDGE('',*,*,#2305,.T.);
#2591 = ORIENTED_EDGE('',*,*,#2592,.F.);
#2592 = EDGE_CURVE('',#2546,#2297,#2593,.T.);
#2593 = B_SPLINE_CURVE_WITH_KNOTS('',5,(#2594,#2595,#2596,#2597,#2598,
    #2599,#2600,#2601,#2602,#2603,#2604,#2605,#2606,#2607,#2608,#2609,
    #2610,#2611),.UNSPECIFIED.,.F.,.F.,(6,4,4,4,6),(0.,0.890733606183,
    0.936305698669,0.958020766585,1.),.UNSPECIFIED.);
#2594 = CARTESIAN_POINT('',(17.5,-13.,1.565685424949));
#2595 = CARTESIAN_POINT('',(17.517338633054,-13.,1.467603304878));
#2596 = CARTESIAN_POINT('',(17.530742021391,-12.99989272117,
    1.369140269784));
#2597 = CARTESIAN_POINT('',(17.540350540994,-12.99977506882,
    1.270422513437));
#2598 = CARTESIAN_POINT('',(17.546234514138,-12.9996952881,
    1.171560949066));
#2599 = CARTESIAN_POINT('',(17.548522803399,-12.99966363383,
    1.06759230491));
#2600 = CARTESIAN_POINT('',(17.548624475412,-12.99966222295,
    1.062531800991));
#2601 = CARTESIAN_POINT('',(17.548716445495,-12.99966094339,
    1.057471193301));
#2602 = CARTESIAN_POINT('',(17.548798715475,-12.99965979641,
    1.052410495501));
#2603 = CARTESIAN_POINT('',(17.548905866975,-12.99965830008,
    1.044938266051));
#2604 = CARTESIAN_POINT('',(17.548940503129,-12.99965781598,
    1.042361801155));
#2605 = CARTESIAN_POINT('',(17.548975160883,-12.99965733114,
    1.03960955496));
#2606 = CARTESIAN_POINT('',(17.549009800864,-12.99965684612,
    1.036593625662));
#2607 = CARTESIAN_POINT('',(17.549111224017,-12.99965542477,
    1.026489847859));
#2608 = CARTESIAN_POINT('',(17.549161281504,-12.99965472166,
    1.019831448835));
#2609 = CARTESIAN_POINT('',(17.549194553297,-12.9996542538,
    1.013171543402));
#2610 = CARTESIAN_POINT('',(17.549211040601,-12.99965402196,
    1.00651047509));
#2611 = CARTESIAN_POINT('',(17.54921074368,-12.99965402614,
    0.999851171709));
#2612 = ORIENTED_EDGE('',*,*,#2545,.T.);
#2613 = ORIENTED_EDGE('',*,*,#2127,.F.);
#2614 = CYLINDRICAL_SURFACE('',#2615,3.5);
#2615 = AXIS2_PLACEMENT_3D('',#2616,#2617,#2618);
#2616 = CARTESIAN_POINT('',(17.5,-9.5,1.));
#2617 = DIRECTION('',(0.,0.,1.));
#2618 = DIRECTION('',(1.,0.,0.));
#2619 = ADVANCED_FACE('',(#2620,#2631),#2752,.T.);
#2620 = FACE_BOUND('',#2621,.T.);
#2621 = EDGE_LOOP('',(#2622,#2623,#2624,#2625));
#2622 = ORIENTED_EDGE('',*,*,#2322,.T.);
#2623 = ORIENTED_EDGE('',*,*,#2571,.T.);
#2624 = ORIENTED_EDGE('',*,*,#2144,.F.);
#2625 = ORIENTED_EDGE('',*,*,#2626,.F.);
#2626 = EDGE_CURVE('',#2315,#2137,#2627,.T.);
#2627 = LINE('',#2628,#2629);
#2628 = CARTESIAN_POINT('',(21.,9.5,1.));
#2629 = VECTOR('',#2630,1.);
#2630 = DIRECTION('',(0.,0.,1.));
#2631 = FACE_BOUND('',#2632,.T.);
#2632 = EDGE_LOOP('',(#2633,#2657,#2666,#2688,#2696,#2718,#2727,#2746));
#2633 = ORIENTED_EDGE('',*,*,#2634,.T.);
#2634 = EDGE_CURVE('',#2635,#2637,#2639,.T.);
#2635 = VERTEX_POINT('',#2636);
#2636 = CARTESIAN_POINT('',(20.973238616575,9.931987861327,4.01));
#2637 = VERTEX_POINT('',#2638);
#2638 = CARTESIAN_POINT('',(20.866975073808,10.455760876138,4.5));
#2639 = B_SPLINE_CURVE_WITH_KNOTS('',6,(#2640,#2641,#2642,#2643,#2644,
    #2645,#2646,#2647,#2648,#2649,#2650,#2651,#2652,#2653,#2654,#2655,
    #2656),.UNSPECIFIED.,.F.,.F.,(7,5,5,7),(0.,0.224893084347,
    0.7175792951,1.),.UNSPECIFIED.);
#2640 = CARTESIAN_POINT('',(20.973238616575,9.931987861327,4.01));
#2641 = CARTESIAN_POINT('',(20.973238616575,9.931987861327,
    4.038191909712));
#2642 = CARTESIAN_POINT('',(20.972966711555,9.934173620449,
    4.066381869973));
#2643 = CARTESIAN_POINT('',(20.97242319304,9.938544627565,4.094412912635
    ));
#2644 = CARTESIAN_POINT('',(20.971600063962,9.945077427082,
    4.122127564326));
#2645 = CARTESIAN_POINT('',(20.970482606439,9.953725565879,
    4.149368897407));
#2646 = CARTESIAN_POINT('',(20.965914536514,9.987847444781,
    4.234283516865));
#2647 = CARTESIAN_POINT('',(20.961268573363,10.021104517579,
    4.289594800363));
#2648 = CARTESIAN_POINT('',(20.954904818706,10.063489802213,
    4.340303821485));
#2649 = CARTESIAN_POINT('',(20.946492140893,10.113802141325,
    4.38485236684));
#2650 = CARTESIAN_POINT('',(20.93575440607,10.170449493912,
    4.421818790192));
#2651 = CARTESIAN_POINT('',(20.91518905871,10.266660783827,
    4.466206933425));
#2652 = CARTESIAN_POINT('',(20.906927922468,10.303202434095,
    4.479506642637));
#2653 = CARTESIAN_POINT('',(20.897909514515,10.340818757368,
    4.489680724004));
#2654 = CARTESIAN_POINT('',(20.888181024806,10.379073929428,
    4.496548195264));
#2655 = CARTESIAN_POINT('',(20.877827826998,10.417528562612,4.5));
#2656 = CARTESIAN_POINT('',(20.866975073808,10.455760876138,4.5));
#2657 = ORIENTED_EDGE('',*,*,#2658,.T.);
#2658 = EDGE_CURVE('',#2637,#2659,#2661,.T.);
#2659 = VERTEX_POINT('',#2660);
#2660 = CARTESIAN_POINT('',(18.849074321705,12.729550816215,4.5));
#2661 = CIRCLE('',#2662,3.5);
#2662 = AXIS2_PLACEMENT_3D('',#2663,#2664,#2665);
#2663 = CARTESIAN_POINT('',(17.5,9.5,4.5));
#2664 = DIRECTION('',(0.,0.,1.));
#2665 = DIRECTION('',(1.,0.,0.));
#2666 = ORIENTED_EDGE('',*,*,#2667,.F.);
#2667 = EDGE_CURVE('',#2668,#2659,#2670,.T.);
#2668 = VERTEX_POINT('',#2669);
#2669 = CARTESIAN_POINT('',(18.261336429892,12.91619186237,4.01));
#2670 = B_SPLINE_CURVE_WITH_KNOTS('',6,(#2671,#2672,#2673,#2674,#2675,
    #2676,#2677,#2678,#2679,#2680,#2681,#2682,#2683,#2684,#2685,#2686,
    #2687),.UNSPECIFIED.,.F.,.F.,(7,5,5,7),(0.,0.295625782274,
    0.625731739223,1.),.UNSPECIFIED.);
#2671 = CARTESIAN_POINT('',(18.261336429892,12.91619186237,4.01));
#2672 = CARTESIAN_POINT('',(18.261336429892,12.91619186237,
    4.048345168481));
#2673 = CARTESIAN_POINT('',(18.266098628136,12.915130538253,
    4.086644494503));
#2674 = CARTESIAN_POINT('',(18.27560168726,12.913012745989,
    4.124463227841));
#2675 = CARTESIAN_POINT('',(18.289670328501,12.909824961749,
    4.161369042508));
#2676 = CARTESIAN_POINT('',(18.307973937636,12.905538648207,
    4.196929797081));
#2677 = CARTESIAN_POINT('',(18.354654426948,12.894143251129,
    4.268491812466));
#2678 = CARTESIAN_POINT('',(18.383969619619,12.886760393264,
    4.30407997431));
#2679 = CARTESIAN_POINT('',(18.41743261137,12.877973754437,
    4.337124026577));
#2680 = CARTESIAN_POINT('',(18.454439700956,12.867746800992,
    4.367251863638));
#2681 = CARTESIAN_POINT('',(18.494346220044,12.856072446485,
    4.394117568239));
#2682 = CARTESIAN_POINT('',(18.584268141857,12.828192447683,
    4.443840117312));
#2683 = CARTESIAN_POINT('',(18.635040660098,12.811552374403,
    4.465745669377));
#2684 = CARTESIAN_POINT('',(18.687848326866,12.793154016101,
    4.482647603925));
#2685 = CARTESIAN_POINT('',(18.741720754295,12.773154258027,
    4.494159217219));
#2686 = CARTESIAN_POINT('',(18.795745298019,12.751827851181,4.5));
#2687 = CARTESIAN_POINT('',(18.849074321705,12.729550816215,4.5));
#2688 = ORIENTED_EDGE('',*,*,#2689,.F.);
#2689 = EDGE_CURVE('',#2690,#2668,#2692,.T.);
#2690 = VERTEX_POINT('',#2691);
#2691 = CARTESIAN_POINT('',(18.261336429892,12.91619186237,3.99));
#2692 = LINE('',#2693,#2694);
#2693 = CARTESIAN_POINT('',(18.261336429892,12.91619186237,3.5));
#2694 = VECTOR('',#2695,1.);
#2695 = DIRECTION('',(0.,0.,1.));
#2696 = ORIENTED_EDGE('',*,*,#2697,.T.);
#2697 = EDGE_CURVE('',#2690,#2698,#2700,.T.);
#2698 = VERTEX_POINT('',#2699);
#2699 = CARTESIAN_POINT('',(18.849074321705,12.729550816215,3.5));
#2700 = B_SPLINE_CURVE_WITH_KNOTS('',6,(#2701,#2702,#2703,#2704,#2705,
    #2706,#2707,#2708,#2709,#2710,#2711,#2712,#2713,#2714,#2715,#2716,
    #2717),.UNSPECIFIED.,.F.,.F.,(7,5,5,7),(0.,0.295625782396,
    0.625731739501,1.),.UNSPECIFIED.);
#2701 = CARTESIAN_POINT('',(18.261336429892,12.91619186237,3.99));
#2702 = CARTESIAN_POINT('',(18.261336429892,12.91619186237,
    3.951654830831));
#2703 = CARTESIAN_POINT('',(18.266098628307,12.915130538215,
    3.913355504126));
#2704 = CARTESIAN_POINT('',(18.275601687771,12.913012745876,
    3.87553677013));
#2705 = CARTESIAN_POINT('',(18.289670329508,12.909824961521,
    3.838630954853));
#2706 = CARTESIAN_POINT('',(18.307973939273,12.905538647823,
    3.803070199739));
#2707 = CARTESIAN_POINT('',(18.354654430137,12.894143250332,
    3.731508183394));
#2708 = CARTESIAN_POINT('',(18.38396962376,12.886760392199,
    3.695920021151));
#2709 = CARTESIAN_POINT('',(18.41743261656,12.877973753049,
    3.662875968607));
#2710 = CARTESIAN_POINT('',(18.45443970726,12.867746799229,3.63274813141
    ));
#2711 = CARTESIAN_POINT('',(18.494346227492,12.856072444294,
    3.605882426828));
#2712 = CARTESIAN_POINT('',(18.584268151682,12.828192444502,
    3.556159878179));
#2713 = CARTESIAN_POINT('',(18.635040671159,12.811552370647,
    3.534254326554));
#2714 = CARTESIAN_POINT('',(18.687848339107,12.793154011726,
    3.51735239267));
#2715 = CARTESIAN_POINT('',(18.741720767605,12.77315425301,
    3.505840780279));
#2716 = CARTESIAN_POINT('',(18.79574531224,12.75182784553,3.499999998637
    ));
#2717 = CARTESIAN_POINT('',(18.84907433664,12.729550809976,3.5));
#2718 = ORIENTED_EDGE('',*,*,#2719,.F.);
#2719 = EDGE_CURVE('',#2720,#2698,#2722,.T.);
#2720 = VERTEX_POINT('',#2721);
#2721 = CARTESIAN_POINT('',(20.866975073808,10.455760876138,3.5));
#2722 = CIRCLE('',#2723,3.5);
#2723 = AXIS2_PLACEMENT_3D('',#2724,#2725,#2726);
#2724 = CARTESIAN_POINT('',(17.5,9.5,3.5));
#2725 = DIRECTION('',(-0.,0.,1.));
#2726 = DIRECTION('',(0.,-1.,0.));
#2727 = ORIENTED_EDGE('',*,*,#2728,.F.);
#2728 = EDGE_CURVE('',#2729,#2720,#2731,.T.);
#2729 = VERTEX_POINT('',#2730);
#2730 = CARTESIAN_POINT('',(20.973238616575,9.931987861327,3.99));
#2731 = B_SPLINE_CURVE_WITH_KNOTS('',7,(#2732,#2733,#2734,#2735,#2736,
    #2737,#2738,#2739,#2740,#2741,#2742,#2743,#2744,#2745),
  .UNSPECIFIED.,.F.,.F.,(8,6,8),(0.,0.717500184208,1.),.UNSPECIFIED.);
#2732 = CARTESIAN_POINT('',(20.973238616575,9.931987861327,3.99));
#2733 = CARTESIAN_POINT('',(20.973238616575,9.931987861327,
    3.912761541247));
#2734 = CARTESIAN_POINT('',(20.971255090809,9.94793901492,3.835740793264
    ));
#2735 = CARTESIAN_POINT('',(20.967305316055,9.979678326084,
    3.761701370793));
#2736 = CARTESIAN_POINT('',(20.961052091112,10.026236311758,
    3.693408939706));
#2737 = CARTESIAN_POINT('',(20.951792726962,10.085706471933,
    3.633677140565));
#2738 = CARTESIAN_POINT('',(20.93899510347,10.155288472238,
    3.585175914923));
#2739 = CARTESIAN_POINT('',(20.916259524839,10.261652799994,
    3.536103555333));
#2740 = CARTESIAN_POINT('',(20.909288247109,10.29276196259,
    3.524293274281));
#2741 = CARTESIAN_POINT('',(20.901774546495,10.324697475965,
    3.514679596582));
#2742 = CARTESIAN_POINT('',(20.893740161783,10.357213831108,
    3.507376074027));
#2743 = CARTESIAN_POINT('',(20.88522296829,10.39006096748,3.502465574811
    ));
#2744 = CARTESIAN_POINT('',(20.876277433685,10.422990321687,3.5));
#2745 = CARTESIAN_POINT('',(20.866975073808,10.455760876138,3.5));
#2746 = ORIENTED_EDGE('',*,*,#2747,.T.);
#2747 = EDGE_CURVE('',#2729,#2635,#2748,.T.);
#2748 = LINE('',#2749,#2750);
#2749 = CARTESIAN_POINT('',(20.973238616575,9.931987861327,3.5));
#2750 = VECTOR('',#2751,1.);
#2751 = DIRECTION('',(0.,0.,1.));
#2752 = CYLINDRICAL_SURFACE('',#2753,3.5);
#2753 = AXIS2_PLACEMENT_3D('',#2754,#2755,#2756);
#2754 = CARTESIAN_POINT('',(17.5,9.5,1.));
#2755 = DIRECTION('',(0.,0.,1.));
#2756 = DIRECTION('',(1.,0.,0.));
#2757 = ADVANCED_FACE('',(#2758,#2764),#2832,.T.);
#2758 = FACE_BOUND('',#2759,.T.);
#2759 = EDGE_LOOP('',(#2760,#2761,#2762,#2763));
#2760 = ORIENTED_EDGE('',*,*,#2136,.F.);
#2761 = ORIENTED_EDGE('',*,*,#2585,.F.);
#2762 = ORIENTED_EDGE('',*,*,#2314,.T.);
#2763 = ORIENTED_EDGE('',*,*,#2626,.T.);
#2764 = FACE_BOUND('',#2765,.T.);
#2765 = EDGE_LOOP('',(#2766,#2777,#2785,#2793,#2801,#2810,#2818,#2826));
#2766 = ORIENTED_EDGE('',*,*,#2767,.T.);
#2767 = EDGE_CURVE('',#2768,#2770,#2772,.T.);
#2768 = VERTEX_POINT('',#2769);
#2769 = CARTESIAN_POINT('',(21.,-2.9,1.604006420562));
#2770 = VERTEX_POINT('',#2771);
#2771 = CARTESIAN_POINT('',(21.,-2.9,4.095993579438));
#2772 = CIRCLE('',#2773,1.25);
#2773 = AXIS2_PLACEMENT_3D('',#2774,#2775,#2776);
#2774 = CARTESIAN_POINT('',(21.,-3.,2.85));
#2775 = DIRECTION('',(-1.,-0.,-2.2E-16));
#2776 = DIRECTION('',(2.2E-16,0.,-1.));
#2777 = ORIENTED_EDGE('',*,*,#2778,.T.);
#2778 = EDGE_CURVE('',#2770,#2779,#2781,.T.);
#2779 = VERTEX_POINT('',#2780);
#2780 = CARTESIAN_POINT('',(21.,-2.9,4.1));
#2781 = LINE('',#2782,#2783);
#2782 = CARTESIAN_POINT('',(21.,-2.9,1.3));
#2783 = VECTOR('',#2784,1.);
#2784 = DIRECTION('',(0.,0.,1.));
#2785 = ORIENTED_EDGE('',*,*,#2786,.F.);
#2786 = EDGE_CURVE('',#2787,#2779,#2789,.T.);
#2787 = VERTEX_POINT('',#2788);
#2788 = CARTESIAN_POINT('',(21.,2.9,4.1));
#2789 = LINE('',#2790,#2791);
#2790 = CARTESIAN_POINT('',(21.,-7.95,4.1));
#2791 = VECTOR('',#2792,1.);
#2792 = DIRECTION('',(0.,-1.,0.));
#2793 = ORIENTED_EDGE('',*,*,#2794,.F.);
#2794 = EDGE_CURVE('',#2795,#2787,#2797,.T.);
#2795 = VERTEX_POINT('',#2796);
#2796 = CARTESIAN_POINT('',(21.,2.9,4.095993579438));
#2797 = LINE('',#2798,#2799);
#2798 = CARTESIAN_POINT('',(21.,2.9,1.3));
#2799 = VECTOR('',#2800,1.);
#2800 = DIRECTION('',(0.,0.,1.));
#2801 = ORIENTED_EDGE('',*,*,#2802,.T.);
#2802 = EDGE_CURVE('',#2795,#2803,#2805,.T.);
#2803 = VERTEX_POINT('',#2804);
#2804 = CARTESIAN_POINT('',(21.,2.9,1.604006420562));
#2805 = CIRCLE('',#2806,1.25);
#2806 = AXIS2_PLACEMENT_3D('',#2807,#2808,#2809);
#2807 = CARTESIAN_POINT('',(21.,3.,2.85));
#2808 = DIRECTION('',(-1.,-0.,-2.2E-16));
#2809 = DIRECTION('',(2.2E-16,0.,-1.));
#2810 = ORIENTED_EDGE('',*,*,#2811,.F.);
#2811 = EDGE_CURVE('',#2812,#2803,#2814,.T.);
#2812 = VERTEX_POINT('',#2813);
#2813 = CARTESIAN_POINT('',(21.,2.9,1.6));
#2814 = LINE('',#2815,#2816);
#2815 = CARTESIAN_POINT('',(21.,2.9,1.3));
#2816 = VECTOR('',#2817,1.);
#2817 = DIRECTION('',(0.,0.,1.));
#2818 = ORIENTED_EDGE('',*,*,#2819,.F.);
#2819 = EDGE_CURVE('',#2820,#2812,#2822,.T.);
#2820 = VERTEX_POINT('',#2821);
#2821 = CARTESIAN_POINT('',(21.,-2.9,1.6));
#2822 = LINE('',#2823,#2824);
#2823 = CARTESIAN_POINT('',(21.,-6.5,1.6));
#2824 = VECTOR('',#2825,1.);
#2825 = DIRECTION('',(0.,1.,0.));
#2826 = ORIENTED_EDGE('',*,*,#2827,.T.);
#2827 = EDGE_CURVE('',#2820,#2768,#2828,.T.);
#2828 = LINE('',#2829,#2830);
#2829 = CARTESIAN_POINT('',(21.,-2.9,1.3));
#2830 = VECTOR('',#2831,1.);
#2831 = DIRECTION('',(0.,0.,1.));
#2832 = PLANE('',#2833);
#2833 = AXIS2_PLACEMENT_3D('',#2834,#2835,#2836);
#2834 = CARTESIAN_POINT('',(21.,-13.,1.));
#2835 = DIRECTION('',(1.,0.,0.));
#2836 = DIRECTION('',(0.,0.,1.));
#2837 = ADVANCED_FACE('',(#2838),#2858,.F.);
#2838 = FACE_BOUND('',#2839,.F.);
#2839 = EDGE_LOOP('',(#2840,#2849,#2856,#2857));
#2840 = ORIENTED_EDGE('',*,*,#2841,.T.);
#2841 = EDGE_CURVE('',#2842,#2842,#2844,.T.);
#2842 = VERTEX_POINT('',#2843);
#2843 = CARTESIAN_POINT('',(18.107878402834,9.,5.));
#2844 = CIRCLE('',#2845,1.907878402834);
#2845 = AXIS2_PLACEMENT_3D('',#2846,#2847,#2848);
#2846 = CARTESIAN_POINT('',(16.2,9.,5.));
#2847 = DIRECTION('',(0.,0.,1.));
#2848 = DIRECTION('',(1.,0.,-0.));
#2849 = ORIENTED_EDGE('',*,*,#2850,.T.);
#2850 = EDGE_CURVE('',#2842,#2171,#2851,.T.);
#2851 = CIRCLE('',#2852,2.);
#2852 = AXIS2_PLACEMENT_3D('',#2853,#2854,#2855);
#2853 = CARTESIAN_POINT('',(16.2,9.,4.4));
#2854 = DIRECTION('',(-2.449293598295E-16,-1.,0.));
#2855 = DIRECTION('',(1.,-2.449293598295E-16,0.));
#2856 = ORIENTED_EDGE('',*,*,#2170,.F.);
#2857 = ORIENTED_EDGE('',*,*,#2850,.F.);
#2858 = SPHERICAL_SURFACE('',#2859,2.);
#2859 = AXIS2_PLACEMENT_3D('',#2860,#2861,#2862);
#2860 = CARTESIAN_POINT('',(16.2,9.,4.4));
#2861 = DIRECTION('',(0.,0.,1.));
#2862 = DIRECTION('',(1.,0.,0.));
#2863 = ADVANCED_FACE('',(#2864),#2895,.F.);
#2864 = FACE_BOUND('',#2865,.F.);
#2865 = EDGE_LOOP('',(#2866,#2875,#2876,#2877,#2878,#2879,#2888));
#2866 = ORIENTED_EDGE('',*,*,#2867,.F.);
#2867 = EDGE_CURVE('',#2469,#2868,#2870,.T.);
#2868 = VERTEX_POINT('',#2869);
#2869 = CARTESIAN_POINT('',(13.487596159536,-12.1,2.5));
#2870 = CIRCLE('',#2871,1.705872210923);
#2871 = AXIS2_PLACEMENT_3D('',#2872,#2873,#2874);
#2872 = CARTESIAN_POINT('',(14.3,-12.1,1.));
#2873 = DIRECTION('',(0.,1.,0.));
#2874 = DIRECTION('',(0.,0.,1.));
#2875 = ORIENTED_EDGE('',*,*,#2468,.T.);
#2876 = ORIENTED_EDGE('',*,*,#2553,.T.);
#2877 = ORIENTED_EDGE('',*,*,#2592,.T.);
#2878 = ORIENTED_EDGE('',*,*,#2296,.T.);
#2879 = ORIENTED_EDGE('',*,*,#2880,.F.);
#2880 = EDGE_CURVE('',#2881,#2289,#2883,.T.);
#2881 = VERTEX_POINT('',#2882);
#2882 = CARTESIAN_POINT('',(15.112403840464,-12.1,2.5));
#2883 = CIRCLE('',#2884,1.705872210923);
#2884 = AXIS2_PLACEMENT_3D('',#2885,#2886,#2887);
#2885 = CARTESIAN_POINT('',(14.3,-12.1,1.));
#2886 = DIRECTION('',(0.,1.,0.));
#2887 = DIRECTION('',(0.,0.,1.));
#2888 = ORIENTED_EDGE('',*,*,#2889,.T.);
#2889 = EDGE_CURVE('',#2881,#2868,#2890,.T.);
#2890 = CIRCLE('',#2891,4.769696007085);
#2891 = AXIS2_PLACEMENT_3D('',#2892,#2893,#2894);
#2892 = CARTESIAN_POINT('',(14.3,-16.8,2.5));
#2893 = DIRECTION('',(0.,0.,1.));
#2894 = DIRECTION('',(1.,0.,0.));
#2895 = SPHERICAL_SURFACE('',#2896,5.);
#2896 = AXIS2_PLACEMENT_3D('',#2897,#2898,#2899);
#2897 = CARTESIAN_POINT('',(14.3,-16.8,1.));
#2898 = DIRECTION('',(0.,0.,1.));
#2899 = DIRECTION('',(1.,0.,0.));
#2900 = ADVANCED_FACE('',(#2901),#2919,.F.);
#2901 = FACE_BOUND('',#2902,.F.);
#2902 = EDGE_LOOP('',(#2903,#2904,#2905,#2913));
#2903 = ORIENTED_EDGE('',*,*,#2880,.T.);
#2904 = ORIENTED_EDGE('',*,*,#2288,.T.);
#2905 = ORIENTED_EDGE('',*,*,#2906,.T.);
#2906 = EDGE_CURVE('',#2281,#2907,#2909,.T.);
#2907 = VERTEX_POINT('',#2908);
#2908 = CARTESIAN_POINT('',(16.78,-12.1,2.5));
#2909 = LINE('',#2910,#2911);
#2910 = CARTESIAN_POINT('',(16.78,-12.1,1.));
#2911 = VECTOR('',#2912,1.);
#2912 = DIRECTION('',(0.,0.,1.));
#2913 = ORIENTED_EDGE('',*,*,#2914,.F.);
#2914 = EDGE_CURVE('',#2881,#2907,#2915,.T.);
#2915 = LINE('',#2916,#2917);
#2916 = CARTESIAN_POINT('',(11.78,-12.1,2.5));
#2917 = VECTOR('',#2918,1.);
#2918 = DIRECTION('',(1.,0.,0.));
#2919 = PLANE('',#2920);
#2920 = AXIS2_PLACEMENT_3D('',#2921,#2922,#2923);
#2921 = CARTESIAN_POINT('',(16.012823082622,-12.1,1.087163080312));
#2922 = DIRECTION('',(-0.,-1.,-0.));
#2923 = DIRECTION('',(0.,0.,-1.));
#2924 = ADVANCED_FACE('',(#2925),#2959,.F.);
#2925 = FACE_BOUND('',#2926,.F.);
#2926 = EDGE_LOOP('',(#2927,#2928,#2929,#2937,#2945,#2953));
#2927 = ORIENTED_EDGE('',*,*,#2906,.F.);
#2928 = ORIENTED_EDGE('',*,*,#2280,.T.);
#2929 = ORIENTED_EDGE('',*,*,#2930,.F.);
#2930 = EDGE_CURVE('',#2931,#2273,#2933,.T.);
#2931 = VERTEX_POINT('',#2932);
#2932 = CARTESIAN_POINT('',(16.78,-12.,1.6));
#2933 = LINE('',#2934,#2935);
#2934 = CARTESIAN_POINT('',(16.78,-12.,0.5));
#2935 = VECTOR('',#2936,1.);
#2936 = DIRECTION('',(0.,0.,-1.));
#2937 = ORIENTED_EDGE('',*,*,#2938,.T.);
#2938 = EDGE_CURVE('',#2931,#2939,#2941,.T.);
#2939 = VERTEX_POINT('',#2940);
#2940 = CARTESIAN_POINT('',(16.78,-11.48690475241,1.6));
#2941 = LINE('',#2942,#2943);
#2942 = CARTESIAN_POINT('',(16.78,-12.05,1.6));
#2943 = VECTOR('',#2944,1.);
#2944 = DIRECTION('',(0.,1.,0.));
#2945 = ORIENTED_EDGE('',*,*,#2946,.T.);
#2946 = EDGE_CURVE('',#2939,#2947,#2949,.T.);
#2947 = VERTEX_POINT('',#2948);
#2948 = CARTESIAN_POINT('',(16.78,-11.48690475241,2.5));
#2949 = LINE('',#2950,#2951);
#2950 = CARTESIAN_POINT('',(16.78,-11.48690475241,1.));
#2951 = VECTOR('',#2952,1.);
#2952 = DIRECTION('',(0.,0.,1.));
#2953 = ORIENTED_EDGE('',*,*,#2954,.F.);
#2954 = EDGE_CURVE('',#2907,#2947,#2955,.T.);
#2955 = LINE('',#2956,#2957);
#2956 = CARTESIAN_POINT('',(16.78,-12.1,2.5));
#2957 = VECTOR('',#2958,1.);
#2958 = DIRECTION('',(0.,1.,0.));
#2959 = PLANE('',#2960);
#2960 = AXIS2_PLACEMENT_3D('',#2961,#2962,#2963);
#2961 = CARTESIAN_POINT('',(16.78,-12.1,1.));
#2962 = DIRECTION('',(1.,0.,0.));
#2963 = DIRECTION('',(0.,0.,1.));
#2964 = ADVANCED_FACE('',(#2965),#2983,.T.);
#2965 = FACE_BOUND('',#2966,.T.);
#2966 = EDGE_LOOP('',(#2967,#2975,#2976,#2977));
#2967 = ORIENTED_EDGE('',*,*,#2968,.F.);
#2968 = EDGE_CURVE('',#2264,#2969,#2971,.T.);
#2969 = VERTEX_POINT('',#2970);
#2970 = CARTESIAN_POINT('',(17.,-12.,1.6));
#2971 = LINE('',#2972,#2973);
#2972 = CARTESIAN_POINT('',(17.,-12.,0.));
#2973 = VECTOR('',#2974,1.);
#2974 = DIRECTION('',(0.,0.,1.));
#2975 = ORIENTED_EDGE('',*,*,#2272,.T.);
#2976 = ORIENTED_EDGE('',*,*,#2930,.F.);
#2977 = ORIENTED_EDGE('',*,*,#2978,.T.);
#2978 = EDGE_CURVE('',#2931,#2969,#2979,.T.);
#2979 = LINE('',#2980,#2981);
#2980 = CARTESIAN_POINT('',(-20.,-12.,1.6));
#2981 = VECTOR('',#2982,1.);
#2982 = DIRECTION('',(1.,0.,0.));
#2983 = PLANE('',#2984);
#2984 = AXIS2_PLACEMENT_3D('',#2985,#2986,#2987);
#2985 = CARTESIAN_POINT('',(-20.,-12.,0.));
#2986 = DIRECTION('',(0.,1.,0.));
#2987 = DIRECTION('',(0.,0.,1.));
#2988 = ADVANCED_FACE('',(#2989),#3008,.F.);
#2989 = FACE_BOUND('',#2990,.T.);
#2990 = EDGE_LOOP('',(#2991,#2999,#3000,#3001));
#2991 = ORIENTED_EDGE('',*,*,#2992,.F.);
#2992 = EDGE_CURVE('',#2256,#2993,#2995,.T.);
#2993 = VERTEX_POINT('',#2994);
#2994 = CARTESIAN_POINT('',(20.,-9.,1.6));
#2995 = LINE('',#2996,#2997);
#2996 = CARTESIAN_POINT('',(20.,-9.,0.));
#2997 = VECTOR('',#2998,1.);
#2998 = DIRECTION('',(0.,0.,1.));
#2999 = ORIENTED_EDGE('',*,*,#2263,.F.);
#3000 = ORIENTED_EDGE('',*,*,#2968,.T.);
#3001 = ORIENTED_EDGE('',*,*,#3002,.F.);
#3002 = EDGE_CURVE('',#2993,#2969,#3003,.T.);
#3003 = CIRCLE('',#3004,3.);
#3004 = AXIS2_PLACEMENT_3D('',#3005,#3006,#3007);
#3005 = CARTESIAN_POINT('',(17.,-9.,1.6));
#3006 = DIRECTION('',(-0.,-0.,-1.));
#3007 = DIRECTION('',(0.,-1.,0.));
#3008 = CYLINDRICAL_SURFACE('',#3009,3.);
#3009 = AXIS2_PLACEMENT_3D('',#3010,#3011,#3012);
#3010 = CARTESIAN_POINT('',(17.,-9.,0.));
#3011 = DIRECTION('',(0.,0.,1.));
#3012 = DIRECTION('',(1.,0.,0.));
#3013 = ADVANCED_FACE('',(#3014),#3040,.F.);
#3014 = FACE_BOUND('',#3015,.F.);
#3015 = EDGE_LOOP('',(#3016,#3024,#3025,#3033));
#3016 = ORIENTED_EDGE('',*,*,#3017,.F.);
#3017 = EDGE_CURVE('',#2247,#3018,#3020,.T.);
#3018 = VERTEX_POINT('',#3019);
#3019 = CARTESIAN_POINT('',(20.,9.,1.6));
#3020 = LINE('',#3021,#3022);
#3021 = CARTESIAN_POINT('',(20.,9.,0.));
#3022 = VECTOR('',#3023,1.);
#3023 = DIRECTION('',(0.,0.,1.));
#3024 = ORIENTED_EDGE('',*,*,#2246,.T.);
#3025 = ORIENTED_EDGE('',*,*,#3026,.T.);
#3026 = EDGE_CURVE('',#2239,#3027,#3029,.T.);
#3027 = VERTEX_POINT('',#3028);
#3028 = CARTESIAN_POINT('',(17.,12.,1.6));
#3029 = LINE('',#3030,#3031);
#3030 = CARTESIAN_POINT('',(17.,12.,0.));
#3031 = VECTOR('',#3032,1.);
#3032 = DIRECTION('',(0.,0.,1.));
#3033 = ORIENTED_EDGE('',*,*,#3034,.F.);
#3034 = EDGE_CURVE('',#3018,#3027,#3035,.T.);
#3035 = CIRCLE('',#3036,3.);
#3036 = AXIS2_PLACEMENT_3D('',#3037,#3038,#3039);
#3037 = CARTESIAN_POINT('',(17.,9.,1.6));
#3038 = DIRECTION('',(-0.,0.,1.));
#3039 = DIRECTION('',(0.,-1.,0.));
#3040 = CYLINDRICAL_SURFACE('',#3041,3.);
#3041 = AXIS2_PLACEMENT_3D('',#3042,#3043,#3044);
#3042 = CARTESIAN_POINT('',(17.,9.,0.));
#3043 = DIRECTION('',(0.,0.,1.));
#3044 = DIRECTION('',(1.,0.,0.));
#3045 = ADVANCED_FACE('',(#3046),#3064,.F.);
#3046 = FACE_BOUND('',#3047,.F.);
#3047 = EDGE_LOOP('',(#3048,#3049,#3057,#3063));
#3048 = ORIENTED_EDGE('',*,*,#2238,.T.);
#3049 = ORIENTED_EDGE('',*,*,#3050,.T.);
#3050 = EDGE_CURVE('',#2230,#3051,#3053,.T.);
#3051 = VERTEX_POINT('',#3052);
#3052 = CARTESIAN_POINT('',(-17.,12.,1.6));
#3053 = LINE('',#3054,#3055);
#3054 = CARTESIAN_POINT('',(-17.,12.,0.));
#3055 = VECTOR('',#3056,1.);
#3056 = DIRECTION('',(0.,0.,1.));
#3057 = ORIENTED_EDGE('',*,*,#3058,.T.);
#3058 = EDGE_CURVE('',#3051,#3027,#3059,.T.);
#3059 = LINE('',#3060,#3061);
#3060 = CARTESIAN_POINT('',(-20.,12.,1.6));
#3061 = VECTOR('',#3062,1.);
#3062 = DIRECTION('',(1.,0.,0.));
#3063 = ORIENTED_EDGE('',*,*,#3026,.F.);
#3064 = PLANE('',#3065);
#3065 = AXIS2_PLACEMENT_3D('',#3066,#3067,#3068);
#3066 = CARTESIAN_POINT('',(-20.,12.,0.));
#3067 = DIRECTION('',(0.,1.,0.));
#3068 = DIRECTION('',(0.,0.,1.));
#3069 = ADVANCED_FACE('',(#3070),#3089,.F.);
#3070 = FACE_BOUND('',#3071,.T.);
#3071 = EDGE_LOOP('',(#3072,#3080,#3081,#3082));
#3072 = ORIENTED_EDGE('',*,*,#3073,.F.);
#3073 = EDGE_CURVE('',#2222,#3074,#3076,.T.);
#3074 = VERTEX_POINT('',#3075);
#3075 = CARTESIAN_POINT('',(-20.,9.,1.6));
#3076 = LINE('',#3077,#3078);
#3077 = CARTESIAN_POINT('',(-20.,9.,0.));
#3078 = VECTOR('',#3079,1.);
#3079 = DIRECTION('',(0.,0.,1.));
#3080 = ORIENTED_EDGE('',*,*,#2229,.F.);
#3081 = ORIENTED_EDGE('',*,*,#3050,.T.);
#3082 = ORIENTED_EDGE('',*,*,#3083,.F.);
#3083 = EDGE_CURVE('',#3074,#3051,#3084,.T.);
#3084 = CIRCLE('',#3085,3.);
#3085 = AXIS2_PLACEMENT_3D('',#3086,#3087,#3088);
#3086 = CARTESIAN_POINT('',(-17.,9.,1.6));
#3087 = DIRECTION('',(-0.,-0.,-1.));
#3088 = DIRECTION('',(0.,-1.,0.));
#3089 = CYLINDRICAL_SURFACE('',#3090,3.);
#3090 = AXIS2_PLACEMENT_3D('',#3091,#3092,#3093);
#3091 = CARTESIAN_POINT('',(-17.,9.,0.));
#3092 = DIRECTION('',(0.,0.,1.));
#3093 = DIRECTION('',(-1.,0.,0.));
#3094 = ADVANCED_FACE('',(#3095),#3106,.T.);
#3095 = FACE_BOUND('',#3096,.T.);
#3096 = EDGE_LOOP('',(#3097,#3103,#3104,#3105));
#3097 = ORIENTED_EDGE('',*,*,#3098,.F.);
#3098 = EDGE_CURVE('',#2363,#3074,#3099,.T.);
#3099 = LINE('',#3100,#3101);
#3100 = CARTESIAN_POINT('',(-20.,-12.,1.6));
#3101 = VECTOR('',#3102,1.);
#3102 = DIRECTION('',(0.,1.,0.));
#3103 = ORIENTED_EDGE('',*,*,#2370,.F.);
#3104 = ORIENTED_EDGE('',*,*,#2221,.T.);
#3105 = ORIENTED_EDGE('',*,*,#3073,.T.);
#3106 = PLANE('',#3107);
#3107 = AXIS2_PLACEMENT_3D('',#3108,#3109,#3110);
#3108 = CARTESIAN_POINT('',(-20.,-12.,0.));
#3109 = DIRECTION('',(1.,0.,0.));
#3110 = DIRECTION('',(0.,0.,1.));
#3111 = ADVANCED_FACE('',(#3112),#3175,.F.);
#3112 = FACE_BOUND('',#3113,.F.);
#3113 = EDGE_LOOP('',(#3114,#3115,#3116,#3124,#3133,#3141,#3150,#3158,
    #3166,#3172,#3173,#3174));
#3114 = ORIENTED_EDGE('',*,*,#3098,.F.);
#3115 = ORIENTED_EDGE('',*,*,#2362,.F.);
#3116 = ORIENTED_EDGE('',*,*,#3117,.F.);
#3117 = EDGE_CURVE('',#3118,#2355,#3120,.T.);
#3118 = VERTEX_POINT('',#3119);
#3119 = CARTESIAN_POINT('',(-19.5,8.5,1.6));
#3120 = LINE('',#3121,#3122);
#3121 = CARTESIAN_POINT('',(-19.5,-11.75,1.6));
#3122 = VECTOR('',#3123,1.);
#3123 = DIRECTION('',(0.,-1.,0.));
#3124 = ORIENTED_EDGE('',*,*,#3125,.F.);
#3125 = EDGE_CURVE('',#3126,#3118,#3128,.T.);
#3126 = VERTEX_POINT('',#3127);
#3127 = CARTESIAN_POINT('',(-16.5,11.5,1.6));
#3128 = CIRCLE('',#3129,3.);
#3129 = AXIS2_PLACEMENT_3D('',#3130,#3131,#3132);
#3130 = CARTESIAN_POINT('',(-16.5,8.5,1.6));
#3131 = DIRECTION('',(0.,0.,1.));
#3132 = DIRECTION('',(-1.,0.,0.));
#3133 = ORIENTED_EDGE('',*,*,#3134,.T.);
#3134 = EDGE_CURVE('',#3126,#3135,#3137,.T.);
#3135 = VERTEX_POINT('',#3136);
#3136 = CARTESIAN_POINT('',(16.5,11.5,1.6));
#3137 = LINE('',#3138,#3139);
#3138 = CARTESIAN_POINT('',(-19.75,11.5,1.6));
#3139 = VECTOR('',#3140,1.);
#3140 = DIRECTION('',(1.,0.,0.));
#3141 = ORIENTED_EDGE('',*,*,#3142,.F.);
#3142 = EDGE_CURVE('',#3143,#3135,#3145,.T.);
#3143 = VERTEX_POINT('',#3144);
#3144 = CARTESIAN_POINT('',(19.5,8.5,1.6));
#3145 = CIRCLE('',#3146,3.);
#3146 = AXIS2_PLACEMENT_3D('',#3147,#3148,#3149);
#3147 = CARTESIAN_POINT('',(16.5,8.5,1.6));
#3148 = DIRECTION('',(0.,0.,1.));
#3149 = DIRECTION('',(1.,0.,0.));
#3150 = ORIENTED_EDGE('',*,*,#3151,.T.);
#3151 = EDGE_CURVE('',#3143,#3152,#3154,.T.);
#3152 = VERTEX_POINT('',#3153);
#3153 = CARTESIAN_POINT('',(19.5,4.24,1.6));
#3154 = LINE('',#3155,#3156);
#3155 = CARTESIAN_POINT('',(19.5,-11.75,1.6));
#3156 = VECTOR('',#3157,1.);
#3157 = DIRECTION('',(0.,-1.,0.));
#3158 = ORIENTED_EDGE('',*,*,#3159,.T.);
#3159 = EDGE_CURVE('',#3152,#3160,#3162,.T.);
#3160 = VERTEX_POINT('',#3161);
#3161 = CARTESIAN_POINT('',(20.,4.24,1.6));
#3162 = LINE('',#3163,#3164);
#3163 = CARTESIAN_POINT('',(19.,4.24,1.6));
#3164 = VECTOR('',#3165,1.);
#3165 = DIRECTION('',(1.,0.,0.));
#3166 = ORIENTED_EDGE('',*,*,#3167,.T.);
#3167 = EDGE_CURVE('',#3160,#3018,#3168,.T.);
#3168 = LINE('',#3169,#3170);
#3169 = CARTESIAN_POINT('',(20.,-12.,1.6));
#3170 = VECTOR('',#3171,1.);
#3171 = DIRECTION('',(0.,1.,0.));
#3172 = ORIENTED_EDGE('',*,*,#3034,.T.);
#3173 = ORIENTED_EDGE('',*,*,#3058,.F.);
#3174 = ORIENTED_EDGE('',*,*,#3083,.F.);
#3175 = PLANE('',#3176);
#3176 = AXIS2_PLACEMENT_3D('',#3177,#3178,#3179);
#3177 = CARTESIAN_POINT('',(-20.,-12.,1.6));
#3178 = DIRECTION('',(0.,0.,1.));
#3179 = DIRECTION('',(1.,0.,0.));
#3180 = ADVANCED_FACE('',(#3181),#3217,.T.);
#3181 = FACE_BOUND('',#3182,.T.);
#3182 = EDGE_LOOP('',(#3183,#3193,#3201,#3207,#3208,#3209,#3210,#3211));
#3183 = ORIENTED_EDGE('',*,*,#3184,.F.);
#3184 = EDGE_CURVE('',#3185,#3187,#3189,.T.);
#3185 = VERTEX_POINT('',#3186);
#3186 = CARTESIAN_POINT('',(-19.5,-8.5,5.));
#3187 = VERTEX_POINT('',#3188);
#3188 = CARTESIAN_POINT('',(-19.5,8.5,5.));
#3189 = LINE('',#3190,#3191);
#3190 = CARTESIAN_POINT('',(-19.5,-11.5,5.));
#3191 = VECTOR('',#3192,1.);
#3192 = DIRECTION('',(0.,1.,0.));
#3193 = ORIENTED_EDGE('',*,*,#3194,.F.);
#3194 = EDGE_CURVE('',#3195,#3185,#3197,.T.);
#3195 = VERTEX_POINT('',#3196);
#3196 = CARTESIAN_POINT('',(-19.5,-8.5,1.6));
#3197 = LINE('',#3198,#3199);
#3198 = CARTESIAN_POINT('',(-19.5,-8.5,1.));
#3199 = VECTOR('',#3200,1.);
#3200 = DIRECTION('',(0.,0.,1.));
#3201 = ORIENTED_EDGE('',*,*,#3202,.F.);
#3202 = EDGE_CURVE('',#2412,#3195,#3203,.T.);
#3203 = LINE('',#3204,#3205);
#3204 = CARTESIAN_POINT('',(-19.5,-11.75,1.6));
#3205 = VECTOR('',#3206,1.);
#3206 = DIRECTION('',(0.,-1.,0.));
#3207 = ORIENTED_EDGE('',*,*,#2411,.T.);
#3208 = ORIENTED_EDGE('',*,*,#2394,.F.);
#3209 = ORIENTED_EDGE('',*,*,#2354,.F.);
#3210 = ORIENTED_EDGE('',*,*,#3117,.F.);
#3211 = ORIENTED_EDGE('',*,*,#3212,.T.);
#3212 = EDGE_CURVE('',#3118,#3187,#3213,.T.);
#3213 = LINE('',#3214,#3215);
#3214 = CARTESIAN_POINT('',(-19.5,8.5,1.));
#3215 = VECTOR('',#3216,1.);
#3216 = DIRECTION('',(0.,0.,1.));
#3217 = PLANE('',#3218);
#3218 = AXIS2_PLACEMENT_3D('',#3219,#3220,#3221);
#3219 = CARTESIAN_POINT('',(-19.5,-11.5,1.));
#3220 = DIRECTION('',(1.,0.,0.));
#3221 = DIRECTION('',(0.,0.,1.));
#3222 = ADVANCED_FACE('',(#3223),#3241,.T.);
#3223 = FACE_BOUND('',#3224,.T.);
#3224 = EDGE_LOOP('',(#3225,#3233,#3239,#3240));
#3225 = ORIENTED_EDGE('',*,*,#3226,.F.);
#3226 = EDGE_CURVE('',#3227,#2420,#3229,.T.);
#3227 = VERTEX_POINT('',#3228);
#3228 = CARTESIAN_POINT('',(-20.,-9.,1.6));
#3229 = LINE('',#3230,#3231);
#3230 = CARTESIAN_POINT('',(-20.,-12.,1.6));
#3231 = VECTOR('',#3232,1.);
#3232 = DIRECTION('',(0.,1.,0.));
#3233 = ORIENTED_EDGE('',*,*,#3234,.F.);
#3234 = EDGE_CURVE('',#2502,#3227,#3235,.T.);
#3235 = LINE('',#3236,#3237);
#3236 = CARTESIAN_POINT('',(-20.,-9.,0.));
#3237 = VECTOR('',#3238,1.);
#3238 = DIRECTION('',(0.,0.,1.));
#3239 = ORIENTED_EDGE('',*,*,#2510,.T.);
#3240 = ORIENTED_EDGE('',*,*,#2427,.T.);
#3241 = PLANE('',#3242);
#3242 = AXIS2_PLACEMENT_3D('',#3243,#3244,#3245);
#3243 = CARTESIAN_POINT('',(-20.,-12.,0.));
#3244 = DIRECTION('',(1.,0.,0.));
#3245 = DIRECTION('',(0.,0.,1.));
#3246 = ADVANCED_FACE('',(#3247),#3292,.F.);
#3247 = FACE_BOUND('',#3248,.F.);
#3248 = EDGE_LOOP('',(#3249,#3250,#3259,#3267,#3275,#3283,#3290,#3291));
#3249 = ORIENTED_EDGE('',*,*,#3226,.F.);
#3250 = ORIENTED_EDGE('',*,*,#3251,.T.);
#3251 = EDGE_CURVE('',#3227,#3252,#3254,.T.);
#3252 = VERTEX_POINT('',#3253);
#3253 = CARTESIAN_POINT('',(-17.,-12.,1.6));
#3254 = CIRCLE('',#3255,3.);
#3255 = AXIS2_PLACEMENT_3D('',#3256,#3257,#3258);
#3256 = CARTESIAN_POINT('',(-17.,-9.,1.6));
#3257 = DIRECTION('',(-0.,0.,1.));
#3258 = DIRECTION('',(0.,-1.,0.));
#3259 = ORIENTED_EDGE('',*,*,#3260,.T.);
#3260 = EDGE_CURVE('',#3252,#3261,#3263,.T.);
#3261 = VERTEX_POINT('',#3262);
#3262 = CARTESIAN_POINT('',(11.78,-12.,1.6));
#3263 = LINE('',#3264,#3265);
#3264 = CARTESIAN_POINT('',(-20.,-12.,1.6));
#3265 = VECTOR('',#3266,1.);
#3266 = DIRECTION('',(1.,0.,0.));
#3267 = ORIENTED_EDGE('',*,*,#3268,.T.);
#3268 = EDGE_CURVE('',#3261,#3269,#3271,.T.);
#3269 = VERTEX_POINT('',#3270);
#3270 = CARTESIAN_POINT('',(11.78,-11.5,1.6));
#3271 = LINE('',#3272,#3273);
#3272 = CARTESIAN_POINT('',(11.78,-12.05,1.6));
#3273 = VECTOR('',#3274,1.);
#3274 = DIRECTION('',(0.,1.,0.));
#3275 = ORIENTED_EDGE('',*,*,#3276,.F.);
#3276 = EDGE_CURVE('',#3277,#3269,#3279,.T.);
#3277 = VERTEX_POINT('',#3278);
#3278 = CARTESIAN_POINT('',(-16.5,-11.5,1.6));
#3279 = LINE('',#3280,#3281);
#3280 = CARTESIAN_POINT('',(-19.75,-11.5,1.6));
#3281 = VECTOR('',#3282,1.);
#3282 = DIRECTION('',(1.,0.,0.));
#3283 = ORIENTED_EDGE('',*,*,#3284,.F.);
#3284 = EDGE_CURVE('',#3195,#3277,#3285,.T.);
#3285 = CIRCLE('',#3286,3.);
#3286 = AXIS2_PLACEMENT_3D('',#3287,#3288,#3289);
#3287 = CARTESIAN_POINT('',(-16.5,-8.5,1.6));
#3288 = DIRECTION('',(0.,0.,1.));
#3289 = DIRECTION('',(-1.,0.,0.));
#3290 = ORIENTED_EDGE('',*,*,#3202,.F.);
#3291 = ORIENTED_EDGE('',*,*,#2419,.T.);
#3292 = PLANE('',#3293);
#3293 = AXIS2_PLACEMENT_3D('',#3294,#3295,#3296);
#3294 = CARTESIAN_POINT('',(-20.,-12.,1.6));
#3295 = DIRECTION('',(0.,0.,1.));
#3296 = DIRECTION('',(1.,0.,0.));
#3297 = ADVANCED_FACE('',(#3298),#3309,.F.);
#3298 = FACE_BOUND('',#3299,.F.);
#3299 = EDGE_LOOP('',(#3300,#3301,#3302,#3308));
#3300 = ORIENTED_EDGE('',*,*,#3234,.F.);
#3301 = ORIENTED_EDGE('',*,*,#2501,.T.);
#3302 = ORIENTED_EDGE('',*,*,#3303,.T.);
#3303 = EDGE_CURVE('',#2494,#3252,#3304,.T.);
#3304 = LINE('',#3305,#3306);
#3305 = CARTESIAN_POINT('',(-17.,-12.,0.));
#3306 = VECTOR('',#3307,1.);
#3307 = DIRECTION('',(0.,0.,1.));
#3308 = ORIENTED_EDGE('',*,*,#3251,.F.);
#3309 = CYLINDRICAL_SURFACE('',#3310,3.);
#3310 = AXIS2_PLACEMENT_3D('',#3311,#3312,#3313);
#3311 = CARTESIAN_POINT('',(-17.,-9.,0.));
#3312 = DIRECTION('',(0.,0.,1.));
#3313 = DIRECTION('',(-1.,0.,0.));
#3314 = ADVANCED_FACE('',(#3315),#3326,.T.);
#3315 = FACE_BOUND('',#3316,.T.);
#3316 = EDGE_LOOP('',(#3317,#3318,#3324,#3325));
#3317 = ORIENTED_EDGE('',*,*,#3260,.T.);
#3318 = ORIENTED_EDGE('',*,*,#3319,.T.);
#3319 = EDGE_CURVE('',#3261,#2486,#3320,.T.);
#3320 = LINE('',#3321,#3322);
#3321 = CARTESIAN_POINT('',(11.78,-12.,0.5));
#3322 = VECTOR('',#3323,1.);
#3323 = DIRECTION('',(0.,0.,-1.));
#3324 = ORIENTED_EDGE('',*,*,#2493,.T.);
#3325 = ORIENTED_EDGE('',*,*,#3303,.T.);
#3326 = PLANE('',#3327);
#3327 = AXIS2_PLACEMENT_3D('',#3328,#3329,#3330);
#3328 = CARTESIAN_POINT('',(-20.,-12.,0.));
#3329 = DIRECTION('',(0.,1.,0.));
#3330 = DIRECTION('',(0.,0.,1.));
#3331 = ADVANCED_FACE('',(#3332),#3359,.T.);
#3332 = FACE_BOUND('',#3333,.T.);
#3333 = EDGE_LOOP('',(#3334,#3342,#3343,#3344,#3345,#3353));
#3334 = ORIENTED_EDGE('',*,*,#3335,.F.);
#3335 = EDGE_CURVE('',#2478,#3336,#3338,.T.);
#3336 = VERTEX_POINT('',#3337);
#3337 = CARTESIAN_POINT('',(11.78,-12.1,2.5));
#3338 = LINE('',#3339,#3340);
#3339 = CARTESIAN_POINT('',(11.78,-12.1,1.));
#3340 = VECTOR('',#3341,1.);
#3341 = DIRECTION('',(0.,0.,1.));
#3342 = ORIENTED_EDGE('',*,*,#2485,.T.);
#3343 = ORIENTED_EDGE('',*,*,#3319,.F.);
#3344 = ORIENTED_EDGE('',*,*,#3268,.T.);
#3345 = ORIENTED_EDGE('',*,*,#3346,.F.);
#3346 = EDGE_CURVE('',#3347,#3269,#3349,.T.);
#3347 = VERTEX_POINT('',#3348);
#3348 = CARTESIAN_POINT('',(11.78,-11.5,2.5));
#3349 = LINE('',#3350,#3351);
#3350 = CARTESIAN_POINT('',(11.78,-11.5,1.));
#3351 = VECTOR('',#3352,1.);
#3352 = DIRECTION('',(0.,0.,-1.));
#3353 = ORIENTED_EDGE('',*,*,#3354,.F.);
#3354 = EDGE_CURVE('',#3336,#3347,#3355,.T.);
#3355 = LINE('',#3356,#3357);
#3356 = CARTESIAN_POINT('',(11.78,-12.1,2.5));
#3357 = VECTOR('',#3358,1.);
#3358 = DIRECTION('',(0.,1.,0.));
#3359 = PLANE('',#3360);
#3360 = AXIS2_PLACEMENT_3D('',#3361,#3362,#3363);
#3361 = CARTESIAN_POINT('',(11.78,-12.1,1.));
#3362 = DIRECTION('',(1.,0.,0.));
#3363 = DIRECTION('',(0.,0.,1.));
#3364 = ADVANCED_FACE('',(#3365),#3376,.F.);
#3365 = FACE_BOUND('',#3366,.F.);
#3366 = EDGE_LOOP('',(#3367,#3368,#3369,#3375));
#3367 = ORIENTED_EDGE('',*,*,#2477,.T.);
#3368 = ORIENTED_EDGE('',*,*,#2867,.T.);
#3369 = ORIENTED_EDGE('',*,*,#3370,.F.);
#3370 = EDGE_CURVE('',#3336,#2868,#3371,.T.);
#3371 = LINE('',#3372,#3373);
#3372 = CARTESIAN_POINT('',(11.78,-12.1,2.5));
#3373 = VECTOR('',#3374,1.);
#3374 = DIRECTION('',(1.,0.,0.));
#3375 = ORIENTED_EDGE('',*,*,#3335,.F.);
#3376 = PLANE('',#3377);
#3377 = AXIS2_PLACEMENT_3D('',#3378,#3379,#3380);
#3378 = CARTESIAN_POINT('',(12.574954414016,-12.1,1.092433473321));
#3379 = DIRECTION('',(-0.,-1.,-0.));
#3380 = DIRECTION('',(0.,0.,-1.));
#3381 = ADVANCED_FACE('',(#3382),#3418,.F.);
#3382 = FACE_BOUND('',#3383,.T.);
#3383 = EDGE_LOOP('',(#3384,#3392,#3411,#3417));
#3384 = ORIENTED_EDGE('',*,*,#3385,.F.);
#3385 = EDGE_CURVE('',#3386,#2635,#3388,.T.);
#3386 = VERTEX_POINT('',#3387);
#3387 = CARTESIAN_POINT('',(19.475424707065,8.883207271053,4.01));
#3388 = LINE('',#3389,#3390);
#3389 = CARTESIAN_POINT('',(17.5,7.5,4.01));
#3390 = VECTOR('',#3391,1.);
#3391 = DIRECTION('',(0.819152044289,0.573576436351,0.));
#3392 = ORIENTED_EDGE('',*,*,#3393,.T.);
#3393 = EDGE_CURVE('',#3386,#3394,#3396,.T.);
#3394 = VERTEX_POINT('',#3395);
#3395 = CARTESIAN_POINT('',(19.361343466926,9.401506275232,4.5));
#3396 = B_SPLINE_CURVE_WITH_KNOTS('',5,(#3397,#3398,#3399,#3400,#3401,
    #3402,#3403,#3404,#3405,#3406,#3407,#3408,#3409,#3410),
  .UNSPECIFIED.,.F.,.F.,(6,4,4,6),(0.,0.286049939414,0.71773180919,1.),
  .UNSPECIFIED.);
#3397 = CARTESIAN_POINT('',(19.475424707065,8.883207271053,4.01));
#3398 = CARTESIAN_POINT('',(19.475424707065,8.883207271053,
    4.053034092425));
#3399 = CARTESIAN_POINT('',(19.47474301471,8.888497425377,4.096056554633
    ));
#3400 = CARTESIAN_POINT('',(19.473382580648,8.899072688635,
    4.138426505889));
#3401 = CARTESIAN_POINT('',(19.47126452958,8.914742978965,4.179495807813
    ));
#3402 = CARTESIAN_POINT('',(19.463765031437,8.965901203447,
    4.277692592887));
#3403 = CARTESIAN_POINT('',(19.457267845091,9.007442321476,
    4.332400160517));
#3404 = CARTESIAN_POINT('',(19.448391852535,9.058534910678,
    4.380629043273));
#3405 = CARTESIAN_POINT('',(19.436572045588,9.11709283881,4.420366946534
    ));
#3406 = CARTESIAN_POINT('',(19.412083728412,9.222211404139,
    4.469431889452));
#3407 = CARTESIAN_POINT('',(19.401122197723,9.265922644786,
    4.484530220241));
#3408 = CARTESIAN_POINT('',(19.388896233006,9.310959437198,
    4.494818013106));
#3409 = CARTESIAN_POINT('',(19.375545374644,9.356430010115,4.5));
#3410 = CARTESIAN_POINT('',(19.361343466926,9.401506275232,4.5));
#3411 = ORIENTED_EDGE('',*,*,#3412,.T.);
#3412 = EDGE_CURVE('',#3394,#2637,#3413,.T.);
#3413 = LINE('',#3414,#3415);
#3414 = CARTESIAN_POINT('',(17.218947546188,7.901384501702,4.5));
#3415 = VECTOR('',#3416,1.);
#3416 = DIRECTION('',(0.819152044289,0.573576436351,0.));
#3417 = ORIENTED_EDGE('',*,*,#2634,.F.);
#3418 = CYLINDRICAL_SURFACE('',#3419,0.49);
#3419 = AXIS2_PLACEMENT_3D('',#3420,#3421,#3422);
#3420 = CARTESIAN_POINT('',(17.218947546188,7.901384501702,4.01));
#3421 = DIRECTION('',(0.819152044289,0.573576436351,0.));
#3422 = DIRECTION('',(0.573576436351,-0.819152044289,0.));
#3423 = ADVANCED_FACE('',(#3424),#3442,.T.);
#3424 = FACE_BOUND('',#3425,.T.);
#3425 = EDGE_LOOP('',(#3426,#3427,#3435,#3441));
#3426 = ORIENTED_EDGE('',*,*,#2747,.F.);
#3427 = ORIENTED_EDGE('',*,*,#3428,.F.);
#3428 = EDGE_CURVE('',#3429,#2729,#3431,.T.);
#3429 = VERTEX_POINT('',#3430);
#3430 = CARTESIAN_POINT('',(19.475424707065,8.883207271053,3.99));
#3431 = LINE('',#3432,#3433);
#3432 = CARTESIAN_POINT('',(17.5,7.5,3.99));
#3433 = VECTOR('',#3434,1.);
#3434 = DIRECTION('',(0.819152044289,0.573576436351,0.));
#3435 = ORIENTED_EDGE('',*,*,#3436,.T.);
#3436 = EDGE_CURVE('',#3429,#3386,#3437,.T.);
#3437 = LINE('',#3438,#3439);
#3438 = CARTESIAN_POINT('',(19.475424707065,8.883207271053,1.));
#3439 = VECTOR('',#3440,1.);
#3440 = DIRECTION('',(0.,0.,1.));
#3441 = ORIENTED_EDGE('',*,*,#3385,.T.);
#3442 = PLANE('',#3443);
#3443 = AXIS2_PLACEMENT_3D('',#3444,#3445,#3446);
#3444 = CARTESIAN_POINT('',(17.5,7.5,3.5));
#3445 = DIRECTION('',(-0.573576436351,0.819152044289,0.));
#3446 = DIRECTION('',(0.,0.,1.));
#3447 = ADVANCED_FACE('',(#3448),#3477,.F.);
#3448 = FACE_BOUND('',#3449,.F.);
#3449 = EDGE_LOOP('',(#3450,#3451,#3470,#3476));
#3450 = ORIENTED_EDGE('',*,*,#3428,.F.);
#3451 = ORIENTED_EDGE('',*,*,#3452,.T.);
#3452 = EDGE_CURVE('',#3429,#3453,#3455,.T.);
#3453 = VERTEX_POINT('',#3454);
#3454 = CARTESIAN_POINT('',(19.361343466926,9.401506275232,3.5));
#3455 = B_SPLINE_CURVE_WITH_KNOTS('',5,(#3456,#3457,#3458,#3459,#3460,
    #3461,#3462,#3463,#3464,#3465,#3466,#3467,#3468,#3469),
  .UNSPECIFIED.,.F.,.F.,(6,4,4,6),(0.,0.286049743334,0.717730116078,1.),
  .UNSPECIFIED.);
#3456 = CARTESIAN_POINT('',(19.475424707065,8.883207271053,3.99));
#3457 = CARTESIAN_POINT('',(19.475424707065,8.883207271053,
    3.946966079855));
#3458 = CARTESIAN_POINT('',(19.474743026055,8.88849738505,3.903943458216
    ));
#3459 = CARTESIAN_POINT('',(19.473382573486,8.899072721906,
    3.861573298307));
#3460 = CARTESIAN_POINT('',(19.471264511713,8.914743100841,3.82050395825
    ));
#3461 = CARTESIAN_POINT('',(19.46376507095,8.96590093391,3.722307924482)
  );
#3462 = CARTESIAN_POINT('',(19.457267860609,9.007442373824,
    3.667599314169));
#3463 = CARTESIAN_POINT('',(19.448391670392,9.058535866449,
    3.619370258008));
#3464 = CARTESIAN_POINT('',(19.436571905427,9.117093440463,3.57963277264
    ));
#3465 = CARTESIAN_POINT('',(19.412083728412,9.222211404139,
    3.530568110548));
#3466 = CARTESIAN_POINT('',(19.401122197723,9.265922644786,
    3.515469779759));
#3467 = CARTESIAN_POINT('',(19.388896233006,9.310959437198,
    3.505181986894));
#3468 = CARTESIAN_POINT('',(19.375545374644,9.356430010115,3.5));
#3469 = CARTESIAN_POINT('',(19.361343466926,9.401506275232,3.5));
#3470 = ORIENTED_EDGE('',*,*,#3471,.T.);
#3471 = EDGE_CURVE('',#3453,#2720,#3472,.T.);
#3472 = LINE('',#3473,#3474);
#3473 = CARTESIAN_POINT('',(17.218947546188,7.901384501702,3.5));
#3474 = VECTOR('',#3475,1.);
#3475 = DIRECTION('',(0.819152044289,0.573576436351,0.));
#3476 = ORIENTED_EDGE('',*,*,#2728,.F.);
#3477 = CYLINDRICAL_SURFACE('',#3478,0.49);
#3478 = AXIS2_PLACEMENT_3D('',#3479,#3480,#3481);
#3479 = CARTESIAN_POINT('',(17.218947546188,7.901384501702,3.99));
#3480 = DIRECTION('',(0.819152044289,0.573576436351,0.));
#3481 = DIRECTION('',(0.573576436351,-0.819152044289,0.));
#3482 = ADVANCED_FACE('',(#3483),#3502,.F.);
#3483 = FACE_BOUND('',#3484,.F.);
#3484 = EDGE_LOOP('',(#3485,#3494,#3500,#3501));
#3485 = ORIENTED_EDGE('',*,*,#3486,.T.);
#3486 = EDGE_CURVE('',#3453,#3487,#3489,.T.);
#3487 = VERTEX_POINT('',#3488);
#3488 = CARTESIAN_POINT('',(17.026577127644,11.453424542568,3.5));
#3489 = CIRCLE('',#3490,3.);
#3490 = AXIS2_PLACEMENT_3D('',#3491,#3492,#3493);
#3491 = CARTESIAN_POINT('',(16.5,8.5,3.5));
#3492 = DIRECTION('',(0.,0.,1.));
#3493 = DIRECTION('',(1.,0.,-0.));
#3494 = ORIENTED_EDGE('',*,*,#3495,.T.);
#3495 = EDGE_CURVE('',#3487,#2698,#3496,.T.);
#3496 = LINE('',#3497,#3498);
#3497 = CARTESIAN_POINT('',(15.486746708408,10.375223675454,3.5));
#3498 = VECTOR('',#3499,1.);
#3499 = DIRECTION('',(0.819152044289,0.573576436351,0.));
#3500 = ORIENTED_EDGE('',*,*,#2719,.F.);
#3501 = ORIENTED_EDGE('',*,*,#3471,.F.);
#3502 = PLANE('',#3503);
#3503 = AXIS2_PLACEMENT_3D('',#3504,#3505,#3506);
#3504 = CARTESIAN_POINT('',(17.862898745321,10.184678733225,3.5));
#3505 = DIRECTION('',(-0.,-0.,-1.));
#3506 = DIRECTION('',(-1.,0.,0.));
#3507 = ADVANCED_FACE('',(#3508),#3542,.F.);
#3508 = FACE_BOUND('',#3509,.T.);
#3509 = EDGE_LOOP('',(#3510,#3518,#3527,#3540,#3541));
#3510 = ORIENTED_EDGE('',*,*,#3511,.F.);
#3511 = EDGE_CURVE('',#3512,#2690,#3514,.T.);
#3512 = VERTEX_POINT('',#3513);
#3513 = CARTESIAN_POINT('',(16.238804844484,11.5,3.99));
#3514 = LINE('',#3515,#3516);
#3515 = CARTESIAN_POINT('',(15.205694254596,10.776608177156,3.99));
#3516 = VECTOR('',#3517,1.);
#3517 = DIRECTION('',(0.819152044289,0.573576436351,0.));
#3518 = ORIENTED_EDGE('',*,*,#3519,.F.);
#3519 = EDGE_CURVE('',#3520,#3512,#3522,.T.);
#3520 = VERTEX_POINT('',#3521);
#3521 = CARTESIAN_POINT('',(16.5,11.5,3.63733241043));
#3522 = ELLIPSE('',#3523,0.854288929854,0.49);
#3523 = AXIS2_PLACEMENT_3D('',#3524,#3525,#3526);
#3524 = CARTESIAN_POINT('',(17.093093774338,11.5,3.99));
#3525 = DIRECTION('',(0.,1.,0.));
#3526 = DIRECTION('',(1.,-0.,0.));
#3527 = ORIENTED_EDGE('',*,*,#3528,.T.);
#3528 = EDGE_CURVE('',#3520,#3487,#3529,.T.);
#3529 = B_SPLINE_CURVE_WITH_KNOTS('',5,(#3530,#3531,#3532,#3533,#3534,
    #3535,#3536,#3537,#3538,#3539),.UNSPECIFIED.,.F.,.F.,(6,4,6),(0.,
    0.32079368476,1.),.UNSPECIFIED.);
#3530 = CARTESIAN_POINT('',(16.5,11.5,3.63733241043));
#3531 = CARTESIAN_POINT('',(16.530141430623,11.5,3.62065593453));
#3532 = CARTESIAN_POINT('',(16.561358745116,11.499621465516,
    3.605130169191));
#3533 = CARTESIAN_POINT('',(16.593449208752,11.498810283423,
    3.590779939809));
#3534 = CARTESIAN_POINT('',(16.626253999668,11.497528693273,
    3.577632637916));
#3535 = CARTESIAN_POINT('',(16.730352670898,11.491981110778,
    3.540509575343));
#3536 = CARTESIAN_POINT('',(16.803797180132,11.485975110401,
    3.520811724449));
#3537 = CARTESIAN_POINT('',(16.878467952393,11.477475324218,
    3.507126475192));
#3538 = CARTESIAN_POINT('',(16.953127180343,11.466520209363,
    3.499999998525));
#3539 = CARTESIAN_POINT('',(17.02657714665,11.453424539179,3.5));
#3540 = ORIENTED_EDGE('',*,*,#3495,.T.);
#3541 = ORIENTED_EDGE('',*,*,#2697,.F.);
#3542 = CYLINDRICAL_SURFACE('',#3543,0.49);
#3543 = AXIS2_PLACEMENT_3D('',#3544,#3545,#3546);
#3544 = CARTESIAN_POINT('',(15.486746708408,10.375223675454,3.99));
#3545 = DIRECTION('',(0.819152044289,0.573576436351,0.));
#3546 = DIRECTION('',(-0.573576436351,0.819152044289,0.));
#3547 = ADVANCED_FACE('',(#3548),#3566,.F.);
#3548 = FACE_BOUND('',#3549,.F.);
#3549 = EDGE_LOOP('',(#3550,#3551,#3552,#3560));
#3550 = ORIENTED_EDGE('',*,*,#2689,.F.);
#3551 = ORIENTED_EDGE('',*,*,#3511,.F.);
#3552 = ORIENTED_EDGE('',*,*,#3553,.T.);
#3553 = EDGE_CURVE('',#3512,#3554,#3556,.T.);
#3554 = VERTEX_POINT('',#3555);
#3555 = CARTESIAN_POINT('',(16.238804844484,11.5,4.01));
#3556 = LINE('',#3557,#3558);
#3557 = CARTESIAN_POINT('',(16.238804844484,11.5,2.25));
#3558 = VECTOR('',#3559,1.);
#3559 = DIRECTION('',(0.,-0.,1.));
#3560 = ORIENTED_EDGE('',*,*,#3561,.T.);
#3561 = EDGE_CURVE('',#3554,#2668,#3562,.T.);
#3562 = LINE('',#3563,#3564);
#3563 = CARTESIAN_POINT('',(15.205694254596,10.776608177156,4.01));
#3564 = VECTOR('',#3565,1.);
#3565 = DIRECTION('',(0.819152044289,0.573576436351,0.));
#3566 = PLANE('',#3567);
#3567 = AXIS2_PLACEMENT_3D('',#3568,#3569,#3570);
#3568 = CARTESIAN_POINT('',(15.205694254596,10.776608177156,3.5));
#3569 = DIRECTION('',(-0.573576436351,0.819152044289,0.));
#3570 = DIRECTION('',(0.,0.,1.));
#3571 = ADVANCED_FACE('',(#3572),#3606,.F.);
#3572 = FACE_BOUND('',#3573,.F.);
#3573 = EDGE_LOOP('',(#3574,#3575,#3584,#3599,#3605));
#3574 = ORIENTED_EDGE('',*,*,#3561,.F.);
#3575 = ORIENTED_EDGE('',*,*,#3576,.T.);
#3576 = EDGE_CURVE('',#3554,#3577,#3579,.T.);
#3577 = VERTEX_POINT('',#3578);
#3578 = CARTESIAN_POINT('',(16.5,11.5,4.36266758957));
#3579 = ELLIPSE('',#3580,0.854288929854,0.49);
#3580 = AXIS2_PLACEMENT_3D('',#3581,#3582,#3583);
#3581 = CARTESIAN_POINT('',(17.093093774338,11.5,4.01));
#3582 = DIRECTION('',(0.,1.,0.));
#3583 = DIRECTION('',(1.,-0.,0.));
#3584 = ORIENTED_EDGE('',*,*,#3585,.T.);
#3585 = EDGE_CURVE('',#3577,#3586,#3588,.T.);
#3586 = VERTEX_POINT('',#3587);
#3587 = CARTESIAN_POINT('',(17.026577127644,11.453424542568,4.5));
#3588 = B_SPLINE_CURVE_WITH_KNOTS('',5,(#3589,#3590,#3591,#3592,#3593,
    #3594,#3595,#3596,#3597,#3598),.UNSPECIFIED.,.F.,.F.,(6,4,6),(0.,
    0.320793690308,1.),.UNSPECIFIED.);
#3589 = CARTESIAN_POINT('',(16.5,11.5,4.36266758957));
#3590 = CARTESIAN_POINT('',(16.530141430086,11.5,4.379344065173));
#3591 = CARTESIAN_POINT('',(16.561358744004,11.499621465529,
    4.394869830256));
#3592 = CARTESIAN_POINT('',(16.593449207037,11.498810283467,
    4.409220059424));
#3593 = CARTESIAN_POINT('',(16.62625399733,11.497528693365,
    4.422367361147));
#3594 = CARTESIAN_POINT('',(16.730352664777,11.491981111175,
    4.459490422692));
#3595 = CARTESIAN_POINT('',(16.803797170644,11.485975111237,
    4.479188273165));
#3596 = CARTESIAN_POINT('',(16.878467939524,11.477475325724,
    4.49287352256));
#3597 = CARTESIAN_POINT('',(16.953127164247,11.466520211746,4.5));
#3598 = CARTESIAN_POINT('',(17.026577127644,11.453424542568,4.5));
#3599 = ORIENTED_EDGE('',*,*,#3600,.T.);
#3600 = EDGE_CURVE('',#3586,#2659,#3601,.T.);
#3601 = LINE('',#3602,#3603);
#3602 = CARTESIAN_POINT('',(15.486746708408,10.375223675454,4.5));
#3603 = VECTOR('',#3604,1.);
#3604 = DIRECTION('',(0.819152044289,0.573576436351,0.));
#3605 = ORIENTED_EDGE('',*,*,#2667,.F.);
#3606 = CYLINDRICAL_SURFACE('',#3607,0.49);
#3607 = AXIS2_PLACEMENT_3D('',#3608,#3609,#3610);
#3608 = CARTESIAN_POINT('',(15.486746708408,10.375223675454,4.01));
#3609 = DIRECTION('',(0.819152044289,0.573576436351,0.));
#3610 = DIRECTION('',(-0.573576436351,0.819152044289,0.));
#3611 = ADVANCED_FACE('',(#3612),#3624,.F.);
#3612 = FACE_BOUND('',#3613,.F.);
#3613 = EDGE_LOOP('',(#3614,#3621,#3622,#3623));
#3614 = ORIENTED_EDGE('',*,*,#3615,.F.);
#3615 = EDGE_CURVE('',#3394,#3586,#3616,.T.);
#3616 = CIRCLE('',#3617,3.);
#3617 = AXIS2_PLACEMENT_3D('',#3618,#3619,#3620);
#3618 = CARTESIAN_POINT('',(16.5,8.5,4.5));
#3619 = DIRECTION('',(0.,0.,1.));
#3620 = DIRECTION('',(1.,0.,-0.));
#3621 = ORIENTED_EDGE('',*,*,#3412,.T.);
#3622 = ORIENTED_EDGE('',*,*,#2658,.T.);
#3623 = ORIENTED_EDGE('',*,*,#3600,.F.);
#3624 = PLANE('',#3625);
#3625 = AXIS2_PLACEMENT_3D('',#3626,#3627,#3628);
#3626 = CARTESIAN_POINT('',(17.5,7.5,4.5));
#3627 = DIRECTION('',(0.,0.,1.));
#3628 = DIRECTION('',(0.819152044289,0.573576436351,0.));
#3629 = ADVANCED_FACE('',(#3630),#3682,.F.);
#3630 = FACE_BOUND('',#3631,.T.);
#3631 = EDGE_LOOP('',(#3632,#3633,#3641,#3650,#3659,#3667,#3676));
#3632 = ORIENTED_EDGE('',*,*,#2767,.F.);
#3633 = ORIENTED_EDGE('',*,*,#3634,.T.);
#3634 = EDGE_CURVE('',#2768,#3635,#3637,.T.);
#3635 = VERTEX_POINT('',#3636);
#3636 = CARTESIAN_POINT('',(20.,-2.9,1.604006420562));
#3637 = LINE('',#3638,#3639);
#3638 = CARTESIAN_POINT('',(14.,-2.9,1.604006420562));
#3639 = VECTOR('',#3640,1.);
#3640 = DIRECTION('',(-1.,-0.,-2.2E-16));
#3641 = ORIENTED_EDGE('',*,*,#3642,.T.);
#3642 = EDGE_CURVE('',#3635,#3643,#3645,.T.);
#3643 = VERTEX_POINT('',#3644);
#3644 = CARTESIAN_POINT('',(20.,-3.,1.6));
#3645 = CIRCLE('',#3646,1.25);
#3646 = AXIS2_PLACEMENT_3D('',#3647,#3648,#3649);
#3647 = CARTESIAN_POINT('',(20.,-3.,2.85));
#3648 = DIRECTION('',(-1.,-0.,-2.2E-16));
#3649 = DIRECTION('',(2.2E-16,0.,-1.));
#3650 = ORIENTED_EDGE('',*,*,#3651,.T.);
#3651 = EDGE_CURVE('',#3643,#3652,#3654,.T.);
#3652 = VERTEX_POINT('',#3653);
#3653 = CARTESIAN_POINT('',(20.,-4.24,2.692202661619));
#3654 = CIRCLE('',#3655,1.25);
#3655 = AXIS2_PLACEMENT_3D('',#3656,#3657,#3658);
#3656 = CARTESIAN_POINT('',(20.,-3.,2.85));
#3657 = DIRECTION('',(-1.,-0.,-2.2E-16));
#3658 = DIRECTION('',(2.2E-16,0.,-1.));
#3659 = ORIENTED_EDGE('',*,*,#3660,.T.);
#3660 = EDGE_CURVE('',#3652,#3661,#3663,.T.);
#3661 = VERTEX_POINT('',#3662);
#3662 = CARTESIAN_POINT('',(19.5,-4.24,2.692202661619));
#3663 = LINE('',#3664,#3665);
#3664 = CARTESIAN_POINT('',(14.,-4.24,2.692202661619));
#3665 = VECTOR('',#3666,1.);
#3666 = DIRECTION('',(-1.,-0.,-2.2E-16));
#3667 = ORIENTED_EDGE('',*,*,#3668,.T.);
#3668 = EDGE_CURVE('',#3661,#3669,#3671,.T.);
#3669 = VERTEX_POINT('',#3670);
#3670 = CARTESIAN_POINT('',(19.5,-2.9,4.095993579438));
#3671 = CIRCLE('',#3672,1.25);
#3672 = AXIS2_PLACEMENT_3D('',#3673,#3674,#3675);
#3673 = CARTESIAN_POINT('',(19.5,-3.,2.85));
#3674 = DIRECTION('',(-1.,-0.,-2.2E-16));
#3675 = DIRECTION('',(2.2E-16,0.,-1.));
#3676 = ORIENTED_EDGE('',*,*,#3677,.F.);
#3677 = EDGE_CURVE('',#2770,#3669,#3678,.T.);
#3678 = LINE('',#3679,#3680);
#3679 = CARTESIAN_POINT('',(14.,-2.9,4.095993579438));
#3680 = VECTOR('',#3681,1.);
#3681 = DIRECTION('',(-1.,-0.,-2.2E-16));
#3682 = CYLINDRICAL_SURFACE('',#3683,1.25);
#3683 = AXIS2_PLACEMENT_3D('',#3684,#3685,#3686);
#3684 = CARTESIAN_POINT('',(14.,-3.,2.85));
#3685 = DIRECTION('',(-1.,-0.,-2.2E-16));
#3686 = DIRECTION('',(2.2E-16,0.,-1.));
#3687 = ADVANCED_FACE('',(#3688),#3706,.T.);
#3688 = FACE_BOUND('',#3689,.T.);
#3689 = EDGE_LOOP('',(#3690,#3698,#3704,#3705));
#3690 = ORIENTED_EDGE('',*,*,#3691,.F.);
#3691 = EDGE_CURVE('',#3692,#2820,#3694,.T.);
#3692 = VERTEX_POINT('',#3693);
#3693 = CARTESIAN_POINT('',(20.,-2.9,1.6));
#3694 = LINE('',#3695,#3696);
#3695 = CARTESIAN_POINT('',(14.,-2.9,1.6));
#3696 = VECTOR('',#3697,1.);
#3697 = DIRECTION('',(1.,0.,0.));
#3698 = ORIENTED_EDGE('',*,*,#3699,.F.);
#3699 = EDGE_CURVE('',#3635,#3692,#3700,.T.);
#3700 = LINE('',#3701,#3702);
#3701 = CARTESIAN_POINT('',(20.,-2.9,1.6));
#3702 = VECTOR('',#3703,1.);
#3703 = DIRECTION('',(0.,0.,-1.));
#3704 = ORIENTED_EDGE('',*,*,#3634,.F.);
#3705 = ORIENTED_EDGE('',*,*,#2827,.F.);
#3706 = PLANE('',#3707);
#3707 = AXIS2_PLACEMENT_3D('',#3708,#3709,#3710);
#3708 = CARTESIAN_POINT('',(14.,-2.9,1.6));
#3709 = DIRECTION('',(0.,1.,0.));
#3710 = DIRECTION('',(0.,0.,1.));
#3711 = ADVANCED_FACE('',(#3712),#3730,.F.);
#3712 = FACE_BOUND('',#3713,.F.);
#3713 = EDGE_LOOP('',(#3714,#3722,#3728,#3729));
#3714 = ORIENTED_EDGE('',*,*,#3715,.T.);
#3715 = EDGE_CURVE('',#3692,#3716,#3718,.T.);
#3716 = VERTEX_POINT('',#3717);
#3717 = CARTESIAN_POINT('',(20.,2.9,1.6));
#3718 = LINE('',#3719,#3720);
#3719 = CARTESIAN_POINT('',(20.,-12.,1.6));
#3720 = VECTOR('',#3721,1.);
#3721 = DIRECTION('',(0.,1.,0.));
#3722 = ORIENTED_EDGE('',*,*,#3723,.T.);
#3723 = EDGE_CURVE('',#3716,#2812,#3724,.T.);
#3724 = LINE('',#3725,#3726);
#3725 = CARTESIAN_POINT('',(14.,2.9,1.6));
#3726 = VECTOR('',#3727,1.);
#3727 = DIRECTION('',(1.,0.,0.));
#3728 = ORIENTED_EDGE('',*,*,#2819,.F.);
#3729 = ORIENTED_EDGE('',*,*,#3691,.F.);
#3730 = PLANE('',#3731);
#3731 = AXIS2_PLACEMENT_3D('',#3732,#3733,#3734);
#3732 = CARTESIAN_POINT('',(20.553016453382,-8.E-17,1.6));
#3733 = DIRECTION('',(-0.,-0.,-1.));
#3734 = DIRECTION('',(-1.,0.,0.));
#3735 = ADVANCED_FACE('',(#3736),#3754,.F.);
#3736 = FACE_BOUND('',#3737,.F.);
#3737 = EDGE_LOOP('',(#3738,#3739,#3747,#3753));
#3738 = ORIENTED_EDGE('',*,*,#3723,.F.);
#3739 = ORIENTED_EDGE('',*,*,#3740,.F.);
#3740 = EDGE_CURVE('',#3741,#3716,#3743,.T.);
#3741 = VERTEX_POINT('',#3742);
#3742 = CARTESIAN_POINT('',(20.,2.9,1.604006420562));
#3743 = LINE('',#3744,#3745);
#3744 = CARTESIAN_POINT('',(20.,2.9,1.6));
#3745 = VECTOR('',#3746,1.);
#3746 = DIRECTION('',(0.,0.,-1.));
#3747 = ORIENTED_EDGE('',*,*,#3748,.F.);
#3748 = EDGE_CURVE('',#2803,#3741,#3749,.T.);
#3749 = LINE('',#3750,#3751);
#3750 = CARTESIAN_POINT('',(14.,2.9,1.604006420562));
#3751 = VECTOR('',#3752,1.);
#3752 = DIRECTION('',(-1.,-0.,-2.2E-16));
#3753 = ORIENTED_EDGE('',*,*,#2811,.F.);
#3754 = PLANE('',#3755);
#3755 = AXIS2_PLACEMENT_3D('',#3756,#3757,#3758);
#3756 = CARTESIAN_POINT('',(14.,2.9,1.6));
#3757 = DIRECTION('',(0.,1.,0.));
#3758 = DIRECTION('',(0.,0.,1.));
#3759 = ADVANCED_FACE('',(#3760),#3805,.F.);
#3760 = FACE_BOUND('',#3761,.T.);
#3761 = EDGE_LOOP('',(#3762,#3773,#3781,#3790,#3797,#3798,#3799));
#3762 = ORIENTED_EDGE('',*,*,#3763,.T.);
#3763 = EDGE_CURVE('',#3764,#3766,#3768,.T.);
#3764 = VERTEX_POINT('',#3765);
#3765 = CARTESIAN_POINT('',(19.5,2.9,4.095993579438));
#3766 = VERTEX_POINT('',#3767);
#3767 = CARTESIAN_POINT('',(19.5,4.24,2.692202661619));
#3768 = CIRCLE('',#3769,1.25);
#3769 = AXIS2_PLACEMENT_3D('',#3770,#3771,#3772);
#3770 = CARTESIAN_POINT('',(19.5,3.,2.85));
#3771 = DIRECTION('',(-1.,-0.,-2.2E-16));
#3772 = DIRECTION('',(2.2E-16,0.,-1.));
#3773 = ORIENTED_EDGE('',*,*,#3774,.F.);
#3774 = EDGE_CURVE('',#3775,#3766,#3777,.T.);
#3775 = VERTEX_POINT('',#3776);
#3776 = CARTESIAN_POINT('',(20.,4.24,2.692202661619));
#3777 = LINE('',#3778,#3779);
#3778 = CARTESIAN_POINT('',(14.,4.24,2.692202661619));
#3779 = VECTOR('',#3780,1.);
#3780 = DIRECTION('',(-1.,-0.,-2.2E-16));
#3781 = ORIENTED_EDGE('',*,*,#3782,.T.);
#3782 = EDGE_CURVE('',#3775,#3783,#3785,.T.);
#3783 = VERTEX_POINT('',#3784);
#3784 = CARTESIAN_POINT('',(20.,3.,1.6));
#3785 = CIRCLE('',#3786,1.25);
#3786 = AXIS2_PLACEMENT_3D('',#3787,#3788,#3789);
#3787 = CARTESIAN_POINT('',(20.,3.,2.85));
#3788 = DIRECTION('',(-1.,-0.,-2.2E-16));
#3789 = DIRECTION('',(2.2E-16,0.,-1.));
#3790 = ORIENTED_EDGE('',*,*,#3791,.T.);
#3791 = EDGE_CURVE('',#3783,#3741,#3792,.T.);
#3792 = CIRCLE('',#3793,1.25);
#3793 = AXIS2_PLACEMENT_3D('',#3794,#3795,#3796);
#3794 = CARTESIAN_POINT('',(20.,3.,2.85));
#3795 = DIRECTION('',(-1.,-0.,-2.2E-16));
#3796 = DIRECTION('',(2.2E-16,0.,-1.));
#3797 = ORIENTED_EDGE('',*,*,#3748,.F.);
#3798 = ORIENTED_EDGE('',*,*,#2802,.F.);
#3799 = ORIENTED_EDGE('',*,*,#3800,.T.);
#3800 = EDGE_CURVE('',#2795,#3764,#3801,.T.);
#3801 = LINE('',#3802,#3803);
#3802 = CARTESIAN_POINT('',(14.,2.9,4.095993579438));
#3803 = VECTOR('',#3804,1.);
#3804 = DIRECTION('',(-1.,-0.,-2.2E-16));
#3805 = CYLINDRICAL_SURFACE('',#3806,1.25);
#3806 = AXIS2_PLACEMENT_3D('',#3807,#3808,#3809);
#3807 = CARTESIAN_POINT('',(14.,3.,2.85));
#3808 = DIRECTION('',(-1.,-0.,-2.2E-16));
#3809 = DIRECTION('',(2.2E-16,0.,-1.));
#3810 = ADVANCED_FACE('',(#3811),#3829,.F.);
#3811 = FACE_BOUND('',#3812,.F.);
#3812 = EDGE_LOOP('',(#3813,#3814,#3815,#3823));
#3813 = ORIENTED_EDGE('',*,*,#2794,.F.);
#3814 = ORIENTED_EDGE('',*,*,#3800,.T.);
#3815 = ORIENTED_EDGE('',*,*,#3816,.T.);
#3816 = EDGE_CURVE('',#3764,#3817,#3819,.T.);
#3817 = VERTEX_POINT('',#3818);
#3818 = CARTESIAN_POINT('',(19.5,2.9,4.1));
#3819 = LINE('',#3820,#3821);
#3820 = CARTESIAN_POINT('',(19.5,2.9,1.3));
#3821 = VECTOR('',#3822,1.);
#3822 = DIRECTION('',(0.,0.,1.));
#3823 = ORIENTED_EDGE('',*,*,#3824,.T.);
#3824 = EDGE_CURVE('',#3817,#2787,#3825,.T.);
#3825 = LINE('',#3826,#3827);
#3826 = CARTESIAN_POINT('',(14.,2.9,4.1));
#3827 = VECTOR('',#3828,1.);
#3828 = DIRECTION('',(1.,0.,0.));
#3829 = PLANE('',#3830);
#3830 = AXIS2_PLACEMENT_3D('',#3831,#3832,#3833);
#3831 = CARTESIAN_POINT('',(14.,2.9,1.6));
#3832 = DIRECTION('',(0.,1.,0.));
#3833 = DIRECTION('',(0.,0.,1.));
#3834 = ADVANCED_FACE('',(#3835),#3853,.F.);
#3835 = FACE_BOUND('',#3836,.F.);
#3836 = EDGE_LOOP('',(#3837,#3838,#3846,#3852));
#3837 = ORIENTED_EDGE('',*,*,#3824,.F.);
#3838 = ORIENTED_EDGE('',*,*,#3839,.T.);
#3839 = EDGE_CURVE('',#3817,#3840,#3842,.T.);
#3840 = VERTEX_POINT('',#3841);
#3841 = CARTESIAN_POINT('',(19.5,-2.9,4.1));
#3842 = LINE('',#3843,#3844);
#3843 = CARTESIAN_POINT('',(19.5,-7.2,4.1));
#3844 = VECTOR('',#3845,1.);
#3845 = DIRECTION('',(0.,-1.,0.));
#3846 = ORIENTED_EDGE('',*,*,#3847,.T.);
#3847 = EDGE_CURVE('',#3840,#2779,#3848,.T.);
#3848 = LINE('',#3849,#3850);
#3849 = CARTESIAN_POINT('',(14.,-2.9,4.1));
#3850 = VECTOR('',#3851,1.);
#3851 = DIRECTION('',(1.,0.,0.));
#3852 = ORIENTED_EDGE('',*,*,#2786,.F.);
#3853 = PLANE('',#3854);
#3854 = AXIS2_PLACEMENT_3D('',#3855,#3856,#3857);
#3855 = CARTESIAN_POINT('',(14.,-2.9,4.1));
#3856 = DIRECTION('',(0.,0.,1.));
#3857 = DIRECTION('',(1.,0.,0.));
#3858 = ADVANCED_FACE('',(#3859),#3870,.T.);
#3859 = FACE_BOUND('',#3860,.T.);
#3860 = EDGE_LOOP('',(#3861,#3862,#3863,#3869));
#3861 = ORIENTED_EDGE('',*,*,#2778,.F.);
#3862 = ORIENTED_EDGE('',*,*,#3677,.T.);
#3863 = ORIENTED_EDGE('',*,*,#3864,.T.);
#3864 = EDGE_CURVE('',#3669,#3840,#3865,.T.);
#3865 = LINE('',#3866,#3867);
#3866 = CARTESIAN_POINT('',(19.5,-2.9,1.3));
#3867 = VECTOR('',#3868,1.);
#3868 = DIRECTION('',(0.,0.,1.));
#3869 = ORIENTED_EDGE('',*,*,#3847,.T.);
#3870 = PLANE('',#3871);
#3871 = AXIS2_PLACEMENT_3D('',#3872,#3873,#3874);
#3872 = CARTESIAN_POINT('',(14.,-2.9,1.6));
#3873 = DIRECTION('',(0.,1.,0.));
#3874 = DIRECTION('',(0.,0.,1.));
#3875 = ADVANCED_FACE('',(#3876,#3937),#3940,.F.);
#3876 = FACE_BOUND('',#3877,.F.);
#3877 = EDGE_LOOP('',(#3878,#3879,#3888,#3896,#3905,#3913,#3922,#3930));
#3878 = ORIENTED_EDGE('',*,*,#3184,.F.);
#3879 = ORIENTED_EDGE('',*,*,#3880,.T.);
#3880 = EDGE_CURVE('',#3185,#3881,#3883,.T.);
#3881 = VERTEX_POINT('',#3882);
#3882 = CARTESIAN_POINT('',(-16.5,-11.5,5.));
#3883 = CIRCLE('',#3884,3.);
#3884 = AXIS2_PLACEMENT_3D('',#3885,#3886,#3887);
#3885 = CARTESIAN_POINT('',(-16.5,-8.5,5.));
#3886 = DIRECTION('',(-0.,0.,1.));
#3887 = DIRECTION('',(0.,-1.,0.));
#3888 = ORIENTED_EDGE('',*,*,#3889,.T.);
#3889 = EDGE_CURVE('',#3881,#3890,#3892,.T.);
#3890 = VERTEX_POINT('',#3891);
#3891 = CARTESIAN_POINT('',(16.5,-11.5,5.));
#3892 = LINE('',#3893,#3894);
#3893 = CARTESIAN_POINT('',(-19.5,-11.5,5.));
#3894 = VECTOR('',#3895,1.);
#3895 = DIRECTION('',(1.,0.,0.));
#3896 = ORIENTED_EDGE('',*,*,#3897,.F.);
#3897 = EDGE_CURVE('',#3898,#3890,#3900,.T.);
#3898 = VERTEX_POINT('',#3899);
#3899 = CARTESIAN_POINT('',(19.5,-8.5,5.));
#3900 = CIRCLE('',#3901,3.);
#3901 = AXIS2_PLACEMENT_3D('',#3902,#3903,#3904);
#3902 = CARTESIAN_POINT('',(16.5,-8.5,5.));
#3903 = DIRECTION('',(-0.,-0.,-1.));
#3904 = DIRECTION('',(0.,-1.,0.));
#3905 = ORIENTED_EDGE('',*,*,#3906,.T.);
#3906 = EDGE_CURVE('',#3898,#3907,#3909,.T.);
#3907 = VERTEX_POINT('',#3908);
#3908 = CARTESIAN_POINT('',(19.5,8.5,5.));
#3909 = LINE('',#3910,#3911);
#3910 = CARTESIAN_POINT('',(19.5,-11.5,5.));
#3911 = VECTOR('',#3912,1.);
#3912 = DIRECTION('',(0.,1.,0.));
#3913 = ORIENTED_EDGE('',*,*,#3914,.T.);
#3914 = EDGE_CURVE('',#3907,#3915,#3917,.T.);
#3915 = VERTEX_POINT('',#3916);
#3916 = CARTESIAN_POINT('',(16.5,11.5,5.));
#3917 = CIRCLE('',#3918,3.);
#3918 = AXIS2_PLACEMENT_3D('',#3919,#3920,#3921);
#3919 = CARTESIAN_POINT('',(16.5,8.5,5.));
#3920 = DIRECTION('',(-0.,0.,1.));
#3921 = DIRECTION('',(0.,-1.,0.));
#3922 = ORIENTED_EDGE('',*,*,#3923,.F.);
#3923 = EDGE_CURVE('',#3924,#3915,#3926,.T.);
#3924 = VERTEX_POINT('',#3925);
#3925 = CARTESIAN_POINT('',(-16.5,11.5,5.));
#3926 = LINE('',#3927,#3928);
#3927 = CARTESIAN_POINT('',(-19.5,11.5,5.));
#3928 = VECTOR('',#3929,1.);
#3929 = DIRECTION('',(1.,0.,0.));
#3930 = ORIENTED_EDGE('',*,*,#3931,.F.);
#3931 = EDGE_CURVE('',#3187,#3924,#3932,.T.);
#3932 = CIRCLE('',#3933,3.);
#3933 = AXIS2_PLACEMENT_3D('',#3934,#3935,#3936);
#3934 = CARTESIAN_POINT('',(-16.5,8.5,5.));
#3935 = DIRECTION('',(-0.,-0.,-1.));
#3936 = DIRECTION('',(0.,-1.,0.));
#3937 = FACE_BOUND('',#3938,.F.);
#3938 = EDGE_LOOP('',(#3939));
#3939 = ORIENTED_EDGE('',*,*,#2841,.F.);
#3940 = PLANE('',#3941);
#3941 = AXIS2_PLACEMENT_3D('',#3942,#3943,#3944);
#3942 = CARTESIAN_POINT('',(-19.5,-11.5,5.));
#3943 = DIRECTION('',(0.,0.,1.));
#3944 = DIRECTION('',(1.,0.,0.));
#3945 = ADVANCED_FACE('',(#3946),#3968,.F.);
#3946 = FACE_BOUND('',#3947,.F.);
#3947 = EDGE_LOOP('',(#3948,#3949,#3958,#3964,#3965,#3966,#3967));
#3948 = ORIENTED_EDGE('',*,*,#2954,.T.);
#3949 = ORIENTED_EDGE('',*,*,#3950,.F.);
#3950 = EDGE_CURVE('',#3951,#2947,#3953,.T.);
#3951 = VERTEX_POINT('',#3952);
#3952 = CARTESIAN_POINT('',(16.5,-11.5,2.5));
#3953 = CIRCLE('',#3954,3.);
#3954 = AXIS2_PLACEMENT_3D('',#3955,#3956,#3957);
#3955 = CARTESIAN_POINT('',(16.5,-8.5,2.5));
#3956 = DIRECTION('',(0.,0.,1.));
#3957 = DIRECTION('',(1.,0.,-0.));
#3958 = ORIENTED_EDGE('',*,*,#3959,.F.);
#3959 = EDGE_CURVE('',#3347,#3951,#3960,.T.);
#3960 = LINE('',#3961,#3962);
#3961 = CARTESIAN_POINT('',(-3.86,-11.5,2.5));
#3962 = VECTOR('',#3963,1.);
#3963 = DIRECTION('',(1.,0.,0.));
#3964 = ORIENTED_EDGE('',*,*,#3354,.F.);
#3965 = ORIENTED_EDGE('',*,*,#3370,.T.);
#3966 = ORIENTED_EDGE('',*,*,#2889,.F.);
#3967 = ORIENTED_EDGE('',*,*,#2914,.T.);
#3968 = PLANE('',#3969);
#3969 = AXIS2_PLACEMENT_3D('',#3970,#3971,#3972);
#3970 = CARTESIAN_POINT('',(11.78,-12.1,2.5));
#3971 = DIRECTION('',(0.,0.,1.));
#3972 = DIRECTION('',(1.,0.,0.));
#3973 = ADVANCED_FACE('',(#3974),#4000,.F.);
#3974 = FACE_BOUND('',#3975,.T.);
#3975 = EDGE_LOOP('',(#3976,#3984,#3991,#3992,#3993,#3999));
#3976 = ORIENTED_EDGE('',*,*,#3977,.F.);
#3977 = EDGE_CURVE('',#3978,#3898,#3980,.T.);
#3978 = VERTEX_POINT('',#3979);
#3979 = CARTESIAN_POINT('',(19.5,-8.5,1.6));
#3980 = LINE('',#3981,#3982);
#3981 = CARTESIAN_POINT('',(19.5,-8.5,1.));
#3982 = VECTOR('',#3983,1.);
#3983 = DIRECTION('',(0.,0.,1.));
#3984 = ORIENTED_EDGE('',*,*,#3985,.F.);
#3985 = EDGE_CURVE('',#2939,#3978,#3986,.T.);
#3986 = CIRCLE('',#3987,3.);
#3987 = AXIS2_PLACEMENT_3D('',#3988,#3989,#3990);
#3988 = CARTESIAN_POINT('',(16.5,-8.5,1.6));
#3989 = DIRECTION('',(0.,0.,1.));
#3990 = DIRECTION('',(1.,0.,0.));
#3991 = ORIENTED_EDGE('',*,*,#2946,.T.);
#3992 = ORIENTED_EDGE('',*,*,#3950,.F.);
#3993 = ORIENTED_EDGE('',*,*,#3994,.T.);
#3994 = EDGE_CURVE('',#3951,#3890,#3995,.T.);
#3995 = LINE('',#3996,#3997);
#3996 = CARTESIAN_POINT('',(16.5,-11.5,1.));
#3997 = VECTOR('',#3998,1.);
#3998 = DIRECTION('',(0.,0.,1.));
#3999 = ORIENTED_EDGE('',*,*,#3897,.F.);
#4000 = CYLINDRICAL_SURFACE('',#4001,3.);
#4001 = AXIS2_PLACEMENT_3D('',#4002,#4003,#4004);
#4002 = CARTESIAN_POINT('',(16.5,-8.5,1.));
#4003 = DIRECTION('',(0.,0.,1.));
#4004 = DIRECTION('',(1.,0.,0.));
#4005 = ADVANCED_FACE('',(#4006),#4034,.F.);
#4006 = FACE_BOUND('',#4007,.F.);
#4007 = EDGE_LOOP('',(#4008,#4009,#4010,#4011,#4019,#4027,#4033));
#4008 = ORIENTED_EDGE('',*,*,#2938,.F.);
#4009 = ORIENTED_EDGE('',*,*,#2978,.T.);
#4010 = ORIENTED_EDGE('',*,*,#3002,.F.);
#4011 = ORIENTED_EDGE('',*,*,#4012,.T.);
#4012 = EDGE_CURVE('',#2993,#4013,#4015,.T.);
#4013 = VERTEX_POINT('',#4014);
#4014 = CARTESIAN_POINT('',(20.,-4.24,1.6));
#4015 = LINE('',#4016,#4017);
#4016 = CARTESIAN_POINT('',(20.,-12.,1.6));
#4017 = VECTOR('',#4018,1.);
#4018 = DIRECTION('',(0.,1.,0.));
#4019 = ORIENTED_EDGE('',*,*,#4020,.F.);
#4020 = EDGE_CURVE('',#4021,#4013,#4023,.T.);
#4021 = VERTEX_POINT('',#4022);
#4022 = CARTESIAN_POINT('',(19.5,-4.24,1.6));
#4023 = LINE('',#4024,#4025);
#4024 = CARTESIAN_POINT('',(19.,-4.24,1.6));
#4025 = VECTOR('',#4026,1.);
#4026 = DIRECTION('',(1.,0.,0.));
#4027 = ORIENTED_EDGE('',*,*,#4028,.T.);
#4028 = EDGE_CURVE('',#4021,#3978,#4029,.T.);
#4029 = LINE('',#4030,#4031);
#4030 = CARTESIAN_POINT('',(19.5,-11.75,1.6));
#4031 = VECTOR('',#4032,1.);
#4032 = DIRECTION('',(0.,-1.,0.));
#4033 = ORIENTED_EDGE('',*,*,#3985,.F.);
#4034 = PLANE('',#4035);
#4035 = AXIS2_PLACEMENT_3D('',#4036,#4037,#4038);
#4036 = CARTESIAN_POINT('',(-20.,-12.,1.6));
#4037 = DIRECTION('',(0.,0.,1.));
#4038 = DIRECTION('',(1.,0.,0.));
#4039 = ADVANCED_FACE('',(#4040),#4056,.F.);
#4040 = FACE_BOUND('',#4041,.F.);
#4041 = EDGE_LOOP('',(#4042,#4048,#4049,#4055));
#4042 = ORIENTED_EDGE('',*,*,#4043,.F.);
#4043 = EDGE_CURVE('',#3160,#3775,#4044,.T.);
#4044 = LINE('',#4045,#4046);
#4045 = CARTESIAN_POINT('',(20.,4.24,1.6));
#4046 = VECTOR('',#4047,1.);
#4047 = DIRECTION('',(0.,0.,1.));
#4048 = ORIENTED_EDGE('',*,*,#3159,.F.);
#4049 = ORIENTED_EDGE('',*,*,#4050,.T.);
#4050 = EDGE_CURVE('',#3152,#3766,#4051,.T.);
#4051 = LINE('',#4052,#4053);
#4052 = CARTESIAN_POINT('',(19.5,4.24,1.3));
#4053 = VECTOR('',#4054,1.);
#4054 = DIRECTION('',(0.,0.,1.));
#4055 = ORIENTED_EDGE('',*,*,#3774,.F.);
#4056 = PLANE('',#4057);
#4057 = AXIS2_PLACEMENT_3D('',#4058,#4059,#4060);
#4058 = CARTESIAN_POINT('',(19.,4.24,1.6));
#4059 = DIRECTION('',(0.,1.,0.));
#4060 = DIRECTION('',(0.,0.,1.));
#4061 = ADVANCED_FACE('',(#4062),#4086,.F.);
#4062 = FACE_BOUND('',#4063,.F.);
#4063 = EDGE_LOOP('',(#4064,#4065,#4066,#4067,#4073,#4074,#4075,#4076,
    #4077,#4078,#4079,#4080));
#4064 = ORIENTED_EDGE('',*,*,#3906,.F.);
#4065 = ORIENTED_EDGE('',*,*,#3977,.F.);
#4066 = ORIENTED_EDGE('',*,*,#4028,.F.);
#4067 = ORIENTED_EDGE('',*,*,#4068,.T.);
#4068 = EDGE_CURVE('',#4021,#3661,#4069,.T.);
#4069 = LINE('',#4070,#4071);
#4070 = CARTESIAN_POINT('',(19.5,-4.24,1.3));
#4071 = VECTOR('',#4072,1.);
#4072 = DIRECTION('',(0.,0.,1.));
#4073 = ORIENTED_EDGE('',*,*,#3668,.T.);
#4074 = ORIENTED_EDGE('',*,*,#3864,.T.);
#4075 = ORIENTED_EDGE('',*,*,#3839,.F.);
#4076 = ORIENTED_EDGE('',*,*,#3816,.F.);
#4077 = ORIENTED_EDGE('',*,*,#3763,.T.);
#4078 = ORIENTED_EDGE('',*,*,#4050,.F.);
#4079 = ORIENTED_EDGE('',*,*,#3151,.F.);
#4080 = ORIENTED_EDGE('',*,*,#4081,.T.);
#4081 = EDGE_CURVE('',#3143,#3907,#4082,.T.);
#4082 = LINE('',#4083,#4084);
#4083 = CARTESIAN_POINT('',(19.5,8.5,1.));
#4084 = VECTOR('',#4085,1.);
#4085 = DIRECTION('',(0.,0.,1.));
#4086 = PLANE('',#4087);
#4087 = AXIS2_PLACEMENT_3D('',#4088,#4089,#4090);
#4088 = CARTESIAN_POINT('',(19.5,-11.5,1.));
#4089 = DIRECTION('',(1.,0.,0.));
#4090 = DIRECTION('',(0.,0.,1.));
#4091 = ADVANCED_FACE('',(#4092),#4116,.F.);
#4092 = FACE_BOUND('',#4093,.F.);
#4093 = EDGE_LOOP('',(#4094,#4095,#4096,#4102,#4103,#4104,#4105,#4106,
    #4107,#4108,#4109,#4115));
#4094 = ORIENTED_EDGE('',*,*,#4081,.F.);
#4095 = ORIENTED_EDGE('',*,*,#3142,.T.);
#4096 = ORIENTED_EDGE('',*,*,#4097,.T.);
#4097 = EDGE_CURVE('',#3135,#3520,#4098,.T.);
#4098 = LINE('',#4099,#4100);
#4099 = CARTESIAN_POINT('',(16.5,11.5,1.));
#4100 = VECTOR('',#4101,1.);
#4101 = DIRECTION('',(0.,0.,1.));
#4102 = ORIENTED_EDGE('',*,*,#3528,.T.);
#4103 = ORIENTED_EDGE('',*,*,#3486,.F.);
#4104 = ORIENTED_EDGE('',*,*,#3452,.F.);
#4105 = ORIENTED_EDGE('',*,*,#3436,.T.);
#4106 = ORIENTED_EDGE('',*,*,#3393,.T.);
#4107 = ORIENTED_EDGE('',*,*,#3615,.T.);
#4108 = ORIENTED_EDGE('',*,*,#3585,.F.);
#4109 = ORIENTED_EDGE('',*,*,#4110,.T.);
#4110 = EDGE_CURVE('',#3577,#3915,#4111,.T.);
#4111 = LINE('',#4112,#4113);
#4112 = CARTESIAN_POINT('',(16.5,11.5,1.));
#4113 = VECTOR('',#4114,1.);
#4114 = DIRECTION('',(0.,0.,1.));
#4115 = ORIENTED_EDGE('',*,*,#3914,.F.);
#4116 = CYLINDRICAL_SURFACE('',#4117,3.);
#4117 = AXIS2_PLACEMENT_3D('',#4118,#4119,#4120);
#4118 = CARTESIAN_POINT('',(16.5,8.5,1.));
#4119 = DIRECTION('',(0.,0.,1.));
#4120 = DIRECTION('',(1.,0.,0.));
#4121 = ADVANCED_FACE('',(#4122),#4137,.F.);
#4122 = FACE_BOUND('',#4123,.F.);
#4123 = EDGE_LOOP('',(#4124,#4125,#4131,#4132,#4133,#4134,#4135,#4136));
#4124 = ORIENTED_EDGE('',*,*,#3134,.F.);
#4125 = ORIENTED_EDGE('',*,*,#4126,.T.);
#4126 = EDGE_CURVE('',#3126,#3924,#4127,.T.);
#4127 = LINE('',#4128,#4129);
#4128 = CARTESIAN_POINT('',(-16.5,11.5,1.));
#4129 = VECTOR('',#4130,1.);
#4130 = DIRECTION('',(0.,0.,1.));
#4131 = ORIENTED_EDGE('',*,*,#3923,.T.);
#4132 = ORIENTED_EDGE('',*,*,#4110,.F.);
#4133 = ORIENTED_EDGE('',*,*,#3576,.F.);
#4134 = ORIENTED_EDGE('',*,*,#3553,.F.);
#4135 = ORIENTED_EDGE('',*,*,#3519,.F.);
#4136 = ORIENTED_EDGE('',*,*,#4097,.F.);
#4137 = PLANE('',#4138);
#4138 = AXIS2_PLACEMENT_3D('',#4139,#4140,#4141);
#4139 = CARTESIAN_POINT('',(-19.5,11.5,1.));
#4140 = DIRECTION('',(0.,1.,0.));
#4141 = DIRECTION('',(0.,0.,1.));
#4142 = ADVANCED_FACE('',(#4143),#4149,.F.);
#4143 = FACE_BOUND('',#4144,.T.);
#4144 = EDGE_LOOP('',(#4145,#4146,#4147,#4148));
#4145 = ORIENTED_EDGE('',*,*,#3212,.F.);
#4146 = ORIENTED_EDGE('',*,*,#3125,.F.);
#4147 = ORIENTED_EDGE('',*,*,#4126,.T.);
#4148 = ORIENTED_EDGE('',*,*,#3931,.F.);
#4149 = CYLINDRICAL_SURFACE('',#4150,3.);
#4150 = AXIS2_PLACEMENT_3D('',#4151,#4152,#4153);
#4151 = CARTESIAN_POINT('',(-16.5,8.5,1.));
#4152 = DIRECTION('',(0.,0.,1.));
#4153 = DIRECTION('',(-1.,0.,0.));
#4154 = ADVANCED_FACE('',(#4155),#4166,.F.);
#4155 = FACE_BOUND('',#4156,.F.);
#4156 = EDGE_LOOP('',(#4157,#4158,#4159,#4165));
#4157 = ORIENTED_EDGE('',*,*,#3194,.F.);
#4158 = ORIENTED_EDGE('',*,*,#3284,.T.);
#4159 = ORIENTED_EDGE('',*,*,#4160,.T.);
#4160 = EDGE_CURVE('',#3277,#3881,#4161,.T.);
#4161 = LINE('',#4162,#4163);
#4162 = CARTESIAN_POINT('',(-16.5,-11.5,1.));
#4163 = VECTOR('',#4164,1.);
#4164 = DIRECTION('',(0.,0.,1.));
#4165 = ORIENTED_EDGE('',*,*,#3880,.F.);
#4166 = CYLINDRICAL_SURFACE('',#4167,3.);
#4167 = AXIS2_PLACEMENT_3D('',#4168,#4169,#4170);
#4168 = CARTESIAN_POINT('',(-16.5,-8.5,1.));
#4169 = DIRECTION('',(0.,0.,1.));
#4170 = DIRECTION('',(-1.,0.,0.));
#4171 = ADVANCED_FACE('',(#4172),#4180,.T.);
#4172 = FACE_BOUND('',#4173,.T.);
#4173 = EDGE_LOOP('',(#4174,#4175,#4176,#4177,#4178,#4179));
#4174 = ORIENTED_EDGE('',*,*,#3276,.F.);
#4175 = ORIENTED_EDGE('',*,*,#4160,.T.);
#4176 = ORIENTED_EDGE('',*,*,#3889,.T.);
#4177 = ORIENTED_EDGE('',*,*,#3994,.F.);
#4178 = ORIENTED_EDGE('',*,*,#3959,.F.);
#4179 = ORIENTED_EDGE('',*,*,#3346,.T.);
#4180 = PLANE('',#4181);
#4181 = AXIS2_PLACEMENT_3D('',#4182,#4183,#4184);
#4182 = CARTESIAN_POINT('',(-19.5,-11.5,1.));
#4183 = DIRECTION('',(0.,1.,0.));
#4184 = DIRECTION('',(0.,0.,1.));
#4185 = ADVANCED_FACE('',(#4186),#4197,.T.);
#4186 = FACE_BOUND('',#4187,.T.);
#4187 = EDGE_LOOP('',(#4188,#4194,#4195,#4196));
#4188 = ORIENTED_EDGE('',*,*,#4189,.F.);
#4189 = EDGE_CURVE('',#4013,#3652,#4190,.T.);
#4190 = LINE('',#4191,#4192);
#4191 = CARTESIAN_POINT('',(20.,-4.24,1.6));
#4192 = VECTOR('',#4193,1.);
#4193 = DIRECTION('',(0.,0.,1.));
#4194 = ORIENTED_EDGE('',*,*,#4020,.F.);
#4195 = ORIENTED_EDGE('',*,*,#4068,.T.);
#4196 = ORIENTED_EDGE('',*,*,#3660,.F.);
#4197 = PLANE('',#4198);
#4198 = AXIS2_PLACEMENT_3D('',#4199,#4200,#4201);
#4199 = CARTESIAN_POINT('',(19.,-4.24,1.6));
#4200 = DIRECTION('',(0.,1.,0.));
#4201 = DIRECTION('',(0.,0.,1.));
#4202 = ADVANCED_FACE('',(#4203),#4219,.T.);
#4203 = FACE_BOUND('',#4204,.T.);
#4204 = EDGE_LOOP('',(#4205,#4206,#4207,#4208,#4209,#4210,#4211,#4212,
    #4213,#4214,#4215,#4216,#4217,#4218));
#4205 = ORIENTED_EDGE('',*,*,#4012,.T.);
#4206 = ORIENTED_EDGE('',*,*,#4189,.T.);
#4207 = ORIENTED_EDGE('',*,*,#3651,.F.);
#4208 = ORIENTED_EDGE('',*,*,#3642,.F.);
#4209 = ORIENTED_EDGE('',*,*,#3699,.T.);
#4210 = ORIENTED_EDGE('',*,*,#3715,.T.);
#4211 = ORIENTED_EDGE('',*,*,#3740,.F.);
#4212 = ORIENTED_EDGE('',*,*,#3791,.F.);
#4213 = ORIENTED_EDGE('',*,*,#3782,.F.);
#4214 = ORIENTED_EDGE('',*,*,#4043,.F.);
#4215 = ORIENTED_EDGE('',*,*,#3167,.T.);
#4216 = ORIENTED_EDGE('',*,*,#3017,.F.);
#4217 = ORIENTED_EDGE('',*,*,#2255,.F.);
#4218 = ORIENTED_EDGE('',*,*,#2992,.T.);
#4219 = PLANE('',#4220);
#4220 = AXIS2_PLACEMENT_3D('',#4221,#4222,#4223);
#4221 = CARTESIAN_POINT('',(20.,-2.193660679227E-16,1.389873500522));
#4222 = DIRECTION('',(-1.,-0.,-0.));
#4223 = DIRECTION('',(0.,0.,-1.));
#4224 = ( GEOMETRIC_REPRESENTATION_CONTEXT(3) 
GLOBAL_UNCERTAINTY_ASSIGNED_CONTEXT((#4228)) 
GLOBAL_UNIT_ASSIGNED_CONTEXT((#4225,#4226,#4227)) REPRESENTATION_CONTEXT
('Context #1','3D Context with UNIT and UNCERTAINTY') );
#4225 = ( LENGTH_UNIT() NAMED_UNIT(*) SI_UNIT(.MILLI.,.METRE.) );
#4226 = ( NAMED_UNIT(*) PLANE_ANGLE_UNIT() SI_UNIT($,.RADIAN.) );
#4227 = ( NAMED_UNIT(*) SI_UNIT($,.STERADIAN.) SOLID_ANGLE_UNIT() );
#4228 = UNCERTAINTY_MEASURE_WITH_UNIT(LENGTH_MEASURE(2.E-05),#4225,
  'distance_accuracy_value','confusion accuracy');
#4229 = CONTEXT_DEPENDENT_SHAPE_REPRESENTATION(#4230,#4232);
#4230 = ( REPRESENTATION_RELATIONSHIP('','',#2030,#10) 
REPRESENTATION_RELATIONSHIP_WITH_TRANSFORMATION(#4231) 
SHAPE_REPRESENTATION_RELATIONSHIP() );
#4231 = ITEM_DEFINED_TRANSFORMATION('','',#11,#19);
#4232 = PRODUCT_DEFINITION_SHAPE('Placement','Placement of an item',
  #4233);
#4233 = NEXT_ASSEMBLY_USAGE_OCCURRENCE('2','Case Top Cut000','',#5,#2025
  ,$);
#4234 = PRODUCT_RELATED_PRODUCT_CATEGORY('part',$,(#2027));
#4235 = SHAPE_DEFINITION_REPRESENTATION(#4236,#4242);
#4236 = PRODUCT_DEFINITION_SHAPE('','',#4237);
#4237 = PRODUCT_DEFINITION('design','',#4238,#4241);
#4238 = PRODUCT_DEFINITION_FORMATION('','',#4239);
#4239 = PRODUCT('LightPipe000','LightPipe000','',(#4240));
#4240 = PRODUCT_CONTEXT('',#2,'mechanical');
#4241 = PRODUCT_DEFINITION_CONTEXT('part definition',#2,'design');
#4242 = ADVANCED_BREP_SHAPE_REPRESENTATION('',(#11,#4243),#4830);
#4243 = MANIFOLD_SOLID_BREP('',#4244);
#4244 = CLOSED_SHELL('',(#4245,#4345,#4378,#4452,#4566,#4614,#4623,#4698
    ,#4722,#4740,#4758,#4775,#4801,#4818));
#4245 = ADVANCED_FACE('',(#4246),#4340,.T.);
#4246 = FACE_BOUND('',#4247,.T.);
#4247 = EDGE_LOOP('',(#4248,#4259,#4268,#4275,#4276,#4285,#4300,#4309,
    #4318,#4327));
#4248 = ORIENTED_EDGE('',*,*,#4249,.T.);
#4249 = EDGE_CURVE('',#4250,#4252,#4254,.T.);
#4250 = VERTEX_POINT('',#4251);
#4251 = CARTESIAN_POINT('',(18.146320560612,8.550738077134,4.5));
#4252 = VERTEX_POINT('',#4253);
#4253 = CARTESIAN_POINT('',(18.197498435544,9.,4.5));
#4254 = CIRCLE('',#4255,1.997498435544);
#4255 = AXIS2_PLACEMENT_3D('',#4256,#4257,#4258);
#4256 = CARTESIAN_POINT('',(16.2,9.,4.5));
#4257 = DIRECTION('',(0.,0.,1.));
#4258 = DIRECTION('',(1.,0.,0.));
#4259 = ORIENTED_EDGE('',*,*,#4260,.T.);
#4260 = EDGE_CURVE('',#4252,#4261,#4263,.T.);
#4261 = VERTEX_POINT('',#4262);
#4262 = CARTESIAN_POINT('',(17.4,9.,6.));
#4263 = CIRCLE('',#4264,2.);
#4264 = AXIS2_PLACEMENT_3D('',#4265,#4266,#4267);
#4265 = CARTESIAN_POINT('',(16.2,9.,4.4));
#4266 = DIRECTION('',(-2.449293598295E-16,-1.,0.));
#4267 = DIRECTION('',(1.,-2.449293598295E-16,0.));
#4268 = ORIENTED_EDGE('',*,*,#4269,.F.);
#4269 = EDGE_CURVE('',#4261,#4261,#4270,.T.);
#4270 = CIRCLE('',#4271,1.2);
#4271 = AXIS2_PLACEMENT_3D('',#4272,#4273,#4274);
#4272 = CARTESIAN_POINT('',(16.2,9.,6.));
#4273 = DIRECTION('',(0.,0.,1.));
#4274 = DIRECTION('',(1.,0.,0.));
#4275 = ORIENTED_EDGE('',*,*,#4260,.F.);
#4276 = ORIENTED_EDGE('',*,*,#4277,.T.);
#4277 = EDGE_CURVE('',#4252,#4278,#4280,.T.);
#4278 = VERTEX_POINT('',#4279);
#4279 = CARTESIAN_POINT('',(16.365623996425,10.990620177685,4.5));
#4280 = CIRCLE('',#4281,1.997498435544);
#4281 = AXIS2_PLACEMENT_3D('',#4282,#4283,#4284);
#4282 = CARTESIAN_POINT('',(16.2,9.,4.5));
#4283 = DIRECTION('',(0.,0.,1.));
#4284 = DIRECTION('',(1.,0.,0.));
#4285 = ORIENTED_EDGE('',*,*,#4286,.T.);
#4286 = EDGE_CURVE('',#4278,#4287,#4289,.T.);
#4287 = VERTEX_POINT('',#4288);
#4288 = CARTESIAN_POINT('',(15.805798631583,10.960766503472,4.4));
#4289 = B_SPLINE_CURVE_WITH_KNOTS('',5,(#4290,#4291,#4292,#4293,#4294,
    #4295,#4296,#4297,#4298,#4299),.UNSPECIFIED.,.F.,.F.,(6,4,6),(0.,
    0.477175466474,1.),.UNSPECIFIED.);
#4290 = CARTESIAN_POINT('',(16.365623996425,10.990620177685,4.5));
#4291 = CARTESIAN_POINT('',(16.313552868288,10.994952610581,4.5));
#4292 = CARTESIAN_POINT('',(16.260669041728,10.997781417207,
    4.497151436353));
#4293 = CARTESIAN_POINT('',(16.207288141873,10.99897691883,
    4.491715806183));
#4294 = CARTESIAN_POINT('',(16.153643976653,10.998446954492,
    4.483970924508));
#4295 = CARTESIAN_POINT('',(16.04099904699,10.993559201816,
    4.463483225257));
#4296 = CARTESIAN_POINT('',(15.981981751824,10.988840395469,
    4.450333904218));
#4297 = CARTESIAN_POINT('',(15.923042577104,10.981856112025,
    4.435114863475));
#4298 = CARTESIAN_POINT('',(15.864309018955,10.972529696452,
    4.418197704997));
#4299 = CARTESIAN_POINT('',(15.805798631583,10.960766503472,4.4));
#4300 = ORIENTED_EDGE('',*,*,#4301,.F.);
#4301 = EDGE_CURVE('',#4302,#4287,#4304,.T.);
#4302 = VERTEX_POINT('',#4303);
#4303 = CARTESIAN_POINT('',(14.2,9.,4.4));
#4304 = CIRCLE('',#4305,2.);
#4305 = AXIS2_PLACEMENT_3D('',#4306,#4307,#4308);
#4306 = CARTESIAN_POINT('',(16.2,9.,4.4));
#4307 = DIRECTION('',(0.,0.,-1.));
#4308 = DIRECTION('',(0.,1.,0.));
#4309 = ORIENTED_EDGE('',*,*,#4310,.F.);
#4310 = EDGE_CURVE('',#4311,#4302,#4313,.T.);
#4311 = VERTEX_POINT('',#4312);
#4312 = CARTESIAN_POINT('',(16.2,7.,4.4));
#4313 = CIRCLE('',#4314,2.);
#4314 = AXIS2_PLACEMENT_3D('',#4315,#4316,#4317);
#4315 = CARTESIAN_POINT('',(16.2,9.,4.4));
#4316 = DIRECTION('',(0.,0.,-1.));
#4317 = DIRECTION('',(0.,1.,0.));
#4318 = ORIENTED_EDGE('',*,*,#4319,.F.);
#4319 = EDGE_CURVE('',#4320,#4311,#4322,.T.);
#4320 = VERTEX_POINT('',#4321);
#4321 = CARTESIAN_POINT('',(17.966914410189,8.062976271876,4.4));
#4322 = CIRCLE('',#4323,2.);
#4323 = AXIS2_PLACEMENT_3D('',#4324,#4325,#4326);
#4324 = CARTESIAN_POINT('',(16.2,9.,4.4));
#4325 = DIRECTION('',(0.,0.,-1.));
#4326 = DIRECTION('',(0.,1.,0.));
#4327 = ORIENTED_EDGE('',*,*,#4328,.F.);
#4328 = EDGE_CURVE('',#4250,#4320,#4329,.T.);
#4329 = B_SPLINE_CURVE_WITH_KNOTS('',5,(#4330,#4331,#4332,#4333,#4334,
    #4335,#4336,#4337,#4338,#4339),.UNSPECIFIED.,.F.,.F.,(6,4,6),(0.,
    0.483567788267,1.),.UNSPECIFIED.);
#4330 = CARTESIAN_POINT('',(18.146320560612,8.550738077134,4.5));
#4331 = CARTESIAN_POINT('',(18.135181935156,8.502482628274,4.5));
#4332 = CARTESIAN_POINT('',(18.12255025682,8.453959265347,4.497198318649
    ));
#4333 = CARTESIAN_POINT('',(18.108414307817,8.405497203592,
    4.491810662299));
#4334 = CARTESIAN_POINT('',(18.092773858161,8.357348355478,4.48406951449
    ));
#4335 = CARTESIAN_POINT('',(18.057316959882,8.258814038244,
    4.463662100125));
#4336 = CARTESIAN_POINT('',(18.03728983421,8.208501419096,4.450697364053
    ));
#4337 = CARTESIAN_POINT('',(18.0155455254,8.158991175324,4.435583915223)
  );
#4338 = CARTESIAN_POINT('',(17.992089099223,8.110447343836,
    4.418594818707));
#4339 = CARTESIAN_POINT('',(17.966914410189,8.062976271876,4.4));
#4340 = SPHERICAL_SURFACE('',#4341,2.);
#4341 = AXIS2_PLACEMENT_3D('',#4342,#4343,#4344);
#4342 = CARTESIAN_POINT('',(16.2,9.,4.4));
#4343 = DIRECTION('',(0.,0.,1.));
#4344 = DIRECTION('',(1.,0.,0.));
#4345 = ADVANCED_FACE('',(#4346),#4373,.T.);
#4346 = FACE_BOUND('',#4347,.T.);
#4347 = EDGE_LOOP('',(#4348,#4349,#4357,#4366,#4372));
#4348 = ORIENTED_EDGE('',*,*,#4249,.F.);
#4349 = ORIENTED_EDGE('',*,*,#4350,.T.);
#4350 = EDGE_CURVE('',#4250,#4351,#4353,.T.);
#4351 = VERTEX_POINT('',#4352);
#4352 = CARTESIAN_POINT('',(20.866975073808,10.455760876138,4.5));
#4353 = LINE('',#4354,#4355);
#4354 = CARTESIAN_POINT('',(17.218947546188,7.901384501702,4.5));
#4355 = VECTOR('',#4356,1.);
#4356 = DIRECTION('',(0.819152044289,0.573576436351,0.));
#4357 = ORIENTED_EDGE('',*,*,#4358,.T.);
#4358 = EDGE_CURVE('',#4351,#4359,#4361,.T.);
#4359 = VERTEX_POINT('',#4360);
#4360 = CARTESIAN_POINT('',(18.849074321705,12.729550816215,4.5));
#4361 = CIRCLE('',#4362,3.5);
#4362 = AXIS2_PLACEMENT_3D('',#4363,#4364,#4365);
#4363 = CARTESIAN_POINT('',(17.5,9.5,4.5));
#4364 = DIRECTION('',(0.,0.,1.));
#4365 = DIRECTION('',(1.,0.,-0.));
#4366 = ORIENTED_EDGE('',*,*,#4367,.F.);
#4367 = EDGE_CURVE('',#4278,#4359,#4368,.T.);
#4368 = LINE('',#4369,#4370);
#4369 = CARTESIAN_POINT('',(15.486746708408,10.375223675454,4.5));
#4370 = VECTOR('',#4371,1.);
#4371 = DIRECTION('',(0.819152044289,0.573576436351,0.));
#4372 = ORIENTED_EDGE('',*,*,#4277,.F.);
#4373 = PLANE('',#4374);
#4374 = AXIS2_PLACEMENT_3D('',#4375,#4376,#4377);
#4375 = CARTESIAN_POINT('',(17.5,7.5,4.5));
#4376 = DIRECTION('',(0.,0.,1.));
#4377 = DIRECTION('',(0.819152044289,0.573576436351,0.));
#4378 = ADVANCED_FACE('',(#4379),#4447,.T.);
#4379 = FACE_BOUND('',#4380,.F.);
#4380 = EDGE_LOOP('',(#4381,#4391,#4400,#4425,#4426,#4427));
#4381 = ORIENTED_EDGE('',*,*,#4382,.F.);
#4382 = EDGE_CURVE('',#4383,#4385,#4387,.T.);
#4383 = VERTEX_POINT('',#4384);
#4384 = CARTESIAN_POINT('',(17.5,7.5,4.01));
#4385 = VERTEX_POINT('',#4386);
#4386 = CARTESIAN_POINT('',(20.973238616575,9.931987861327,4.01));
#4387 = LINE('',#4388,#4389);
#4388 = CARTESIAN_POINT('',(17.5,7.5,4.01));
#4389 = VECTOR('',#4390,1.);
#4390 = DIRECTION('',(0.819152044289,0.573576436351,0.));
#4391 = ORIENTED_EDGE('',*,*,#4392,.T.);
#4392 = EDGE_CURVE('',#4383,#4393,#4395,.T.);
#4393 = VERTEX_POINT('',#4394);
#4394 = CARTESIAN_POINT('',(17.495445588166,7.506504374183,4.09785509475
    ));
#4395 = CIRCLE('',#4396,0.49);
#4396 = AXIS2_PLACEMENT_3D('',#4397,#4398,#4399);
#4397 = CARTESIAN_POINT('',(17.218947546188,7.901384501702,4.01));
#4398 = DIRECTION('',(-0.819152044289,-0.573576436351,-0.));
#4399 = DIRECTION('',(-0.573576436351,0.819152044289,0.));
#4400 = ORIENTED_EDGE('',*,*,#4401,.F.);
#4401 = EDGE_CURVE('',#4320,#4393,#4402,.T.);
#4402 = B_SPLINE_CURVE_WITH_KNOTS('',6,(#4403,#4404,#4405,#4406,#4407,
    #4408,#4409,#4410,#4411,#4412,#4413,#4414,#4415,#4416,#4417,#4418,
    #4419,#4420,#4421,#4422,#4423,#4424),.UNSPECIFIED.,.F.,.F.,(7,5,5,5,
    7),(0.,0.372557095172,0.670177418915,0.943756079764,1.),
  .UNSPECIFIED.);
#4403 = CARTESIAN_POINT('',(17.966914410189,8.062976271876,4.4));
#4404 = CARTESIAN_POINT('',(17.945947437257,8.023439549913,
    4.384513133014));
#4405 = CARTESIAN_POINT('',(17.923837083766,7.984618604547,
    4.367957371879));
#4406 = CARTESIAN_POINT('',(17.900579222201,7.946565271965,
    4.350468597365));
#4407 = CARTESIAN_POINT('',(17.876169687582,7.909317650816,
    4.332181620202));
#4408 = CARTESIAN_POINT('',(17.850596084216,7.872894322339,
    4.313238123131));
#4409 = CARTESIAN_POINT('',(17.802446958617,7.808844620458,
    4.278261985683));
#4410 = CARTESIAN_POINT('',(17.780304118141,7.78092393843,4.262411396693
    ));
#4411 = CARTESIAN_POINT('',(17.757385013367,7.753521051467,
    4.246322080195));
#4412 = CARTESIAN_POINT('',(17.733666448192,7.726621625939,
    4.230084325161));
#4413 = CARTESIAN_POINT('',(17.70911785357,7.700200457452,4.213801405269
    ));
#4414 = CARTESIAN_POINT('',(17.660284617299,7.650292996273,
    4.182745533088));
#4415 = CARTESIAN_POINT('',(17.636150441671,7.626753984505,4.16796461409
    ));
#4416 = CARTESIAN_POINT('',(17.6112054372,7.603514424758,4.153379245059)
  );
#4417 = CARTESIAN_POINT('',(17.585375130553,7.58050829086,4.139145702834
    ));
#4418 = CARTESIAN_POINT('',(17.55858029099,7.557652783958,4.125482889075
    ));
#4419 = CARTESIAN_POINT('',(17.524894467768,7.530059396338,4.11018762451
    ));
#4420 = CARTESIAN_POINT('',(17.519102211436,7.525353057891,
    4.107620880823));
#4421 = CARTESIAN_POINT('',(17.513260783257,7.520644470072,
    4.105099290526));
#4422 = CARTESIAN_POINT('',(17.507368933188,7.515932263174,
    4.102626942171));
#4423 = CARTESIAN_POINT('',(17.501425446092,7.511215048485,4.10020838366
    ));
#4424 = CARTESIAN_POINT('',(17.49542914174,7.506491418288,4.097848622241
    ));
#4425 = ORIENTED_EDGE('',*,*,#4328,.F.);
#4426 = ORIENTED_EDGE('',*,*,#4350,.T.);
#4427 = ORIENTED_EDGE('',*,*,#4428,.F.);
#4428 = EDGE_CURVE('',#4385,#4351,#4429,.T.);
#4429 = B_SPLINE_CURVE_WITH_KNOTS('',6,(#4430,#4431,#4432,#4433,#4434,
    #4435,#4436,#4437,#4438,#4439,#4440,#4441,#4442,#4443,#4444,#4445,
    #4446),.UNSPECIFIED.,.F.,.F.,(7,5,5,7),(0.,0.224893084347,
    0.7175792951,1.),.UNSPECIFIED.);
#4430 = CARTESIAN_POINT('',(20.973238616575,9.931987861327,4.01));
#4431 = CARTESIAN_POINT('',(20.973238616575,9.931987861327,
    4.038191909712));
#4432 = CARTESIAN_POINT('',(20.972966711555,9.934173620449,
    4.066381869973));
#4433 = CARTESIAN_POINT('',(20.97242319304,9.938544627565,4.094412912635
    ));
#4434 = CARTESIAN_POINT('',(20.971600063962,9.945077427082,
    4.122127564326));
#4435 = CARTESIAN_POINT('',(20.970482606439,9.953725565879,
    4.149368897407));
#4436 = CARTESIAN_POINT('',(20.965914536514,9.987847444781,
    4.234283516865));
#4437 = CARTESIAN_POINT('',(20.961268573363,10.021104517579,
    4.289594800363));
#4438 = CARTESIAN_POINT('',(20.954904818706,10.063489802213,
    4.340303821485));
#4439 = CARTESIAN_POINT('',(20.946492140893,10.113802141325,
    4.38485236684));
#4440 = CARTESIAN_POINT('',(20.93575440607,10.170449493912,
    4.421818790192));
#4441 = CARTESIAN_POINT('',(20.91518905871,10.266660783827,
    4.466206933425));
#4442 = CARTESIAN_POINT('',(20.906927922468,10.303202434095,
    4.479506642637));
#4443 = CARTESIAN_POINT('',(20.897909514515,10.340818757368,
    4.489680724004));
#4444 = CARTESIAN_POINT('',(20.888181024806,10.379073929428,
    4.496548195264));
#4445 = CARTESIAN_POINT('',(20.877827826998,10.417528562612,4.5));
#4446 = CARTESIAN_POINT('',(20.866975073808,10.455760876138,4.5));
#4447 = CYLINDRICAL_SURFACE('',#4448,0.49);
#4448 = AXIS2_PLACEMENT_3D('',#4449,#4450,#4451);
#4449 = CARTESIAN_POINT('',(17.218947546188,7.901384501702,4.01));
#4450 = DIRECTION('',(0.819152044289,0.573576436351,0.));
#4451 = DIRECTION('',(0.573576436351,-0.819152044289,0.));
#4452 = ADVANCED_FACE('',(#4453),#4561,.T.);
#4453 = FACE_BOUND('',#4454,.T.);
#4454 = EDGE_LOOP('',(#4455,#4456,#4457,#4458,#4459,#4484,#4493,#4518,
    #4527,#4554));
#4455 = ORIENTED_EDGE('',*,*,#4401,.F.);
#4456 = ORIENTED_EDGE('',*,*,#4319,.T.);
#4457 = ORIENTED_EDGE('',*,*,#4310,.T.);
#4458 = ORIENTED_EDGE('',*,*,#4301,.T.);
#4459 = ORIENTED_EDGE('',*,*,#4460,.T.);
#4460 = EDGE_CURVE('',#4287,#4461,#4463,.T.);
#4461 = VERTEX_POINT('',#4462);
#4462 = CARTESIAN_POINT('',(15.231370332531,10.739938937632,
    4.214611055856));
#4463 = B_SPLINE_CURVE_WITH_KNOTS('',7,(#4464,#4465,#4466,#4467,#4468,
    #4469,#4470,#4471,#4472,#4473,#4474,#4475,#4476,#4477,#4478,#4479,
    #4480,#4481,#4482,#4483),.UNSPECIFIED.,.F.,.F.,(8,6,6,8),(0.,
    0.494459093122,0.964589708792,1.),.UNSPECIFIED.);
#4464 = CARTESIAN_POINT('',(15.805798631583,10.960766503472,4.4));
#4465 = CARTESIAN_POINT('',(15.76506752781,10.952577738101,
    4.387331948327));
#4466 = CARTESIAN_POINT('',(15.724442933104,10.943287838078,
    4.374086674037));
#4467 = CARTESIAN_POINT('',(15.683924233813,10.932871186675,
    4.360373646855));
#4468 = CARTESIAN_POINT('',(15.643503732571,10.92129922464,
    4.346312517952));
#4469 = CARTESIAN_POINT('',(15.603164340458,10.908541099152,
    4.332036544315));
#4470 = CARTESIAN_POINT('',(15.56287143794,10.894559004837,4.31770184138
    ));
#4471 = CARTESIAN_POINT('',(15.484229836802,10.864788293256,
    4.290001727161));
#4472 = CARTESIAN_POINT('',(15.445914449402,10.849134264889,
    4.276634538635));
#4473 = CARTESIAN_POINT('',(15.407521556224,10.832279361098,
    4.263555012168));
#4474 = CARTESIAN_POINT('',(15.368986353041,10.814165843724,
    4.250969628514));
#4475 = CARTESIAN_POINT('',(15.330262601643,10.794743006631,
    4.239145698858));
#4476 = CARTESIAN_POINT('',(15.291298179692,10.773962836667,
    4.228441658953));
#4477 = CARTESIAN_POINT('',(15.249109732983,10.750114905911,
    4.21856814733));
#4478 = CARTESIAN_POINT('',(15.246153342727,10.748436677723,
    4.217885244478));
#4479 = CARTESIAN_POINT('',(15.243195641199,10.746750634981,
    4.217211199032));
#4480 = CARTESIAN_POINT('',(15.240236648393,10.745056780706,
    4.216546188393));
#4481 = CARTESIAN_POINT('',(15.237276388224,10.743355120445,
    4.215890390944));
#4482 = CARTESIAN_POINT('',(15.234314888528,10.741645662272,
    4.215243986048));
#4483 = CARTESIAN_POINT('',(15.231352181065,10.739928416787,
    4.214607154053));
#4484 = ORIENTED_EDGE('',*,*,#4485,.F.);
#4485 = EDGE_CURVE('',#4486,#4461,#4488,.T.);
#4486 = VERTEX_POINT('',#4487);
#4487 = CARTESIAN_POINT('',(15.325653422079,10.605288731225,
    3.588479112358));
#4488 = CIRCLE('',#4489,1.989514074005);
#4489 = AXIS2_PLACEMENT_3D('',#4490,#4491,#4492);
#4490 = CARTESIAN_POINT('',(16.367543627572,9.117315311005,4.4));
#4491 = DIRECTION('',(0.819152044289,0.573576436351,-0.));
#4492 = DIRECTION('',(-0.573576436351,0.819152044289,0.));
#4493 = ORIENTED_EDGE('',*,*,#4494,.F.);
#4494 = EDGE_CURVE('',#4495,#4486,#4497,.T.);
#4495 = VERTEX_POINT('',#4496);
#4496 = CARTESIAN_POINT('',(16.066323335716,10.781047598866,3.5));
#4497 = B_SPLINE_CURVE_WITH_KNOTS('',7,(#4498,#4499,#4500,#4501,#4502,
    #4503,#4504,#4505,#4506,#4507,#4508,#4509,#4510,#4511,#4512,#4513,
    #4514,#4515,#4516,#4517),.UNSPECIFIED.,.F.,.F.,(8,6,6,8),(0.,
    0.200317793432,0.635518483468,1.),.UNSPECIFIED.);
#4498 = CARTESIAN_POINT('',(16.066323362425,10.78104760087,3.5));
#4499 = CARTESIAN_POINT('',(16.045519692103,10.779486179961,
    3.499999999703));
#4500 = CARTESIAN_POINT('',(16.024661740582,10.777772096122,
    3.500270190481));
#4501 = CARTESIAN_POINT('',(16.003755319266,10.7758983346,3.500802086612
    ));
#4502 = CARTESIAN_POINT('',(15.982805686104,10.773857619843,
    3.501586758858));
#4503 = CARTESIAN_POINT('',(15.961817545591,10.771642415504,
    3.502614834476));
#4504 = CARTESIAN_POINT('',(15.940795048766,10.769244924441,
    3.503876497209));
#4505 = CARTESIAN_POINT('',(15.87400251471,10.761034882751,
    3.508587704486));
#4506 = CARTESIAN_POINT('',(15.828126127255,10.754514929124,
    3.512867202675));
#4507 = CARTESIAN_POINT('',(15.782138092463,10.747012973594,
    3.518094058466));
#4508 = CARTESIAN_POINT('',(15.736061695476,10.738433987591,
    3.524149432579));
#4509 = CARTESIAN_POINT('',(15.689916314804,10.728671139741,
    3.530894785529));
#4510 = CARTESIAN_POINT('',(15.643710354088,10.717593873663,
    3.538158824333));
#4511 = CARTESIAN_POINT('',(15.558667964391,10.694498710308,
    3.552049157085));
#4512 = CARTESIAN_POINT('',(15.519880112532,10.68293313548,
    3.558582958633));
#4513 = CARTESIAN_POINT('',(15.481032759659,10.670220276234,
    3.565191834415));
#4514 = CARTESIAN_POINT('',(15.442130616327,10.6562372894,3.571714474418
    ));
#4515 = CARTESIAN_POINT('',(15.40321231294,10.640850775393,
    3.577946743133));
#4516 = CARTESIAN_POINT('',(15.36434381732,10.623908843659,
    3.583625165376));
#4517 = CARTESIAN_POINT('',(15.325634335523,10.605279545826,
    3.588481506967));
#4518 = ORIENTED_EDGE('',*,*,#4519,.T.);
#4519 = EDGE_CURVE('',#4495,#4520,#4522,.T.);
#4520 = VERTEX_POINT('',#4521);
#4521 = CARTESIAN_POINT('',(17.865058879635,8.353796527904,3.5));
#4522 = CIRCLE('',#4523,1.786057109949);
#4523 = AXIS2_PLACEMENT_3D('',#4524,#4525,#4526);
#4524 = CARTESIAN_POINT('',(16.2,9.,3.5));
#4525 = DIRECTION('',(0.,0.,1.));
#4526 = DIRECTION('',(1.,0.,0.));
#4527 = ORIENTED_EDGE('',*,*,#4528,.T.);
#4528 = EDGE_CURVE('',#4520,#4529,#4531,.T.);
#4529 = VERTEX_POINT('',#4530);
#4530 = CARTESIAN_POINT('',(17.426889154575,7.604413108166,
    3.660351279507));
#4531 = B_SPLINE_CURVE_WITH_KNOTS('',6,(#4532,#4533,#4534,#4535,#4536,
    #4537,#4538,#4539,#4540,#4541,#4542,#4543,#4544,#4545,#4546,#4547,
    #4548,#4549,#4550,#4551,#4552,#4553),.UNSPECIFIED.,.F.,.F.,(7,5,5,5,
    7),(0.,0.445916922285,0.697768392112,0.95675334328,1.),
  .UNSPECIFIED.);
#4532 = CARTESIAN_POINT('',(17.865058879635,8.353796527904,3.5));
#4533 = CARTESIAN_POINT('',(17.842278911554,8.29509986382,3.5));
#4534 = CARTESIAN_POINT('',(17.818242725368,8.23634636899,3.503002518059
    ));
#4535 = CARTESIAN_POINT('',(17.792855981913,8.177814534514,
    3.508791696389));
#4536 = CARTESIAN_POINT('',(17.766011644593,8.119732532095,
    3.517131436881));
#4537 = CARTESIAN_POINT('',(17.737594659251,8.062290519959,
    3.527769432061));
#4538 = CARTESIAN_POINT('',(17.690345369224,7.973608705427,
    3.547499149526));
#4539 = CARTESIAN_POINT('',(17.672725056981,7.941847383887,
    3.555248384324));
#4540 = CARTESIAN_POINT('',(17.654501053549,7.910355587774,
    3.563566612234));
#4541 = CARTESIAN_POINT('',(17.635626790064,7.879152919738,
    3.572384895982));
#4542 = CARTESIAN_POINT('',(17.616044631487,7.848255236038,
    3.581621239027));
#4543 = CARTESIAN_POINT('',(17.574696166286,7.7862118292,3.600966973203)
  );
#4544 = CARTESIAN_POINT('',(17.552896526919,7.755103456343,
    3.611087451939));
#4545 = CARTESIAN_POINT('',(17.530139806079,7.724316167588,
    3.621402309866));
#4546 = CARTESIAN_POINT('',(17.506280897992,7.693857452507,
    3.631739532636));
#4547 = CARTESIAN_POINT('',(17.481144062797,7.663752107881,
    3.641844137748));
#4548 = CARTESIAN_POINT('',(17.449916136727,7.629052643053,
    3.652831954891));
#4549 = CARTESIAN_POINT('',(17.445402927746,7.624098339805,
    3.654384829072));
#4550 = CARTESIAN_POINT('',(17.440843557482,7.619155223817,
    3.655916129738));
#4551 = CARTESIAN_POINT('',(17.436236623971,7.614223712292,
    3.657423476537));
#4552 = CARTESIAN_POINT('',(17.431580714242,7.609304334122,
    3.658904297492));
#4553 = CARTESIAN_POINT('',(17.426874404318,7.60439772989,3.660355829));
#4554 = ORIENTED_EDGE('',*,*,#4555,.F.);
#4555 = EDGE_CURVE('',#4393,#4529,#4556,.T.);
#4556 = CIRCLE('',#4557,1.989514074005);
#4557 = AXIS2_PLACEMENT_3D('',#4558,#4559,#4560);
#4558 = CARTESIAN_POINT('',(16.367543627572,9.117315311005,4.4));
#4559 = DIRECTION('',(0.819152044289,0.573576436351,-0.));
#4560 = DIRECTION('',(-0.573576436351,0.819152044289,0.));
#4561 = SPHERICAL_SURFACE('',#4562,2.);
#4562 = AXIS2_PLACEMENT_3D('',#4563,#4564,#4565);
#4563 = CARTESIAN_POINT('',(16.2,9.,4.4));
#4564 = DIRECTION('',(0.,0.,1.));
#4565 = DIRECTION('',(1.,0.,0.));
#4566 = ADVANCED_FACE('',(#4567),#4609,.T.);
#4567 = FACE_BOUND('',#4568,.T.);
#4568 = EDGE_LOOP('',(#4569,#4579,#4586,#4587,#4588,#4589));
#4569 = ORIENTED_EDGE('',*,*,#4570,.F.);
#4570 = EDGE_CURVE('',#4571,#4573,#4575,.T.);
#4571 = VERTEX_POINT('',#4572);
#4572 = CARTESIAN_POINT('',(15.205694254596,10.776608177156,4.01));
#4573 = VERTEX_POINT('',#4574);
#4574 = CARTESIAN_POINT('',(18.261336429892,12.91619186237,4.01));
#4575 = LINE('',#4576,#4577);
#4576 = CARTESIAN_POINT('',(15.205694254596,10.776608177156,4.01));
#4577 = VECTOR('',#4578,1.);
#4578 = DIRECTION('',(0.819152044289,0.573576436351,0.));
#4579 = ORIENTED_EDGE('',*,*,#4580,.T.);
#4580 = EDGE_CURVE('',#4571,#4461,#4581,.T.);
#4581 = CIRCLE('',#4582,0.49);
#4582 = AXIS2_PLACEMENT_3D('',#4583,#4584,#4585);
#4583 = CARTESIAN_POINT('',(15.486746708408,10.375223675454,4.01));
#4584 = DIRECTION('',(0.819152044289,0.573576436351,-0.));
#4585 = DIRECTION('',(-0.573576436351,0.819152044289,0.));
#4586 = ORIENTED_EDGE('',*,*,#4460,.F.);
#4587 = ORIENTED_EDGE('',*,*,#4286,.F.);
#4588 = ORIENTED_EDGE('',*,*,#4367,.T.);
#4589 = ORIENTED_EDGE('',*,*,#4590,.F.);
#4590 = EDGE_CURVE('',#4573,#4359,#4591,.T.);
#4591 = B_SPLINE_CURVE_WITH_KNOTS('',6,(#4592,#4593,#4594,#4595,#4596,
    #4597,#4598,#4599,#4600,#4601,#4602,#4603,#4604,#4605,#4606,#4607,
    #4608),.UNSPECIFIED.,.F.,.F.,(7,5,5,7),(0.,0.295625782274,
    0.625731739223,1.),.UNSPECIFIED.);
#4592 = CARTESIAN_POINT('',(18.261336429892,12.91619186237,4.01));
#4593 = CARTESIAN_POINT('',(18.261336429892,12.91619186237,
    4.048345168481));
#4594 = CARTESIAN_POINT('',(18.266098628136,12.915130538253,
    4.086644494503));
#4595 = CARTESIAN_POINT('',(18.27560168726,12.913012745989,
    4.124463227841));
#4596 = CARTESIAN_POINT('',(18.289670328501,12.909824961749,
    4.161369042508));
#4597 = CARTESIAN_POINT('',(18.307973937636,12.905538648207,
    4.196929797081));
#4598 = CARTESIAN_POINT('',(18.354654426948,12.894143251129,
    4.268491812466));
#4599 = CARTESIAN_POINT('',(18.383969619619,12.886760393264,
    4.30407997431));
#4600 = CARTESIAN_POINT('',(18.41743261137,12.877973754437,
    4.337124026577));
#4601 = CARTESIAN_POINT('',(18.454439700956,12.867746800992,
    4.367251863638));
#4602 = CARTESIAN_POINT('',(18.494346220044,12.856072446485,
    4.394117568239));
#4603 = CARTESIAN_POINT('',(18.584268141857,12.828192447683,
    4.443840117312));
#4604 = CARTESIAN_POINT('',(18.635040660098,12.811552374403,
    4.465745669377));
#4605 = CARTESIAN_POINT('',(18.687848326866,12.793154016101,
    4.482647603925));
#4606 = CARTESIAN_POINT('',(18.741720754295,12.773154258027,
    4.494159217219));
#4607 = CARTESIAN_POINT('',(18.795745298019,12.751827851181,4.5));
#4608 = CARTESIAN_POINT('',(18.849074321705,12.729550816215,4.5));
#4609 = CYLINDRICAL_SURFACE('',#4610,0.49);
#4610 = AXIS2_PLACEMENT_3D('',#4611,#4612,#4613);
#4611 = CARTESIAN_POINT('',(15.486746708408,10.375223675454,4.01));
#4612 = DIRECTION('',(0.819152044289,0.573576436351,0.));
#4613 = DIRECTION('',(-0.573576436351,0.819152044289,0.));
#4614 = ADVANCED_FACE('',(#4615),#4618,.T.);
#4615 = FACE_BOUND('',#4616,.T.);
#4616 = EDGE_LOOP('',(#4617));
#4617 = ORIENTED_EDGE('',*,*,#4269,.T.);
#4618 = PLANE('',#4619);
#4619 = AXIS2_PLACEMENT_3D('',#4620,#4621,#4622);
#4620 = CARTESIAN_POINT('',(16.2,9.,6.));
#4621 = DIRECTION('',(0.,0.,1.));
#4622 = DIRECTION('',(1.,0.,0.));
#4623 = ADVANCED_FACE('',(#4624),#4693,.T.);
#4624 = FACE_BOUND('',#4625,.T.);
#4625 = EDGE_LOOP('',(#4626,#4647,#4656,#4678,#4684,#4685,#4686,#4687));
#4626 = ORIENTED_EDGE('',*,*,#4627,.T.);
#4627 = EDGE_CURVE('',#4628,#4630,#4632,.T.);
#4628 = VERTEX_POINT('',#4629);
#4629 = CARTESIAN_POINT('',(20.973238616575,9.931987861327,3.99));
#4630 = VERTEX_POINT('',#4631);
#4631 = CARTESIAN_POINT('',(20.866975073808,10.455760876138,3.5));
#4632 = B_SPLINE_CURVE_WITH_KNOTS('',7,(#4633,#4634,#4635,#4636,#4637,
    #4638,#4639,#4640,#4641,#4642,#4643,#4644,#4645,#4646),
  .UNSPECIFIED.,.F.,.F.,(8,6,8),(0.,0.717500184208,1.),.UNSPECIFIED.);
#4633 = CARTESIAN_POINT('',(20.973238616575,9.931987861327,3.99));
#4634 = CARTESIAN_POINT('',(20.973238616575,9.931987861327,
    3.912761541247));
#4635 = CARTESIAN_POINT('',(20.971255090809,9.94793901492,3.835740793264
    ));
#4636 = CARTESIAN_POINT('',(20.967305316055,9.979678326084,
    3.761701370793));
#4637 = CARTESIAN_POINT('',(20.961052091112,10.026236311758,
    3.693408939706));
#4638 = CARTESIAN_POINT('',(20.951792726962,10.085706471933,
    3.633677140565));
#4639 = CARTESIAN_POINT('',(20.93899510347,10.155288472238,
    3.585175914923));
#4640 = CARTESIAN_POINT('',(20.916259524839,10.261652799994,
    3.536103555333));
#4641 = CARTESIAN_POINT('',(20.909288247109,10.29276196259,
    3.524293274281));
#4642 = CARTESIAN_POINT('',(20.901774546495,10.324697475965,
    3.514679596582));
#4643 = CARTESIAN_POINT('',(20.893740161783,10.357213831108,
    3.507376074027));
#4644 = CARTESIAN_POINT('',(20.88522296829,10.39006096748,3.502465574811
    ));
#4645 = CARTESIAN_POINT('',(20.876277433685,10.422990321687,3.5));
#4646 = CARTESIAN_POINT('',(20.866975073808,10.455760876138,3.5));
#4647 = ORIENTED_EDGE('',*,*,#4648,.T.);
#4648 = EDGE_CURVE('',#4630,#4649,#4651,.T.);
#4649 = VERTEX_POINT('',#4650);
#4650 = CARTESIAN_POINT('',(18.849074321705,12.729550816215,3.5));
#4651 = CIRCLE('',#4652,3.5);
#4652 = AXIS2_PLACEMENT_3D('',#4653,#4654,#4655);
#4653 = CARTESIAN_POINT('',(17.5,9.5,3.5));
#4654 = DIRECTION('',(-0.,0.,1.));
#4655 = DIRECTION('',(0.,-1.,0.));
#4656 = ORIENTED_EDGE('',*,*,#4657,.F.);
#4657 = EDGE_CURVE('',#4658,#4649,#4660,.T.);
#4658 = VERTEX_POINT('',#4659);
#4659 = CARTESIAN_POINT('',(18.261336429892,12.91619186237,3.99));
#4660 = B_SPLINE_CURVE_WITH_KNOTS('',6,(#4661,#4662,#4663,#4664,#4665,
    #4666,#4667,#4668,#4669,#4670,#4671,#4672,#4673,#4674,#4675,#4676,
    #4677),.UNSPECIFIED.,.F.,.F.,(7,5,5,7),(0.,0.295625782396,
    0.625731739501,1.),.UNSPECIFIED.);
#4661 = CARTESIAN_POINT('',(18.261336429892,12.91619186237,3.99));
#4662 = CARTESIAN_POINT('',(18.261336429892,12.91619186237,
    3.951654830831));
#4663 = CARTESIAN_POINT('',(18.266098628307,12.915130538215,
    3.913355504126));
#4664 = CARTESIAN_POINT('',(18.275601687771,12.913012745876,
    3.87553677013));
#4665 = CARTESIAN_POINT('',(18.289670329508,12.909824961521,
    3.838630954853));
#4666 = CARTESIAN_POINT('',(18.307973939273,12.905538647823,
    3.803070199739));
#4667 = CARTESIAN_POINT('',(18.354654430137,12.894143250332,
    3.731508183394));
#4668 = CARTESIAN_POINT('',(18.38396962376,12.886760392199,
    3.695920021151));
#4669 = CARTESIAN_POINT('',(18.41743261656,12.877973753049,
    3.662875968607));
#4670 = CARTESIAN_POINT('',(18.45443970726,12.867746799229,3.63274813141
    ));
#4671 = CARTESIAN_POINT('',(18.494346227492,12.856072444294,
    3.605882426828));
#4672 = CARTESIAN_POINT('',(18.584268151682,12.828192444502,
    3.556159878179));
#4673 = CARTESIAN_POINT('',(18.635040671159,12.811552370647,
    3.534254326554));
#4674 = CARTESIAN_POINT('',(18.687848339107,12.793154011726,
    3.51735239267));
#4675 = CARTESIAN_POINT('',(18.741720767605,12.77315425301,
    3.505840780279));
#4676 = CARTESIAN_POINT('',(18.79574531224,12.75182784553,3.499999998637
    ));
#4677 = CARTESIAN_POINT('',(18.84907433664,12.729550809976,3.5));
#4678 = ORIENTED_EDGE('',*,*,#4679,.T.);
#4679 = EDGE_CURVE('',#4658,#4573,#4680,.T.);
#4680 = LINE('',#4681,#4682);
#4681 = CARTESIAN_POINT('',(18.261336429892,12.91619186237,3.5));
#4682 = VECTOR('',#4683,1.);
#4683 = DIRECTION('',(0.,0.,1.));
#4684 = ORIENTED_EDGE('',*,*,#4590,.T.);
#4685 = ORIENTED_EDGE('',*,*,#4358,.F.);
#4686 = ORIENTED_EDGE('',*,*,#4428,.F.);
#4687 = ORIENTED_EDGE('',*,*,#4688,.F.);
#4688 = EDGE_CURVE('',#4628,#4385,#4689,.T.);
#4689 = LINE('',#4690,#4691);
#4690 = CARTESIAN_POINT('',(20.973238616575,9.931987861327,3.5));
#4691 = VECTOR('',#4692,1.);
#4692 = DIRECTION('',(0.,0.,1.));
#4693 = CYLINDRICAL_SURFACE('',#4694,3.5);
#4694 = AXIS2_PLACEMENT_3D('',#4695,#4696,#4697);
#4695 = CARTESIAN_POINT('',(17.5,9.5,3.5));
#4696 = DIRECTION('',(0.,0.,1.));
#4697 = DIRECTION('',(1.,0.,0.));
#4698 = ADVANCED_FACE('',(#4699),#4717,.F.);
#4699 = FACE_BOUND('',#4700,.F.);
#4700 = EDGE_LOOP('',(#4701,#4702,#4710,#4716));
#4701 = ORIENTED_EDGE('',*,*,#4688,.F.);
#4702 = ORIENTED_EDGE('',*,*,#4703,.F.);
#4703 = EDGE_CURVE('',#4704,#4628,#4706,.T.);
#4704 = VERTEX_POINT('',#4705);
#4705 = CARTESIAN_POINT('',(17.5,7.5,3.99));
#4706 = LINE('',#4707,#4708);
#4707 = CARTESIAN_POINT('',(17.5,7.5,3.99));
#4708 = VECTOR('',#4709,1.);
#4709 = DIRECTION('',(0.819152044289,0.573576436351,0.));
#4710 = ORIENTED_EDGE('',*,*,#4711,.T.);
#4711 = EDGE_CURVE('',#4704,#4383,#4712,.T.);
#4712 = LINE('',#4713,#4714);
#4713 = CARTESIAN_POINT('',(17.5,7.5,3.5));
#4714 = VECTOR('',#4715,1.);
#4715 = DIRECTION('',(0.,0.,1.));
#4716 = ORIENTED_EDGE('',*,*,#4382,.T.);
#4717 = PLANE('',#4718);
#4718 = AXIS2_PLACEMENT_3D('',#4719,#4720,#4721);
#4719 = CARTESIAN_POINT('',(17.5,7.5,3.5));
#4720 = DIRECTION('',(-0.573576436351,0.819152044289,0.));
#4721 = DIRECTION('',(0.,0.,1.));
#4722 = ADVANCED_FACE('',(#4723),#4735,.F.);
#4723 = FACE_BOUND('',#4724,.F.);
#4724 = EDGE_LOOP('',(#4725,#4726,#4733,#4734));
#4725 = ORIENTED_EDGE('',*,*,#4711,.F.);
#4726 = ORIENTED_EDGE('',*,*,#4727,.T.);
#4727 = EDGE_CURVE('',#4704,#4529,#4728,.T.);
#4728 = CIRCLE('',#4729,0.49);
#4729 = AXIS2_PLACEMENT_3D('',#4730,#4731,#4732);
#4730 = CARTESIAN_POINT('',(17.218947546188,7.901384501702,3.99));
#4731 = DIRECTION('',(0.819152044289,0.573576436351,-0.));
#4732 = DIRECTION('',(-0.573576436351,0.819152044289,0.));
#4733 = ORIENTED_EDGE('',*,*,#4555,.F.);
#4734 = ORIENTED_EDGE('',*,*,#4392,.F.);
#4735 = PLANE('',#4736);
#4736 = AXIS2_PLACEMENT_3D('',#4737,#4738,#4739);
#4737 = CARTESIAN_POINT('',(17.5,7.5,3.5));
#4738 = DIRECTION('',(0.819152044289,0.573576436351,0.));
#4739 = DIRECTION('',(0.,0.,1.));
#4740 = ADVANCED_FACE('',(#4741),#4753,.T.);
#4741 = FACE_BOUND('',#4742,.T.);
#4742 = EDGE_LOOP('',(#4743,#4744,#4745,#4746,#4752));
#4743 = ORIENTED_EDGE('',*,*,#4703,.F.);
#4744 = ORIENTED_EDGE('',*,*,#4727,.T.);
#4745 = ORIENTED_EDGE('',*,*,#4528,.F.);
#4746 = ORIENTED_EDGE('',*,*,#4747,.T.);
#4747 = EDGE_CURVE('',#4520,#4630,#4748,.T.);
#4748 = LINE('',#4749,#4750);
#4749 = CARTESIAN_POINT('',(17.218947546188,7.901384501702,3.5));
#4750 = VECTOR('',#4751,1.);
#4751 = DIRECTION('',(0.819152044289,0.573576436351,0.));
#4752 = ORIENTED_EDGE('',*,*,#4627,.F.);
#4753 = CYLINDRICAL_SURFACE('',#4754,0.49);
#4754 = AXIS2_PLACEMENT_3D('',#4755,#4756,#4757);
#4755 = CARTESIAN_POINT('',(17.218947546188,7.901384501702,3.99));
#4756 = DIRECTION('',(0.819152044289,0.573576436351,0.));
#4757 = DIRECTION('',(0.573576436351,-0.819152044289,0.));
#4758 = ADVANCED_FACE('',(#4759),#4770,.T.);
#4759 = FACE_BOUND('',#4760,.T.);
#4760 = EDGE_LOOP('',(#4761,#4762,#4768,#4769));
#4761 = ORIENTED_EDGE('',*,*,#4519,.F.);
#4762 = ORIENTED_EDGE('',*,*,#4763,.T.);
#4763 = EDGE_CURVE('',#4495,#4649,#4764,.T.);
#4764 = LINE('',#4765,#4766);
#4765 = CARTESIAN_POINT('',(15.486746708408,10.375223675454,3.5));
#4766 = VECTOR('',#4767,1.);
#4767 = DIRECTION('',(0.819152044289,0.573576436351,0.));
#4768 = ORIENTED_EDGE('',*,*,#4648,.F.);
#4769 = ORIENTED_EDGE('',*,*,#4747,.F.);
#4770 = PLANE('',#4771);
#4771 = AXIS2_PLACEMENT_3D('',#4772,#4773,#4774);
#4772 = CARTESIAN_POINT('',(17.862898745321,10.184678733225,3.5));
#4773 = DIRECTION('',(-0.,-0.,-1.));
#4774 = DIRECTION('',(-1.,0.,0.));
#4775 = ADVANCED_FACE('',(#4776),#4796,.T.);
#4776 = FACE_BOUND('',#4777,.F.);
#4777 = EDGE_LOOP('',(#4778,#4786,#4793,#4794,#4795));
#4778 = ORIENTED_EDGE('',*,*,#4779,.F.);
#4779 = EDGE_CURVE('',#4780,#4658,#4782,.T.);
#4780 = VERTEX_POINT('',#4781);
#4781 = CARTESIAN_POINT('',(15.205694254596,10.776608177156,3.99));
#4782 = LINE('',#4783,#4784);
#4783 = CARTESIAN_POINT('',(15.205694254596,10.776608177156,3.99));
#4784 = VECTOR('',#4785,1.);
#4785 = DIRECTION('',(0.819152044289,0.573576436351,0.));
#4786 = ORIENTED_EDGE('',*,*,#4787,.T.);
#4787 = EDGE_CURVE('',#4780,#4486,#4788,.T.);
#4788 = CIRCLE('',#4789,0.49);
#4789 = AXIS2_PLACEMENT_3D('',#4790,#4791,#4792);
#4790 = CARTESIAN_POINT('',(15.486746708408,10.375223675454,3.99));
#4791 = DIRECTION('',(-0.819152044289,-0.573576436351,-0.));
#4792 = DIRECTION('',(-0.573576436351,0.819152044289,0.));
#4793 = ORIENTED_EDGE('',*,*,#4494,.F.);
#4794 = ORIENTED_EDGE('',*,*,#4763,.T.);
#4795 = ORIENTED_EDGE('',*,*,#4657,.F.);
#4796 = CYLINDRICAL_SURFACE('',#4797,0.49);
#4797 = AXIS2_PLACEMENT_3D('',#4798,#4799,#4800);
#4798 = CARTESIAN_POINT('',(15.486746708408,10.375223675454,3.99));
#4799 = DIRECTION('',(0.819152044289,0.573576436351,0.));
#4800 = DIRECTION('',(-0.573576436351,0.819152044289,0.));
#4801 = ADVANCED_FACE('',(#4802),#4813,.F.);
#4802 = FACE_BOUND('',#4803,.F.);
#4803 = EDGE_LOOP('',(#4804,#4805,#4806,#4812));
#4804 = ORIENTED_EDGE('',*,*,#4485,.F.);
#4805 = ORIENTED_EDGE('',*,*,#4787,.F.);
#4806 = ORIENTED_EDGE('',*,*,#4807,.T.);
#4807 = EDGE_CURVE('',#4780,#4571,#4808,.T.);
#4808 = LINE('',#4809,#4810);
#4809 = CARTESIAN_POINT('',(15.205694254596,10.776608177156,3.5));
#4810 = VECTOR('',#4811,1.);
#4811 = DIRECTION('',(0.,0.,1.));
#4812 = ORIENTED_EDGE('',*,*,#4580,.T.);
#4813 = PLANE('',#4814);
#4814 = AXIS2_PLACEMENT_3D('',#4815,#4816,#4817);
#4815 = CARTESIAN_POINT('',(17.5,7.5,3.5));
#4816 = DIRECTION('',(0.819152044289,0.573576436351,0.));
#4817 = DIRECTION('',(0.,0.,1.));
#4818 = ADVANCED_FACE('',(#4819),#4825,.T.);
#4819 = FACE_BOUND('',#4820,.T.);
#4820 = EDGE_LOOP('',(#4821,#4822,#4823,#4824));
#4821 = ORIENTED_EDGE('',*,*,#4679,.F.);
#4822 = ORIENTED_EDGE('',*,*,#4779,.F.);
#4823 = ORIENTED_EDGE('',*,*,#4807,.T.);
#4824 = ORIENTED_EDGE('',*,*,#4570,.T.);
#4825 = PLANE('',#4826);
#4826 = AXIS2_PLACEMENT_3D('',#4827,#4828,#4829);
#4827 = CARTESIAN_POINT('',(15.205694254596,10.776608177156,3.5));
#4828 = DIRECTION('',(-0.573576436351,0.819152044289,0.));
#4829 = DIRECTION('',(0.,0.,1.));
#4830 = ( GEOMETRIC_REPRESENTATION_CONTEXT(3) 
GLOBAL_UNCERTAINTY_ASSIGNED_CONTEXT((#4834)) 
GLOBAL_UNIT_ASSIGNED_CONTEXT((#4831,#4832,#4833)) REPRESENTATION_CONTEXT
('Context #1','3D Context with UNIT and UNCERTAINTY') );
#4831 = ( LENGTH_UNIT() NAMED_UNIT(*) SI_UNIT(.MILLI.,.METRE.) );
#4832 = ( NAMED_UNIT(*) PLANE_ANGLE_UNIT() SI_UNIT($,.RADIAN.) );
#4833 = ( NAMED_UNIT(*) SI_UNIT($,.STERADIAN.) SOLID_ANGLE_UNIT() );
#4834 = UNCERTAINTY_MEASURE_WITH_UNIT(LENGTH_MEASURE(1.E-07),#4831,
  'distance_accuracy_value','confusion accuracy');
#4835 = CONTEXT_DEPENDENT_SHAPE_REPRESENTATION(#4836,#4838);
#4836 = ( REPRESENTATION_RELATIONSHIP('','',#4242,#10) 
REPRESENTATION_RELATIONSHIP_WITH_TRANSFORMATION(#4837) 
SHAPE_REPRESENTATION_RELATIONSHIP() );
#4837 = ITEM_DEFINED_TRANSFORMATION('','',#11,#23);
#4838 = PRODUCT_DEFINITION_SHAPE('Placement','Placement of an item',
  #4839);
#4839 = NEXT_ASSEMBLY_USAGE_OCCURRENCE('3','LightPipe000','',#5,#4237,$
  );
#4840 = PRODUCT_RELATED_PRODUCT_CATEGORY('part',$,(#4239));
#4841 = SHAPE_DEFINITION_REPRESENTATION(#4842,#4848);
#4842 = PRODUCT_DEFINITION_SHAPE('','',#4843);
#4843 = PRODUCT_DEFINITION('design','',#4844,#4847);
#4844 = PRODUCT_DEFINITION_FORMATION('','',#4845);
#4845 = PRODUCT('TinkerLink_PCB000','TinkerLink_PCB000','',(#4846));
#4846 = PRODUCT_CONTEXT('',#2,'mechanical');
#4847 = PRODUCT_DEFINITION_CONTEXT('part definition',#2,'design');
#4848 = ADVANCED_BREP_SHAPE_REPRESENTATION('',(#11,#4849),#9434);
#4849 = MANIFOLD_SOLID_BREP('',#4850);
#4850 = CLOSED_SHELL('',(#4851,#4893,#4924,#4955,#6160,#7365,#7382,#7399
    ,#7416,#7433,#7450,#7467,#7484,#7501,#7518,#7535,#7552,#7569,#7581,
    #7598,#7615,#7632,#7649,#7666,#7683,#7700,#7722,#7739,#7756,#7768,
    #7790,#7807,#7824,#7836,#7858,#7875,#7892,#7904,#7921,#7938,#7955,
    #7972,#7989,#8006,#8023,#8040,#8057,#8074,#8091,#8108,#8130,#8147,
    #8164,#8176,#8198,#8215,#8232,#8244,#8261,#8278,#8295,#8312,#8334,
    #8351,#8368,#8380,#8402,#8419,#8436,#8448,#8465,#8482,#8499,#8521,
    #8538,#8555,#8567,#8584,#8601,#8618,#8635,#8652,#8669,#8686,#8703,
    #8720,#8737,#8754,#8776,#8793,#8810,#8822,#8844,#8861,#8878,#8890,
    #8912,#8929,#8946,#8958,#8975,#8992,#9009,#9026,#9043,#9060,#9077,
    #9099,#9116,#9133,#9145,#9162,#9179,#9196,#9213,#9230,#9247,#9264,
    #9281,#9303,#9320,#9337,#9349,#9371,#9388,#9405,#9417));
#4851 = ADVANCED_FACE('',(#4852),#4888,.T.);
#4852 = FACE_BOUND('',#4853,.T.);
#4853 = EDGE_LOOP('',(#4854,#4864,#4873,#4881));
#4854 = ORIENTED_EDGE('',*,*,#4855,.T.);
#4855 = EDGE_CURVE('',#4856,#4858,#4860,.T.);
#4856 = VERTEX_POINT('',#4857);
#4857 = CARTESIAN_POINT('',(17.,12.,0.));
#4858 = VERTEX_POINT('',#4859);
#4859 = CARTESIAN_POINT('',(17.,12.,1.51));
#4860 = LINE('',#4861,#4862);
#4861 = CARTESIAN_POINT('',(17.,12.,0.));
#4862 = VECTOR('',#4863,1.);
#4863 = DIRECTION('',(0.,0.,1.));
#4864 = ORIENTED_EDGE('',*,*,#4865,.T.);
#4865 = EDGE_CURVE('',#4858,#4866,#4868,.T.);
#4866 = VERTEX_POINT('',#4867);
#4867 = CARTESIAN_POINT('',(20.,9.,1.51));
#4868 = CIRCLE('',#4869,3.000001172987);
#4869 = AXIS2_PLACEMENT_3D('',#4870,#4871,#4872);
#4870 = CARTESIAN_POINT('',(16.999998827013,8.999998827013,1.51));
#4871 = DIRECTION('',(0.,0.,-1.));
#4872 = DIRECTION('',(3.9099536161E-07,1.,0.));
#4873 = ORIENTED_EDGE('',*,*,#4874,.F.);
#4874 = EDGE_CURVE('',#4875,#4866,#4877,.T.);
#4875 = VERTEX_POINT('',#4876);
#4876 = CARTESIAN_POINT('',(20.,9.,0.));
#4877 = LINE('',#4878,#4879);
#4878 = CARTESIAN_POINT('',(20.,9.,0.));
#4879 = VECTOR('',#4880,1.);
#4880 = DIRECTION('',(0.,0.,1.));
#4881 = ORIENTED_EDGE('',*,*,#4882,.F.);
#4882 = EDGE_CURVE('',#4856,#4875,#4883,.T.);
#4883 = CIRCLE('',#4884,3.000001172987);
#4884 = AXIS2_PLACEMENT_3D('',#4885,#4886,#4887);
#4885 = CARTESIAN_POINT('',(16.999998827013,8.999998827013,0.));
#4886 = DIRECTION('',(0.,0.,-1.));
#4887 = DIRECTION('',(3.9099536161E-07,1.,0.));
#4888 = CYLINDRICAL_SURFACE('',#4889,3.000001172987);
#4889 = AXIS2_PLACEMENT_3D('',#4890,#4891,#4892);
#4890 = CARTESIAN_POINT('',(16.999998827013,8.999998827013,0.));
#4891 = DIRECTION('',(0.,0.,-1.));
#4892 = DIRECTION('',(3.9099536161E-07,1.,0.));
#4893 = ADVANCED_FACE('',(#4894),#4919,.T.);
#4894 = FACE_BOUND('',#4895,.T.);
#4895 = EDGE_LOOP('',(#4896,#4906,#4912,#4913));
#4896 = ORIENTED_EDGE('',*,*,#4897,.T.);
#4897 = EDGE_CURVE('',#4898,#4900,#4902,.T.);
#4898 = VERTEX_POINT('',#4899);
#4899 = CARTESIAN_POINT('',(-17.,12.,0.));
#4900 = VERTEX_POINT('',#4901);
#4901 = CARTESIAN_POINT('',(-17.,12.,1.51));
#4902 = LINE('',#4903,#4904);
#4903 = CARTESIAN_POINT('',(-17.,12.,0.));
#4904 = VECTOR('',#4905,1.);
#4905 = DIRECTION('',(0.,0.,1.));
#4906 = ORIENTED_EDGE('',*,*,#4907,.T.);
#4907 = EDGE_CURVE('',#4900,#4858,#4908,.T.);
#4908 = LINE('',#4909,#4910);
#4909 = CARTESIAN_POINT('',(-17.,12.,1.51));
#4910 = VECTOR('',#4911,1.);
#4911 = DIRECTION('',(1.,0.,0.));
#4912 = ORIENTED_EDGE('',*,*,#4855,.F.);
#4913 = ORIENTED_EDGE('',*,*,#4914,.F.);
#4914 = EDGE_CURVE('',#4898,#4856,#4915,.T.);
#4915 = LINE('',#4916,#4917);
#4916 = CARTESIAN_POINT('',(-17.,12.,0.));
#4917 = VECTOR('',#4918,1.);
#4918 = DIRECTION('',(1.,0.,0.));
#4919 = PLANE('',#4920);
#4920 = AXIS2_PLACEMENT_3D('',#4921,#4922,#4923);
#4921 = CARTESIAN_POINT('',(-17.,12.,0.));
#4922 = DIRECTION('',(0.,1.,0.));
#4923 = DIRECTION('',(1.,0.,0.));
#4924 = ADVANCED_FACE('',(#4925),#4950,.T.);
#4925 = FACE_BOUND('',#4926,.T.);
#4926 = EDGE_LOOP('',(#4927,#4928,#4936,#4944));
#4927 = ORIENTED_EDGE('',*,*,#4874,.T.);
#4928 = ORIENTED_EDGE('',*,*,#4929,.T.);
#4929 = EDGE_CURVE('',#4866,#4930,#4932,.T.);
#4930 = VERTEX_POINT('',#4931);
#4931 = CARTESIAN_POINT('',(20.,-9.002403,1.51));
#4932 = LINE('',#4933,#4934);
#4933 = CARTESIAN_POINT('',(20.,9.,1.51));
#4934 = VECTOR('',#4935,1.);
#4935 = DIRECTION('',(0.,-1.,0.));
#4936 = ORIENTED_EDGE('',*,*,#4937,.F.);
#4937 = EDGE_CURVE('',#4938,#4930,#4940,.T.);
#4938 = VERTEX_POINT('',#4939);
#4939 = CARTESIAN_POINT('',(20.,-9.002403,0.));
#4940 = LINE('',#4941,#4942);
#4941 = CARTESIAN_POINT('',(20.,-9.002403,0.));
#4942 = VECTOR('',#4943,1.);
#4943 = DIRECTION('',(0.,0.,1.));
#4944 = ORIENTED_EDGE('',*,*,#4945,.F.);
#4945 = EDGE_CURVE('',#4875,#4938,#4946,.T.);
#4946 = LINE('',#4947,#4948);
#4947 = CARTESIAN_POINT('',(20.,9.,0.));
#4948 = VECTOR('',#4949,1.);
#4949 = DIRECTION('',(0.,-1.,0.));
#4950 = PLANE('',#4951);
#4951 = AXIS2_PLACEMENT_3D('',#4952,#4953,#4954);
#4952 = CARTESIAN_POINT('',(20.,9.,0.));
#4953 = DIRECTION('',(1.,0.,-0.));
#4954 = DIRECTION('',(0.,-1.,0.));
#4955 = ADVANCED_FACE('',(#4956,#5068,#5079,#5090,#5101,#5112,#5123,
    #5134,#5145,#5181,#5217,#5253,#5264,#5275,#5286,#5297,#5308,#5319,
    #5330,#5341,#5352,#5363,#5374,#5385,#5421,#5457,#5468,#5479,#5490,
    #5501,#5537,#5573,#5584,#5595,#5606,#5642,#5653,#5664,#5675,#5686,
    #5697,#5708,#5719,#5730,#5741,#5752,#5763,#5799,#5835,#5871,#5882,
    #5893,#5904,#5915,#5926,#5937,#5948,#5984,#5995,#6006,#6017,#6028,
    #6039,#6050,#6061,#6072,#6108,#6144),#6155,.F.);
#4956 = FACE_BOUND('',#4957,.F.);
#4957 = EDGE_LOOP('',(#4958,#4959,#4960,#4969,#4977,#4986,#4994,#5002,
    #5010,#5019,#5027,#5036,#5044,#5052,#5060,#5067));
#4958 = ORIENTED_EDGE('',*,*,#4882,.F.);
#4959 = ORIENTED_EDGE('',*,*,#4914,.F.);
#4960 = ORIENTED_EDGE('',*,*,#4961,.F.);
#4961 = EDGE_CURVE('',#4962,#4898,#4964,.T.);
#4962 = VERTEX_POINT('',#4963);
#4963 = CARTESIAN_POINT('',(-20.,9.,0.));
#4964 = CIRCLE('',#4965,3.000001172987);
#4965 = AXIS2_PLACEMENT_3D('',#4966,#4967,#4968);
#4966 = CARTESIAN_POINT('',(-16.99999882701,8.999998827013,0.));
#4967 = DIRECTION('',(0.,0.,-1.));
#4968 = DIRECTION('',(-1.,3.9099536161E-07,0.));
#4969 = ORIENTED_EDGE('',*,*,#4970,.F.);
#4970 = EDGE_CURVE('',#4971,#4962,#4973,.T.);
#4971 = VERTEX_POINT('',#4972);
#4972 = CARTESIAN_POINT('',(-20.,-9.000237,0.));
#4973 = LINE('',#4974,#4975);
#4974 = CARTESIAN_POINT('',(-20.,-9.000237,0.));
#4975 = VECTOR('',#4976,1.);
#4976 = DIRECTION('',(0.,1.,0.));
#4977 = ORIENTED_EDGE('',*,*,#4978,.F.);
#4978 = EDGE_CURVE('',#4979,#4971,#4981,.T.);
#4979 = VERTEX_POINT('',#4980);
#4980 = CARTESIAN_POINT('',(-17.000237,-12.000237,0.));
#4981 = CIRCLE('',#4982,2.999999476178);
#4982 = AXIS2_PLACEMENT_3D('',#4983,#4984,#4985);
#4983 = CARTESIAN_POINT('',(-17.00000052382,-9.000237533142,0.));
#4984 = DIRECTION('',(0.,0.,-1.));
#4985 = DIRECTION('',(-7.882540653181E-05,-0.999999996893,-0.));
#4986 = ORIENTED_EDGE('',*,*,#4987,.F.);
#4987 = EDGE_CURVE('',#4988,#4979,#4990,.T.);
#4988 = VERTEX_POINT('',#4989);
#4989 = CARTESIAN_POINT('',(11.68,-12.0025,0.));
#4990 = LINE('',#4991,#4992);
#4991 = CARTESIAN_POINT('',(11.68,-12.0025,0.));
#4992 = VECTOR('',#4993,1.);
#4993 = DIRECTION('',(-0.999999996887,7.89045081097E-05,0.));
#4994 = ORIENTED_EDGE('',*,*,#4995,.F.);
#4995 = EDGE_CURVE('',#4996,#4988,#4998,.T.);
#4996 = VERTEX_POINT('',#4997);
#4997 = CARTESIAN_POINT('',(12.38,-12.0025,0.));
#4998 = LINE('',#4999,#5000);
#4999 = CARTESIAN_POINT('',(12.38,-12.0025,0.));
#5000 = VECTOR('',#5001,1.);
#5001 = DIRECTION('',(-1.,0.,0.));
#5002 = ORIENTED_EDGE('',*,*,#5003,.F.);
#5003 = EDGE_CURVE('',#5004,#4996,#5006,.T.);
#5004 = VERTEX_POINT('',#5005);
#5005 = CARTESIAN_POINT('',(12.380001,-11.0025,0.));
#5006 = LINE('',#5007,#5008);
#5007 = CARTESIAN_POINT('',(12.380001,-11.0025,0.));
#5008 = VECTOR('',#5009,1.);
#5009 = DIRECTION('',(-9.9999999925E-07,-1.,0.));
#5010 = ORIENTED_EDGE('',*,*,#5011,.F.);
#5011 = EDGE_CURVE('',#5012,#5004,#5014,.T.);
#5012 = VERTEX_POINT('',#5013);
#5013 = CARTESIAN_POINT('',(12.88,-10.5025,0.));
#5014 = CIRCLE('',#5015,0.499999626462);
#5015 = AXIS2_PLACEMENT_3D('',#5016,#5017,#5018);
#5016 = CARTESIAN_POINT('',(12.880000626462,-11.00249962646,0.));
#5017 = DIRECTION('',(0.,0.,1.));
#5018 = DIRECTION('',(-1.25292419806E-06,0.999999999999,0.));
#5019 = ORIENTED_EDGE('',*,*,#5020,.F.);
#5020 = EDGE_CURVE('',#5021,#5012,#5023,.T.);
#5021 = VERTEX_POINT('',#5022);
#5022 = CARTESIAN_POINT('',(15.68,-10.5025,0.));
#5023 = LINE('',#5024,#5025);
#5024 = CARTESIAN_POINT('',(15.68,-10.5025,0.));
#5025 = VECTOR('',#5026,1.);
#5026 = DIRECTION('',(-1.,0.,0.));
#5027 = ORIENTED_EDGE('',*,*,#5028,.F.);
#5028 = EDGE_CURVE('',#5029,#5021,#5031,.T.);
#5029 = VERTEX_POINT('',#5030);
#5030 = CARTESIAN_POINT('',(16.18,-11.0025,0.));
#5031 = CIRCLE('',#5032,0.500001333575);
#5032 = AXIS2_PLACEMENT_3D('',#5033,#5034,#5035);
#5033 = CARTESIAN_POINT('',(15.679998666427,-11.00250133357,0.));
#5034 = DIRECTION('',(0.,0.,1.));
#5035 = DIRECTION('',(0.999999999996,2.66713917328E-06,-0.));
#5036 = ORIENTED_EDGE('',*,*,#5037,.F.);
#5037 = EDGE_CURVE('',#5038,#5029,#5040,.T.);
#5038 = VERTEX_POINT('',#5039);
#5039 = CARTESIAN_POINT('',(16.18,-12.0025,0.));
#5040 = LINE('',#5041,#5042);
#5041 = CARTESIAN_POINT('',(16.18,-12.0025,0.));
#5042 = VECTOR('',#5043,1.);
#5043 = DIRECTION('',(0.,1.,0.));
#5044 = ORIENTED_EDGE('',*,*,#5045,.F.);
#5045 = EDGE_CURVE('',#5046,#5038,#5048,.T.);
#5046 = VERTEX_POINT('',#5047);
#5047 = CARTESIAN_POINT('',(16.88,-12.0025,0.));
#5048 = LINE('',#5049,#5050);
#5049 = CARTESIAN_POINT('',(16.88,-12.0025,0.));
#5050 = VECTOR('',#5051,1.);
#5051 = DIRECTION('',(-1.,0.,0.));
#5052 = ORIENTED_EDGE('',*,*,#5053,.F.);
#5053 = EDGE_CURVE('',#5054,#5046,#5056,.T.);
#5054 = VERTEX_POINT('',#5055);
#5055 = CARTESIAN_POINT('',(17.002404,-12.002402,0.));
#5056 = LINE('',#5057,#5058);
#5057 = CARTESIAN_POINT('',(17.002404,-12.002402,0.));
#5058 = VECTOR('',#5059,1.);
#5059 = DIRECTION('',(-0.999999679498,-8.006271738693E-04,0.));
#5060 = ORIENTED_EDGE('',*,*,#5061,.F.);
#5061 = EDGE_CURVE('',#4938,#5054,#5062,.T.);
#5062 = CIRCLE('',#5063,3.000000529495);
#5063 = AXIS2_PLACEMENT_3D('',#5064,#5065,#5066);
#5064 = CARTESIAN_POINT('',(16.999999470505,-9.002402434132,0.));
#5065 = DIRECTION('',(0.,0.,-1.));
#5066 = DIRECTION('',(1.,-1.8862274869E-07,0.));
#5067 = ORIENTED_EDGE('',*,*,#4945,.F.);
#5068 = FACE_BOUND('',#5069,.F.);
#5069 = EDGE_LOOP('',(#5070));
#5070 = ORIENTED_EDGE('',*,*,#5071,.T.);
#5071 = EDGE_CURVE('',#5072,#5072,#5074,.T.);
#5072 = VERTEX_POINT('',#5073);
#5073 = CARTESIAN_POINT('',(-17.3625,-9.95,0.));
#5074 = CIRCLE('',#5075,0.15);
#5075 = AXIS2_PLACEMENT_3D('',#5076,#5077,#5078);
#5076 = CARTESIAN_POINT('',(-17.3625,-9.8,0.));
#5077 = DIRECTION('',(-0.,0.,-1.));
#5078 = DIRECTION('',(-2.368E-14,-1.,0.));
#5079 = FACE_BOUND('',#5080,.F.);
#5080 = EDGE_LOOP('',(#5081));
#5081 = ORIENTED_EDGE('',*,*,#5082,.T.);
#5082 = EDGE_CURVE('',#5083,#5083,#5085,.T.);
#5083 = VERTEX_POINT('',#5084);
#5084 = CARTESIAN_POINT('',(-14.4375,-9.95,0.));
#5085 = CIRCLE('',#5086,0.15);
#5086 = AXIS2_PLACEMENT_3D('',#5087,#5088,#5089);
#5087 = CARTESIAN_POINT('',(-14.4375,-9.8,0.));
#5088 = DIRECTION('',(-0.,0.,-1.));
#5089 = DIRECTION('',(-0.,-1.,0.));
#5090 = FACE_BOUND('',#5091,.F.);
#5091 = EDGE_LOOP('',(#5092));
#5092 = ORIENTED_EDGE('',*,*,#5093,.T.);
#5093 = EDGE_CURVE('',#5094,#5094,#5096,.T.);
#5094 = VERTEX_POINT('',#5095);
#5095 = CARTESIAN_POINT('',(-11.3,-8.85,0.));
#5096 = CIRCLE('',#5097,0.15);
#5097 = AXIS2_PLACEMENT_3D('',#5098,#5099,#5100);
#5098 = CARTESIAN_POINT('',(-11.3,-8.7,0.));
#5099 = DIRECTION('',(-0.,0.,-1.));
#5100 = DIRECTION('',(-0.,-1.,0.));
#5101 = FACE_BOUND('',#5102,.F.);
#5102 = EDGE_LOOP('',(#5103));
#5103 = ORIENTED_EDGE('',*,*,#5104,.T.);
#5104 = EDGE_CURVE('',#5105,#5105,#5107,.T.);
#5105 = VERTEX_POINT('',#5106);
#5106 = CARTESIAN_POINT('',(-2.7375,-10.15,0.));
#5107 = CIRCLE('',#5108,0.15);
#5108 = AXIS2_PLACEMENT_3D('',#5109,#5110,#5111);
#5109 = CARTESIAN_POINT('',(-2.7375,-10.,0.));
#5110 = DIRECTION('',(-0.,0.,-1.));
#5111 = DIRECTION('',(-0.,-1.,0.));
#5112 = FACE_BOUND('',#5113,.F.);
#5113 = EDGE_LOOP('',(#5114));
#5114 = ORIENTED_EDGE('',*,*,#5115,.T.);
#5115 = EDGE_CURVE('',#5116,#5116,#5118,.T.);
#5116 = VERTEX_POINT('',#5117);
#5117 = CARTESIAN_POINT('',(-4.495,-9.19,0.));
#5118 = CIRCLE('',#5119,0.15);
#5119 = AXIS2_PLACEMENT_3D('',#5120,#5121,#5122);
#5120 = CARTESIAN_POINT('',(-4.495,-9.04,0.));
#5121 = DIRECTION('',(-0.,0.,-1.));
#5122 = DIRECTION('',(-5.92E-15,-1.,0.));
#5123 = FACE_BOUND('',#5124,.F.);
#5124 = EDGE_LOOP('',(#5125));
#5125 = ORIENTED_EDGE('',*,*,#5126,.T.);
#5126 = EDGE_CURVE('',#5127,#5127,#5129,.T.);
#5127 = VERTEX_POINT('',#5128);
#5128 = CARTESIAN_POINT('',(-9.5,-8.18,0.));
#5129 = CIRCLE('',#5130,0.15);
#5130 = AXIS2_PLACEMENT_3D('',#5131,#5132,#5133);
#5131 = CARTESIAN_POINT('',(-9.5,-8.03,0.));
#5132 = DIRECTION('',(-0.,0.,-1.));
#5133 = DIRECTION('',(-0.,-1.,0.));
#5134 = FACE_BOUND('',#5135,.F.);
#5135 = EDGE_LOOP('',(#5136));
#5136 = ORIENTED_EDGE('',*,*,#5137,.T.);
#5137 = EDGE_CURVE('',#5138,#5138,#5140,.T.);
#5138 = VERTEX_POINT('',#5139);
#5139 = CARTESIAN_POINT('',(-7.6,-7.95,0.));
#5140 = CIRCLE('',#5141,0.15);
#5141 = AXIS2_PLACEMENT_3D('',#5142,#5143,#5144);
#5142 = CARTESIAN_POINT('',(-7.6,-7.8,0.));
#5143 = DIRECTION('',(-0.,0.,-1.));
#5144 = DIRECTION('',(-0.,-1.,0.));
#5145 = FACE_BOUND('',#5146,.F.);
#5146 = EDGE_LOOP('',(#5147,#5158,#5166,#5175));
#5147 = ORIENTED_EDGE('',*,*,#5148,.T.);
#5148 = EDGE_CURVE('',#5149,#5151,#5153,.T.);
#5149 = VERTEX_POINT('',#5150);
#5150 = CARTESIAN_POINT('',(-18.519986,-6.300012,0.));
#5151 = VERTEX_POINT('',#5152);
#5152 = CARTESIAN_POINT('',(-18.519986,-5.399988,0.));
#5153 = CIRCLE('',#5154,0.450012);
#5154 = AXIS2_PLACEMENT_3D('',#5155,#5156,#5157);
#5155 = CARTESIAN_POINT('',(-18.519986,-5.85,0.));
#5156 = DIRECTION('',(-0.,0.,-1.));
#5157 = DIRECTION('',(0.,1.,0.));
#5158 = ORIENTED_EDGE('',*,*,#5159,.T.);
#5159 = EDGE_CURVE('',#5151,#5160,#5162,.T.);
#5160 = VERTEX_POINT('',#5161);
#5161 = CARTESIAN_POINT('',(-16.920014,-5.399988,0.));
#5162 = LINE('',#5163,#5164);
#5163 = CARTESIAN_POINT('',(-8.460007,-5.399988,0.));
#5164 = VECTOR('',#5165,1.);
#5165 = DIRECTION('',(1.,0.,-0.));
#5166 = ORIENTED_EDGE('',*,*,#5167,.T.);
#5167 = EDGE_CURVE('',#5160,#5168,#5170,.T.);
#5168 = VERTEX_POINT('',#5169);
#5169 = CARTESIAN_POINT('',(-16.920014,-6.300012,0.));
#5170 = CIRCLE('',#5171,0.450012);
#5171 = AXIS2_PLACEMENT_3D('',#5172,#5173,#5174);
#5172 = CARTESIAN_POINT('',(-16.920014,-5.85,0.));
#5173 = DIRECTION('',(-0.,0.,-1.));
#5174 = DIRECTION('',(7.89E-15,-1.,-0.));
#5175 = ORIENTED_EDGE('',*,*,#5176,.T.);
#5176 = EDGE_CURVE('',#5168,#5149,#5177,.T.);
#5177 = LINE('',#5178,#5179);
#5178 = CARTESIAN_POINT('',(-9.259993,-6.300012,0.));
#5179 = VECTOR('',#5180,1.);
#5180 = DIRECTION('',(-1.,0.,0.));
#5181 = FACE_BOUND('',#5182,.F.);
#5182 = EDGE_LOOP('',(#5183,#5194,#5202,#5211));
#5183 = ORIENTED_EDGE('',*,*,#5184,.T.);
#5184 = EDGE_CURVE('',#5185,#5187,#5189,.T.);
#5185 = VERTEX_POINT('',#5186);
#5186 = CARTESIAN_POINT('',(-17.548632,-4.62,0.));
#5187 = VERTEX_POINT('',#5188);
#5188 = CARTESIAN_POINT('',(-17.548632,-4.02,0.));
#5189 = CIRCLE('',#5190,0.3);
#5190 = AXIS2_PLACEMENT_3D('',#5191,#5192,#5193);
#5191 = CARTESIAN_POINT('',(-17.548632,-4.32,0.));
#5192 = DIRECTION('',(0.,0.,-1.));
#5193 = DIRECTION('',(-1.184E-14,1.,0.));
#5194 = ORIENTED_EDGE('',*,*,#5195,.T.);
#5195 = EDGE_CURVE('',#5187,#5196,#5198,.T.);
#5196 = VERTEX_POINT('',#5197);
#5197 = CARTESIAN_POINT('',(-16.948632,-4.02,0.));
#5198 = LINE('',#5199,#5200);
#5199 = CARTESIAN_POINT('',(-8.474316,-4.02,0.));
#5200 = VECTOR('',#5201,1.);
#5201 = DIRECTION('',(1.,0.,-0.));
#5202 = ORIENTED_EDGE('',*,*,#5203,.T.);
#5203 = EDGE_CURVE('',#5196,#5204,#5206,.T.);
#5204 = VERTEX_POINT('',#5205);
#5205 = CARTESIAN_POINT('',(-16.948632,-4.62,0.));
#5206 = CIRCLE('',#5207,0.3);
#5207 = AXIS2_PLACEMENT_3D('',#5208,#5209,#5210);
#5208 = CARTESIAN_POINT('',(-16.948632,-4.32,0.));
#5209 = DIRECTION('',(-0.,0.,-1.));
#5210 = DIRECTION('',(-1.184E-14,-1.,0.));
#5211 = ORIENTED_EDGE('',*,*,#5212,.T.);
#5212 = EDGE_CURVE('',#5204,#5185,#5213,.T.);
#5213 = LINE('',#5214,#5215);
#5214 = CARTESIAN_POINT('',(-8.774316,-4.62,0.));
#5215 = VECTOR('',#5216,1.);
#5216 = DIRECTION('',(-1.,0.,0.));
#5217 = FACE_BOUND('',#5218,.F.);
#5218 = EDGE_LOOP('',(#5219,#5230,#5238,#5247));
#5219 = ORIENTED_EDGE('',*,*,#5220,.T.);
#5220 = EDGE_CURVE('',#5221,#5223,#5225,.T.);
#5221 = VERTEX_POINT('',#5222);
#5222 = CARTESIAN_POINT('',(-13.618632,-4.62,0.));
#5223 = VERTEX_POINT('',#5224);
#5224 = CARTESIAN_POINT('',(-13.618632,-4.02,0.));
#5225 = CIRCLE('',#5226,0.3);
#5226 = AXIS2_PLACEMENT_3D('',#5227,#5228,#5229);
#5227 = CARTESIAN_POINT('',(-13.618632,-4.32,0.));
#5228 = DIRECTION('',(-0.,0.,-1.));
#5229 = DIRECTION('',(0.,1.,0.));
#5230 = ORIENTED_EDGE('',*,*,#5231,.T.);
#5231 = EDGE_CURVE('',#5223,#5232,#5234,.T.);
#5232 = VERTEX_POINT('',#5233);
#5233 = CARTESIAN_POINT('',(-12.518632,-4.02,0.));
#5234 = LINE('',#5235,#5236);
#5235 = CARTESIAN_POINT('',(-6.259316,-4.02,0.));
#5236 = VECTOR('',#5237,1.);
#5237 = DIRECTION('',(1.,0.,-0.));
#5238 = ORIENTED_EDGE('',*,*,#5239,.T.);
#5239 = EDGE_CURVE('',#5232,#5240,#5242,.T.);
#5240 = VERTEX_POINT('',#5241);
#5241 = CARTESIAN_POINT('',(-12.518632,-4.62,0.));
#5242 = CIRCLE('',#5243,0.3);
#5243 = AXIS2_PLACEMENT_3D('',#5244,#5245,#5246);
#5244 = CARTESIAN_POINT('',(-12.518632,-4.32,0.));
#5245 = DIRECTION('',(-0.,0.,-1.));
#5246 = DIRECTION('',(-0.,-1.,0.));
#5247 = ORIENTED_EDGE('',*,*,#5248,.T.);
#5248 = EDGE_CURVE('',#5240,#5221,#5249,.T.);
#5249 = LINE('',#5250,#5251);
#5250 = CARTESIAN_POINT('',(-6.809316,-4.62,0.));
#5251 = VECTOR('',#5252,1.);
#5252 = DIRECTION('',(-1.,0.,0.));
#5253 = FACE_BOUND('',#5254,.F.);
#5254 = EDGE_LOOP('',(#5255));
#5255 = ORIENTED_EDGE('',*,*,#5256,.T.);
#5256 = EDGE_CURVE('',#5257,#5257,#5259,.T.);
#5257 = VERTEX_POINT('',#5258);
#5258 = CARTESIAN_POINT('',(-15.13,-3.15,0.));
#5259 = CIRCLE('',#5260,0.15);
#5260 = AXIS2_PLACEMENT_3D('',#5261,#5262,#5263);
#5261 = CARTESIAN_POINT('',(-15.13,-3.,0.));
#5262 = DIRECTION('',(-0.,0.,-1.));
#5263 = DIRECTION('',(-1.184E-14,-1.,0.));
#5264 = FACE_BOUND('',#5265,.F.);
#5265 = EDGE_LOOP('',(#5266));
#5266 = ORIENTED_EDGE('',*,*,#5267,.T.);
#5267 = EDGE_CURVE('',#5268,#5268,#5270,.T.);
#5268 = VERTEX_POINT('',#5269);
#5269 = CARTESIAN_POINT('',(-17.72,-2.9,0.));
#5270 = CIRCLE('',#5271,0.65);
#5271 = AXIS2_PLACEMENT_3D('',#5272,#5273,#5274);
#5272 = CARTESIAN_POINT('',(-17.72,-2.25,0.));
#5273 = DIRECTION('',(-0.,0.,-1.));
#5274 = DIRECTION('',(-0.,-1.,0.));
#5275 = FACE_BOUND('',#5276,.F.);
#5276 = EDGE_LOOP('',(#5277));
#5277 = ORIENTED_EDGE('',*,*,#5278,.T.);
#5278 = EDGE_CURVE('',#5279,#5279,#5281,.T.);
#5279 = VERTEX_POINT('',#5280);
#5280 = CARTESIAN_POINT('',(-13.63,-3.215,0.));
#5281 = CIRCLE('',#5282,0.325);
#5282 = AXIS2_PLACEMENT_3D('',#5283,#5284,#5285);
#5283 = CARTESIAN_POINT('',(-13.63,-2.89,0.));
#5284 = DIRECTION('',(-0.,0.,-1.));
#5285 = DIRECTION('',(-5.47E-15,-1.,0.));
#5286 = FACE_BOUND('',#5287,.F.);
#5287 = EDGE_LOOP('',(#5288));
#5288 = ORIENTED_EDGE('',*,*,#5289,.T.);
#5289 = EDGE_CURVE('',#5290,#5290,#5292,.T.);
#5290 = VERTEX_POINT('',#5291);
#5291 = CARTESIAN_POINT('',(-6.076,-6.406,0.));
#5292 = CIRCLE('',#5293,0.4);
#5293 = AXIS2_PLACEMENT_3D('',#5294,#5295,#5296);
#5294 = CARTESIAN_POINT('',(-6.076,-6.006,0.));
#5295 = DIRECTION('',(-0.,0.,-1.));
#5296 = DIRECTION('',(2.22E-15,-1.,-0.));
#5297 = FACE_BOUND('',#5298,.F.);
#5298 = EDGE_LOOP('',(#5299));
#5299 = ORIENTED_EDGE('',*,*,#5300,.T.);
#5300 = EDGE_CURVE('',#5301,#5301,#5303,.T.);
#5301 = VERTEX_POINT('',#5302);
#5302 = CARTESIAN_POINT('',(-4.076,-6.406,0.));
#5303 = CIRCLE('',#5304,0.4);
#5304 = AXIS2_PLACEMENT_3D('',#5305,#5306,#5307);
#5305 = CARTESIAN_POINT('',(-4.076,-6.006,0.));
#5306 = DIRECTION('',(-0.,0.,-1.));
#5307 = DIRECTION('',(2.22E-15,-1.,-0.));
#5308 = FACE_BOUND('',#5309,.F.);
#5309 = EDGE_LOOP('',(#5310));
#5310 = ORIENTED_EDGE('',*,*,#5311,.T.);
#5311 = EDGE_CURVE('',#5312,#5312,#5314,.T.);
#5312 = VERTEX_POINT('',#5313);
#5313 = CARTESIAN_POINT('',(-2.076,-6.406,0.));
#5314 = CIRCLE('',#5315,0.4);
#5315 = AXIS2_PLACEMENT_3D('',#5316,#5317,#5318);
#5316 = CARTESIAN_POINT('',(-2.076,-6.006,0.));
#5317 = DIRECTION('',(-0.,0.,-1.));
#5318 = DIRECTION('',(-0.,-1.,0.));
#5319 = FACE_BOUND('',#5320,.F.);
#5320 = EDGE_LOOP('',(#5321));
#5321 = ORIENTED_EDGE('',*,*,#5322,.T.);
#5322 = EDGE_CURVE('',#5323,#5323,#5325,.T.);
#5323 = VERTEX_POINT('',#5324);
#5324 = CARTESIAN_POINT('',(-6.8,-3.486,0.));
#5325 = CIRCLE('',#5326,0.15);
#5326 = AXIS2_PLACEMENT_3D('',#5327,#5328,#5329);
#5327 = CARTESIAN_POINT('',(-6.8,-3.336,0.));
#5328 = DIRECTION('',(-0.,0.,-1.));
#5329 = DIRECTION('',(5.92E-15,-1.,-0.));
#5330 = FACE_BOUND('',#5331,.F.);
#5331 = EDGE_LOOP('',(#5332));
#5332 = ORIENTED_EDGE('',*,*,#5333,.T.);
#5333 = EDGE_CURVE('',#5334,#5334,#5336,.T.);
#5334 = VERTEX_POINT('',#5335);
#5335 = CARTESIAN_POINT('',(-5.7,-3.486,0.));
#5336 = CIRCLE('',#5337,0.15);
#5337 = AXIS2_PLACEMENT_3D('',#5338,#5339,#5340);
#5338 = CARTESIAN_POINT('',(-5.7,-3.336,0.));
#5339 = DIRECTION('',(-0.,0.,-1.));
#5340 = DIRECTION('',(-5.92E-15,-1.,0.));
#5341 = FACE_BOUND('',#5342,.F.);
#5342 = EDGE_LOOP('',(#5343));
#5343 = ORIENTED_EDGE('',*,*,#5344,.T.);
#5344 = EDGE_CURVE('',#5345,#5345,#5347,.T.);
#5345 = VERTEX_POINT('',#5346);
#5346 = CARTESIAN_POINT('',(-4.6,-3.486,0.));
#5347 = CIRCLE('',#5348,0.15);
#5348 = AXIS2_PLACEMENT_3D('',#5349,#5350,#5351);
#5349 = CARTESIAN_POINT('',(-4.6,-3.336,0.));
#5350 = DIRECTION('',(-0.,0.,-1.));
#5351 = DIRECTION('',(-0.,-1.,0.));
#5352 = FACE_BOUND('',#5353,.F.);
#5353 = EDGE_LOOP('',(#5354));
#5354 = ORIENTED_EDGE('',*,*,#5355,.T.);
#5355 = EDGE_CURVE('',#5356,#5356,#5358,.T.);
#5356 = VERTEX_POINT('',#5357);
#5357 = CARTESIAN_POINT('',(-3.5,-3.486,0.));
#5358 = CIRCLE('',#5359,0.15);
#5359 = AXIS2_PLACEMENT_3D('',#5360,#5361,#5362);
#5360 = CARTESIAN_POINT('',(-3.5,-3.336,0.));
#5361 = DIRECTION('',(-0.,0.,-1.));
#5362 = DIRECTION('',(-0.,-1.,0.));
#5363 = FACE_BOUND('',#5364,.F.);
#5364 = EDGE_LOOP('',(#5365));
#5365 = ORIENTED_EDGE('',*,*,#5366,.T.);
#5366 = EDGE_CURVE('',#5367,#5367,#5369,.T.);
#5367 = VERTEX_POINT('',#5368);
#5368 = CARTESIAN_POINT('',(-2.4,-3.486,0.));
#5369 = CIRCLE('',#5370,0.15);
#5370 = AXIS2_PLACEMENT_3D('',#5371,#5372,#5373);
#5371 = CARTESIAN_POINT('',(-2.4,-3.336,0.));
#5372 = DIRECTION('',(-0.,0.,-1.));
#5373 = DIRECTION('',(-0.,-1.,0.));
#5374 = FACE_BOUND('',#5375,.F.);
#5375 = EDGE_LOOP('',(#5376));
#5376 = ORIENTED_EDGE('',*,*,#5377,.T.);
#5377 = EDGE_CURVE('',#5378,#5378,#5380,.T.);
#5378 = VERTEX_POINT('',#5379);
#5379 = CARTESIAN_POINT('',(2.81625,-9.1725,0.));
#5380 = CIRCLE('',#5381,0.15);
#5381 = AXIS2_PLACEMENT_3D('',#5382,#5383,#5384);
#5382 = CARTESIAN_POINT('',(2.81625,-9.0225,0.));
#5383 = DIRECTION('',(-0.,0.,-1.));
#5384 = DIRECTION('',(-0.,-1.,0.));
#5385 = FACE_BOUND('',#5386,.F.);
#5386 = EDGE_LOOP('',(#5387,#5398,#5406,#5415));
#5387 = ORIENTED_EDGE('',*,*,#5388,.T.);
#5388 = EDGE_CURVE('',#5389,#5391,#5393,.T.);
#5389 = VERTEX_POINT('',#5390);
#5390 = CARTESIAN_POINT('',(12.13,-10.602499,0.));
#5391 = VERTEX_POINT('',#5392);
#5392 = CARTESIAN_POINT('',(11.73,-10.602499,0.));
#5393 = CIRCLE('',#5394,0.2);
#5394 = AXIS2_PLACEMENT_3D('',#5395,#5396,#5397);
#5395 = CARTESIAN_POINT('',(11.93,-10.602499,0.));
#5396 = DIRECTION('',(-0.,0.,-1.));
#5397 = DIRECTION('',(-1.,-8.88E-15,0.));
#5398 = ORIENTED_EDGE('',*,*,#5399,.T.);
#5399 = EDGE_CURVE('',#5391,#5400,#5402,.T.);
#5400 = VERTEX_POINT('',#5401);
#5401 = CARTESIAN_POINT('',(11.73,-9.902501,0.));
#5402 = LINE('',#5403,#5404);
#5403 = CARTESIAN_POINT('',(11.73,-4.9512505,0.));
#5404 = VECTOR('',#5405,1.);
#5405 = DIRECTION('',(-0.,1.,0.));
#5406 = ORIENTED_EDGE('',*,*,#5407,.T.);
#5407 = EDGE_CURVE('',#5400,#5408,#5410,.T.);
#5408 = VERTEX_POINT('',#5409);
#5409 = CARTESIAN_POINT('',(12.13,-9.902501,0.));
#5410 = CIRCLE('',#5411,0.2);
#5411 = AXIS2_PLACEMENT_3D('',#5412,#5413,#5414);
#5412 = CARTESIAN_POINT('',(11.93,-9.902501,0.));
#5413 = DIRECTION('',(0.,-0.,-1.));
#5414 = DIRECTION('',(1.,-8.88E-15,0.));
#5415 = ORIENTED_EDGE('',*,*,#5416,.T.);
#5416 = EDGE_CURVE('',#5408,#5389,#5417,.T.);
#5417 = LINE('',#5418,#5419);
#5418 = CARTESIAN_POINT('',(12.13,-5.3012495,0.));
#5419 = VECTOR('',#5420,1.);
#5420 = DIRECTION('',(0.,-1.,0.));
#5421 = FACE_BOUND('',#5422,.F.);
#5422 = EDGE_LOOP('',(#5423,#5434,#5442,#5451));
#5423 = ORIENTED_EDGE('',*,*,#5424,.T.);
#5424 = EDGE_CURVE('',#5425,#5427,#5429,.T.);
#5425 = VERTEX_POINT('',#5426);
#5426 = CARTESIAN_POINT('',(16.83,-10.602499,0.));
#5427 = VERTEX_POINT('',#5428);
#5428 = CARTESIAN_POINT('',(16.43,-10.602499,0.));
#5429 = CIRCLE('',#5430,0.2);
#5430 = AXIS2_PLACEMENT_3D('',#5431,#5432,#5433);
#5431 = CARTESIAN_POINT('',(16.63,-10.602499,0.));
#5432 = DIRECTION('',(0.,0.,-1.));
#5433 = DIRECTION('',(-1.,8.88E-15,0.));
#5434 = ORIENTED_EDGE('',*,*,#5435,.T.);
#5435 = EDGE_CURVE('',#5427,#5436,#5438,.T.);
#5436 = VERTEX_POINT('',#5437);
#5437 = CARTESIAN_POINT('',(16.43,-9.902501,0.));
#5438 = LINE('',#5439,#5440);
#5439 = CARTESIAN_POINT('',(16.43,-4.9512505,0.));
#5440 = VECTOR('',#5441,1.);
#5441 = DIRECTION('',(-0.,1.,0.));
#5442 = ORIENTED_EDGE('',*,*,#5443,.T.);
#5443 = EDGE_CURVE('',#5436,#5444,#5446,.T.);
#5444 = VERTEX_POINT('',#5445);
#5445 = CARTESIAN_POINT('',(16.83,-9.902501,0.));
#5446 = CIRCLE('',#5447,0.2);
#5447 = AXIS2_PLACEMENT_3D('',#5448,#5449,#5450);
#5448 = CARTESIAN_POINT('',(16.63,-9.902501,0.));
#5449 = DIRECTION('',(0.,-0.,-1.));
#5450 = DIRECTION('',(1.,-1.776E-14,0.));
#5451 = ORIENTED_EDGE('',*,*,#5452,.T.);
#5452 = EDGE_CURVE('',#5444,#5425,#5453,.T.);
#5453 = LINE('',#5454,#5455);
#5454 = CARTESIAN_POINT('',(16.83,-5.3012495,0.));
#5455 = VECTOR('',#5456,1.);
#5456 = DIRECTION('',(0.,-1.,0.));
#5457 = FACE_BOUND('',#5458,.F.);
#5458 = EDGE_LOOP('',(#5459));
#5459 = ORIENTED_EDGE('',*,*,#5460,.T.);
#5460 = EDGE_CURVE('',#5461,#5461,#5463,.T.);
#5461 = VERTEX_POINT('',#5462);
#5462 = CARTESIAN_POINT('',(-7.6E-02,-6.406,0.));
#5463 = CIRCLE('',#5464,0.4);
#5464 = AXIS2_PLACEMENT_3D('',#5465,#5466,#5467);
#5465 = CARTESIAN_POINT('',(-7.6E-02,-6.006,0.));
#5466 = DIRECTION('',(-0.,0.,-1.));
#5467 = DIRECTION('',(-1.E-16,-1.,0.));
#5468 = FACE_BOUND('',#5469,.F.);
#5469 = EDGE_LOOP('',(#5470));
#5470 = ORIENTED_EDGE('',*,*,#5471,.T.);
#5471 = EDGE_CURVE('',#5472,#5472,#5474,.T.);
#5472 = VERTEX_POINT('',#5473);
#5473 = CARTESIAN_POINT('',(1.924,-6.406,0.));
#5474 = CIRCLE('',#5475,0.4);
#5475 = AXIS2_PLACEMENT_3D('',#5476,#5477,#5478);
#5476 = CARTESIAN_POINT('',(1.924,-6.006,0.));
#5477 = DIRECTION('',(-0.,0.,-1.));
#5478 = DIRECTION('',(-0.,-1.,0.));
#5479 = FACE_BOUND('',#5480,.F.);
#5480 = EDGE_LOOP('',(#5481));
#5481 = ORIENTED_EDGE('',*,*,#5482,.T.);
#5482 = EDGE_CURVE('',#5483,#5483,#5485,.T.);
#5483 = VERTEX_POINT('',#5484);
#5484 = CARTESIAN_POINT('',(3.924,-6.406,0.));
#5485 = CIRCLE('',#5486,0.4);
#5486 = AXIS2_PLACEMENT_3D('',#5487,#5488,#5489);
#5487 = CARTESIAN_POINT('',(3.924,-6.006,0.));
#5488 = DIRECTION('',(-0.,0.,-1.));
#5489 = DIRECTION('',(-0.,-1.,0.));
#5490 = FACE_BOUND('',#5491,.F.);
#5491 = EDGE_LOOP('',(#5492));
#5492 = ORIENTED_EDGE('',*,*,#5493,.T.);
#5493 = EDGE_CURVE('',#5494,#5494,#5496,.T.);
#5494 = VERTEX_POINT('',#5495);
#5495 = CARTESIAN_POINT('',(7.64,-2.1,0.));
#5496 = CIRCLE('',#5497,0.2);
#5497 = AXIS2_PLACEMENT_3D('',#5498,#5499,#5500);
#5498 = CARTESIAN_POINT('',(7.64,-1.9,0.));
#5499 = DIRECTION('',(-0.,0.,-1.));
#5500 = DIRECTION('',(-4.44E-15,-1.,0.));
#5501 = FACE_BOUND('',#5502,.F.);
#5502 = EDGE_LOOP('',(#5503,#5514,#5522,#5531));
#5503 = ORIENTED_EDGE('',*,*,#5504,.T.);
#5504 = EDGE_CURVE('',#5505,#5507,#5509,.T.);
#5505 = VERTEX_POINT('',#5506);
#5506 = CARTESIAN_POINT('',(12.57,-4.02,0.));
#5507 = VERTEX_POINT('',#5508);
#5508 = CARTESIAN_POINT('',(12.57,-4.62,0.));
#5509 = CIRCLE('',#5510,0.3);
#5510 = AXIS2_PLACEMENT_3D('',#5511,#5512,#5513);
#5511 = CARTESIAN_POINT('',(12.57,-4.32,0.));
#5512 = DIRECTION('',(-0.,0.,-1.));
#5513 = DIRECTION('',(5.92E-15,-1.,-0.));
#5514 = ORIENTED_EDGE('',*,*,#5515,.T.);
#5515 = EDGE_CURVE('',#5507,#5516,#5518,.T.);
#5516 = VERTEX_POINT('',#5517);
#5517 = CARTESIAN_POINT('',(11.47,-4.62,0.));
#5518 = LINE('',#5519,#5520);
#5519 = CARTESIAN_POINT('',(5.735,-4.62,0.));
#5520 = VECTOR('',#5521,1.);
#5521 = DIRECTION('',(-1.,0.,0.));
#5522 = ORIENTED_EDGE('',*,*,#5523,.T.);
#5523 = EDGE_CURVE('',#5516,#5524,#5526,.T.);
#5524 = VERTEX_POINT('',#5525);
#5525 = CARTESIAN_POINT('',(11.47,-4.02,0.));
#5526 = CIRCLE('',#5527,0.3);
#5527 = AXIS2_PLACEMENT_3D('',#5528,#5529,#5530);
#5528 = CARTESIAN_POINT('',(11.47,-4.32,0.));
#5529 = DIRECTION('',(-0.,0.,-1.));
#5530 = DIRECTION('',(0.,1.,0.));
#5531 = ORIENTED_EDGE('',*,*,#5532,.T.);
#5532 = EDGE_CURVE('',#5524,#5505,#5533,.T.);
#5533 = LINE('',#5534,#5535);
#5534 = CARTESIAN_POINT('',(6.285,-4.02,0.));
#5535 = VECTOR('',#5536,1.);
#5536 = DIRECTION('',(1.,0.,-0.));
#5537 = FACE_BOUND('',#5538,.F.);
#5538 = EDGE_LOOP('',(#5539,#5550,#5558,#5567));
#5539 = ORIENTED_EDGE('',*,*,#5540,.T.);
#5540 = EDGE_CURVE('',#5541,#5543,#5545,.T.);
#5541 = VERTEX_POINT('',#5542);
#5542 = CARTESIAN_POINT('',(16.5,-4.02,0.));
#5543 = VERTEX_POINT('',#5544);
#5544 = CARTESIAN_POINT('',(16.5,-4.62,0.));
#5545 = CIRCLE('',#5546,0.3);
#5546 = AXIS2_PLACEMENT_3D('',#5547,#5548,#5549);
#5547 = CARTESIAN_POINT('',(16.5,-4.32,0.));
#5548 = DIRECTION('',(-0.,0.,-1.));
#5549 = DIRECTION('',(-0.,-1.,0.));
#5550 = ORIENTED_EDGE('',*,*,#5551,.T.);
#5551 = EDGE_CURVE('',#5543,#5552,#5554,.T.);
#5552 = VERTEX_POINT('',#5553);
#5553 = CARTESIAN_POINT('',(15.9,-4.62,0.));
#5554 = LINE('',#5555,#5556);
#5555 = CARTESIAN_POINT('',(7.95,-4.62,0.));
#5556 = VECTOR('',#5557,1.);
#5557 = DIRECTION('',(-1.,0.,0.));
#5558 = ORIENTED_EDGE('',*,*,#5559,.T.);
#5559 = EDGE_CURVE('',#5552,#5560,#5562,.T.);
#5560 = VERTEX_POINT('',#5561);
#5561 = CARTESIAN_POINT('',(15.9,-4.02,0.));
#5562 = CIRCLE('',#5563,0.3);
#5563 = AXIS2_PLACEMENT_3D('',#5564,#5565,#5566);
#5564 = CARTESIAN_POINT('',(15.9,-4.32,0.));
#5565 = DIRECTION('',(-0.,0.,-1.));
#5566 = DIRECTION('',(0.,1.,0.));
#5567 = ORIENTED_EDGE('',*,*,#5568,.T.);
#5568 = EDGE_CURVE('',#5560,#5541,#5569,.T.);
#5569 = LINE('',#5570,#5571);
#5570 = CARTESIAN_POINT('',(8.25,-4.02,0.));
#5571 = VECTOR('',#5572,1.);
#5572 = DIRECTION('',(1.,0.,-0.));
#5573 = FACE_BOUND('',#5574,.F.);
#5574 = EDGE_LOOP('',(#5575));
#5575 = ORIENTED_EDGE('',*,*,#5576,.T.);
#5576 = EDGE_CURVE('',#5577,#5577,#5579,.T.);
#5577 = VERTEX_POINT('',#5578);
#5578 = CARTESIAN_POINT('',(12.55,-3.215,0.));
#5579 = CIRCLE('',#5580,0.325);
#5580 = AXIS2_PLACEMENT_3D('',#5581,#5582,#5583);
#5581 = CARTESIAN_POINT('',(12.55,-2.89,0.));
#5582 = DIRECTION('',(-0.,0.,-1.));
#5583 = DIRECTION('',(-0.,-1.,0.));
#5584 = FACE_BOUND('',#5585,.F.);
#5585 = EDGE_LOOP('',(#5586));
#5586 = ORIENTED_EDGE('',*,*,#5587,.T.);
#5587 = EDGE_CURVE('',#5588,#5588,#5590,.T.);
#5588 = VERTEX_POINT('',#5589);
#5589 = CARTESIAN_POINT('',(11.83,-2.55,0.));
#5590 = CIRCLE('',#5591,0.1);
#5591 = AXIS2_PLACEMENT_3D('',#5592,#5593,#5594);
#5592 = CARTESIAN_POINT('',(11.83,-2.45,0.));
#5593 = DIRECTION('',(-0.,0.,-1.));
#5594 = DIRECTION('',(-0.,-1.,0.));
#5595 = FACE_BOUND('',#5596,.F.);
#5596 = EDGE_LOOP('',(#5597));
#5597 = ORIENTED_EDGE('',*,*,#5598,.T.);
#5598 = EDGE_CURVE('',#5599,#5599,#5601,.T.);
#5599 = VERTEX_POINT('',#5600);
#5600 = CARTESIAN_POINT('',(11.83,-1.85,0.));
#5601 = CIRCLE('',#5602,0.1);
#5602 = AXIS2_PLACEMENT_3D('',#5603,#5604,#5605);
#5603 = CARTESIAN_POINT('',(11.83,-1.75,0.));
#5604 = DIRECTION('',(-0.,0.,-1.));
#5605 = DIRECTION('',(-0.,-1.,0.));
#5606 = FACE_BOUND('',#5607,.F.);
#5607 = EDGE_LOOP('',(#5608,#5619,#5627,#5636));
#5608 = ORIENTED_EDGE('',*,*,#5609,.T.);
#5609 = EDGE_CURVE('',#5610,#5612,#5614,.T.);
#5610 = VERTEX_POINT('',#5611);
#5611 = CARTESIAN_POINT('',(-19.55,0.4,0.));
#5612 = VERTEX_POINT('',#5613);
#5613 = CARTESIAN_POINT('',(-17.05,0.4,0.));
#5614 = CIRCLE('',#5615,1.25);
#5615 = AXIS2_PLACEMENT_3D('',#5616,#5617,#5618);
#5616 = CARTESIAN_POINT('',(-18.3,0.4,0.));
#5617 = DIRECTION('',(0.,0.,-1.));
#5618 = DIRECTION('',(1.,9.E-17,0.));
#5619 = ORIENTED_EDGE('',*,*,#5620,.T.);
#5620 = EDGE_CURVE('',#5612,#5621,#5623,.T.);
#5621 = VERTEX_POINT('',#5622);
#5622 = CARTESIAN_POINT('',(-17.05,-0.4,0.));
#5623 = LINE('',#5624,#5625);
#5624 = CARTESIAN_POINT('',(-17.05,-0.2,0.));
#5625 = VECTOR('',#5626,1.);
#5626 = DIRECTION('',(0.,-1.,0.));
#5627 = ORIENTED_EDGE('',*,*,#5628,.T.);
#5628 = EDGE_CURVE('',#5621,#5629,#5631,.T.);
#5629 = VERTEX_POINT('',#5630);
#5630 = CARTESIAN_POINT('',(-19.55,-0.4,0.));
#5631 = CIRCLE('',#5632,1.25);
#5632 = AXIS2_PLACEMENT_3D('',#5633,#5634,#5635);
#5633 = CARTESIAN_POINT('',(-18.3,-0.4,0.));
#5634 = DIRECTION('',(-0.,0.,-1.));
#5635 = DIRECTION('',(-1.,-9.E-17,0.));
#5636 = ORIENTED_EDGE('',*,*,#5637,.T.);
#5637 = EDGE_CURVE('',#5629,#5610,#5638,.T.);
#5638 = LINE('',#5639,#5640);
#5639 = CARTESIAN_POINT('',(-19.55,0.2,0.));
#5640 = VECTOR('',#5641,1.);
#5641 = DIRECTION('',(-0.,1.,0.));
#5642 = FACE_BOUND('',#5643,.F.);
#5643 = EDGE_LOOP('',(#5644));
#5644 = ORIENTED_EDGE('',*,*,#5645,.T.);
#5645 = EDGE_CURVE('',#5646,#5646,#5648,.T.);
#5646 = VERTEX_POINT('',#5647);
#5647 = CARTESIAN_POINT('',(-14.3,-0.9,0.));
#5648 = CIRCLE('',#5649,0.15);
#5649 = AXIS2_PLACEMENT_3D('',#5650,#5651,#5652);
#5650 = CARTESIAN_POINT('',(-14.3,-0.75,0.));
#5651 = DIRECTION('',(-0.,0.,-1.));
#5652 = DIRECTION('',(-0.,-1.,0.));
#5653 = FACE_BOUND('',#5654,.F.);
#5654 = EDGE_LOOP('',(#5655));
#5655 = ORIENTED_EDGE('',*,*,#5656,.T.);
#5656 = EDGE_CURVE('',#5657,#5657,#5659,.T.);
#5657 = VERTEX_POINT('',#5658);
#5658 = CARTESIAN_POINT('',(-13.75,-0.85,0.));
#5659 = CIRCLE('',#5660,0.1);
#5660 = AXIS2_PLACEMENT_3D('',#5661,#5662,#5663);
#5661 = CARTESIAN_POINT('',(-13.75,-0.75,0.));
#5662 = DIRECTION('',(-0.,0.,-1.));
#5663 = DIRECTION('',(-0.,-1.,0.));
#5664 = FACE_BOUND('',#5665,.F.);
#5665 = EDGE_LOOP('',(#5666));
#5666 = ORIENTED_EDGE('',*,*,#5667,.T.);
#5667 = EDGE_CURVE('',#5668,#5668,#5670,.T.);
#5668 = VERTEX_POINT('',#5669);
#5669 = CARTESIAN_POINT('',(-13.25,-0.35,0.));
#5670 = CIRCLE('',#5671,0.1);
#5671 = AXIS2_PLACEMENT_3D('',#5672,#5673,#5674);
#5672 = CARTESIAN_POINT('',(-13.25,-0.25,0.));
#5673 = DIRECTION('',(-0.,0.,-1.));
#5674 = DIRECTION('',(-0.,-1.,0.));
#5675 = FACE_BOUND('',#5676,.F.);
#5676 = EDGE_LOOP('',(#5677));
#5677 = ORIENTED_EDGE('',*,*,#5678,.T.);
#5678 = EDGE_CURVE('',#5679,#5679,#5681,.T.);
#5679 = VERTEX_POINT('',#5680);
#5680 = CARTESIAN_POINT('',(-10.98,-1.4,0.));
#5681 = CIRCLE('',#5682,0.15);
#5682 = AXIS2_PLACEMENT_3D('',#5683,#5684,#5685);
#5683 = CARTESIAN_POINT('',(-10.98,-1.25,0.));
#5684 = DIRECTION('',(-0.,0.,-1.));
#5685 = DIRECTION('',(-0.,-1.,0.));
#5686 = FACE_BOUND('',#5687,.F.);
#5687 = EDGE_LOOP('',(#5688));
#5688 = ORIENTED_EDGE('',*,*,#5689,.T.);
#5689 = EDGE_CURVE('',#5690,#5690,#5692,.T.);
#5690 = VERTEX_POINT('',#5691);
#5691 = CARTESIAN_POINT('',(-13.75,0.15,0.));
#5692 = CIRCLE('',#5693,0.1);
#5693 = AXIS2_PLACEMENT_3D('',#5694,#5695,#5696);
#5694 = CARTESIAN_POINT('',(-13.75,0.25,0.));
#5695 = DIRECTION('',(-0.,0.,-1.));
#5696 = DIRECTION('',(-0.,-1.,0.));
#5697 = FACE_BOUND('',#5698,.F.);
#5698 = EDGE_LOOP('',(#5699));
#5699 = ORIENTED_EDGE('',*,*,#5700,.T.);
#5700 = EDGE_CURVE('',#5701,#5701,#5703,.T.);
#5701 = VERTEX_POINT('',#5702);
#5702 = CARTESIAN_POINT('',(-14.3,0.6,0.));
#5703 = CIRCLE('',#5704,0.15);
#5704 = AXIS2_PLACEMENT_3D('',#5705,#5706,#5707);
#5705 = CARTESIAN_POINT('',(-14.3,0.75,0.));
#5706 = DIRECTION('',(-0.,0.,-1.));
#5707 = DIRECTION('',(-0.,-1.,0.));
#5708 = FACE_BOUND('',#5709,.F.);
#5709 = EDGE_LOOP('',(#5710));
#5710 = ORIENTED_EDGE('',*,*,#5711,.T.);
#5711 = EDGE_CURVE('',#5712,#5712,#5714,.T.);
#5712 = VERTEX_POINT('',#5713);
#5713 = CARTESIAN_POINT('',(-13.25,0.65,0.));
#5714 = CIRCLE('',#5715,0.1);
#5715 = AXIS2_PLACEMENT_3D('',#5716,#5717,#5718);
#5716 = CARTESIAN_POINT('',(-13.25,0.75,0.));
#5717 = DIRECTION('',(-0.,0.,-1.));
#5718 = DIRECTION('',(-0.,-1.,0.));
#5719 = FACE_BOUND('',#5720,.F.);
#5720 = EDGE_LOOP('',(#5721));
#5721 = ORIENTED_EDGE('',*,*,#5722,.T.);
#5722 = EDGE_CURVE('',#5723,#5723,#5725,.T.);
#5723 = VERTEX_POINT('',#5724);
#5724 = CARTESIAN_POINT('',(-17.72,1.6,0.));
#5725 = CIRCLE('',#5726,0.65);
#5726 = AXIS2_PLACEMENT_3D('',#5727,#5728,#5729);
#5727 = CARTESIAN_POINT('',(-17.72,2.25,0.));
#5728 = DIRECTION('',(-0.,0.,-1.));
#5729 = DIRECTION('',(-0.,-1.,0.));
#5730 = FACE_BOUND('',#5731,.F.);
#5731 = EDGE_LOOP('',(#5732));
#5732 = ORIENTED_EDGE('',*,*,#5733,.T.);
#5733 = EDGE_CURVE('',#5734,#5734,#5736,.T.);
#5734 = VERTEX_POINT('',#5735);
#5735 = CARTESIAN_POINT('',(-10.955,1.445,0.));
#5736 = CIRCLE('',#5737,0.15);
#5737 = AXIS2_PLACEMENT_3D('',#5738,#5739,#5740);
#5738 = CARTESIAN_POINT('',(-10.955,1.595,0.));
#5739 = DIRECTION('',(-0.,0.,-1.));
#5740 = DIRECTION('',(-0.,-1.,0.));
#5741 = FACE_BOUND('',#5742,.F.);
#5742 = EDGE_LOOP('',(#5743));
#5743 = ORIENTED_EDGE('',*,*,#5744,.T.);
#5744 = EDGE_CURVE('',#5745,#5745,#5747,.T.);
#5745 = VERTEX_POINT('',#5746);
#5746 = CARTESIAN_POINT('',(-13.63,2.565,0.));
#5747 = CIRCLE('',#5748,0.325);
#5748 = AXIS2_PLACEMENT_3D('',#5749,#5750,#5751);
#5749 = CARTESIAN_POINT('',(-13.63,2.89,0.));
#5750 = DIRECTION('',(-0.,0.,-1.));
#5751 = DIRECTION('',(-5.47E-15,-1.,0.));
#5752 = FACE_BOUND('',#5753,.F.);
#5753 = EDGE_LOOP('',(#5754));
#5754 = ORIENTED_EDGE('',*,*,#5755,.T.);
#5755 = EDGE_CURVE('',#5756,#5756,#5758,.T.);
#5756 = VERTEX_POINT('',#5757);
#5757 = CARTESIAN_POINT('',(-5.85,-0.186,0.));
#5758 = CIRCLE('',#5759,1.5);
#5759 = AXIS2_PLACEMENT_3D('',#5760,#5761,#5762);
#5760 = CARTESIAN_POINT('',(-5.85,1.314,0.));
#5761 = DIRECTION('',(-0.,0.,-1.));
#5762 = DIRECTION('',(-0.,-1.,0.));
#5763 = FACE_BOUND('',#5764,.F.);
#5764 = EDGE_LOOP('',(#5765,#5776,#5784,#5793));
#5765 = ORIENTED_EDGE('',*,*,#5766,.T.);
#5766 = EDGE_CURVE('',#5767,#5769,#5771,.T.);
#5767 = VERTEX_POINT('',#5768);
#5768 = CARTESIAN_POINT('',(-17.548632,4.02,0.));
#5769 = VERTEX_POINT('',#5770);
#5770 = CARTESIAN_POINT('',(-17.548632,4.62,0.));
#5771 = CIRCLE('',#5772,0.3);
#5772 = AXIS2_PLACEMENT_3D('',#5773,#5774,#5775);
#5773 = CARTESIAN_POINT('',(-17.548632,4.32,0.));
#5774 = DIRECTION('',(0.,0.,-1.));
#5775 = DIRECTION('',(-1.184E-14,1.,0.));
#5776 = ORIENTED_EDGE('',*,*,#5777,.T.);
#5777 = EDGE_CURVE('',#5769,#5778,#5780,.T.);
#5778 = VERTEX_POINT('',#5779);
#5779 = CARTESIAN_POINT('',(-16.948632,4.62,0.));
#5780 = LINE('',#5781,#5782);
#5781 = CARTESIAN_POINT('',(-8.474316,4.62,0.));
#5782 = VECTOR('',#5783,1.);
#5783 = DIRECTION('',(1.,0.,-0.));
#5784 = ORIENTED_EDGE('',*,*,#5785,.T.);
#5785 = EDGE_CURVE('',#5778,#5786,#5788,.T.);
#5786 = VERTEX_POINT('',#5787);
#5787 = CARTESIAN_POINT('',(-16.948632,4.02,0.));
#5788 = CIRCLE('',#5789,0.3);
#5789 = AXIS2_PLACEMENT_3D('',#5790,#5791,#5792);
#5790 = CARTESIAN_POINT('',(-16.948632,4.32,0.));
#5791 = DIRECTION('',(-0.,0.,-1.));
#5792 = DIRECTION('',(-1.184E-14,-1.,0.));
#5793 = ORIENTED_EDGE('',*,*,#5794,.T.);
#5794 = EDGE_CURVE('',#5786,#5767,#5795,.T.);
#5795 = LINE('',#5796,#5797);
#5796 = CARTESIAN_POINT('',(-8.774316,4.02,0.));
#5797 = VECTOR('',#5798,1.);
#5798 = DIRECTION('',(-1.,0.,0.));
#5799 = FACE_BOUND('',#5800,.F.);
#5800 = EDGE_LOOP('',(#5801,#5812,#5820,#5829));
#5801 = ORIENTED_EDGE('',*,*,#5802,.T.);
#5802 = EDGE_CURVE('',#5803,#5805,#5807,.T.);
#5803 = VERTEX_POINT('',#5804);
#5804 = CARTESIAN_POINT('',(-18.519986,5.399988,0.));
#5805 = VERTEX_POINT('',#5806);
#5806 = CARTESIAN_POINT('',(-18.519986,6.300012,0.));
#5807 = CIRCLE('',#5808,0.450012);
#5808 = AXIS2_PLACEMENT_3D('',#5809,#5810,#5811);
#5809 = CARTESIAN_POINT('',(-18.519986,5.85,0.));
#5810 = DIRECTION('',(-0.,0.,-1.));
#5811 = DIRECTION('',(0.,1.,0.));
#5812 = ORIENTED_EDGE('',*,*,#5813,.T.);
#5813 = EDGE_CURVE('',#5805,#5814,#5816,.T.);
#5814 = VERTEX_POINT('',#5815);
#5815 = CARTESIAN_POINT('',(-16.920014,6.300012,0.));
#5816 = LINE('',#5817,#5818);
#5817 = CARTESIAN_POINT('',(-8.460007,6.300012,0.));
#5818 = VECTOR('',#5819,1.);
#5819 = DIRECTION('',(1.,0.,-0.));
#5820 = ORIENTED_EDGE('',*,*,#5821,.T.);
#5821 = EDGE_CURVE('',#5814,#5822,#5824,.T.);
#5822 = VERTEX_POINT('',#5823);
#5823 = CARTESIAN_POINT('',(-16.920014,5.399988,0.));
#5824 = CIRCLE('',#5825,0.450012);
#5825 = AXIS2_PLACEMENT_3D('',#5826,#5827,#5828);
#5826 = CARTESIAN_POINT('',(-16.920014,5.85,0.));
#5827 = DIRECTION('',(-0.,0.,-1.));
#5828 = DIRECTION('',(7.89E-15,-1.,-0.));
#5829 = ORIENTED_EDGE('',*,*,#5830,.T.);
#5830 = EDGE_CURVE('',#5822,#5803,#5831,.T.);
#5831 = LINE('',#5832,#5833);
#5832 = CARTESIAN_POINT('',(-9.259993,5.399988,0.));
#5833 = VECTOR('',#5834,1.);
#5834 = DIRECTION('',(-1.,0.,0.));
#5835 = FACE_BOUND('',#5836,.F.);
#5836 = EDGE_LOOP('',(#5837,#5848,#5856,#5865));
#5837 = ORIENTED_EDGE('',*,*,#5838,.T.);
#5838 = EDGE_CURVE('',#5839,#5841,#5843,.T.);
#5839 = VERTEX_POINT('',#5840);
#5840 = CARTESIAN_POINT('',(-13.618632,4.02,0.));
#5841 = VERTEX_POINT('',#5842);
#5842 = CARTESIAN_POINT('',(-13.618632,4.62,0.));
#5843 = CIRCLE('',#5844,0.3);
#5844 = AXIS2_PLACEMENT_3D('',#5845,#5846,#5847);
#5845 = CARTESIAN_POINT('',(-13.618632,4.32,0.));
#5846 = DIRECTION('',(-0.,0.,-1.));
#5847 = DIRECTION('',(0.,1.,0.));
#5848 = ORIENTED_EDGE('',*,*,#5849,.T.);
#5849 = EDGE_CURVE('',#5841,#5850,#5852,.T.);
#5850 = VERTEX_POINT('',#5851);
#5851 = CARTESIAN_POINT('',(-12.518632,4.62,0.));
#5852 = LINE('',#5853,#5854);
#5853 = CARTESIAN_POINT('',(-6.259316,4.62,0.));
#5854 = VECTOR('',#5855,1.);
#5855 = DIRECTION('',(1.,0.,-0.));
#5856 = ORIENTED_EDGE('',*,*,#5857,.T.);
#5857 = EDGE_CURVE('',#5850,#5858,#5860,.T.);
#5858 = VERTEX_POINT('',#5859);
#5859 = CARTESIAN_POINT('',(-12.518632,4.02,0.));
#5860 = CIRCLE('',#5861,0.3);
#5861 = AXIS2_PLACEMENT_3D('',#5862,#5863,#5864);
#5862 = CARTESIAN_POINT('',(-12.518632,4.32,0.));
#5863 = DIRECTION('',(-0.,0.,-1.));
#5864 = DIRECTION('',(-0.,-1.,0.));
#5865 = ORIENTED_EDGE('',*,*,#5866,.T.);
#5866 = EDGE_CURVE('',#5858,#5839,#5867,.T.);
#5867 = LINE('',#5868,#5869);
#5868 = CARTESIAN_POINT('',(-6.809316,4.02,0.));
#5869 = VECTOR('',#5870,1.);
#5870 = DIRECTION('',(-1.,0.,0.));
#5871 = FACE_BOUND('',#5872,.F.);
#5872 = EDGE_LOOP('',(#5873));
#5873 = ORIENTED_EDGE('',*,*,#5874,.T.);
#5874 = EDGE_CURVE('',#5875,#5875,#5877,.T.);
#5875 = VERTEX_POINT('',#5876);
#5876 = CARTESIAN_POINT('',(-2.2,4.65,0.));
#5877 = CIRCLE('',#5878,0.15);
#5878 = AXIS2_PLACEMENT_3D('',#5879,#5880,#5881);
#5879 = CARTESIAN_POINT('',(-2.2,4.8,0.));
#5880 = DIRECTION('',(-0.,0.,-1.));
#5881 = DIRECTION('',(-0.,-1.,0.));
#5882 = FACE_BOUND('',#5883,.F.);
#5883 = EDGE_LOOP('',(#5884));
#5884 = ORIENTED_EDGE('',*,*,#5885,.T.);
#5885 = EDGE_CURVE('',#5886,#5886,#5888,.T.);
#5886 = VERTEX_POINT('',#5887);
#5887 = CARTESIAN_POINT('',(-7.9,7.314,0.));
#5888 = CIRCLE('',#5889,0.15);
#5889 = AXIS2_PLACEMENT_3D('',#5890,#5891,#5892);
#5890 = CARTESIAN_POINT('',(-7.9,7.464,0.));
#5891 = DIRECTION('',(-0.,0.,-1.));
#5892 = DIRECTION('',(-0.,-1.,0.));
#5893 = FACE_BOUND('',#5894,.F.);
#5894 = EDGE_LOOP('',(#5895));
#5895 = ORIENTED_EDGE('',*,*,#5896,.T.);
#5896 = EDGE_CURVE('',#5897,#5897,#5899,.T.);
#5897 = VERTEX_POINT('',#5898);
#5898 = CARTESIAN_POINT('',(-6.8,7.314,0.));
#5899 = CIRCLE('',#5900,0.15);
#5900 = AXIS2_PLACEMENT_3D('',#5901,#5902,#5903);
#5901 = CARTESIAN_POINT('',(-6.8,7.464,0.));
#5902 = DIRECTION('',(-0.,0.,-1.));
#5903 = DIRECTION('',(5.92E-15,-1.,-0.));
#5904 = FACE_BOUND('',#5905,.F.);
#5905 = EDGE_LOOP('',(#5906));
#5906 = ORIENTED_EDGE('',*,*,#5907,.T.);
#5907 = EDGE_CURVE('',#5908,#5908,#5910,.T.);
#5908 = VERTEX_POINT('',#5909);
#5909 = CARTESIAN_POINT('',(-5.7,7.314,0.));
#5910 = CIRCLE('',#5911,0.15);
#5911 = AXIS2_PLACEMENT_3D('',#5912,#5913,#5914);
#5912 = CARTESIAN_POINT('',(-5.7,7.464,0.));
#5913 = DIRECTION('',(-0.,0.,-1.));
#5914 = DIRECTION('',(-5.92E-15,-1.,0.));
#5915 = FACE_BOUND('',#5916,.F.);
#5916 = EDGE_LOOP('',(#5917));
#5917 = ORIENTED_EDGE('',*,*,#5918,.T.);
#5918 = EDGE_CURVE('',#5919,#5919,#5921,.T.);
#5919 = VERTEX_POINT('',#5920);
#5920 = CARTESIAN_POINT('',(3.2,0.725,0.));
#5921 = CIRCLE('',#5922,0.15);
#5922 = AXIS2_PLACEMENT_3D('',#5923,#5924,#5925);
#5923 = CARTESIAN_POINT('',(3.2,0.875,0.));
#5924 = DIRECTION('',(-0.,0.,-1.));
#5925 = DIRECTION('',(-0.,-1.,0.));
#5926 = FACE_BOUND('',#5927,.F.);
#5927 = EDGE_LOOP('',(#5928));
#5928 = ORIENTED_EDGE('',*,*,#5929,.T.);
#5929 = EDGE_CURVE('',#5930,#5930,#5932,.T.);
#5930 = VERTEX_POINT('',#5931);
#5931 = CARTESIAN_POINT('',(11.7,-0.35,0.));
#5932 = CIRCLE('',#5933,0.1);
#5933 = AXIS2_PLACEMENT_3D('',#5934,#5935,#5936);
#5934 = CARTESIAN_POINT('',(11.7,-0.25,0.));
#5935 = DIRECTION('',(-0.,0.,-1.));
#5936 = DIRECTION('',(-0.,-1.,0.));
#5937 = FACE_BOUND('',#5938,.F.);
#5938 = EDGE_LOOP('',(#5939));
#5939 = ORIENTED_EDGE('',*,*,#5940,.T.);
#5940 = EDGE_CURVE('',#5941,#5941,#5943,.T.);
#5941 = VERTEX_POINT('',#5942);
#5942 = CARTESIAN_POINT('',(12.15,0.15,0.));
#5943 = CIRCLE('',#5944,0.1);
#5944 = AXIS2_PLACEMENT_3D('',#5945,#5946,#5947);
#5945 = CARTESIAN_POINT('',(12.15,0.25,0.));
#5946 = DIRECTION('',(-0.,0.,-1.));
#5947 = DIRECTION('',(-0.,-1.,0.));
#5948 = FACE_BOUND('',#5949,.F.);
#5949 = EDGE_LOOP('',(#5950,#5961,#5969,#5978));
#5950 = ORIENTED_EDGE('',*,*,#5951,.T.);
#5951 = EDGE_CURVE('',#5952,#5954,#5956,.T.);
#5952 = VERTEX_POINT('',#5953);
#5953 = CARTESIAN_POINT('',(15.92,0.6,0.));
#5954 = VERTEX_POINT('',#5955);
#5955 = CARTESIAN_POINT('',(18.72,0.6,0.));
#5956 = CIRCLE('',#5957,1.4);
#5957 = AXIS2_PLACEMENT_3D('',#5958,#5959,#5960);
#5958 = CARTESIAN_POINT('',(17.32,0.6,0.));
#5959 = DIRECTION('',(0.,-0.,-1.));
#5960 = DIRECTION('',(1.,-7.1E-16,0.));
#5961 = ORIENTED_EDGE('',*,*,#5962,.T.);
#5962 = EDGE_CURVE('',#5954,#5963,#5965,.T.);
#5963 = VERTEX_POINT('',#5964);
#5964 = CARTESIAN_POINT('',(18.72,-0.6,0.));
#5965 = LINE('',#5966,#5967);
#5966 = CARTESIAN_POINT('',(18.72,-0.3,0.));
#5967 = VECTOR('',#5968,1.);
#5968 = DIRECTION('',(0.,-1.,0.));
#5969 = ORIENTED_EDGE('',*,*,#5970,.T.);
#5970 = EDGE_CURVE('',#5963,#5971,#5973,.T.);
#5971 = VERTEX_POINT('',#5972);
#5972 = CARTESIAN_POINT('',(15.92,-0.6,0.));
#5973 = CIRCLE('',#5974,1.4);
#5974 = AXIS2_PLACEMENT_3D('',#5975,#5976,#5977);
#5975 = CARTESIAN_POINT('',(17.32,-0.6,0.));
#5976 = DIRECTION('',(0.,0.,-1.));
#5977 = DIRECTION('',(-1.,7.1E-16,0.));
#5978 = ORIENTED_EDGE('',*,*,#5979,.T.);
#5979 = EDGE_CURVE('',#5971,#5952,#5980,.T.);
#5980 = LINE('',#5981,#5982);
#5981 = CARTESIAN_POINT('',(15.92,0.3,0.));
#5982 = VECTOR('',#5983,1.);
#5983 = DIRECTION('',(-0.,1.,0.));
#5984 = FACE_BOUND('',#5985,.F.);
#5985 = EDGE_LOOP('',(#5986));
#5986 = ORIENTED_EDGE('',*,*,#5987,.T.);
#5987 = EDGE_CURVE('',#5988,#5988,#5990,.T.);
#5988 = VERTEX_POINT('',#5989);
#5989 = CARTESIAN_POINT('',(11.83,1.15,0.));
#5990 = CIRCLE('',#5991,0.1);
#5991 = AXIS2_PLACEMENT_3D('',#5992,#5993,#5994);
#5992 = CARTESIAN_POINT('',(11.83,1.25,0.));
#5993 = DIRECTION('',(-0.,0.,-1.));
#5994 = DIRECTION('',(-0.,-1.,0.));
#5995 = FACE_BOUND('',#5996,.F.);
#5996 = EDGE_LOOP('',(#5997));
#5997 = ORIENTED_EDGE('',*,*,#5998,.T.);
#5998 = EDGE_CURVE('',#5999,#5999,#6001,.T.);
#5999 = VERTEX_POINT('',#6000);
#6000 = CARTESIAN_POINT('',(12.8,1.35,0.));
#6001 = CIRCLE('',#6002,0.15);
#6002 = AXIS2_PLACEMENT_3D('',#6003,#6004,#6005);
#6003 = CARTESIAN_POINT('',(12.8,1.5,0.));
#6004 = DIRECTION('',(-0.,0.,-1.));
#6005 = DIRECTION('',(-0.,-1.,0.));
#6006 = FACE_BOUND('',#6007,.F.);
#6007 = EDGE_LOOP('',(#6008));
#6008 = ORIENTED_EDGE('',*,*,#6009,.T.);
#6009 = EDGE_CURVE('',#6010,#6010,#6012,.T.);
#6010 = VERTEX_POINT('',#6011);
#6011 = CARTESIAN_POINT('',(11.83,2.35,0.));
#6012 = CIRCLE('',#6013,0.1);
#6013 = AXIS2_PLACEMENT_3D('',#6014,#6015,#6016);
#6014 = CARTESIAN_POINT('',(11.83,2.45,0.));
#6015 = DIRECTION('',(-0.,0.,-1.));
#6016 = DIRECTION('',(-0.,-1.,0.));
#6017 = FACE_BOUND('',#6018,.F.);
#6018 = EDGE_LOOP('',(#6019));
#6019 = ORIENTED_EDGE('',*,*,#6020,.T.);
#6020 = EDGE_CURVE('',#6021,#6021,#6023,.T.);
#6021 = VERTEX_POINT('',#6022);
#6022 = CARTESIAN_POINT('',(12.55,2.565,0.));
#6023 = CIRCLE('',#6024,0.325);
#6024 = AXIS2_PLACEMENT_3D('',#6025,#6026,#6027);
#6025 = CARTESIAN_POINT('',(12.55,2.89,0.));
#6026 = DIRECTION('',(-0.,0.,-1.));
#6027 = DIRECTION('',(-0.,-1.,0.));
#6028 = FACE_BOUND('',#6029,.F.);
#6029 = EDGE_LOOP('',(#6030));
#6030 = ORIENTED_EDGE('',*,*,#6031,.T.);
#6031 = EDGE_CURVE('',#6032,#6032,#6034,.T.);
#6032 = VERTEX_POINT('',#6033);
#6033 = CARTESIAN_POINT('',(4.7,4.45,0.));
#6034 = CIRCLE('',#6035,0.15);
#6035 = AXIS2_PLACEMENT_3D('',#6036,#6037,#6038);
#6036 = CARTESIAN_POINT('',(4.7,4.6,0.));
#6037 = DIRECTION('',(-0.,0.,-1.));
#6038 = DIRECTION('',(5.92E-15,-1.,-0.));
#6039 = FACE_BOUND('',#6040,.F.);
#6040 = EDGE_LOOP('',(#6041));
#6041 = ORIENTED_EDGE('',*,*,#6042,.T.);
#6042 = EDGE_CURVE('',#6043,#6043,#6045,.T.);
#6043 = VERTEX_POINT('',#6044);
#6044 = CARTESIAN_POINT('',(4.8,5.25,0.));
#6045 = CIRCLE('',#6046,0.15);
#6046 = AXIS2_PLACEMENT_3D('',#6047,#6048,#6049);
#6047 = CARTESIAN_POINT('',(4.8,5.4,0.));
#6048 = DIRECTION('',(-0.,0.,-1.));
#6049 = DIRECTION('',(-5.92E-15,-1.,0.));
#6050 = FACE_BOUND('',#6051,.F.);
#6051 = EDGE_LOOP('',(#6052));
#6052 = ORIENTED_EDGE('',*,*,#6053,.T.);
#6053 = EDGE_CURVE('',#6054,#6054,#6056,.T.);
#6054 = VERTEX_POINT('',#6055);
#6055 = CARTESIAN_POINT('',(8.29,5.71,0.));
#6056 = CIRCLE('',#6057,0.15);
#6057 = AXIS2_PLACEMENT_3D('',#6058,#6059,#6060);
#6058 = CARTESIAN_POINT('',(8.29,5.86,0.));
#6059 = DIRECTION('',(-0.,0.,-1.));
#6060 = DIRECTION('',(-0.,-1.,0.));
#6061 = FACE_BOUND('',#6062,.F.);
#6062 = EDGE_LOOP('',(#6063));
#6063 = ORIENTED_EDGE('',*,*,#6064,.T.);
#6064 = EDGE_CURVE('',#6065,#6065,#6067,.T.);
#6065 = VERTEX_POINT('',#6066);
#6066 = CARTESIAN_POINT('',(-0.2,5.739,0.));
#6067 = CIRCLE('',#6068,0.325);
#6068 = AXIS2_PLACEMENT_3D('',#6069,#6070,#6071);
#6069 = CARTESIAN_POINT('',(-0.2,6.064,0.));
#6070 = DIRECTION('',(-0.,0.,-1.));
#6071 = DIRECTION('',(-0.,-1.,0.));
#6072 = FACE_BOUND('',#6073,.F.);
#6073 = EDGE_LOOP('',(#6074,#6085,#6093,#6102));
#6074 = ORIENTED_EDGE('',*,*,#6075,.T.);
#6075 = EDGE_CURVE('',#6076,#6078,#6080,.T.);
#6076 = VERTEX_POINT('',#6077);
#6077 = CARTESIAN_POINT('',(12.57,4.62,0.));
#6078 = VERTEX_POINT('',#6079);
#6079 = CARTESIAN_POINT('',(12.57,4.02,0.));
#6080 = CIRCLE('',#6081,0.3);
#6081 = AXIS2_PLACEMENT_3D('',#6082,#6083,#6084);
#6082 = CARTESIAN_POINT('',(12.57,4.32,0.));
#6083 = DIRECTION('',(-0.,0.,-1.));
#6084 = DIRECTION('',(5.92E-15,-1.,-0.));
#6085 = ORIENTED_EDGE('',*,*,#6086,.T.);
#6086 = EDGE_CURVE('',#6078,#6087,#6089,.T.);
#6087 = VERTEX_POINT('',#6088);
#6088 = CARTESIAN_POINT('',(11.47,4.02,0.));
#6089 = LINE('',#6090,#6091);
#6090 = CARTESIAN_POINT('',(5.735,4.02,0.));
#6091 = VECTOR('',#6092,1.);
#6092 = DIRECTION('',(-1.,0.,0.));
#6093 = ORIENTED_EDGE('',*,*,#6094,.T.);
#6094 = EDGE_CURVE('',#6087,#6095,#6097,.T.);
#6095 = VERTEX_POINT('',#6096);
#6096 = CARTESIAN_POINT('',(11.47,4.62,0.));
#6097 = CIRCLE('',#6098,0.3);
#6098 = AXIS2_PLACEMENT_3D('',#6099,#6100,#6101);
#6099 = CARTESIAN_POINT('',(11.47,4.32,0.));
#6100 = DIRECTION('',(-0.,0.,-1.));
#6101 = DIRECTION('',(0.,1.,0.));
#6102 = ORIENTED_EDGE('',*,*,#6103,.T.);
#6103 = EDGE_CURVE('',#6095,#6076,#6104,.T.);
#6104 = LINE('',#6105,#6106);
#6105 = CARTESIAN_POINT('',(6.285,4.62,0.));
#6106 = VECTOR('',#6107,1.);
#6107 = DIRECTION('',(1.,0.,-0.));
#6108 = FACE_BOUND('',#6109,.F.);
#6109 = EDGE_LOOP('',(#6110,#6121,#6129,#6138));
#6110 = ORIENTED_EDGE('',*,*,#6111,.T.);
#6111 = EDGE_CURVE('',#6112,#6114,#6116,.T.);
#6112 = VERTEX_POINT('',#6113);
#6113 = CARTESIAN_POINT('',(16.5,4.62,0.));
#6114 = VERTEX_POINT('',#6115);
#6115 = CARTESIAN_POINT('',(16.5,4.02,0.));
#6116 = CIRCLE('',#6117,0.3);
#6117 = AXIS2_PLACEMENT_3D('',#6118,#6119,#6120);
#6118 = CARTESIAN_POINT('',(16.5,4.32,0.));
#6119 = DIRECTION('',(-0.,0.,-1.));
#6120 = DIRECTION('',(-0.,-1.,0.));
#6121 = ORIENTED_EDGE('',*,*,#6122,.T.);
#6122 = EDGE_CURVE('',#6114,#6123,#6125,.T.);
#6123 = VERTEX_POINT('',#6124);
#6124 = CARTESIAN_POINT('',(15.9,4.02,0.));
#6125 = LINE('',#6126,#6127);
#6126 = CARTESIAN_POINT('',(7.95,4.02,0.));
#6127 = VECTOR('',#6128,1.);
#6128 = DIRECTION('',(-1.,0.,0.));
#6129 = ORIENTED_EDGE('',*,*,#6130,.T.);
#6130 = EDGE_CURVE('',#6123,#6131,#6133,.T.);
#6131 = VERTEX_POINT('',#6132);
#6132 = CARTESIAN_POINT('',(15.9,4.62,0.));
#6133 = CIRCLE('',#6134,0.3);
#6134 = AXIS2_PLACEMENT_3D('',#6135,#6136,#6137);
#6135 = CARTESIAN_POINT('',(15.9,4.32,0.));
#6136 = DIRECTION('',(-0.,0.,-1.));
#6137 = DIRECTION('',(0.,1.,0.));
#6138 = ORIENTED_EDGE('',*,*,#6139,.T.);
#6139 = EDGE_CURVE('',#6131,#6112,#6140,.T.);
#6140 = LINE('',#6141,#6142);
#6141 = CARTESIAN_POINT('',(8.25,4.62,0.));
#6142 = VECTOR('',#6143,1.);
#6143 = DIRECTION('',(1.,0.,-0.));
#6144 = FACE_BOUND('',#6145,.F.);
#6145 = EDGE_LOOP('',(#6146));
#6146 = ORIENTED_EDGE('',*,*,#6147,.T.);
#6147 = EDGE_CURVE('',#6148,#6148,#6150,.T.);
#6148 = VERTEX_POINT('',#6149);
#6149 = CARTESIAN_POINT('',(17.,7.95,0.));
#6150 = CIRCLE('',#6151,0.15);
#6151 = AXIS2_PLACEMENT_3D('',#6152,#6153,#6154);
#6152 = CARTESIAN_POINT('',(17.,8.1,0.));
#6153 = DIRECTION('',(-0.,0.,-1.));
#6154 = DIRECTION('',(-0.,-1.,0.));
#6155 = PLANE('',#6156);
#6156 = AXIS2_PLACEMENT_3D('',#6157,#6158,#6159);
#6157 = CARTESIAN_POINT('',(0.,0.,0.));
#6158 = DIRECTION('',(0.,0.,1.));
#6159 = DIRECTION('',(1.,0.,-0.));
#6160 = ADVANCED_FACE('',(#6161,#6273,#6284,#6295,#6306,#6317,#6328,
    #6339,#6350,#6386,#6422,#6458,#6469,#6480,#6491,#6502,#6513,#6524,
    #6535,#6546,#6557,#6568,#6579,#6590,#6626,#6662,#6673,#6684,#6695,
    #6706,#6742,#6778,#6789,#6800,#6811,#6847,#6858,#6869,#6880,#6891,
    #6902,#6913,#6924,#6935,#6946,#6957,#6968,#7004,#7040,#7076,#7087,
    #7098,#7109,#7120,#7131,#7142,#7153,#7189,#7200,#7211,#7222,#7233,
    #7244,#7255,#7266,#7277,#7313,#7349),#7360,.T.);
#6161 = FACE_BOUND('',#6162,.T.);
#6162 = EDGE_LOOP('',(#6163,#6164,#6165,#6174,#6182,#6191,#6199,#6207,
    #6215,#6224,#6232,#6241,#6249,#6257,#6265,#6272));
#6163 = ORIENTED_EDGE('',*,*,#4865,.F.);
#6164 = ORIENTED_EDGE('',*,*,#4907,.F.);
#6165 = ORIENTED_EDGE('',*,*,#6166,.F.);
#6166 = EDGE_CURVE('',#6167,#4900,#6169,.T.);
#6167 = VERTEX_POINT('',#6168);
#6168 = CARTESIAN_POINT('',(-20.,9.,1.51));
#6169 = CIRCLE('',#6170,3.000001172987);
#6170 = AXIS2_PLACEMENT_3D('',#6171,#6172,#6173);
#6171 = CARTESIAN_POINT('',(-16.99999882701,8.999998827013,1.51));
#6172 = DIRECTION('',(0.,0.,-1.));
#6173 = DIRECTION('',(-1.,3.9099536161E-07,0.));
#6174 = ORIENTED_EDGE('',*,*,#6175,.F.);
#6175 = EDGE_CURVE('',#6176,#6167,#6178,.T.);
#6176 = VERTEX_POINT('',#6177);
#6177 = CARTESIAN_POINT('',(-20.,-9.000237,1.51));
#6178 = LINE('',#6179,#6180);
#6179 = CARTESIAN_POINT('',(-20.,-9.000237,1.51));
#6180 = VECTOR('',#6181,1.);
#6181 = DIRECTION('',(0.,1.,0.));
#6182 = ORIENTED_EDGE('',*,*,#6183,.F.);
#6183 = EDGE_CURVE('',#6184,#6176,#6186,.T.);
#6184 = VERTEX_POINT('',#6185);
#6185 = CARTESIAN_POINT('',(-17.000237,-12.000237,1.51));
#6186 = CIRCLE('',#6187,2.999999476178);
#6187 = AXIS2_PLACEMENT_3D('',#6188,#6189,#6190);
#6188 = CARTESIAN_POINT('',(-17.00000052382,-9.000237533142,1.51));
#6189 = DIRECTION('',(0.,0.,-1.));
#6190 = DIRECTION('',(-7.882540653181E-05,-0.999999996893,-0.));
#6191 = ORIENTED_EDGE('',*,*,#6192,.F.);
#6192 = EDGE_CURVE('',#6193,#6184,#6195,.T.);
#6193 = VERTEX_POINT('',#6194);
#6194 = CARTESIAN_POINT('',(11.68,-12.0025,1.51));
#6195 = LINE('',#6196,#6197);
#6196 = CARTESIAN_POINT('',(11.68,-12.0025,1.51));
#6197 = VECTOR('',#6198,1.);
#6198 = DIRECTION('',(-0.999999996887,7.89045081097E-05,0.));
#6199 = ORIENTED_EDGE('',*,*,#6200,.F.);
#6200 = EDGE_CURVE('',#6201,#6193,#6203,.T.);
#6201 = VERTEX_POINT('',#6202);
#6202 = CARTESIAN_POINT('',(12.38,-12.0025,1.51));
#6203 = LINE('',#6204,#6205);
#6204 = CARTESIAN_POINT('',(12.38,-12.0025,1.51));
#6205 = VECTOR('',#6206,1.);
#6206 = DIRECTION('',(-1.,0.,0.));
#6207 = ORIENTED_EDGE('',*,*,#6208,.F.);
#6208 = EDGE_CURVE('',#6209,#6201,#6211,.T.);
#6209 = VERTEX_POINT('',#6210);
#6210 = CARTESIAN_POINT('',(12.380001,-11.0025,1.51));
#6211 = LINE('',#6212,#6213);
#6212 = CARTESIAN_POINT('',(12.380001,-11.0025,1.51));
#6213 = VECTOR('',#6214,1.);
#6214 = DIRECTION('',(-9.9999999925E-07,-1.,0.));
#6215 = ORIENTED_EDGE('',*,*,#6216,.F.);
#6216 = EDGE_CURVE('',#6217,#6209,#6219,.T.);
#6217 = VERTEX_POINT('',#6218);
#6218 = CARTESIAN_POINT('',(12.88,-10.5025,1.51));
#6219 = CIRCLE('',#6220,0.499999626462);
#6220 = AXIS2_PLACEMENT_3D('',#6221,#6222,#6223);
#6221 = CARTESIAN_POINT('',(12.880000626462,-11.00249962646,1.51));
#6222 = DIRECTION('',(0.,0.,1.));
#6223 = DIRECTION('',(-1.25292419806E-06,0.999999999999,0.));
#6224 = ORIENTED_EDGE('',*,*,#6225,.F.);
#6225 = EDGE_CURVE('',#6226,#6217,#6228,.T.);
#6226 = VERTEX_POINT('',#6227);
#6227 = CARTESIAN_POINT('',(15.68,-10.5025,1.51));
#6228 = LINE('',#6229,#6230);
#6229 = CARTESIAN_POINT('',(15.68,-10.5025,1.51));
#6230 = VECTOR('',#6231,1.);
#6231 = DIRECTION('',(-1.,0.,0.));
#6232 = ORIENTED_EDGE('',*,*,#6233,.F.);
#6233 = EDGE_CURVE('',#6234,#6226,#6236,.T.);
#6234 = VERTEX_POINT('',#6235);
#6235 = CARTESIAN_POINT('',(16.18,-11.0025,1.51));
#6236 = CIRCLE('',#6237,0.500001333575);
#6237 = AXIS2_PLACEMENT_3D('',#6238,#6239,#6240);
#6238 = CARTESIAN_POINT('',(15.679998666427,-11.00250133357,1.51));
#6239 = DIRECTION('',(0.,0.,1.));
#6240 = DIRECTION('',(0.999999999996,2.66713917328E-06,-0.));
#6241 = ORIENTED_EDGE('',*,*,#6242,.F.);
#6242 = EDGE_CURVE('',#6243,#6234,#6245,.T.);
#6243 = VERTEX_POINT('',#6244);
#6244 = CARTESIAN_POINT('',(16.18,-12.0025,1.51));
#6245 = LINE('',#6246,#6247);
#6246 = CARTESIAN_POINT('',(16.18,-12.0025,1.51));
#6247 = VECTOR('',#6248,1.);
#6248 = DIRECTION('',(0.,1.,0.));
#6249 = ORIENTED_EDGE('',*,*,#6250,.F.);
#6250 = EDGE_CURVE('',#6251,#6243,#6253,.T.);
#6251 = VERTEX_POINT('',#6252);
#6252 = CARTESIAN_POINT('',(16.88,-12.0025,1.51));
#6253 = LINE('',#6254,#6255);
#6254 = CARTESIAN_POINT('',(16.88,-12.0025,1.51));
#6255 = VECTOR('',#6256,1.);
#6256 = DIRECTION('',(-1.,0.,0.));
#6257 = ORIENTED_EDGE('',*,*,#6258,.F.);
#6258 = EDGE_CURVE('',#6259,#6251,#6261,.T.);
#6259 = VERTEX_POINT('',#6260);
#6260 = CARTESIAN_POINT('',(17.002404,-12.002402,1.51));
#6261 = LINE('',#6262,#6263);
#6262 = CARTESIAN_POINT('',(17.002404,-12.002402,1.51));
#6263 = VECTOR('',#6264,1.);
#6264 = DIRECTION('',(-0.999999679498,-8.006271738693E-04,0.));
#6265 = ORIENTED_EDGE('',*,*,#6266,.F.);
#6266 = EDGE_CURVE('',#4930,#6259,#6267,.T.);
#6267 = CIRCLE('',#6268,3.000000529495);
#6268 = AXIS2_PLACEMENT_3D('',#6269,#6270,#6271);
#6269 = CARTESIAN_POINT('',(16.999999470505,-9.002402434132,1.51));
#6270 = DIRECTION('',(0.,0.,-1.));
#6271 = DIRECTION('',(1.,-1.8862274869E-07,0.));
#6272 = ORIENTED_EDGE('',*,*,#4929,.F.);
#6273 = FACE_BOUND('',#6274,.T.);
#6274 = EDGE_LOOP('',(#6275));
#6275 = ORIENTED_EDGE('',*,*,#6276,.T.);
#6276 = EDGE_CURVE('',#6277,#6277,#6279,.T.);
#6277 = VERTEX_POINT('',#6278);
#6278 = CARTESIAN_POINT('',(-17.3625,-9.95,1.51));
#6279 = CIRCLE('',#6280,0.15);
#6280 = AXIS2_PLACEMENT_3D('',#6281,#6282,#6283);
#6281 = CARTESIAN_POINT('',(-17.3625,-9.8,1.51));
#6282 = DIRECTION('',(-0.,0.,-1.));
#6283 = DIRECTION('',(-2.368E-14,-1.,0.));
#6284 = FACE_BOUND('',#6285,.T.);
#6285 = EDGE_LOOP('',(#6286));
#6286 = ORIENTED_EDGE('',*,*,#6287,.T.);
#6287 = EDGE_CURVE('',#6288,#6288,#6290,.T.);
#6288 = VERTEX_POINT('',#6289);
#6289 = CARTESIAN_POINT('',(-14.4375,-9.95,1.51));
#6290 = CIRCLE('',#6291,0.15);
#6291 = AXIS2_PLACEMENT_3D('',#6292,#6293,#6294);
#6292 = CARTESIAN_POINT('',(-14.4375,-9.8,1.51));
#6293 = DIRECTION('',(-0.,0.,-1.));
#6294 = DIRECTION('',(-0.,-1.,0.));
#6295 = FACE_BOUND('',#6296,.T.);
#6296 = EDGE_LOOP('',(#6297));
#6297 = ORIENTED_EDGE('',*,*,#6298,.T.);
#6298 = EDGE_CURVE('',#6299,#6299,#6301,.T.);
#6299 = VERTEX_POINT('',#6300);
#6300 = CARTESIAN_POINT('',(-11.3,-8.85,1.51));
#6301 = CIRCLE('',#6302,0.15);
#6302 = AXIS2_PLACEMENT_3D('',#6303,#6304,#6305);
#6303 = CARTESIAN_POINT('',(-11.3,-8.7,1.51));
#6304 = DIRECTION('',(-0.,0.,-1.));
#6305 = DIRECTION('',(-0.,-1.,0.));
#6306 = FACE_BOUND('',#6307,.T.);
#6307 = EDGE_LOOP('',(#6308));
#6308 = ORIENTED_EDGE('',*,*,#6309,.T.);
#6309 = EDGE_CURVE('',#6310,#6310,#6312,.T.);
#6310 = VERTEX_POINT('',#6311);
#6311 = CARTESIAN_POINT('',(-2.7375,-10.15,1.51));
#6312 = CIRCLE('',#6313,0.15);
#6313 = AXIS2_PLACEMENT_3D('',#6314,#6315,#6316);
#6314 = CARTESIAN_POINT('',(-2.7375,-10.,1.51));
#6315 = DIRECTION('',(-0.,0.,-1.));
#6316 = DIRECTION('',(-0.,-1.,0.));
#6317 = FACE_BOUND('',#6318,.T.);
#6318 = EDGE_LOOP('',(#6319));
#6319 = ORIENTED_EDGE('',*,*,#6320,.T.);
#6320 = EDGE_CURVE('',#6321,#6321,#6323,.T.);
#6321 = VERTEX_POINT('',#6322);
#6322 = CARTESIAN_POINT('',(-4.495,-9.19,1.51));
#6323 = CIRCLE('',#6324,0.15);
#6324 = AXIS2_PLACEMENT_3D('',#6325,#6326,#6327);
#6325 = CARTESIAN_POINT('',(-4.495,-9.04,1.51));
#6326 = DIRECTION('',(-0.,0.,-1.));
#6327 = DIRECTION('',(-5.92E-15,-1.,0.));
#6328 = FACE_BOUND('',#6329,.T.);
#6329 = EDGE_LOOP('',(#6330));
#6330 = ORIENTED_EDGE('',*,*,#6331,.T.);
#6331 = EDGE_CURVE('',#6332,#6332,#6334,.T.);
#6332 = VERTEX_POINT('',#6333);
#6333 = CARTESIAN_POINT('',(-9.5,-8.18,1.51));
#6334 = CIRCLE('',#6335,0.15);
#6335 = AXIS2_PLACEMENT_3D('',#6336,#6337,#6338);
#6336 = CARTESIAN_POINT('',(-9.5,-8.03,1.51));
#6337 = DIRECTION('',(-0.,0.,-1.));
#6338 = DIRECTION('',(-0.,-1.,0.));
#6339 = FACE_BOUND('',#6340,.T.);
#6340 = EDGE_LOOP('',(#6341));
#6341 = ORIENTED_EDGE('',*,*,#6342,.T.);
#6342 = EDGE_CURVE('',#6343,#6343,#6345,.T.);
#6343 = VERTEX_POINT('',#6344);
#6344 = CARTESIAN_POINT('',(-7.6,-7.95,1.51));
#6345 = CIRCLE('',#6346,0.15);
#6346 = AXIS2_PLACEMENT_3D('',#6347,#6348,#6349);
#6347 = CARTESIAN_POINT('',(-7.6,-7.8,1.51));
#6348 = DIRECTION('',(-0.,0.,-1.));
#6349 = DIRECTION('',(-0.,-1.,0.));
#6350 = FACE_BOUND('',#6351,.T.);
#6351 = EDGE_LOOP('',(#6352,#6363,#6371,#6380));
#6352 = ORIENTED_EDGE('',*,*,#6353,.T.);
#6353 = EDGE_CURVE('',#6354,#6356,#6358,.T.);
#6354 = VERTEX_POINT('',#6355);
#6355 = CARTESIAN_POINT('',(-18.519986,-6.300012,1.51));
#6356 = VERTEX_POINT('',#6357);
#6357 = CARTESIAN_POINT('',(-18.519986,-5.399988,1.51));
#6358 = CIRCLE('',#6359,0.450012);
#6359 = AXIS2_PLACEMENT_3D('',#6360,#6361,#6362);
#6360 = CARTESIAN_POINT('',(-18.519986,-5.85,1.51));
#6361 = DIRECTION('',(-0.,0.,-1.));
#6362 = DIRECTION('',(0.,1.,0.));
#6363 = ORIENTED_EDGE('',*,*,#6364,.T.);
#6364 = EDGE_CURVE('',#6356,#6365,#6367,.T.);
#6365 = VERTEX_POINT('',#6366);
#6366 = CARTESIAN_POINT('',(-16.920014,-5.399988,1.51));
#6367 = LINE('',#6368,#6369);
#6368 = CARTESIAN_POINT('',(-8.460007,-5.399988,1.51));
#6369 = VECTOR('',#6370,1.);
#6370 = DIRECTION('',(1.,0.,-0.));
#6371 = ORIENTED_EDGE('',*,*,#6372,.T.);
#6372 = EDGE_CURVE('',#6365,#6373,#6375,.T.);
#6373 = VERTEX_POINT('',#6374);
#6374 = CARTESIAN_POINT('',(-16.920014,-6.300012,1.51));
#6375 = CIRCLE('',#6376,0.450012);
#6376 = AXIS2_PLACEMENT_3D('',#6377,#6378,#6379);
#6377 = CARTESIAN_POINT('',(-16.920014,-5.85,1.51));
#6378 = DIRECTION('',(-0.,0.,-1.));
#6379 = DIRECTION('',(7.89E-15,-1.,-0.));
#6380 = ORIENTED_EDGE('',*,*,#6381,.T.);
#6381 = EDGE_CURVE('',#6373,#6354,#6382,.T.);
#6382 = LINE('',#6383,#6384);
#6383 = CARTESIAN_POINT('',(-9.259993,-6.300012,1.51));
#6384 = VECTOR('',#6385,1.);
#6385 = DIRECTION('',(-1.,0.,0.));
#6386 = FACE_BOUND('',#6387,.T.);
#6387 = EDGE_LOOP('',(#6388,#6399,#6407,#6416));
#6388 = ORIENTED_EDGE('',*,*,#6389,.T.);
#6389 = EDGE_CURVE('',#6390,#6392,#6394,.T.);
#6390 = VERTEX_POINT('',#6391);
#6391 = CARTESIAN_POINT('',(-17.548632,-4.62,1.51));
#6392 = VERTEX_POINT('',#6393);
#6393 = CARTESIAN_POINT('',(-17.548632,-4.02,1.51));
#6394 = CIRCLE('',#6395,0.3);
#6395 = AXIS2_PLACEMENT_3D('',#6396,#6397,#6398);
#6396 = CARTESIAN_POINT('',(-17.548632,-4.32,1.51));
#6397 = DIRECTION('',(0.,0.,-1.));
#6398 = DIRECTION('',(-1.184E-14,1.,0.));
#6399 = ORIENTED_EDGE('',*,*,#6400,.T.);
#6400 = EDGE_CURVE('',#6392,#6401,#6403,.T.);
#6401 = VERTEX_POINT('',#6402);
#6402 = CARTESIAN_POINT('',(-16.948632,-4.02,1.51));
#6403 = LINE('',#6404,#6405);
#6404 = CARTESIAN_POINT('',(-8.474316,-4.02,1.51));
#6405 = VECTOR('',#6406,1.);
#6406 = DIRECTION('',(1.,0.,-0.));
#6407 = ORIENTED_EDGE('',*,*,#6408,.T.);
#6408 = EDGE_CURVE('',#6401,#6409,#6411,.T.);
#6409 = VERTEX_POINT('',#6410);
#6410 = CARTESIAN_POINT('',(-16.948632,-4.62,1.51));
#6411 = CIRCLE('',#6412,0.3);
#6412 = AXIS2_PLACEMENT_3D('',#6413,#6414,#6415);
#6413 = CARTESIAN_POINT('',(-16.948632,-4.32,1.51));
#6414 = DIRECTION('',(-0.,0.,-1.));
#6415 = DIRECTION('',(-1.184E-14,-1.,0.));
#6416 = ORIENTED_EDGE('',*,*,#6417,.T.);
#6417 = EDGE_CURVE('',#6409,#6390,#6418,.T.);
#6418 = LINE('',#6419,#6420);
#6419 = CARTESIAN_POINT('',(-8.774316,-4.62,1.51));
#6420 = VECTOR('',#6421,1.);
#6421 = DIRECTION('',(-1.,0.,0.));
#6422 = FACE_BOUND('',#6423,.T.);
#6423 = EDGE_LOOP('',(#6424,#6435,#6443,#6452));
#6424 = ORIENTED_EDGE('',*,*,#6425,.T.);
#6425 = EDGE_CURVE('',#6426,#6428,#6430,.T.);
#6426 = VERTEX_POINT('',#6427);
#6427 = CARTESIAN_POINT('',(-13.618632,-4.62,1.51));
#6428 = VERTEX_POINT('',#6429);
#6429 = CARTESIAN_POINT('',(-13.618632,-4.02,1.51));
#6430 = CIRCLE('',#6431,0.3);
#6431 = AXIS2_PLACEMENT_3D('',#6432,#6433,#6434);
#6432 = CARTESIAN_POINT('',(-13.618632,-4.32,1.51));
#6433 = DIRECTION('',(-0.,0.,-1.));
#6434 = DIRECTION('',(0.,1.,0.));
#6435 = ORIENTED_EDGE('',*,*,#6436,.T.);
#6436 = EDGE_CURVE('',#6428,#6437,#6439,.T.);
#6437 = VERTEX_POINT('',#6438);
#6438 = CARTESIAN_POINT('',(-12.518632,-4.02,1.51));
#6439 = LINE('',#6440,#6441);
#6440 = CARTESIAN_POINT('',(-6.259316,-4.02,1.51));
#6441 = VECTOR('',#6442,1.);
#6442 = DIRECTION('',(1.,0.,-0.));
#6443 = ORIENTED_EDGE('',*,*,#6444,.T.);
#6444 = EDGE_CURVE('',#6437,#6445,#6447,.T.);
#6445 = VERTEX_POINT('',#6446);
#6446 = CARTESIAN_POINT('',(-12.518632,-4.62,1.51));
#6447 = CIRCLE('',#6448,0.3);
#6448 = AXIS2_PLACEMENT_3D('',#6449,#6450,#6451);
#6449 = CARTESIAN_POINT('',(-12.518632,-4.32,1.51));
#6450 = DIRECTION('',(-0.,0.,-1.));
#6451 = DIRECTION('',(-0.,-1.,0.));
#6452 = ORIENTED_EDGE('',*,*,#6453,.T.);
#6453 = EDGE_CURVE('',#6445,#6426,#6454,.T.);
#6454 = LINE('',#6455,#6456);
#6455 = CARTESIAN_POINT('',(-6.809316,-4.62,1.51));
#6456 = VECTOR('',#6457,1.);
#6457 = DIRECTION('',(-1.,0.,0.));
#6458 = FACE_BOUND('',#6459,.T.);
#6459 = EDGE_LOOP('',(#6460));
#6460 = ORIENTED_EDGE('',*,*,#6461,.T.);
#6461 = EDGE_CURVE('',#6462,#6462,#6464,.T.);
#6462 = VERTEX_POINT('',#6463);
#6463 = CARTESIAN_POINT('',(-15.13,-3.15,1.51));
#6464 = CIRCLE('',#6465,0.15);
#6465 = AXIS2_PLACEMENT_3D('',#6466,#6467,#6468);
#6466 = CARTESIAN_POINT('',(-15.13,-3.,1.51));
#6467 = DIRECTION('',(-0.,0.,-1.));
#6468 = DIRECTION('',(-1.184E-14,-1.,0.));
#6469 = FACE_BOUND('',#6470,.T.);
#6470 = EDGE_LOOP('',(#6471));
#6471 = ORIENTED_EDGE('',*,*,#6472,.T.);
#6472 = EDGE_CURVE('',#6473,#6473,#6475,.T.);
#6473 = VERTEX_POINT('',#6474);
#6474 = CARTESIAN_POINT('',(-17.72,-2.9,1.51));
#6475 = CIRCLE('',#6476,0.65);
#6476 = AXIS2_PLACEMENT_3D('',#6477,#6478,#6479);
#6477 = CARTESIAN_POINT('',(-17.72,-2.25,1.51));
#6478 = DIRECTION('',(-0.,0.,-1.));
#6479 = DIRECTION('',(-0.,-1.,0.));
#6480 = FACE_BOUND('',#6481,.T.);
#6481 = EDGE_LOOP('',(#6482));
#6482 = ORIENTED_EDGE('',*,*,#6483,.T.);
#6483 = EDGE_CURVE('',#6484,#6484,#6486,.T.);
#6484 = VERTEX_POINT('',#6485);
#6485 = CARTESIAN_POINT('',(-13.63,-3.215,1.51));
#6486 = CIRCLE('',#6487,0.325);
#6487 = AXIS2_PLACEMENT_3D('',#6488,#6489,#6490);
#6488 = CARTESIAN_POINT('',(-13.63,-2.89,1.51));
#6489 = DIRECTION('',(-0.,0.,-1.));
#6490 = DIRECTION('',(-5.47E-15,-1.,0.));
#6491 = FACE_BOUND('',#6492,.T.);
#6492 = EDGE_LOOP('',(#6493));
#6493 = ORIENTED_EDGE('',*,*,#6494,.T.);
#6494 = EDGE_CURVE('',#6495,#6495,#6497,.T.);
#6495 = VERTEX_POINT('',#6496);
#6496 = CARTESIAN_POINT('',(-6.076,-6.406,1.51));
#6497 = CIRCLE('',#6498,0.4);
#6498 = AXIS2_PLACEMENT_3D('',#6499,#6500,#6501);
#6499 = CARTESIAN_POINT('',(-6.076,-6.006,1.51));
#6500 = DIRECTION('',(-0.,0.,-1.));
#6501 = DIRECTION('',(2.22E-15,-1.,-0.));
#6502 = FACE_BOUND('',#6503,.T.);
#6503 = EDGE_LOOP('',(#6504));
#6504 = ORIENTED_EDGE('',*,*,#6505,.T.);
#6505 = EDGE_CURVE('',#6506,#6506,#6508,.T.);
#6506 = VERTEX_POINT('',#6507);
#6507 = CARTESIAN_POINT('',(-4.076,-6.406,1.51));
#6508 = CIRCLE('',#6509,0.4);
#6509 = AXIS2_PLACEMENT_3D('',#6510,#6511,#6512);
#6510 = CARTESIAN_POINT('',(-4.076,-6.006,1.51));
#6511 = DIRECTION('',(-0.,0.,-1.));
#6512 = DIRECTION('',(2.22E-15,-1.,-0.));
#6513 = FACE_BOUND('',#6514,.T.);
#6514 = EDGE_LOOP('',(#6515));
#6515 = ORIENTED_EDGE('',*,*,#6516,.T.);
#6516 = EDGE_CURVE('',#6517,#6517,#6519,.T.);
#6517 = VERTEX_POINT('',#6518);
#6518 = CARTESIAN_POINT('',(-2.076,-6.406,1.51));
#6519 = CIRCLE('',#6520,0.4);
#6520 = AXIS2_PLACEMENT_3D('',#6521,#6522,#6523);
#6521 = CARTESIAN_POINT('',(-2.076,-6.006,1.51));
#6522 = DIRECTION('',(-0.,0.,-1.));
#6523 = DIRECTION('',(-0.,-1.,0.));
#6524 = FACE_BOUND('',#6525,.T.);
#6525 = EDGE_LOOP('',(#6526));
#6526 = ORIENTED_EDGE('',*,*,#6527,.T.);
#6527 = EDGE_CURVE('',#6528,#6528,#6530,.T.);
#6528 = VERTEX_POINT('',#6529);
#6529 = CARTESIAN_POINT('',(-6.8,-3.486,1.51));
#6530 = CIRCLE('',#6531,0.15);
#6531 = AXIS2_PLACEMENT_3D('',#6532,#6533,#6534);
#6532 = CARTESIAN_POINT('',(-6.8,-3.336,1.51));
#6533 = DIRECTION('',(-0.,0.,-1.));
#6534 = DIRECTION('',(5.92E-15,-1.,-0.));
#6535 = FACE_BOUND('',#6536,.T.);
#6536 = EDGE_LOOP('',(#6537));
#6537 = ORIENTED_EDGE('',*,*,#6538,.T.);
#6538 = EDGE_CURVE('',#6539,#6539,#6541,.T.);
#6539 = VERTEX_POINT('',#6540);
#6540 = CARTESIAN_POINT('',(-5.7,-3.486,1.51));
#6541 = CIRCLE('',#6542,0.15);
#6542 = AXIS2_PLACEMENT_3D('',#6543,#6544,#6545);
#6543 = CARTESIAN_POINT('',(-5.7,-3.336,1.51));
#6544 = DIRECTION('',(-0.,0.,-1.));
#6545 = DIRECTION('',(-5.92E-15,-1.,0.));
#6546 = FACE_BOUND('',#6547,.T.);
#6547 = EDGE_LOOP('',(#6548));
#6548 = ORIENTED_EDGE('',*,*,#6549,.T.);
#6549 = EDGE_CURVE('',#6550,#6550,#6552,.T.);
#6550 = VERTEX_POINT('',#6551);
#6551 = CARTESIAN_POINT('',(-4.6,-3.486,1.51));
#6552 = CIRCLE('',#6553,0.15);
#6553 = AXIS2_PLACEMENT_3D('',#6554,#6555,#6556);
#6554 = CARTESIAN_POINT('',(-4.6,-3.336,1.51));
#6555 = DIRECTION('',(-0.,0.,-1.));
#6556 = DIRECTION('',(-0.,-1.,0.));
#6557 = FACE_BOUND('',#6558,.T.);
#6558 = EDGE_LOOP('',(#6559));
#6559 = ORIENTED_EDGE('',*,*,#6560,.T.);
#6560 = EDGE_CURVE('',#6561,#6561,#6563,.T.);
#6561 = VERTEX_POINT('',#6562);
#6562 = CARTESIAN_POINT('',(-3.5,-3.486,1.51));
#6563 = CIRCLE('',#6564,0.15);
#6564 = AXIS2_PLACEMENT_3D('',#6565,#6566,#6567);
#6565 = CARTESIAN_POINT('',(-3.5,-3.336,1.51));
#6566 = DIRECTION('',(-0.,0.,-1.));
#6567 = DIRECTION('',(-0.,-1.,0.));
#6568 = FACE_BOUND('',#6569,.T.);
#6569 = EDGE_LOOP('',(#6570));
#6570 = ORIENTED_EDGE('',*,*,#6571,.T.);
#6571 = EDGE_CURVE('',#6572,#6572,#6574,.T.);
#6572 = VERTEX_POINT('',#6573);
#6573 = CARTESIAN_POINT('',(-2.4,-3.486,1.51));
#6574 = CIRCLE('',#6575,0.15);
#6575 = AXIS2_PLACEMENT_3D('',#6576,#6577,#6578);
#6576 = CARTESIAN_POINT('',(-2.4,-3.336,1.51));
#6577 = DIRECTION('',(-0.,0.,-1.));
#6578 = DIRECTION('',(-0.,-1.,0.));
#6579 = FACE_BOUND('',#6580,.T.);
#6580 = EDGE_LOOP('',(#6581));
#6581 = ORIENTED_EDGE('',*,*,#6582,.T.);
#6582 = EDGE_CURVE('',#6583,#6583,#6585,.T.);
#6583 = VERTEX_POINT('',#6584);
#6584 = CARTESIAN_POINT('',(2.81625,-9.1725,1.51));
#6585 = CIRCLE('',#6586,0.15);
#6586 = AXIS2_PLACEMENT_3D('',#6587,#6588,#6589);
#6587 = CARTESIAN_POINT('',(2.81625,-9.0225,1.51));
#6588 = DIRECTION('',(-0.,0.,-1.));
#6589 = DIRECTION('',(-0.,-1.,0.));
#6590 = FACE_BOUND('',#6591,.T.);
#6591 = EDGE_LOOP('',(#6592,#6603,#6611,#6620));
#6592 = ORIENTED_EDGE('',*,*,#6593,.T.);
#6593 = EDGE_CURVE('',#6594,#6596,#6598,.T.);
#6594 = VERTEX_POINT('',#6595);
#6595 = CARTESIAN_POINT('',(12.13,-10.602499,1.51));
#6596 = VERTEX_POINT('',#6597);
#6597 = CARTESIAN_POINT('',(11.73,-10.602499,1.51));
#6598 = CIRCLE('',#6599,0.2);
#6599 = AXIS2_PLACEMENT_3D('',#6600,#6601,#6602);
#6600 = CARTESIAN_POINT('',(11.93,-10.602499,1.51));
#6601 = DIRECTION('',(-0.,0.,-1.));
#6602 = DIRECTION('',(-1.,-8.88E-15,0.));
#6603 = ORIENTED_EDGE('',*,*,#6604,.T.);
#6604 = EDGE_CURVE('',#6596,#6605,#6607,.T.);
#6605 = VERTEX_POINT('',#6606);
#6606 = CARTESIAN_POINT('',(11.73,-9.902501,1.51));
#6607 = LINE('',#6608,#6609);
#6608 = CARTESIAN_POINT('',(11.73,-4.9512505,1.51));
#6609 = VECTOR('',#6610,1.);
#6610 = DIRECTION('',(-0.,1.,0.));
#6611 = ORIENTED_EDGE('',*,*,#6612,.T.);
#6612 = EDGE_CURVE('',#6605,#6613,#6615,.T.);
#6613 = VERTEX_POINT('',#6614);
#6614 = CARTESIAN_POINT('',(12.13,-9.902501,1.51));
#6615 = CIRCLE('',#6616,0.2);
#6616 = AXIS2_PLACEMENT_3D('',#6617,#6618,#6619);
#6617 = CARTESIAN_POINT('',(11.93,-9.902501,1.51));
#6618 = DIRECTION('',(0.,-0.,-1.));
#6619 = DIRECTION('',(1.,-8.88E-15,0.));
#6620 = ORIENTED_EDGE('',*,*,#6621,.T.);
#6621 = EDGE_CURVE('',#6613,#6594,#6622,.T.);
#6622 = LINE('',#6623,#6624);
#6623 = CARTESIAN_POINT('',(12.13,-5.3012495,1.51));
#6624 = VECTOR('',#6625,1.);
#6625 = DIRECTION('',(0.,-1.,0.));
#6626 = FACE_BOUND('',#6627,.T.);
#6627 = EDGE_LOOP('',(#6628,#6639,#6647,#6656));
#6628 = ORIENTED_EDGE('',*,*,#6629,.T.);
#6629 = EDGE_CURVE('',#6630,#6632,#6634,.T.);
#6630 = VERTEX_POINT('',#6631);
#6631 = CARTESIAN_POINT('',(16.83,-10.602499,1.51));
#6632 = VERTEX_POINT('',#6633);
#6633 = CARTESIAN_POINT('',(16.43,-10.602499,1.51));
#6634 = CIRCLE('',#6635,0.2);
#6635 = AXIS2_PLACEMENT_3D('',#6636,#6637,#6638);
#6636 = CARTESIAN_POINT('',(16.63,-10.602499,1.51));
#6637 = DIRECTION('',(0.,0.,-1.));
#6638 = DIRECTION('',(-1.,8.88E-15,0.));
#6639 = ORIENTED_EDGE('',*,*,#6640,.T.);
#6640 = EDGE_CURVE('',#6632,#6641,#6643,.T.);
#6641 = VERTEX_POINT('',#6642);
#6642 = CARTESIAN_POINT('',(16.43,-9.902501,1.51));
#6643 = LINE('',#6644,#6645);
#6644 = CARTESIAN_POINT('',(16.43,-4.9512505,1.51));
#6645 = VECTOR('',#6646,1.);
#6646 = DIRECTION('',(-0.,1.,0.));
#6647 = ORIENTED_EDGE('',*,*,#6648,.T.);
#6648 = EDGE_CURVE('',#6641,#6649,#6651,.T.);
#6649 = VERTEX_POINT('',#6650);
#6650 = CARTESIAN_POINT('',(16.83,-9.902501,1.51));
#6651 = CIRCLE('',#6652,0.2);
#6652 = AXIS2_PLACEMENT_3D('',#6653,#6654,#6655);
#6653 = CARTESIAN_POINT('',(16.63,-9.902501,1.51));
#6654 = DIRECTION('',(0.,-0.,-1.));
#6655 = DIRECTION('',(1.,-1.776E-14,0.));
#6656 = ORIENTED_EDGE('',*,*,#6657,.T.);
#6657 = EDGE_CURVE('',#6649,#6630,#6658,.T.);
#6658 = LINE('',#6659,#6660);
#6659 = CARTESIAN_POINT('',(16.83,-5.3012495,1.51));
#6660 = VECTOR('',#6661,1.);
#6661 = DIRECTION('',(0.,-1.,0.));
#6662 = FACE_BOUND('',#6663,.T.);
#6663 = EDGE_LOOP('',(#6664));
#6664 = ORIENTED_EDGE('',*,*,#6665,.T.);
#6665 = EDGE_CURVE('',#6666,#6666,#6668,.T.);
#6666 = VERTEX_POINT('',#6667);
#6667 = CARTESIAN_POINT('',(-7.6E-02,-6.406,1.51));
#6668 = CIRCLE('',#6669,0.4);
#6669 = AXIS2_PLACEMENT_3D('',#6670,#6671,#6672);
#6670 = CARTESIAN_POINT('',(-7.6E-02,-6.006,1.51));
#6671 = DIRECTION('',(-0.,0.,-1.));
#6672 = DIRECTION('',(-1.E-16,-1.,0.));
#6673 = FACE_BOUND('',#6674,.T.);
#6674 = EDGE_LOOP('',(#6675));
#6675 = ORIENTED_EDGE('',*,*,#6676,.T.);
#6676 = EDGE_CURVE('',#6677,#6677,#6679,.T.);
#6677 = VERTEX_POINT('',#6678);
#6678 = CARTESIAN_POINT('',(1.924,-6.406,1.51));
#6679 = CIRCLE('',#6680,0.4);
#6680 = AXIS2_PLACEMENT_3D('',#6681,#6682,#6683);
#6681 = CARTESIAN_POINT('',(1.924,-6.006,1.51));
#6682 = DIRECTION('',(-0.,0.,-1.));
#6683 = DIRECTION('',(-0.,-1.,0.));
#6684 = FACE_BOUND('',#6685,.T.);
#6685 = EDGE_LOOP('',(#6686));
#6686 = ORIENTED_EDGE('',*,*,#6687,.T.);
#6687 = EDGE_CURVE('',#6688,#6688,#6690,.T.);
#6688 = VERTEX_POINT('',#6689);
#6689 = CARTESIAN_POINT('',(3.924,-6.406,1.51));
#6690 = CIRCLE('',#6691,0.4);
#6691 = AXIS2_PLACEMENT_3D('',#6692,#6693,#6694);
#6692 = CARTESIAN_POINT('',(3.924,-6.006,1.51));
#6693 = DIRECTION('',(-0.,0.,-1.));
#6694 = DIRECTION('',(-0.,-1.,0.));
#6695 = FACE_BOUND('',#6696,.T.);
#6696 = EDGE_LOOP('',(#6697));
#6697 = ORIENTED_EDGE('',*,*,#6698,.T.);
#6698 = EDGE_CURVE('',#6699,#6699,#6701,.T.);
#6699 = VERTEX_POINT('',#6700);
#6700 = CARTESIAN_POINT('',(7.64,-2.1,1.51));
#6701 = CIRCLE('',#6702,0.2);
#6702 = AXIS2_PLACEMENT_3D('',#6703,#6704,#6705);
#6703 = CARTESIAN_POINT('',(7.64,-1.9,1.51));
#6704 = DIRECTION('',(-0.,0.,-1.));
#6705 = DIRECTION('',(-4.44E-15,-1.,0.));
#6706 = FACE_BOUND('',#6707,.T.);
#6707 = EDGE_LOOP('',(#6708,#6719,#6727,#6736));
#6708 = ORIENTED_EDGE('',*,*,#6709,.T.);
#6709 = EDGE_CURVE('',#6710,#6712,#6714,.T.);
#6710 = VERTEX_POINT('',#6711);
#6711 = CARTESIAN_POINT('',(12.57,-4.02,1.51));
#6712 = VERTEX_POINT('',#6713);
#6713 = CARTESIAN_POINT('',(12.57,-4.62,1.51));
#6714 = CIRCLE('',#6715,0.3);
#6715 = AXIS2_PLACEMENT_3D('',#6716,#6717,#6718);
#6716 = CARTESIAN_POINT('',(12.57,-4.32,1.51));
#6717 = DIRECTION('',(-0.,0.,-1.));
#6718 = DIRECTION('',(5.92E-15,-1.,-0.));
#6719 = ORIENTED_EDGE('',*,*,#6720,.T.);
#6720 = EDGE_CURVE('',#6712,#6721,#6723,.T.);
#6721 = VERTEX_POINT('',#6722);
#6722 = CARTESIAN_POINT('',(11.47,-4.62,1.51));
#6723 = LINE('',#6724,#6725);
#6724 = CARTESIAN_POINT('',(5.735,-4.62,1.51));
#6725 = VECTOR('',#6726,1.);
#6726 = DIRECTION('',(-1.,0.,0.));
#6727 = ORIENTED_EDGE('',*,*,#6728,.T.);
#6728 = EDGE_CURVE('',#6721,#6729,#6731,.T.);
#6729 = VERTEX_POINT('',#6730);
#6730 = CARTESIAN_POINT('',(11.47,-4.02,1.51));
#6731 = CIRCLE('',#6732,0.3);
#6732 = AXIS2_PLACEMENT_3D('',#6733,#6734,#6735);
#6733 = CARTESIAN_POINT('',(11.47,-4.32,1.51));
#6734 = DIRECTION('',(-0.,0.,-1.));
#6735 = DIRECTION('',(0.,1.,0.));
#6736 = ORIENTED_EDGE('',*,*,#6737,.T.);
#6737 = EDGE_CURVE('',#6729,#6710,#6738,.T.);
#6738 = LINE('',#6739,#6740);
#6739 = CARTESIAN_POINT('',(6.285,-4.02,1.51));
#6740 = VECTOR('',#6741,1.);
#6741 = DIRECTION('',(1.,0.,-0.));
#6742 = FACE_BOUND('',#6743,.T.);
#6743 = EDGE_LOOP('',(#6744,#6755,#6763,#6772));
#6744 = ORIENTED_EDGE('',*,*,#6745,.T.);
#6745 = EDGE_CURVE('',#6746,#6748,#6750,.T.);
#6746 = VERTEX_POINT('',#6747);
#6747 = CARTESIAN_POINT('',(16.5,-4.02,1.51));
#6748 = VERTEX_POINT('',#6749);
#6749 = CARTESIAN_POINT('',(16.5,-4.62,1.51));
#6750 = CIRCLE('',#6751,0.3);
#6751 = AXIS2_PLACEMENT_3D('',#6752,#6753,#6754);
#6752 = CARTESIAN_POINT('',(16.5,-4.32,1.51));
#6753 = DIRECTION('',(-0.,0.,-1.));
#6754 = DIRECTION('',(-0.,-1.,0.));
#6755 = ORIENTED_EDGE('',*,*,#6756,.T.);
#6756 = EDGE_CURVE('',#6748,#6757,#6759,.T.);
#6757 = VERTEX_POINT('',#6758);
#6758 = CARTESIAN_POINT('',(15.9,-4.62,1.51));
#6759 = LINE('',#6760,#6761);
#6760 = CARTESIAN_POINT('',(7.95,-4.62,1.51));
#6761 = VECTOR('',#6762,1.);
#6762 = DIRECTION('',(-1.,0.,0.));
#6763 = ORIENTED_EDGE('',*,*,#6764,.T.);
#6764 = EDGE_CURVE('',#6757,#6765,#6767,.T.);
#6765 = VERTEX_POINT('',#6766);
#6766 = CARTESIAN_POINT('',(15.9,-4.02,1.51));
#6767 = CIRCLE('',#6768,0.3);
#6768 = AXIS2_PLACEMENT_3D('',#6769,#6770,#6771);
#6769 = CARTESIAN_POINT('',(15.9,-4.32,1.51));
#6770 = DIRECTION('',(-0.,0.,-1.));
#6771 = DIRECTION('',(0.,1.,0.));
#6772 = ORIENTED_EDGE('',*,*,#6773,.T.);
#6773 = EDGE_CURVE('',#6765,#6746,#6774,.T.);
#6774 = LINE('',#6775,#6776);
#6775 = CARTESIAN_POINT('',(8.25,-4.02,1.51));
#6776 = VECTOR('',#6777,1.);
#6777 = DIRECTION('',(1.,0.,-0.));
#6778 = FACE_BOUND('',#6779,.T.);
#6779 = EDGE_LOOP('',(#6780));
#6780 = ORIENTED_EDGE('',*,*,#6781,.T.);
#6781 = EDGE_CURVE('',#6782,#6782,#6784,.T.);
#6782 = VERTEX_POINT('',#6783);
#6783 = CARTESIAN_POINT('',(12.55,-3.215,1.51));
#6784 = CIRCLE('',#6785,0.325);
#6785 = AXIS2_PLACEMENT_3D('',#6786,#6787,#6788);
#6786 = CARTESIAN_POINT('',(12.55,-2.89,1.51));
#6787 = DIRECTION('',(-0.,0.,-1.));
#6788 = DIRECTION('',(-0.,-1.,0.));
#6789 = FACE_BOUND('',#6790,.T.);
#6790 = EDGE_LOOP('',(#6791));
#6791 = ORIENTED_EDGE('',*,*,#6792,.T.);
#6792 = EDGE_CURVE('',#6793,#6793,#6795,.T.);
#6793 = VERTEX_POINT('',#6794);
#6794 = CARTESIAN_POINT('',(11.83,-2.55,1.51));
#6795 = CIRCLE('',#6796,0.1);
#6796 = AXIS2_PLACEMENT_3D('',#6797,#6798,#6799);
#6797 = CARTESIAN_POINT('',(11.83,-2.45,1.51));
#6798 = DIRECTION('',(-0.,0.,-1.));
#6799 = DIRECTION('',(-0.,-1.,0.));
#6800 = FACE_BOUND('',#6801,.T.);
#6801 = EDGE_LOOP('',(#6802));
#6802 = ORIENTED_EDGE('',*,*,#6803,.T.);
#6803 = EDGE_CURVE('',#6804,#6804,#6806,.T.);
#6804 = VERTEX_POINT('',#6805);
#6805 = CARTESIAN_POINT('',(11.83,-1.85,1.51));
#6806 = CIRCLE('',#6807,0.1);
#6807 = AXIS2_PLACEMENT_3D('',#6808,#6809,#6810);
#6808 = CARTESIAN_POINT('',(11.83,-1.75,1.51));
#6809 = DIRECTION('',(-0.,0.,-1.));
#6810 = DIRECTION('',(-0.,-1.,0.));
#6811 = FACE_BOUND('',#6812,.T.);
#6812 = EDGE_LOOP('',(#6813,#6824,#6832,#6841));
#6813 = ORIENTED_EDGE('',*,*,#6814,.T.);
#6814 = EDGE_CURVE('',#6815,#6817,#6819,.T.);
#6815 = VERTEX_POINT('',#6816);
#6816 = CARTESIAN_POINT('',(-19.55,0.4,1.51));
#6817 = VERTEX_POINT('',#6818);
#6818 = CARTESIAN_POINT('',(-17.05,0.4,1.51));
#6819 = CIRCLE('',#6820,1.25);
#6820 = AXIS2_PLACEMENT_3D('',#6821,#6822,#6823);
#6821 = CARTESIAN_POINT('',(-18.3,0.4,1.51));
#6822 = DIRECTION('',(0.,0.,-1.));
#6823 = DIRECTION('',(1.,9.E-17,0.));
#6824 = ORIENTED_EDGE('',*,*,#6825,.T.);
#6825 = EDGE_CURVE('',#6817,#6826,#6828,.T.);
#6826 = VERTEX_POINT('',#6827);
#6827 = CARTESIAN_POINT('',(-17.05,-0.4,1.51));
#6828 = LINE('',#6829,#6830);
#6829 = CARTESIAN_POINT('',(-17.05,-0.2,1.51));
#6830 = VECTOR('',#6831,1.);
#6831 = DIRECTION('',(0.,-1.,0.));
#6832 = ORIENTED_EDGE('',*,*,#6833,.T.);
#6833 = EDGE_CURVE('',#6826,#6834,#6836,.T.);
#6834 = VERTEX_POINT('',#6835);
#6835 = CARTESIAN_POINT('',(-19.55,-0.4,1.51));
#6836 = CIRCLE('',#6837,1.25);
#6837 = AXIS2_PLACEMENT_3D('',#6838,#6839,#6840);
#6838 = CARTESIAN_POINT('',(-18.3,-0.4,1.51));
#6839 = DIRECTION('',(-0.,0.,-1.));
#6840 = DIRECTION('',(-1.,-9.E-17,0.));
#6841 = ORIENTED_EDGE('',*,*,#6842,.T.);
#6842 = EDGE_CURVE('',#6834,#6815,#6843,.T.);
#6843 = LINE('',#6844,#6845);
#6844 = CARTESIAN_POINT('',(-19.55,0.2,1.51));
#6845 = VECTOR('',#6846,1.);
#6846 = DIRECTION('',(-0.,1.,0.));
#6847 = FACE_BOUND('',#6848,.T.);
#6848 = EDGE_LOOP('',(#6849));
#6849 = ORIENTED_EDGE('',*,*,#6850,.T.);
#6850 = EDGE_CURVE('',#6851,#6851,#6853,.T.);
#6851 = VERTEX_POINT('',#6852);
#6852 = CARTESIAN_POINT('',(-14.3,-0.9,1.51));
#6853 = CIRCLE('',#6854,0.15);
#6854 = AXIS2_PLACEMENT_3D('',#6855,#6856,#6857);
#6855 = CARTESIAN_POINT('',(-14.3,-0.75,1.51));
#6856 = DIRECTION('',(-0.,0.,-1.));
#6857 = DIRECTION('',(-0.,-1.,0.));
#6858 = FACE_BOUND('',#6859,.T.);
#6859 = EDGE_LOOP('',(#6860));
#6860 = ORIENTED_EDGE('',*,*,#6861,.T.);
#6861 = EDGE_CURVE('',#6862,#6862,#6864,.T.);
#6862 = VERTEX_POINT('',#6863);
#6863 = CARTESIAN_POINT('',(-13.75,-0.85,1.51));
#6864 = CIRCLE('',#6865,0.1);
#6865 = AXIS2_PLACEMENT_3D('',#6866,#6867,#6868);
#6866 = CARTESIAN_POINT('',(-13.75,-0.75,1.51));
#6867 = DIRECTION('',(-0.,0.,-1.));
#6868 = DIRECTION('',(-0.,-1.,0.));
#6869 = FACE_BOUND('',#6870,.T.);
#6870 = EDGE_LOOP('',(#6871));
#6871 = ORIENTED_EDGE('',*,*,#6872,.T.);
#6872 = EDGE_CURVE('',#6873,#6873,#6875,.T.);
#6873 = VERTEX_POINT('',#6874);
#6874 = CARTESIAN_POINT('',(-13.25,-0.35,1.51));
#6875 = CIRCLE('',#6876,0.1);
#6876 = AXIS2_PLACEMENT_3D('',#6877,#6878,#6879);
#6877 = CARTESIAN_POINT('',(-13.25,-0.25,1.51));
#6878 = DIRECTION('',(-0.,0.,-1.));
#6879 = DIRECTION('',(-0.,-1.,0.));
#6880 = FACE_BOUND('',#6881,.T.);
#6881 = EDGE_LOOP('',(#6882));
#6882 = ORIENTED_EDGE('',*,*,#6883,.T.);
#6883 = EDGE_CURVE('',#6884,#6884,#6886,.T.);
#6884 = VERTEX_POINT('',#6885);
#6885 = CARTESIAN_POINT('',(-10.98,-1.4,1.51));
#6886 = CIRCLE('',#6887,0.15);
#6887 = AXIS2_PLACEMENT_3D('',#6888,#6889,#6890);
#6888 = CARTESIAN_POINT('',(-10.98,-1.25,1.51));
#6889 = DIRECTION('',(-0.,0.,-1.));
#6890 = DIRECTION('',(-0.,-1.,0.));
#6891 = FACE_BOUND('',#6892,.T.);
#6892 = EDGE_LOOP('',(#6893));
#6893 = ORIENTED_EDGE('',*,*,#6894,.T.);
#6894 = EDGE_CURVE('',#6895,#6895,#6897,.T.);
#6895 = VERTEX_POINT('',#6896);
#6896 = CARTESIAN_POINT('',(-13.75,0.15,1.51));
#6897 = CIRCLE('',#6898,0.1);
#6898 = AXIS2_PLACEMENT_3D('',#6899,#6900,#6901);
#6899 = CARTESIAN_POINT('',(-13.75,0.25,1.51));
#6900 = DIRECTION('',(-0.,0.,-1.));
#6901 = DIRECTION('',(-0.,-1.,0.));
#6902 = FACE_BOUND('',#6903,.T.);
#6903 = EDGE_LOOP('',(#6904));
#6904 = ORIENTED_EDGE('',*,*,#6905,.T.);
#6905 = EDGE_CURVE('',#6906,#6906,#6908,.T.);
#6906 = VERTEX_POINT('',#6907);
#6907 = CARTESIAN_POINT('',(-14.3,0.6,1.51));
#6908 = CIRCLE('',#6909,0.15);
#6909 = AXIS2_PLACEMENT_3D('',#6910,#6911,#6912);
#6910 = CARTESIAN_POINT('',(-14.3,0.75,1.51));
#6911 = DIRECTION('',(-0.,0.,-1.));
#6912 = DIRECTION('',(-0.,-1.,0.));
#6913 = FACE_BOUND('',#6914,.T.);
#6914 = EDGE_LOOP('',(#6915));
#6915 = ORIENTED_EDGE('',*,*,#6916,.T.);
#6916 = EDGE_CURVE('',#6917,#6917,#6919,.T.);
#6917 = VERTEX_POINT('',#6918);
#6918 = CARTESIAN_POINT('',(-13.25,0.65,1.51));
#6919 = CIRCLE('',#6920,0.1);
#6920 = AXIS2_PLACEMENT_3D('',#6921,#6922,#6923);
#6921 = CARTESIAN_POINT('',(-13.25,0.75,1.51));
#6922 = DIRECTION('',(-0.,0.,-1.));
#6923 = DIRECTION('',(-0.,-1.,0.));
#6924 = FACE_BOUND('',#6925,.T.);
#6925 = EDGE_LOOP('',(#6926));
#6926 = ORIENTED_EDGE('',*,*,#6927,.T.);
#6927 = EDGE_CURVE('',#6928,#6928,#6930,.T.);
#6928 = VERTEX_POINT('',#6929);
#6929 = CARTESIAN_POINT('',(-17.72,1.6,1.51));
#6930 = CIRCLE('',#6931,0.65);
#6931 = AXIS2_PLACEMENT_3D('',#6932,#6933,#6934);
#6932 = CARTESIAN_POINT('',(-17.72,2.25,1.51));
#6933 = DIRECTION('',(-0.,0.,-1.));
#6934 = DIRECTION('',(-0.,-1.,0.));
#6935 = FACE_BOUND('',#6936,.T.);
#6936 = EDGE_LOOP('',(#6937));
#6937 = ORIENTED_EDGE('',*,*,#6938,.T.);
#6938 = EDGE_CURVE('',#6939,#6939,#6941,.T.);
#6939 = VERTEX_POINT('',#6940);
#6940 = CARTESIAN_POINT('',(-10.955,1.445,1.51));
#6941 = CIRCLE('',#6942,0.15);
#6942 = AXIS2_PLACEMENT_3D('',#6943,#6944,#6945);
#6943 = CARTESIAN_POINT('',(-10.955,1.595,1.51));
#6944 = DIRECTION('',(-0.,0.,-1.));
#6945 = DIRECTION('',(-0.,-1.,0.));
#6946 = FACE_BOUND('',#6947,.T.);
#6947 = EDGE_LOOP('',(#6948));
#6948 = ORIENTED_EDGE('',*,*,#6949,.T.);
#6949 = EDGE_CURVE('',#6950,#6950,#6952,.T.);
#6950 = VERTEX_POINT('',#6951);
#6951 = CARTESIAN_POINT('',(-13.63,2.565,1.51));
#6952 = CIRCLE('',#6953,0.325);
#6953 = AXIS2_PLACEMENT_3D('',#6954,#6955,#6956);
#6954 = CARTESIAN_POINT('',(-13.63,2.89,1.51));
#6955 = DIRECTION('',(-0.,0.,-1.));
#6956 = DIRECTION('',(-5.47E-15,-1.,0.));
#6957 = FACE_BOUND('',#6958,.T.);
#6958 = EDGE_LOOP('',(#6959));
#6959 = ORIENTED_EDGE('',*,*,#6960,.T.);
#6960 = EDGE_CURVE('',#6961,#6961,#6963,.T.);
#6961 = VERTEX_POINT('',#6962);
#6962 = CARTESIAN_POINT('',(-5.85,-0.186,1.51));
#6963 = CIRCLE('',#6964,1.5);
#6964 = AXIS2_PLACEMENT_3D('',#6965,#6966,#6967);
#6965 = CARTESIAN_POINT('',(-5.85,1.314,1.51));
#6966 = DIRECTION('',(-0.,0.,-1.));
#6967 = DIRECTION('',(-0.,-1.,0.));
#6968 = FACE_BOUND('',#6969,.T.);
#6969 = EDGE_LOOP('',(#6970,#6981,#6989,#6998));
#6970 = ORIENTED_EDGE('',*,*,#6971,.T.);
#6971 = EDGE_CURVE('',#6972,#6974,#6976,.T.);
#6972 = VERTEX_POINT('',#6973);
#6973 = CARTESIAN_POINT('',(-17.548632,4.02,1.51));
#6974 = VERTEX_POINT('',#6975);
#6975 = CARTESIAN_POINT('',(-17.548632,4.62,1.51));
#6976 = CIRCLE('',#6977,0.3);
#6977 = AXIS2_PLACEMENT_3D('',#6978,#6979,#6980);
#6978 = CARTESIAN_POINT('',(-17.548632,4.32,1.51));
#6979 = DIRECTION('',(0.,0.,-1.));
#6980 = DIRECTION('',(-1.184E-14,1.,0.));
#6981 = ORIENTED_EDGE('',*,*,#6982,.T.);
#6982 = EDGE_CURVE('',#6974,#6983,#6985,.T.);
#6983 = VERTEX_POINT('',#6984);
#6984 = CARTESIAN_POINT('',(-16.948632,4.62,1.51));
#6985 = LINE('',#6986,#6987);
#6986 = CARTESIAN_POINT('',(-8.474316,4.62,1.51));
#6987 = VECTOR('',#6988,1.);
#6988 = DIRECTION('',(1.,0.,-0.));
#6989 = ORIENTED_EDGE('',*,*,#6990,.T.);
#6990 = EDGE_CURVE('',#6983,#6991,#6993,.T.);
#6991 = VERTEX_POINT('',#6992);
#6992 = CARTESIAN_POINT('',(-16.948632,4.02,1.51));
#6993 = CIRCLE('',#6994,0.3);
#6994 = AXIS2_PLACEMENT_3D('',#6995,#6996,#6997);
#6995 = CARTESIAN_POINT('',(-16.948632,4.32,1.51));
#6996 = DIRECTION('',(-0.,0.,-1.));
#6997 = DIRECTION('',(-1.184E-14,-1.,0.));
#6998 = ORIENTED_EDGE('',*,*,#6999,.T.);
#6999 = EDGE_CURVE('',#6991,#6972,#7000,.T.);
#7000 = LINE('',#7001,#7002);
#7001 = CARTESIAN_POINT('',(-8.774316,4.02,1.51));
#7002 = VECTOR('',#7003,1.);
#7003 = DIRECTION('',(-1.,0.,0.));
#7004 = FACE_BOUND('',#7005,.T.);
#7005 = EDGE_LOOP('',(#7006,#7017,#7025,#7034));
#7006 = ORIENTED_EDGE('',*,*,#7007,.T.);
#7007 = EDGE_CURVE('',#7008,#7010,#7012,.T.);
#7008 = VERTEX_POINT('',#7009);
#7009 = CARTESIAN_POINT('',(-18.519986,5.399988,1.51));
#7010 = VERTEX_POINT('',#7011);
#7011 = CARTESIAN_POINT('',(-18.519986,6.300012,1.51));
#7012 = CIRCLE('',#7013,0.450012);
#7013 = AXIS2_PLACEMENT_3D('',#7014,#7015,#7016);
#7014 = CARTESIAN_POINT('',(-18.519986,5.85,1.51));
#7015 = DIRECTION('',(-0.,0.,-1.));
#7016 = DIRECTION('',(0.,1.,0.));
#7017 = ORIENTED_EDGE('',*,*,#7018,.T.);
#7018 = EDGE_CURVE('',#7010,#7019,#7021,.T.);
#7019 = VERTEX_POINT('',#7020);
#7020 = CARTESIAN_POINT('',(-16.920014,6.300012,1.51));
#7021 = LINE('',#7022,#7023);
#7022 = CARTESIAN_POINT('',(-8.460007,6.300012,1.51));
#7023 = VECTOR('',#7024,1.);
#7024 = DIRECTION('',(1.,0.,-0.));
#7025 = ORIENTED_EDGE('',*,*,#7026,.T.);
#7026 = EDGE_CURVE('',#7019,#7027,#7029,.T.);
#7027 = VERTEX_POINT('',#7028);
#7028 = CARTESIAN_POINT('',(-16.920014,5.399988,1.51));
#7029 = CIRCLE('',#7030,0.450012);
#7030 = AXIS2_PLACEMENT_3D('',#7031,#7032,#7033);
#7031 = CARTESIAN_POINT('',(-16.920014,5.85,1.51));
#7032 = DIRECTION('',(-0.,0.,-1.));
#7033 = DIRECTION('',(7.89E-15,-1.,-0.));
#7034 = ORIENTED_EDGE('',*,*,#7035,.T.);
#7035 = EDGE_CURVE('',#7027,#7008,#7036,.T.);
#7036 = LINE('',#7037,#7038);
#7037 = CARTESIAN_POINT('',(-9.259993,5.399988,1.51));
#7038 = VECTOR('',#7039,1.);
#7039 = DIRECTION('',(-1.,0.,0.));
#7040 = FACE_BOUND('',#7041,.T.);
#7041 = EDGE_LOOP('',(#7042,#7053,#7061,#7070));
#7042 = ORIENTED_EDGE('',*,*,#7043,.T.);
#7043 = EDGE_CURVE('',#7044,#7046,#7048,.T.);
#7044 = VERTEX_POINT('',#7045);
#7045 = CARTESIAN_POINT('',(-13.618632,4.02,1.51));
#7046 = VERTEX_POINT('',#7047);
#7047 = CARTESIAN_POINT('',(-13.618632,4.62,1.51));
#7048 = CIRCLE('',#7049,0.3);
#7049 = AXIS2_PLACEMENT_3D('',#7050,#7051,#7052);
#7050 = CARTESIAN_POINT('',(-13.618632,4.32,1.51));
#7051 = DIRECTION('',(-0.,0.,-1.));
#7052 = DIRECTION('',(0.,1.,0.));
#7053 = ORIENTED_EDGE('',*,*,#7054,.T.);
#7054 = EDGE_CURVE('',#7046,#7055,#7057,.T.);
#7055 = VERTEX_POINT('',#7056);
#7056 = CARTESIAN_POINT('',(-12.518632,4.62,1.51));
#7057 = LINE('',#7058,#7059);
#7058 = CARTESIAN_POINT('',(-6.259316,4.62,1.51));
#7059 = VECTOR('',#7060,1.);
#7060 = DIRECTION('',(1.,0.,-0.));
#7061 = ORIENTED_EDGE('',*,*,#7062,.T.);
#7062 = EDGE_CURVE('',#7055,#7063,#7065,.T.);
#7063 = VERTEX_POINT('',#7064);
#7064 = CARTESIAN_POINT('',(-12.518632,4.02,1.51));
#7065 = CIRCLE('',#7066,0.3);
#7066 = AXIS2_PLACEMENT_3D('',#7067,#7068,#7069);
#7067 = CARTESIAN_POINT('',(-12.518632,4.32,1.51));
#7068 = DIRECTION('',(-0.,0.,-1.));
#7069 = DIRECTION('',(-0.,-1.,0.));
#7070 = ORIENTED_EDGE('',*,*,#7071,.T.);
#7071 = EDGE_CURVE('',#7063,#7044,#7072,.T.);
#7072 = LINE('',#7073,#7074);
#7073 = CARTESIAN_POINT('',(-6.809316,4.02,1.51));
#7074 = VECTOR('',#7075,1.);
#7075 = DIRECTION('',(-1.,0.,0.));
#7076 = FACE_BOUND('',#7077,.T.);
#7077 = EDGE_LOOP('',(#7078));
#7078 = ORIENTED_EDGE('',*,*,#7079,.T.);
#7079 = EDGE_CURVE('',#7080,#7080,#7082,.T.);
#7080 = VERTEX_POINT('',#7081);
#7081 = CARTESIAN_POINT('',(-2.2,4.65,1.51));
#7082 = CIRCLE('',#7083,0.15);
#7083 = AXIS2_PLACEMENT_3D('',#7084,#7085,#7086);
#7084 = CARTESIAN_POINT('',(-2.2,4.8,1.51));
#7085 = DIRECTION('',(-0.,0.,-1.));
#7086 = DIRECTION('',(-0.,-1.,0.));
#7087 = FACE_BOUND('',#7088,.T.);
#7088 = EDGE_LOOP('',(#7089));
#7089 = ORIENTED_EDGE('',*,*,#7090,.T.);
#7090 = EDGE_CURVE('',#7091,#7091,#7093,.T.);
#7091 = VERTEX_POINT('',#7092);
#7092 = CARTESIAN_POINT('',(-7.9,7.314,1.51));
#7093 = CIRCLE('',#7094,0.15);
#7094 = AXIS2_PLACEMENT_3D('',#7095,#7096,#7097);
#7095 = CARTESIAN_POINT('',(-7.9,7.464,1.51));
#7096 = DIRECTION('',(-0.,0.,-1.));
#7097 = DIRECTION('',(-0.,-1.,0.));
#7098 = FACE_BOUND('',#7099,.T.);
#7099 = EDGE_LOOP('',(#7100));
#7100 = ORIENTED_EDGE('',*,*,#7101,.T.);
#7101 = EDGE_CURVE('',#7102,#7102,#7104,.T.);
#7102 = VERTEX_POINT('',#7103);
#7103 = CARTESIAN_POINT('',(-6.8,7.314,1.51));
#7104 = CIRCLE('',#7105,0.15);
#7105 = AXIS2_PLACEMENT_3D('',#7106,#7107,#7108);
#7106 = CARTESIAN_POINT('',(-6.8,7.464,1.51));
#7107 = DIRECTION('',(-0.,0.,-1.));
#7108 = DIRECTION('',(5.92E-15,-1.,-0.));
#7109 = FACE_BOUND('',#7110,.T.);
#7110 = EDGE_LOOP('',(#7111));
#7111 = ORIENTED_EDGE('',*,*,#7112,.T.);
#7112 = EDGE_CURVE('',#7113,#7113,#7115,.T.);
#7113 = VERTEX_POINT('',#7114);
#7114 = CARTESIAN_POINT('',(-5.7,7.314,1.51));
#7115 = CIRCLE('',#7116,0.15);
#7116 = AXIS2_PLACEMENT_3D('',#7117,#7118,#7119);
#7117 = CARTESIAN_POINT('',(-5.7,7.464,1.51));
#7118 = DIRECTION('',(-0.,0.,-1.));
#7119 = DIRECTION('',(-5.92E-15,-1.,0.));
#7120 = FACE_BOUND('',#7121,.T.);
#7121 = EDGE_LOOP('',(#7122));
#7122 = ORIENTED_EDGE('',*,*,#7123,.T.);
#7123 = EDGE_CURVE('',#7124,#7124,#7126,.T.);
#7124 = VERTEX_POINT('',#7125);
#7125 = CARTESIAN_POINT('',(3.2,0.725,1.51));
#7126 = CIRCLE('',#7127,0.15);
#7127 = AXIS2_PLACEMENT_3D('',#7128,#7129,#7130);
#7128 = CARTESIAN_POINT('',(3.2,0.875,1.51));
#7129 = DIRECTION('',(-0.,0.,-1.));
#7130 = DIRECTION('',(-0.,-1.,0.));
#7131 = FACE_BOUND('',#7132,.T.);
#7132 = EDGE_LOOP('',(#7133));
#7133 = ORIENTED_EDGE('',*,*,#7134,.T.);
#7134 = EDGE_CURVE('',#7135,#7135,#7137,.T.);
#7135 = VERTEX_POINT('',#7136);
#7136 = CARTESIAN_POINT('',(11.7,-0.35,1.51));
#7137 = CIRCLE('',#7138,0.1);
#7138 = AXIS2_PLACEMENT_3D('',#7139,#7140,#7141);
#7139 = CARTESIAN_POINT('',(11.7,-0.25,1.51));
#7140 = DIRECTION('',(-0.,0.,-1.));
#7141 = DIRECTION('',(-0.,-1.,0.));
#7142 = FACE_BOUND('',#7143,.T.);
#7143 = EDGE_LOOP('',(#7144));
#7144 = ORIENTED_EDGE('',*,*,#7145,.T.);
#7145 = EDGE_CURVE('',#7146,#7146,#7148,.T.);
#7146 = VERTEX_POINT('',#7147);
#7147 = CARTESIAN_POINT('',(12.15,0.15,1.51));
#7148 = CIRCLE('',#7149,0.1);
#7149 = AXIS2_PLACEMENT_3D('',#7150,#7151,#7152);
#7150 = CARTESIAN_POINT('',(12.15,0.25,1.51));
#7151 = DIRECTION('',(-0.,0.,-1.));
#7152 = DIRECTION('',(-0.,-1.,0.));
#7153 = FACE_BOUND('',#7154,.T.);
#7154 = EDGE_LOOP('',(#7155,#7166,#7174,#7183));
#7155 = ORIENTED_EDGE('',*,*,#7156,.T.);
#7156 = EDGE_CURVE('',#7157,#7159,#7161,.T.);
#7157 = VERTEX_POINT('',#7158);
#7158 = CARTESIAN_POINT('',(15.92,0.6,1.51));
#7159 = VERTEX_POINT('',#7160);
#7160 = CARTESIAN_POINT('',(18.72,0.6,1.51));
#7161 = CIRCLE('',#7162,1.4);
#7162 = AXIS2_PLACEMENT_3D('',#7163,#7164,#7165);
#7163 = CARTESIAN_POINT('',(17.32,0.6,1.51));
#7164 = DIRECTION('',(0.,-0.,-1.));
#7165 = DIRECTION('',(1.,-7.1E-16,0.));
#7166 = ORIENTED_EDGE('',*,*,#7167,.T.);
#7167 = EDGE_CURVE('',#7159,#7168,#7170,.T.);
#7168 = VERTEX_POINT('',#7169);
#7169 = CARTESIAN_POINT('',(18.72,-0.6,1.51));
#7170 = LINE('',#7171,#7172);
#7171 = CARTESIAN_POINT('',(18.72,-0.3,1.51));
#7172 = VECTOR('',#7173,1.);
#7173 = DIRECTION('',(0.,-1.,0.));
#7174 = ORIENTED_EDGE('',*,*,#7175,.T.);
#7175 = EDGE_CURVE('',#7168,#7176,#7178,.T.);
#7176 = VERTEX_POINT('',#7177);
#7177 = CARTESIAN_POINT('',(15.92,-0.6,1.51));
#7178 = CIRCLE('',#7179,1.4);
#7179 = AXIS2_PLACEMENT_3D('',#7180,#7181,#7182);
#7180 = CARTESIAN_POINT('',(17.32,-0.6,1.51));
#7181 = DIRECTION('',(0.,0.,-1.));
#7182 = DIRECTION('',(-1.,7.1E-16,0.));
#7183 = ORIENTED_EDGE('',*,*,#7184,.T.);
#7184 = EDGE_CURVE('',#7176,#7157,#7185,.T.);
#7185 = LINE('',#7186,#7187);
#7186 = CARTESIAN_POINT('',(15.92,0.3,1.51));
#7187 = VECTOR('',#7188,1.);
#7188 = DIRECTION('',(-0.,1.,0.));
#7189 = FACE_BOUND('',#7190,.T.);
#7190 = EDGE_LOOP('',(#7191));
#7191 = ORIENTED_EDGE('',*,*,#7192,.T.);
#7192 = EDGE_CURVE('',#7193,#7193,#7195,.T.);
#7193 = VERTEX_POINT('',#7194);
#7194 = CARTESIAN_POINT('',(11.83,1.15,1.51));
#7195 = CIRCLE('',#7196,0.1);
#7196 = AXIS2_PLACEMENT_3D('',#7197,#7198,#7199);
#7197 = CARTESIAN_POINT('',(11.83,1.25,1.51));
#7198 = DIRECTION('',(-0.,0.,-1.));
#7199 = DIRECTION('',(-0.,-1.,0.));
#7200 = FACE_BOUND('',#7201,.T.);
#7201 = EDGE_LOOP('',(#7202));
#7202 = ORIENTED_EDGE('',*,*,#7203,.T.);
#7203 = EDGE_CURVE('',#7204,#7204,#7206,.T.);
#7204 = VERTEX_POINT('',#7205);
#7205 = CARTESIAN_POINT('',(12.8,1.35,1.51));
#7206 = CIRCLE('',#7207,0.15);
#7207 = AXIS2_PLACEMENT_3D('',#7208,#7209,#7210);
#7208 = CARTESIAN_POINT('',(12.8,1.5,1.51));
#7209 = DIRECTION('',(-0.,0.,-1.));
#7210 = DIRECTION('',(-0.,-1.,0.));
#7211 = FACE_BOUND('',#7212,.T.);
#7212 = EDGE_LOOP('',(#7213));
#7213 = ORIENTED_EDGE('',*,*,#7214,.T.);
#7214 = EDGE_CURVE('',#7215,#7215,#7217,.T.);
#7215 = VERTEX_POINT('',#7216);
#7216 = CARTESIAN_POINT('',(11.83,2.35,1.51));
#7217 = CIRCLE('',#7218,0.1);
#7218 = AXIS2_PLACEMENT_3D('',#7219,#7220,#7221);
#7219 = CARTESIAN_POINT('',(11.83,2.45,1.51));
#7220 = DIRECTION('',(-0.,0.,-1.));
#7221 = DIRECTION('',(-0.,-1.,0.));
#7222 = FACE_BOUND('',#7223,.T.);
#7223 = EDGE_LOOP('',(#7224));
#7224 = ORIENTED_EDGE('',*,*,#7225,.T.);
#7225 = EDGE_CURVE('',#7226,#7226,#7228,.T.);
#7226 = VERTEX_POINT('',#7227);
#7227 = CARTESIAN_POINT('',(12.55,2.565,1.51));
#7228 = CIRCLE('',#7229,0.325);
#7229 = AXIS2_PLACEMENT_3D('',#7230,#7231,#7232);
#7230 = CARTESIAN_POINT('',(12.55,2.89,1.51));
#7231 = DIRECTION('',(-0.,0.,-1.));
#7232 = DIRECTION('',(-0.,-1.,0.));
#7233 = FACE_BOUND('',#7234,.T.);
#7234 = EDGE_LOOP('',(#7235));
#7235 = ORIENTED_EDGE('',*,*,#7236,.T.);
#7236 = EDGE_CURVE('',#7237,#7237,#7239,.T.);
#7237 = VERTEX_POINT('',#7238);
#7238 = CARTESIAN_POINT('',(4.7,4.45,1.51));
#7239 = CIRCLE('',#7240,0.15);
#7240 = AXIS2_PLACEMENT_3D('',#7241,#7242,#7243);
#7241 = CARTESIAN_POINT('',(4.7,4.6,1.51));
#7242 = DIRECTION('',(-0.,0.,-1.));
#7243 = DIRECTION('',(5.92E-15,-1.,-0.));
#7244 = FACE_BOUND('',#7245,.T.);
#7245 = EDGE_LOOP('',(#7246));
#7246 = ORIENTED_EDGE('',*,*,#7247,.T.);
#7247 = EDGE_CURVE('',#7248,#7248,#7250,.T.);
#7248 = VERTEX_POINT('',#7249);
#7249 = CARTESIAN_POINT('',(4.8,5.25,1.51));
#7250 = CIRCLE('',#7251,0.15);
#7251 = AXIS2_PLACEMENT_3D('',#7252,#7253,#7254);
#7252 = CARTESIAN_POINT('',(4.8,5.4,1.51));
#7253 = DIRECTION('',(-0.,0.,-1.));
#7254 = DIRECTION('',(-5.92E-15,-1.,0.));
#7255 = FACE_BOUND('',#7256,.T.);
#7256 = EDGE_LOOP('',(#7257));
#7257 = ORIENTED_EDGE('',*,*,#7258,.T.);
#7258 = EDGE_CURVE('',#7259,#7259,#7261,.T.);
#7259 = VERTEX_POINT('',#7260);
#7260 = CARTESIAN_POINT('',(8.29,5.71,1.51));
#7261 = CIRCLE('',#7262,0.15);
#7262 = AXIS2_PLACEMENT_3D('',#7263,#7264,#7265);
#7263 = CARTESIAN_POINT('',(8.29,5.86,1.51));
#7264 = DIRECTION('',(-0.,0.,-1.));
#7265 = DIRECTION('',(-0.,-1.,0.));
#7266 = FACE_BOUND('',#7267,.T.);
#7267 = EDGE_LOOP('',(#7268));
#7268 = ORIENTED_EDGE('',*,*,#7269,.T.);
#7269 = EDGE_CURVE('',#7270,#7270,#7272,.T.);
#7270 = VERTEX_POINT('',#7271);
#7271 = CARTESIAN_POINT('',(-0.2,5.739,1.51));
#7272 = CIRCLE('',#7273,0.325);
#7273 = AXIS2_PLACEMENT_3D('',#7274,#7275,#7276);
#7274 = CARTESIAN_POINT('',(-0.2,6.064,1.51));
#7275 = DIRECTION('',(-0.,0.,-1.));
#7276 = DIRECTION('',(-0.,-1.,0.));
#7277 = FACE_BOUND('',#7278,.T.);
#7278 = EDGE_LOOP('',(#7279,#7290,#7298,#7307));
#7279 = ORIENTED_EDGE('',*,*,#7280,.T.);
#7280 = EDGE_CURVE('',#7281,#7283,#7285,.T.);
#7281 = VERTEX_POINT('',#7282);
#7282 = CARTESIAN_POINT('',(12.57,4.62,1.51));
#7283 = VERTEX_POINT('',#7284);
#7284 = CARTESIAN_POINT('',(12.57,4.02,1.51));
#7285 = CIRCLE('',#7286,0.3);
#7286 = AXIS2_PLACEMENT_3D('',#7287,#7288,#7289);
#7287 = CARTESIAN_POINT('',(12.57,4.32,1.51));
#7288 = DIRECTION('',(-0.,0.,-1.));
#7289 = DIRECTION('',(5.92E-15,-1.,-0.));
#7290 = ORIENTED_EDGE('',*,*,#7291,.T.);
#7291 = EDGE_CURVE('',#7283,#7292,#7294,.T.);
#7292 = VERTEX_POINT('',#7293);
#7293 = CARTESIAN_POINT('',(11.47,4.02,1.51));
#7294 = LINE('',#7295,#7296);
#7295 = CARTESIAN_POINT('',(5.735,4.02,1.51));
#7296 = VECTOR('',#7297,1.);
#7297 = DIRECTION('',(-1.,0.,0.));
#7298 = ORIENTED_EDGE('',*,*,#7299,.T.);
#7299 = EDGE_CURVE('',#7292,#7300,#7302,.T.);
#7300 = VERTEX_POINT('',#7301);
#7301 = CARTESIAN_POINT('',(11.47,4.62,1.51));
#7302 = CIRCLE('',#7303,0.3);
#7303 = AXIS2_PLACEMENT_3D('',#7304,#7305,#7306);
#7304 = CARTESIAN_POINT('',(11.47,4.32,1.51));
#7305 = DIRECTION('',(-0.,0.,-1.));
#7306 = DIRECTION('',(0.,1.,0.));
#7307 = ORIENTED_EDGE('',*,*,#7308,.T.);
#7308 = EDGE_CURVE('',#7300,#7281,#7309,.T.);
#7309 = LINE('',#7310,#7311);
#7310 = CARTESIAN_POINT('',(6.285,4.62,1.51));
#7311 = VECTOR('',#7312,1.);
#7312 = DIRECTION('',(1.,0.,-0.));
#7313 = FACE_BOUND('',#7314,.T.);
#7314 = EDGE_LOOP('',(#7315,#7326,#7334,#7343));
#7315 = ORIENTED_EDGE('',*,*,#7316,.T.);
#7316 = EDGE_CURVE('',#7317,#7319,#7321,.T.);
#7317 = VERTEX_POINT('',#7318);
#7318 = CARTESIAN_POINT('',(16.5,4.62,1.51));
#7319 = VERTEX_POINT('',#7320);
#7320 = CARTESIAN_POINT('',(16.5,4.02,1.51));
#7321 = CIRCLE('',#7322,0.3);
#7322 = AXIS2_PLACEMENT_3D('',#7323,#7324,#7325);
#7323 = CARTESIAN_POINT('',(16.5,4.32,1.51));
#7324 = DIRECTION('',(-0.,0.,-1.));
#7325 = DIRECTION('',(-0.,-1.,0.));
#7326 = ORIENTED_EDGE('',*,*,#7327,.T.);
#7327 = EDGE_CURVE('',#7319,#7328,#7330,.T.);
#7328 = VERTEX_POINT('',#7329);
#7329 = CARTESIAN_POINT('',(15.9,4.02,1.51));
#7330 = LINE('',#7331,#7332);
#7331 = CARTESIAN_POINT('',(7.95,4.02,1.51));
#7332 = VECTOR('',#7333,1.);
#7333 = DIRECTION('',(-1.,0.,0.));
#7334 = ORIENTED_EDGE('',*,*,#7335,.T.);
#7335 = EDGE_CURVE('',#7328,#7336,#7338,.T.);
#7336 = VERTEX_POINT('',#7337);
#7337 = CARTESIAN_POINT('',(15.9,4.62,1.51));
#7338 = CIRCLE('',#7339,0.3);
#7339 = AXIS2_PLACEMENT_3D('',#7340,#7341,#7342);
#7340 = CARTESIAN_POINT('',(15.9,4.32,1.51));
#7341 = DIRECTION('',(-0.,0.,-1.));
#7342 = DIRECTION('',(0.,1.,0.));
#7343 = ORIENTED_EDGE('',*,*,#7344,.T.);
#7344 = EDGE_CURVE('',#7336,#7317,#7345,.T.);
#7345 = LINE('',#7346,#7347);
#7346 = CARTESIAN_POINT('',(8.25,4.62,1.51));
#7347 = VECTOR('',#7348,1.);
#7348 = DIRECTION('',(1.,0.,-0.));
#7349 = FACE_BOUND('',#7350,.T.);
#7350 = EDGE_LOOP('',(#7351));
#7351 = ORIENTED_EDGE('',*,*,#7352,.T.);
#7352 = EDGE_CURVE('',#7353,#7353,#7355,.T.);
#7353 = VERTEX_POINT('',#7354);
#7354 = CARTESIAN_POINT('',(17.,7.95,1.51));
#7355 = CIRCLE('',#7356,0.15);
#7356 = AXIS2_PLACEMENT_3D('',#7357,#7358,#7359);
#7357 = CARTESIAN_POINT('',(17.,8.1,1.51));
#7358 = DIRECTION('',(-0.,0.,-1.));
#7359 = DIRECTION('',(-0.,-1.,0.));
#7360 = PLANE('',#7361);
#7361 = AXIS2_PLACEMENT_3D('',#7362,#7363,#7364);
#7362 = CARTESIAN_POINT('',(0.,0.,1.51));
#7363 = DIRECTION('',(0.,0.,1.));
#7364 = DIRECTION('',(1.,0.,-0.));
#7365 = ADVANCED_FACE('',(#7366),#7377,.T.);
#7366 = FACE_BOUND('',#7367,.T.);
#7367 = EDGE_LOOP('',(#7368,#7374,#7375,#7376));
#7368 = ORIENTED_EDGE('',*,*,#7369,.T.);
#7369 = EDGE_CURVE('',#4962,#6167,#7370,.T.);
#7370 = LINE('',#7371,#7372);
#7371 = CARTESIAN_POINT('',(-20.,9.,0.));
#7372 = VECTOR('',#7373,1.);
#7373 = DIRECTION('',(0.,0.,1.));
#7374 = ORIENTED_EDGE('',*,*,#6166,.T.);
#7375 = ORIENTED_EDGE('',*,*,#4897,.F.);
#7376 = ORIENTED_EDGE('',*,*,#4961,.F.);
#7377 = CYLINDRICAL_SURFACE('',#7378,3.000001172987);
#7378 = AXIS2_PLACEMENT_3D('',#7379,#7380,#7381);
#7379 = CARTESIAN_POINT('',(-16.99999882701,8.999998827013,0.));
#7380 = DIRECTION('',(0.,0.,-1.));
#7381 = DIRECTION('',(-1.,3.9099536161E-07,0.));
#7382 = ADVANCED_FACE('',(#7383),#7394,.T.);
#7383 = FACE_BOUND('',#7384,.T.);
#7384 = EDGE_LOOP('',(#7385,#7386,#7387,#7393));
#7385 = ORIENTED_EDGE('',*,*,#4937,.T.);
#7386 = ORIENTED_EDGE('',*,*,#6266,.T.);
#7387 = ORIENTED_EDGE('',*,*,#7388,.F.);
#7388 = EDGE_CURVE('',#5054,#6259,#7389,.T.);
#7389 = LINE('',#7390,#7391);
#7390 = CARTESIAN_POINT('',(17.002404,-12.002402,0.));
#7391 = VECTOR('',#7392,1.);
#7392 = DIRECTION('',(0.,0.,1.));
#7393 = ORIENTED_EDGE('',*,*,#5061,.F.);
#7394 = CYLINDRICAL_SURFACE('',#7395,3.000000529495);
#7395 = AXIS2_PLACEMENT_3D('',#7396,#7397,#7398);
#7396 = CARTESIAN_POINT('',(16.999999470505,-9.002402434132,0.));
#7397 = DIRECTION('',(0.,0.,-1.));
#7398 = DIRECTION('',(1.,-1.8862274869E-07,0.));
#7399 = ADVANCED_FACE('',(#7400),#7411,.T.);
#7400 = FACE_BOUND('',#7401,.T.);
#7401 = EDGE_LOOP('',(#7402,#7408,#7409,#7410));
#7402 = ORIENTED_EDGE('',*,*,#7403,.T.);
#7403 = EDGE_CURVE('',#4971,#6176,#7404,.T.);
#7404 = LINE('',#7405,#7406);
#7405 = CARTESIAN_POINT('',(-20.,-9.000237,0.));
#7406 = VECTOR('',#7407,1.);
#7407 = DIRECTION('',(0.,0.,1.));
#7408 = ORIENTED_EDGE('',*,*,#6175,.T.);
#7409 = ORIENTED_EDGE('',*,*,#7369,.F.);
#7410 = ORIENTED_EDGE('',*,*,#4970,.F.);
#7411 = PLANE('',#7412);
#7412 = AXIS2_PLACEMENT_3D('',#7413,#7414,#7415);
#7413 = CARTESIAN_POINT('',(-20.,-9.000237,0.));
#7414 = DIRECTION('',(-1.,0.,0.));
#7415 = DIRECTION('',(0.,1.,0.));
#7416 = ADVANCED_FACE('',(#7417),#7428,.T.);
#7417 = FACE_BOUND('',#7418,.T.);
#7418 = EDGE_LOOP('',(#7419,#7420,#7421,#7427));
#7419 = ORIENTED_EDGE('',*,*,#7388,.T.);
#7420 = ORIENTED_EDGE('',*,*,#6258,.T.);
#7421 = ORIENTED_EDGE('',*,*,#7422,.F.);
#7422 = EDGE_CURVE('',#5046,#6251,#7423,.T.);
#7423 = LINE('',#7424,#7425);
#7424 = CARTESIAN_POINT('',(16.88,-12.0025,0.));
#7425 = VECTOR('',#7426,1.);
#7426 = DIRECTION('',(0.,0.,1.));
#7427 = ORIENTED_EDGE('',*,*,#5053,.F.);
#7428 = PLANE('',#7429);
#7429 = AXIS2_PLACEMENT_3D('',#7430,#7431,#7432);
#7430 = CARTESIAN_POINT('',(17.002404,-12.002402,0.));
#7431 = DIRECTION('',(8.006271738693E-04,-0.999999679498,0.));
#7432 = DIRECTION('',(-0.999999679498,-8.006271738693E-04,0.));
#7433 = ADVANCED_FACE('',(#7434),#7445,.T.);
#7434 = FACE_BOUND('',#7435,.T.);
#7435 = EDGE_LOOP('',(#7436,#7442,#7443,#7444));
#7436 = ORIENTED_EDGE('',*,*,#7437,.T.);
#7437 = EDGE_CURVE('',#4979,#6184,#7438,.T.);
#7438 = LINE('',#7439,#7440);
#7439 = CARTESIAN_POINT('',(-17.000237,-12.000237,0.));
#7440 = VECTOR('',#7441,1.);
#7441 = DIRECTION('',(0.,0.,1.));
#7442 = ORIENTED_EDGE('',*,*,#6183,.T.);
#7443 = ORIENTED_EDGE('',*,*,#7403,.F.);
#7444 = ORIENTED_EDGE('',*,*,#4978,.F.);
#7445 = CYLINDRICAL_SURFACE('',#7446,2.999999476178);
#7446 = AXIS2_PLACEMENT_3D('',#7447,#7448,#7449);
#7447 = CARTESIAN_POINT('',(-17.00000052382,-9.000237533142,0.));
#7448 = DIRECTION('',(0.,0.,-1.));
#7449 = DIRECTION('',(-7.882540653181E-05,-0.999999996893,-0.));
#7450 = ADVANCED_FACE('',(#7451),#7462,.T.);
#7451 = FACE_BOUND('',#7452,.T.);
#7452 = EDGE_LOOP('',(#7453,#7454,#7455,#7461));
#7453 = ORIENTED_EDGE('',*,*,#7422,.T.);
#7454 = ORIENTED_EDGE('',*,*,#6250,.T.);
#7455 = ORIENTED_EDGE('',*,*,#7456,.F.);
#7456 = EDGE_CURVE('',#5038,#6243,#7457,.T.);
#7457 = LINE('',#7458,#7459);
#7458 = CARTESIAN_POINT('',(16.18,-12.0025,0.));
#7459 = VECTOR('',#7460,1.);
#7460 = DIRECTION('',(0.,0.,1.));
#7461 = ORIENTED_EDGE('',*,*,#5045,.F.);
#7462 = PLANE('',#7463);
#7463 = AXIS2_PLACEMENT_3D('',#7464,#7465,#7466);
#7464 = CARTESIAN_POINT('',(16.88,-12.0025,0.));
#7465 = DIRECTION('',(0.,-1.,0.));
#7466 = DIRECTION('',(-1.,0.,0.));
#7467 = ADVANCED_FACE('',(#7468),#7479,.T.);
#7468 = FACE_BOUND('',#7469,.T.);
#7469 = EDGE_LOOP('',(#7470,#7476,#7477,#7478));
#7470 = ORIENTED_EDGE('',*,*,#7471,.T.);
#7471 = EDGE_CURVE('',#4988,#6193,#7472,.T.);
#7472 = LINE('',#7473,#7474);
#7473 = CARTESIAN_POINT('',(11.68,-12.0025,0.));
#7474 = VECTOR('',#7475,1.);
#7475 = DIRECTION('',(0.,0.,1.));
#7476 = ORIENTED_EDGE('',*,*,#6192,.T.);
#7477 = ORIENTED_EDGE('',*,*,#7437,.F.);
#7478 = ORIENTED_EDGE('',*,*,#4987,.F.);
#7479 = PLANE('',#7480);
#7480 = AXIS2_PLACEMENT_3D('',#7481,#7482,#7483);
#7481 = CARTESIAN_POINT('',(11.68,-12.0025,0.));
#7482 = DIRECTION('',(-7.89045081097E-05,-0.999999996887,0.));
#7483 = DIRECTION('',(-0.999999996887,7.89045081097E-05,0.));
#7484 = ADVANCED_FACE('',(#7485),#7496,.T.);
#7485 = FACE_BOUND('',#7486,.T.);
#7486 = EDGE_LOOP('',(#7487,#7488,#7489,#7495));
#7487 = ORIENTED_EDGE('',*,*,#7456,.T.);
#7488 = ORIENTED_EDGE('',*,*,#6242,.T.);
#7489 = ORIENTED_EDGE('',*,*,#7490,.F.);
#7490 = EDGE_CURVE('',#5029,#6234,#7491,.T.);
#7491 = LINE('',#7492,#7493);
#7492 = CARTESIAN_POINT('',(16.18,-11.0025,0.));
#7493 = VECTOR('',#7494,1.);
#7494 = DIRECTION('',(0.,0.,1.));
#7495 = ORIENTED_EDGE('',*,*,#5037,.F.);
#7496 = PLANE('',#7497);
#7497 = AXIS2_PLACEMENT_3D('',#7498,#7499,#7500);
#7498 = CARTESIAN_POINT('',(16.18,-12.0025,0.));
#7499 = DIRECTION('',(-1.,0.,0.));
#7500 = DIRECTION('',(0.,1.,0.));
#7501 = ADVANCED_FACE('',(#7502),#7513,.T.);
#7502 = FACE_BOUND('',#7503,.T.);
#7503 = EDGE_LOOP('',(#7504,#7510,#7511,#7512));
#7504 = ORIENTED_EDGE('',*,*,#7505,.T.);
#7505 = EDGE_CURVE('',#4996,#6201,#7506,.T.);
#7506 = LINE('',#7507,#7508);
#7507 = CARTESIAN_POINT('',(12.38,-12.0025,0.));
#7508 = VECTOR('',#7509,1.);
#7509 = DIRECTION('',(0.,0.,1.));
#7510 = ORIENTED_EDGE('',*,*,#6200,.T.);
#7511 = ORIENTED_EDGE('',*,*,#7471,.F.);
#7512 = ORIENTED_EDGE('',*,*,#4995,.F.);
#7513 = PLANE('',#7514);
#7514 = AXIS2_PLACEMENT_3D('',#7515,#7516,#7517);
#7515 = CARTESIAN_POINT('',(12.38,-12.0025,0.));
#7516 = DIRECTION('',(0.,-1.,0.));
#7517 = DIRECTION('',(-1.,0.,0.));
#7518 = ADVANCED_FACE('',(#7519),#7530,.F.);
#7519 = FACE_BOUND('',#7520,.F.);
#7520 = EDGE_LOOP('',(#7521,#7522,#7528,#7529));
#7521 = ORIENTED_EDGE('',*,*,#5028,.T.);
#7522 = ORIENTED_EDGE('',*,*,#7523,.T.);
#7523 = EDGE_CURVE('',#5021,#6226,#7524,.T.);
#7524 = LINE('',#7525,#7526);
#7525 = CARTESIAN_POINT('',(15.68,-10.5025,0.));
#7526 = VECTOR('',#7527,1.);
#7527 = DIRECTION('',(0.,0.,1.));
#7528 = ORIENTED_EDGE('',*,*,#6233,.F.);
#7529 = ORIENTED_EDGE('',*,*,#7490,.F.);
#7530 = CYLINDRICAL_SURFACE('',#7531,0.500001333575);
#7531 = AXIS2_PLACEMENT_3D('',#7532,#7533,#7534);
#7532 = CARTESIAN_POINT('',(15.679998666427,-11.00250133357,0.));
#7533 = DIRECTION('',(-0.,-0.,-1.));
#7534 = DIRECTION('',(0.999999999996,2.66713917328E-06,-0.));
#7535 = ADVANCED_FACE('',(#7536),#7547,.T.);
#7536 = FACE_BOUND('',#7537,.T.);
#7537 = EDGE_LOOP('',(#7538,#7544,#7545,#7546));
#7538 = ORIENTED_EDGE('',*,*,#7539,.T.);
#7539 = EDGE_CURVE('',#5004,#6209,#7540,.T.);
#7540 = LINE('',#7541,#7542);
#7541 = CARTESIAN_POINT('',(12.380001,-11.0025,0.));
#7542 = VECTOR('',#7543,1.);
#7543 = DIRECTION('',(0.,0.,1.));
#7544 = ORIENTED_EDGE('',*,*,#6208,.T.);
#7545 = ORIENTED_EDGE('',*,*,#7505,.F.);
#7546 = ORIENTED_EDGE('',*,*,#5003,.F.);
#7547 = PLANE('',#7548);
#7548 = AXIS2_PLACEMENT_3D('',#7549,#7550,#7551);
#7549 = CARTESIAN_POINT('',(12.380001,-11.0025,0.));
#7550 = DIRECTION('',(1.,-9.9999999925E-07,0.));
#7551 = DIRECTION('',(-9.9999999925E-07,-1.,0.));
#7552 = ADVANCED_FACE('',(#7553),#7564,.T.);
#7553 = FACE_BOUND('',#7554,.T.);
#7554 = EDGE_LOOP('',(#7555,#7556,#7557,#7563));
#7555 = ORIENTED_EDGE('',*,*,#7523,.T.);
#7556 = ORIENTED_EDGE('',*,*,#6225,.T.);
#7557 = ORIENTED_EDGE('',*,*,#7558,.F.);
#7558 = EDGE_CURVE('',#5012,#6217,#7559,.T.);
#7559 = LINE('',#7560,#7561);
#7560 = CARTESIAN_POINT('',(12.88,-10.5025,0.));
#7561 = VECTOR('',#7562,1.);
#7562 = DIRECTION('',(0.,0.,1.));
#7563 = ORIENTED_EDGE('',*,*,#5020,.F.);
#7564 = PLANE('',#7565);
#7565 = AXIS2_PLACEMENT_3D('',#7566,#7567,#7568);
#7566 = CARTESIAN_POINT('',(15.68,-10.5025,0.));
#7567 = DIRECTION('',(0.,-1.,0.));
#7568 = DIRECTION('',(-1.,0.,0.));
#7569 = ADVANCED_FACE('',(#7570),#7576,.F.);
#7570 = FACE_BOUND('',#7571,.F.);
#7571 = EDGE_LOOP('',(#7572,#7573,#7574,#7575));
#7572 = ORIENTED_EDGE('',*,*,#5011,.T.);
#7573 = ORIENTED_EDGE('',*,*,#7539,.T.);
#7574 = ORIENTED_EDGE('',*,*,#6216,.F.);
#7575 = ORIENTED_EDGE('',*,*,#7558,.F.);
#7576 = CYLINDRICAL_SURFACE('',#7577,0.499999626462);
#7577 = AXIS2_PLACEMENT_3D('',#7578,#7579,#7580);
#7578 = CARTESIAN_POINT('',(12.880000626462,-11.00249962646,0.));
#7579 = DIRECTION('',(-0.,-0.,-1.));
#7580 = DIRECTION('',(-1.25292419806E-06,0.999999999999,0.));
#7581 = ADVANCED_FACE('',(#7582),#7593,.F.);
#7582 = FACE_BOUND('',#7583,.F.);
#7583 = EDGE_LOOP('',(#7584,#7590,#7591,#7592));
#7584 = ORIENTED_EDGE('',*,*,#7585,.T.);
#7585 = EDGE_CURVE('',#5072,#6277,#7586,.T.);
#7586 = LINE('',#7587,#7588);
#7587 = CARTESIAN_POINT('',(-17.3625,-9.95,-3.6E-02));
#7588 = VECTOR('',#7589,1.);
#7589 = DIRECTION('',(0.,0.,1.));
#7590 = ORIENTED_EDGE('',*,*,#6276,.T.);
#7591 = ORIENTED_EDGE('',*,*,#7585,.F.);
#7592 = ORIENTED_EDGE('',*,*,#5071,.F.);
#7593 = CYLINDRICAL_SURFACE('',#7594,0.15);
#7594 = AXIS2_PLACEMENT_3D('',#7595,#7596,#7597);
#7595 = CARTESIAN_POINT('',(-17.3625,-9.8,-3.6E-02));
#7596 = DIRECTION('',(-0.,-0.,-1.));
#7597 = DIRECTION('',(-2.368E-14,-1.,0.));
#7598 = ADVANCED_FACE('',(#7599),#7610,.F.);
#7599 = FACE_BOUND('',#7600,.F.);
#7600 = EDGE_LOOP('',(#7601,#7607,#7608,#7609));
#7601 = ORIENTED_EDGE('',*,*,#7602,.T.);
#7602 = EDGE_CURVE('',#5083,#6288,#7603,.T.);
#7603 = LINE('',#7604,#7605);
#7604 = CARTESIAN_POINT('',(-14.4375,-9.95,-3.6E-02));
#7605 = VECTOR('',#7606,1.);
#7606 = DIRECTION('',(0.,0.,1.));
#7607 = ORIENTED_EDGE('',*,*,#6287,.T.);
#7608 = ORIENTED_EDGE('',*,*,#7602,.F.);
#7609 = ORIENTED_EDGE('',*,*,#5082,.F.);
#7610 = CYLINDRICAL_SURFACE('',#7611,0.15);
#7611 = AXIS2_PLACEMENT_3D('',#7612,#7613,#7614);
#7612 = CARTESIAN_POINT('',(-14.4375,-9.8,-3.6E-02));
#7613 = DIRECTION('',(-0.,-0.,-1.));
#7614 = DIRECTION('',(-0.,-1.,0.));
#7615 = ADVANCED_FACE('',(#7616),#7627,.F.);
#7616 = FACE_BOUND('',#7617,.F.);
#7617 = EDGE_LOOP('',(#7618,#7624,#7625,#7626));
#7618 = ORIENTED_EDGE('',*,*,#7619,.T.);
#7619 = EDGE_CURVE('',#5094,#6299,#7620,.T.);
#7620 = LINE('',#7621,#7622);
#7621 = CARTESIAN_POINT('',(-11.3,-8.85,-3.6E-02));
#7622 = VECTOR('',#7623,1.);
#7623 = DIRECTION('',(0.,0.,1.));
#7624 = ORIENTED_EDGE('',*,*,#6298,.T.);
#7625 = ORIENTED_EDGE('',*,*,#7619,.F.);
#7626 = ORIENTED_EDGE('',*,*,#5093,.F.);
#7627 = CYLINDRICAL_SURFACE('',#7628,0.15);
#7628 = AXIS2_PLACEMENT_3D('',#7629,#7630,#7631);
#7629 = CARTESIAN_POINT('',(-11.3,-8.7,-3.6E-02));
#7630 = DIRECTION('',(-0.,-0.,-1.));
#7631 = DIRECTION('',(-0.,-1.,0.));
#7632 = ADVANCED_FACE('',(#7633),#7644,.F.);
#7633 = FACE_BOUND('',#7634,.F.);
#7634 = EDGE_LOOP('',(#7635,#7641,#7642,#7643));
#7635 = ORIENTED_EDGE('',*,*,#7636,.T.);
#7636 = EDGE_CURVE('',#5105,#6310,#7637,.T.);
#7637 = LINE('',#7638,#7639);
#7638 = CARTESIAN_POINT('',(-2.7375,-10.15,-3.6E-02));
#7639 = VECTOR('',#7640,1.);
#7640 = DIRECTION('',(0.,0.,1.));
#7641 = ORIENTED_EDGE('',*,*,#6309,.T.);
#7642 = ORIENTED_EDGE('',*,*,#7636,.F.);
#7643 = ORIENTED_EDGE('',*,*,#5104,.F.);
#7644 = CYLINDRICAL_SURFACE('',#7645,0.15);
#7645 = AXIS2_PLACEMENT_3D('',#7646,#7647,#7648);
#7646 = CARTESIAN_POINT('',(-2.7375,-10.,-3.6E-02));
#7647 = DIRECTION('',(-0.,-0.,-1.));
#7648 = DIRECTION('',(-0.,-1.,0.));
#7649 = ADVANCED_FACE('',(#7650),#7661,.F.);
#7650 = FACE_BOUND('',#7651,.F.);
#7651 = EDGE_LOOP('',(#7652,#7658,#7659,#7660));
#7652 = ORIENTED_EDGE('',*,*,#7653,.T.);
#7653 = EDGE_CURVE('',#5116,#6321,#7654,.T.);
#7654 = LINE('',#7655,#7656);
#7655 = CARTESIAN_POINT('',(-4.495,-9.19,-3.6E-02));
#7656 = VECTOR('',#7657,1.);
#7657 = DIRECTION('',(0.,0.,1.));
#7658 = ORIENTED_EDGE('',*,*,#6320,.T.);
#7659 = ORIENTED_EDGE('',*,*,#7653,.F.);
#7660 = ORIENTED_EDGE('',*,*,#5115,.F.);
#7661 = CYLINDRICAL_SURFACE('',#7662,0.15);
#7662 = AXIS2_PLACEMENT_3D('',#7663,#7664,#7665);
#7663 = CARTESIAN_POINT('',(-4.495,-9.04,-3.6E-02));
#7664 = DIRECTION('',(-0.,-0.,-1.));
#7665 = DIRECTION('',(-5.92E-15,-1.,0.));
#7666 = ADVANCED_FACE('',(#7667),#7678,.F.);
#7667 = FACE_BOUND('',#7668,.F.);
#7668 = EDGE_LOOP('',(#7669,#7675,#7676,#7677));
#7669 = ORIENTED_EDGE('',*,*,#7670,.T.);
#7670 = EDGE_CURVE('',#5127,#6332,#7671,.T.);
#7671 = LINE('',#7672,#7673);
#7672 = CARTESIAN_POINT('',(-9.5,-8.18,-3.6E-02));
#7673 = VECTOR('',#7674,1.);
#7674 = DIRECTION('',(0.,0.,1.));
#7675 = ORIENTED_EDGE('',*,*,#6331,.T.);
#7676 = ORIENTED_EDGE('',*,*,#7670,.F.);
#7677 = ORIENTED_EDGE('',*,*,#5126,.F.);
#7678 = CYLINDRICAL_SURFACE('',#7679,0.15);
#7679 = AXIS2_PLACEMENT_3D('',#7680,#7681,#7682);
#7680 = CARTESIAN_POINT('',(-9.5,-8.03,-3.6E-02));
#7681 = DIRECTION('',(-0.,-0.,-1.));
#7682 = DIRECTION('',(-0.,-1.,0.));
#7683 = ADVANCED_FACE('',(#7684),#7695,.F.);
#7684 = FACE_BOUND('',#7685,.F.);
#7685 = EDGE_LOOP('',(#7686,#7692,#7693,#7694));
#7686 = ORIENTED_EDGE('',*,*,#7687,.T.);
#7687 = EDGE_CURVE('',#5138,#6343,#7688,.T.);
#7688 = LINE('',#7689,#7690);
#7689 = CARTESIAN_POINT('',(-7.6,-7.95,-3.6E-02));
#7690 = VECTOR('',#7691,1.);
#7691 = DIRECTION('',(0.,0.,1.));
#7692 = ORIENTED_EDGE('',*,*,#6342,.T.);
#7693 = ORIENTED_EDGE('',*,*,#7687,.F.);
#7694 = ORIENTED_EDGE('',*,*,#5137,.F.);
#7695 = CYLINDRICAL_SURFACE('',#7696,0.15);
#7696 = AXIS2_PLACEMENT_3D('',#7697,#7698,#7699);
#7697 = CARTESIAN_POINT('',(-7.6,-7.8,-3.6E-02));
#7698 = DIRECTION('',(-0.,-0.,-1.));
#7699 = DIRECTION('',(-0.,-1.,0.));
#7700 = ADVANCED_FACE('',(#7701),#7717,.F.);
#7701 = FACE_BOUND('',#7702,.F.);
#7702 = EDGE_LOOP('',(#7703,#7709,#7710,#7716));
#7703 = ORIENTED_EDGE('',*,*,#7704,.T.);
#7704 = EDGE_CURVE('',#5149,#6354,#7705,.T.);
#7705 = LINE('',#7706,#7707);
#7706 = CARTESIAN_POINT('',(-18.519986,-6.300012,-4.6E-02));
#7707 = VECTOR('',#7708,1.);
#7708 = DIRECTION('',(0.,0.,1.));
#7709 = ORIENTED_EDGE('',*,*,#6353,.T.);
#7710 = ORIENTED_EDGE('',*,*,#7711,.F.);
#7711 = EDGE_CURVE('',#5151,#6356,#7712,.T.);
#7712 = LINE('',#7713,#7714);
#7713 = CARTESIAN_POINT('',(-18.519986,-5.399988,-4.6E-02));
#7714 = VECTOR('',#7715,1.);
#7715 = DIRECTION('',(0.,0.,1.));
#7716 = ORIENTED_EDGE('',*,*,#5148,.F.);
#7717 = CYLINDRICAL_SURFACE('',#7718,0.450012);
#7718 = AXIS2_PLACEMENT_3D('',#7719,#7720,#7721);
#7719 = CARTESIAN_POINT('',(-18.519986,-5.85,-4.6E-02));
#7720 = DIRECTION('',(-0.,0.,-1.));
#7721 = DIRECTION('',(0.,1.,0.));
#7722 = ADVANCED_FACE('',(#7723),#7734,.T.);
#7723 = FACE_BOUND('',#7724,.T.);
#7724 = EDGE_LOOP('',(#7725,#7726,#7727,#7728));
#7725 = ORIENTED_EDGE('',*,*,#5176,.T.);
#7726 = ORIENTED_EDGE('',*,*,#7704,.T.);
#7727 = ORIENTED_EDGE('',*,*,#6381,.F.);
#7728 = ORIENTED_EDGE('',*,*,#7729,.F.);
#7729 = EDGE_CURVE('',#5168,#6373,#7730,.T.);
#7730 = LINE('',#7731,#7732);
#7731 = CARTESIAN_POINT('',(-16.920014,-6.300012,-4.6E-02));
#7732 = VECTOR('',#7733,1.);
#7733 = DIRECTION('',(0.,0.,1.));
#7734 = PLANE('',#7735);
#7735 = AXIS2_PLACEMENT_3D('',#7736,#7737,#7738);
#7736 = CARTESIAN_POINT('',(-18.519986,-6.300012,-4.6E-02));
#7737 = DIRECTION('',(0.,1.,0.));
#7738 = DIRECTION('',(1.,0.,0.));
#7739 = ADVANCED_FACE('',(#7740),#7751,.F.);
#7740 = FACE_BOUND('',#7741,.F.);
#7741 = EDGE_LOOP('',(#7742,#7748,#7749,#7750));
#7742 = ORIENTED_EDGE('',*,*,#7743,.T.);
#7743 = EDGE_CURVE('',#5160,#6365,#7744,.T.);
#7744 = LINE('',#7745,#7746);
#7745 = CARTESIAN_POINT('',(-16.920014,-5.399988,-4.6E-02));
#7746 = VECTOR('',#7747,1.);
#7747 = DIRECTION('',(0.,0.,1.));
#7748 = ORIENTED_EDGE('',*,*,#6372,.T.);
#7749 = ORIENTED_EDGE('',*,*,#7729,.F.);
#7750 = ORIENTED_EDGE('',*,*,#5167,.F.);
#7751 = CYLINDRICAL_SURFACE('',#7752,0.450012);
#7752 = AXIS2_PLACEMENT_3D('',#7753,#7754,#7755);
#7753 = CARTESIAN_POINT('',(-16.920014,-5.85,-4.6E-02));
#7754 = DIRECTION('',(-0.,0.,-1.));
#7755 = DIRECTION('',(7.89E-15,-1.,-0.));
#7756 = ADVANCED_FACE('',(#7757),#7763,.T.);
#7757 = FACE_BOUND('',#7758,.T.);
#7758 = EDGE_LOOP('',(#7759,#7760,#7761,#7762));
#7759 = ORIENTED_EDGE('',*,*,#5159,.T.);
#7760 = ORIENTED_EDGE('',*,*,#7743,.T.);
#7761 = ORIENTED_EDGE('',*,*,#6364,.F.);
#7762 = ORIENTED_EDGE('',*,*,#7711,.F.);
#7763 = PLANE('',#7764);
#7764 = AXIS2_PLACEMENT_3D('',#7765,#7766,#7767);
#7765 = CARTESIAN_POINT('',(-16.920014,-5.399988,-4.6E-02));
#7766 = DIRECTION('',(0.,-1.,0.));
#7767 = DIRECTION('',(-1.,0.,0.));
#7768 = ADVANCED_FACE('',(#7769),#7785,.F.);
#7769 = FACE_BOUND('',#7770,.F.);
#7770 = EDGE_LOOP('',(#7771,#7777,#7778,#7784));
#7771 = ORIENTED_EDGE('',*,*,#7772,.T.);
#7772 = EDGE_CURVE('',#5185,#6390,#7773,.T.);
#7773 = LINE('',#7774,#7775);
#7774 = CARTESIAN_POINT('',(-17.548632,-4.62,-4.6E-02));
#7775 = VECTOR('',#7776,1.);
#7776 = DIRECTION('',(0.,0.,1.));
#7777 = ORIENTED_EDGE('',*,*,#6389,.T.);
#7778 = ORIENTED_EDGE('',*,*,#7779,.F.);
#7779 = EDGE_CURVE('',#5187,#6392,#7780,.T.);
#7780 = LINE('',#7781,#7782);
#7781 = CARTESIAN_POINT('',(-17.548632,-4.02,-4.6E-02));
#7782 = VECTOR('',#7783,1.);
#7783 = DIRECTION('',(0.,0.,1.));
#7784 = ORIENTED_EDGE('',*,*,#5184,.F.);
#7785 = CYLINDRICAL_SURFACE('',#7786,0.3);
#7786 = AXIS2_PLACEMENT_3D('',#7787,#7788,#7789);
#7787 = CARTESIAN_POINT('',(-17.548632,-4.32,-4.6E-02));
#7788 = DIRECTION('',(-0.,-0.,-1.));
#7789 = DIRECTION('',(-1.184E-14,1.,0.));
#7790 = ADVANCED_FACE('',(#7791),#7802,.T.);
#7791 = FACE_BOUND('',#7792,.T.);
#7792 = EDGE_LOOP('',(#7793,#7794,#7795,#7796));
#7793 = ORIENTED_EDGE('',*,*,#5212,.T.);
#7794 = ORIENTED_EDGE('',*,*,#7772,.T.);
#7795 = ORIENTED_EDGE('',*,*,#6417,.F.);
#7796 = ORIENTED_EDGE('',*,*,#7797,.F.);
#7797 = EDGE_CURVE('',#5204,#6409,#7798,.T.);
#7798 = LINE('',#7799,#7800);
#7799 = CARTESIAN_POINT('',(-16.948632,-4.62,-4.6E-02));
#7800 = VECTOR('',#7801,1.);
#7801 = DIRECTION('',(0.,0.,1.));
#7802 = PLANE('',#7803);
#7803 = AXIS2_PLACEMENT_3D('',#7804,#7805,#7806);
#7804 = CARTESIAN_POINT('',(-17.548632,-4.62,-4.6E-02));
#7805 = DIRECTION('',(0.,1.,0.));
#7806 = DIRECTION('',(1.,0.,0.));
#7807 = ADVANCED_FACE('',(#7808),#7819,.F.);
#7808 = FACE_BOUND('',#7809,.F.);
#7809 = EDGE_LOOP('',(#7810,#7816,#7817,#7818));
#7810 = ORIENTED_EDGE('',*,*,#7811,.T.);
#7811 = EDGE_CURVE('',#5196,#6401,#7812,.T.);
#7812 = LINE('',#7813,#7814);
#7813 = CARTESIAN_POINT('',(-16.948632,-4.02,-4.6E-02));
#7814 = VECTOR('',#7815,1.);
#7815 = DIRECTION('',(0.,0.,1.));
#7816 = ORIENTED_EDGE('',*,*,#6408,.T.);
#7817 = ORIENTED_EDGE('',*,*,#7797,.F.);
#7818 = ORIENTED_EDGE('',*,*,#5203,.F.);
#7819 = CYLINDRICAL_SURFACE('',#7820,0.3);
#7820 = AXIS2_PLACEMENT_3D('',#7821,#7822,#7823);
#7821 = CARTESIAN_POINT('',(-16.948632,-4.32,-4.6E-02));
#7822 = DIRECTION('',(-0.,-0.,-1.));
#7823 = DIRECTION('',(-1.184E-14,-1.,0.));
#7824 = ADVANCED_FACE('',(#7825),#7831,.T.);
#7825 = FACE_BOUND('',#7826,.T.);
#7826 = EDGE_LOOP('',(#7827,#7828,#7829,#7830));
#7827 = ORIENTED_EDGE('',*,*,#5195,.T.);
#7828 = ORIENTED_EDGE('',*,*,#7811,.T.);
#7829 = ORIENTED_EDGE('',*,*,#6400,.F.);
#7830 = ORIENTED_EDGE('',*,*,#7779,.F.);
#7831 = PLANE('',#7832);
#7832 = AXIS2_PLACEMENT_3D('',#7833,#7834,#7835);
#7833 = CARTESIAN_POINT('',(-16.948632,-4.02,-4.6E-02));
#7834 = DIRECTION('',(0.,-1.,0.));
#7835 = DIRECTION('',(-1.,0.,0.));
#7836 = ADVANCED_FACE('',(#7837),#7853,.F.);
#7837 = FACE_BOUND('',#7838,.F.);
#7838 = EDGE_LOOP('',(#7839,#7845,#7846,#7852));
#7839 = ORIENTED_EDGE('',*,*,#7840,.T.);
#7840 = EDGE_CURVE('',#5221,#6426,#7841,.T.);
#7841 = LINE('',#7842,#7843);
#7842 = CARTESIAN_POINT('',(-13.618632,-4.62,-4.6E-02));
#7843 = VECTOR('',#7844,1.);
#7844 = DIRECTION('',(0.,0.,1.));
#7845 = ORIENTED_EDGE('',*,*,#6425,.T.);
#7846 = ORIENTED_EDGE('',*,*,#7847,.F.);
#7847 = EDGE_CURVE('',#5223,#6428,#7848,.T.);
#7848 = LINE('',#7849,#7850);
#7849 = CARTESIAN_POINT('',(-13.618632,-4.02,-4.6E-02));
#7850 = VECTOR('',#7851,1.);
#7851 = DIRECTION('',(0.,0.,1.));
#7852 = ORIENTED_EDGE('',*,*,#5220,.F.);
#7853 = CYLINDRICAL_SURFACE('',#7854,0.3);
#7854 = AXIS2_PLACEMENT_3D('',#7855,#7856,#7857);
#7855 = CARTESIAN_POINT('',(-13.618632,-4.32,-4.6E-02));
#7856 = DIRECTION('',(-0.,0.,-1.));
#7857 = DIRECTION('',(0.,1.,0.));
#7858 = ADVANCED_FACE('',(#7859),#7870,.T.);
#7859 = FACE_BOUND('',#7860,.T.);
#7860 = EDGE_LOOP('',(#7861,#7862,#7863,#7864));
#7861 = ORIENTED_EDGE('',*,*,#5248,.T.);
#7862 = ORIENTED_EDGE('',*,*,#7840,.T.);
#7863 = ORIENTED_EDGE('',*,*,#6453,.F.);
#7864 = ORIENTED_EDGE('',*,*,#7865,.F.);
#7865 = EDGE_CURVE('',#5240,#6445,#7866,.T.);
#7866 = LINE('',#7867,#7868);
#7867 = CARTESIAN_POINT('',(-12.518632,-4.62,-4.6E-02));
#7868 = VECTOR('',#7869,1.);
#7869 = DIRECTION('',(0.,0.,1.));
#7870 = PLANE('',#7871);
#7871 = AXIS2_PLACEMENT_3D('',#7872,#7873,#7874);
#7872 = CARTESIAN_POINT('',(-13.618632,-4.62,-4.6E-02));
#7873 = DIRECTION('',(0.,1.,0.));
#7874 = DIRECTION('',(1.,0.,0.));
#7875 = ADVANCED_FACE('',(#7876),#7887,.F.);
#7876 = FACE_BOUND('',#7877,.F.);
#7877 = EDGE_LOOP('',(#7878,#7884,#7885,#7886));
#7878 = ORIENTED_EDGE('',*,*,#7879,.T.);
#7879 = EDGE_CURVE('',#5232,#6437,#7880,.T.);
#7880 = LINE('',#7881,#7882);
#7881 = CARTESIAN_POINT('',(-12.518632,-4.02,-4.6E-02));
#7882 = VECTOR('',#7883,1.);
#7883 = DIRECTION('',(0.,0.,1.));
#7884 = ORIENTED_EDGE('',*,*,#6444,.T.);
#7885 = ORIENTED_EDGE('',*,*,#7865,.F.);
#7886 = ORIENTED_EDGE('',*,*,#5239,.F.);
#7887 = CYLINDRICAL_SURFACE('',#7888,0.3);
#7888 = AXIS2_PLACEMENT_3D('',#7889,#7890,#7891);
#7889 = CARTESIAN_POINT('',(-12.518632,-4.32,-4.6E-02));
#7890 = DIRECTION('',(-0.,-0.,-1.));
#7891 = DIRECTION('',(-0.,-1.,0.));
#7892 = ADVANCED_FACE('',(#7893),#7899,.T.);
#7893 = FACE_BOUND('',#7894,.T.);
#7894 = EDGE_LOOP('',(#7895,#7896,#7897,#7898));
#7895 = ORIENTED_EDGE('',*,*,#5231,.T.);
#7896 = ORIENTED_EDGE('',*,*,#7879,.T.);
#7897 = ORIENTED_EDGE('',*,*,#6436,.F.);
#7898 = ORIENTED_EDGE('',*,*,#7847,.F.);
#7899 = PLANE('',#7900);
#7900 = AXIS2_PLACEMENT_3D('',#7901,#7902,#7903);
#7901 = CARTESIAN_POINT('',(-12.518632,-4.02,-4.6E-02));
#7902 = DIRECTION('',(0.,-1.,0.));
#7903 = DIRECTION('',(-1.,0.,0.));
#7904 = ADVANCED_FACE('',(#7905),#7916,.F.);
#7905 = FACE_BOUND('',#7906,.F.);
#7906 = EDGE_LOOP('',(#7907,#7913,#7914,#7915));
#7907 = ORIENTED_EDGE('',*,*,#7908,.T.);
#7908 = EDGE_CURVE('',#5257,#6462,#7909,.T.);
#7909 = LINE('',#7910,#7911);
#7910 = CARTESIAN_POINT('',(-15.13,-3.15,-4.6E-02));
#7911 = VECTOR('',#7912,1.);
#7912 = DIRECTION('',(0.,0.,1.));
#7913 = ORIENTED_EDGE('',*,*,#6461,.T.);
#7914 = ORIENTED_EDGE('',*,*,#7908,.F.);
#7915 = ORIENTED_EDGE('',*,*,#5256,.F.);
#7916 = CYLINDRICAL_SURFACE('',#7917,0.15);
#7917 = AXIS2_PLACEMENT_3D('',#7918,#7919,#7920);
#7918 = CARTESIAN_POINT('',(-15.13,-3.,-4.6E-02));
#7919 = DIRECTION('',(-0.,-0.,-1.));
#7920 = DIRECTION('',(-1.184E-14,-1.,0.));
#7921 = ADVANCED_FACE('',(#7922),#7933,.F.);
#7922 = FACE_BOUND('',#7923,.F.);
#7923 = EDGE_LOOP('',(#7924,#7930,#7931,#7932));
#7924 = ORIENTED_EDGE('',*,*,#7925,.T.);
#7925 = EDGE_CURVE('',#5268,#6473,#7926,.T.);
#7926 = LINE('',#7927,#7928);
#7927 = CARTESIAN_POINT('',(-17.72,-2.9,-4.6E-02));
#7928 = VECTOR('',#7929,1.);
#7929 = DIRECTION('',(0.,0.,1.));
#7930 = ORIENTED_EDGE('',*,*,#6472,.T.);
#7931 = ORIENTED_EDGE('',*,*,#7925,.F.);
#7932 = ORIENTED_EDGE('',*,*,#5267,.F.);
#7933 = CYLINDRICAL_SURFACE('',#7934,0.65);
#7934 = AXIS2_PLACEMENT_3D('',#7935,#7936,#7937);
#7935 = CARTESIAN_POINT('',(-17.72,-2.25,-4.6E-02));
#7936 = DIRECTION('',(-0.,-0.,-1.));
#7937 = DIRECTION('',(-0.,-1.,0.));
#7938 = ADVANCED_FACE('',(#7939),#7950,.F.);
#7939 = FACE_BOUND('',#7940,.F.);
#7940 = EDGE_LOOP('',(#7941,#7947,#7948,#7949));
#7941 = ORIENTED_EDGE('',*,*,#7942,.T.);
#7942 = EDGE_CURVE('',#5279,#6484,#7943,.T.);
#7943 = LINE('',#7944,#7945);
#7944 = CARTESIAN_POINT('',(-13.63,-3.215,-4.6E-02));
#7945 = VECTOR('',#7946,1.);
#7946 = DIRECTION('',(0.,0.,1.));
#7947 = ORIENTED_EDGE('',*,*,#6483,.T.);
#7948 = ORIENTED_EDGE('',*,*,#7942,.F.);
#7949 = ORIENTED_EDGE('',*,*,#5278,.F.);
#7950 = CYLINDRICAL_SURFACE('',#7951,0.325);
#7951 = AXIS2_PLACEMENT_3D('',#7952,#7953,#7954);
#7952 = CARTESIAN_POINT('',(-13.63,-2.89,-4.6E-02));
#7953 = DIRECTION('',(-0.,-0.,-1.));
#7954 = DIRECTION('',(-5.47E-15,-1.,0.));
#7955 = ADVANCED_FACE('',(#7956),#7967,.F.);
#7956 = FACE_BOUND('',#7957,.F.);
#7957 = EDGE_LOOP('',(#7958,#7964,#7965,#7966));
#7958 = ORIENTED_EDGE('',*,*,#7959,.T.);
#7959 = EDGE_CURVE('',#5290,#6495,#7960,.T.);
#7960 = LINE('',#7961,#7962);
#7961 = CARTESIAN_POINT('',(-6.076,-6.406,-4.6E-02));
#7962 = VECTOR('',#7963,1.);
#7963 = DIRECTION('',(0.,0.,1.));
#7964 = ORIENTED_EDGE('',*,*,#6494,.T.);
#7965 = ORIENTED_EDGE('',*,*,#7959,.F.);
#7966 = ORIENTED_EDGE('',*,*,#5289,.F.);
#7967 = CYLINDRICAL_SURFACE('',#7968,0.4);
#7968 = AXIS2_PLACEMENT_3D('',#7969,#7970,#7971);
#7969 = CARTESIAN_POINT('',(-6.076,-6.006,-4.6E-02));
#7970 = DIRECTION('',(-0.,0.,-1.));
#7971 = DIRECTION('',(2.22E-15,-1.,-0.));
#7972 = ADVANCED_FACE('',(#7973),#7984,.F.);
#7973 = FACE_BOUND('',#7974,.F.);
#7974 = EDGE_LOOP('',(#7975,#7981,#7982,#7983));
#7975 = ORIENTED_EDGE('',*,*,#7976,.T.);
#7976 = EDGE_CURVE('',#5301,#6506,#7977,.T.);
#7977 = LINE('',#7978,#7979);
#7978 = CARTESIAN_POINT('',(-4.076,-6.406,-4.6E-02));
#7979 = VECTOR('',#7980,1.);
#7980 = DIRECTION('',(0.,0.,1.));
#7981 = ORIENTED_EDGE('',*,*,#6505,.T.);
#7982 = ORIENTED_EDGE('',*,*,#7976,.F.);
#7983 = ORIENTED_EDGE('',*,*,#5300,.F.);
#7984 = CYLINDRICAL_SURFACE('',#7985,0.4);
#7985 = AXIS2_PLACEMENT_3D('',#7986,#7987,#7988);
#7986 = CARTESIAN_POINT('',(-4.076,-6.006,-4.6E-02));
#7987 = DIRECTION('',(-0.,0.,-1.));
#7988 = DIRECTION('',(2.22E-15,-1.,-0.));
#7989 = ADVANCED_FACE('',(#7990),#8001,.F.);
#7990 = FACE_BOUND('',#7991,.F.);
#7991 = EDGE_LOOP('',(#7992,#7998,#7999,#8000));
#7992 = ORIENTED_EDGE('',*,*,#7993,.T.);
#7993 = EDGE_CURVE('',#5312,#6517,#7994,.T.);
#7994 = LINE('',#7995,#7996);
#7995 = CARTESIAN_POINT('',(-2.076,-6.406,-4.6E-02));
#7996 = VECTOR('',#7997,1.);
#7997 = DIRECTION('',(0.,0.,1.));
#7998 = ORIENTED_EDGE('',*,*,#6516,.T.);
#7999 = ORIENTED_EDGE('',*,*,#7993,.F.);
#8000 = ORIENTED_EDGE('',*,*,#5311,.F.);
#8001 = CYLINDRICAL_SURFACE('',#8002,0.4);
#8002 = AXIS2_PLACEMENT_3D('',#8003,#8004,#8005);
#8003 = CARTESIAN_POINT('',(-2.076,-6.006,-4.6E-02));
#8004 = DIRECTION('',(-0.,-0.,-1.));
#8005 = DIRECTION('',(-0.,-1.,0.));
#8006 = ADVANCED_FACE('',(#8007),#8018,.F.);
#8007 = FACE_BOUND('',#8008,.F.);
#8008 = EDGE_LOOP('',(#8009,#8015,#8016,#8017));
#8009 = ORIENTED_EDGE('',*,*,#8010,.T.);
#8010 = EDGE_CURVE('',#5323,#6528,#8011,.T.);
#8011 = LINE('',#8012,#8013);
#8012 = CARTESIAN_POINT('',(-6.8,-3.486,-3.6E-02));
#8013 = VECTOR('',#8014,1.);
#8014 = DIRECTION('',(0.,0.,1.));
#8015 = ORIENTED_EDGE('',*,*,#6527,.T.);
#8016 = ORIENTED_EDGE('',*,*,#8010,.F.);
#8017 = ORIENTED_EDGE('',*,*,#5322,.F.);
#8018 = CYLINDRICAL_SURFACE('',#8019,0.15);
#8019 = AXIS2_PLACEMENT_3D('',#8020,#8021,#8022);
#8020 = CARTESIAN_POINT('',(-6.8,-3.336,-3.6E-02));
#8021 = DIRECTION('',(-0.,0.,-1.));
#8022 = DIRECTION('',(5.92E-15,-1.,-0.));
#8023 = ADVANCED_FACE('',(#8024),#8035,.F.);
#8024 = FACE_BOUND('',#8025,.F.);
#8025 = EDGE_LOOP('',(#8026,#8032,#8033,#8034));
#8026 = ORIENTED_EDGE('',*,*,#8027,.T.);
#8027 = EDGE_CURVE('',#5334,#6539,#8028,.T.);
#8028 = LINE('',#8029,#8030);
#8029 = CARTESIAN_POINT('',(-5.7,-3.486,-3.6E-02));
#8030 = VECTOR('',#8031,1.);
#8031 = DIRECTION('',(0.,0.,1.));
#8032 = ORIENTED_EDGE('',*,*,#6538,.T.);
#8033 = ORIENTED_EDGE('',*,*,#8027,.F.);
#8034 = ORIENTED_EDGE('',*,*,#5333,.F.);
#8035 = CYLINDRICAL_SURFACE('',#8036,0.15);
#8036 = AXIS2_PLACEMENT_3D('',#8037,#8038,#8039);
#8037 = CARTESIAN_POINT('',(-5.7,-3.336,-3.6E-02));
#8038 = DIRECTION('',(-0.,-0.,-1.));
#8039 = DIRECTION('',(-5.92E-15,-1.,0.));
#8040 = ADVANCED_FACE('',(#8041),#8052,.F.);
#8041 = FACE_BOUND('',#8042,.F.);
#8042 = EDGE_LOOP('',(#8043,#8049,#8050,#8051));
#8043 = ORIENTED_EDGE('',*,*,#8044,.T.);
#8044 = EDGE_CURVE('',#5345,#6550,#8045,.T.);
#8045 = LINE('',#8046,#8047);
#8046 = CARTESIAN_POINT('',(-4.6,-3.486,-3.6E-02));
#8047 = VECTOR('',#8048,1.);
#8048 = DIRECTION('',(0.,0.,1.));
#8049 = ORIENTED_EDGE('',*,*,#6549,.T.);
#8050 = ORIENTED_EDGE('',*,*,#8044,.F.);
#8051 = ORIENTED_EDGE('',*,*,#5344,.F.);
#8052 = CYLINDRICAL_SURFACE('',#8053,0.15);
#8053 = AXIS2_PLACEMENT_3D('',#8054,#8055,#8056);
#8054 = CARTESIAN_POINT('',(-4.6,-3.336,-3.6E-02));
#8055 = DIRECTION('',(-0.,-0.,-1.));
#8056 = DIRECTION('',(-0.,-1.,0.));
#8057 = ADVANCED_FACE('',(#8058),#8069,.F.);
#8058 = FACE_BOUND('',#8059,.F.);
#8059 = EDGE_LOOP('',(#8060,#8066,#8067,#8068));
#8060 = ORIENTED_EDGE('',*,*,#8061,.T.);
#8061 = EDGE_CURVE('',#5356,#6561,#8062,.T.);
#8062 = LINE('',#8063,#8064);
#8063 = CARTESIAN_POINT('',(-3.5,-3.486,-3.6E-02));
#8064 = VECTOR('',#8065,1.);
#8065 = DIRECTION('',(0.,0.,1.));
#8066 = ORIENTED_EDGE('',*,*,#6560,.T.);
#8067 = ORIENTED_EDGE('',*,*,#8061,.F.);
#8068 = ORIENTED_EDGE('',*,*,#5355,.F.);
#8069 = CYLINDRICAL_SURFACE('',#8070,0.15);
#8070 = AXIS2_PLACEMENT_3D('',#8071,#8072,#8073);
#8071 = CARTESIAN_POINT('',(-3.5,-3.336,-3.6E-02));
#8072 = DIRECTION('',(-0.,-0.,-1.));
#8073 = DIRECTION('',(-0.,-1.,0.));
#8074 = ADVANCED_FACE('',(#8075),#8086,.F.);
#8075 = FACE_BOUND('',#8076,.F.);
#8076 = EDGE_LOOP('',(#8077,#8083,#8084,#8085));
#8077 = ORIENTED_EDGE('',*,*,#8078,.T.);
#8078 = EDGE_CURVE('',#5367,#6572,#8079,.T.);
#8079 = LINE('',#8080,#8081);
#8080 = CARTESIAN_POINT('',(-2.4,-3.486,-3.6E-02));
#8081 = VECTOR('',#8082,1.);
#8082 = DIRECTION('',(0.,0.,1.));
#8083 = ORIENTED_EDGE('',*,*,#6571,.T.);
#8084 = ORIENTED_EDGE('',*,*,#8078,.F.);
#8085 = ORIENTED_EDGE('',*,*,#5366,.F.);
#8086 = CYLINDRICAL_SURFACE('',#8087,0.15);
#8087 = AXIS2_PLACEMENT_3D('',#8088,#8089,#8090);
#8088 = CARTESIAN_POINT('',(-2.4,-3.336,-3.6E-02));
#8089 = DIRECTION('',(-0.,-0.,-1.));
#8090 = DIRECTION('',(-0.,-1.,0.));
#8091 = ADVANCED_FACE('',(#8092),#8103,.F.);
#8092 = FACE_BOUND('',#8093,.F.);
#8093 = EDGE_LOOP('',(#8094,#8100,#8101,#8102));
#8094 = ORIENTED_EDGE('',*,*,#8095,.T.);
#8095 = EDGE_CURVE('',#5378,#6583,#8096,.T.);
#8096 = LINE('',#8097,#8098);
#8097 = CARTESIAN_POINT('',(2.81625,-9.1725,-3.6E-02));
#8098 = VECTOR('',#8099,1.);
#8099 = DIRECTION('',(0.,0.,1.));
#8100 = ORIENTED_EDGE('',*,*,#6582,.T.);
#8101 = ORIENTED_EDGE('',*,*,#8095,.F.);
#8102 = ORIENTED_EDGE('',*,*,#5377,.F.);
#8103 = CYLINDRICAL_SURFACE('',#8104,0.15);
#8104 = AXIS2_PLACEMENT_3D('',#8105,#8106,#8107);
#8105 = CARTESIAN_POINT('',(2.81625,-9.0225,-3.6E-02));
#8106 = DIRECTION('',(-0.,-0.,-1.));
#8107 = DIRECTION('',(-0.,-1.,0.));
#8108 = ADVANCED_FACE('',(#8109),#8125,.F.);
#8109 = FACE_BOUND('',#8110,.F.);
#8110 = EDGE_LOOP('',(#8111,#8117,#8118,#8124));
#8111 = ORIENTED_EDGE('',*,*,#8112,.T.);
#8112 = EDGE_CURVE('',#5389,#6594,#8113,.T.);
#8113 = LINE('',#8114,#8115);
#8114 = CARTESIAN_POINT('',(12.13,-10.602499,-4.6E-02));
#8115 = VECTOR('',#8116,1.);
#8116 = DIRECTION('',(0.,0.,1.));
#8117 = ORIENTED_EDGE('',*,*,#6593,.T.);
#8118 = ORIENTED_EDGE('',*,*,#8119,.F.);
#8119 = EDGE_CURVE('',#5391,#6596,#8120,.T.);
#8120 = LINE('',#8121,#8122);
#8121 = CARTESIAN_POINT('',(11.73,-10.602499,-4.6E-02));
#8122 = VECTOR('',#8123,1.);
#8123 = DIRECTION('',(0.,0.,1.));
#8124 = ORIENTED_EDGE('',*,*,#5388,.F.);
#8125 = CYLINDRICAL_SURFACE('',#8126,0.2);
#8126 = AXIS2_PLACEMENT_3D('',#8127,#8128,#8129);
#8127 = CARTESIAN_POINT('',(11.93,-10.602499,-4.6E-02));
#8128 = DIRECTION('',(-0.,-0.,-1.));
#8129 = DIRECTION('',(-1.,-8.88E-15,0.));
#8130 = ADVANCED_FACE('',(#8131),#8142,.T.);
#8131 = FACE_BOUND('',#8132,.T.);
#8132 = EDGE_LOOP('',(#8133,#8134,#8135,#8136));
#8133 = ORIENTED_EDGE('',*,*,#5416,.T.);
#8134 = ORIENTED_EDGE('',*,*,#8112,.T.);
#8135 = ORIENTED_EDGE('',*,*,#6621,.F.);
#8136 = ORIENTED_EDGE('',*,*,#8137,.F.);
#8137 = EDGE_CURVE('',#5408,#6613,#8138,.T.);
#8138 = LINE('',#8139,#8140);
#8139 = CARTESIAN_POINT('',(12.13,-9.902501,-4.6E-02));
#8140 = VECTOR('',#8141,1.);
#8141 = DIRECTION('',(0.,0.,1.));
#8142 = PLANE('',#8143);
#8143 = AXIS2_PLACEMENT_3D('',#8144,#8145,#8146);
#8144 = CARTESIAN_POINT('',(12.13,-10.602499,-4.6E-02));
#8145 = DIRECTION('',(-1.,0.,0.));
#8146 = DIRECTION('',(0.,1.,0.));
#8147 = ADVANCED_FACE('',(#8148),#8159,.F.);
#8148 = FACE_BOUND('',#8149,.F.);
#8149 = EDGE_LOOP('',(#8150,#8156,#8157,#8158));
#8150 = ORIENTED_EDGE('',*,*,#8151,.T.);
#8151 = EDGE_CURVE('',#5400,#6605,#8152,.T.);
#8152 = LINE('',#8153,#8154);
#8153 = CARTESIAN_POINT('',(11.73,-9.902501,-4.6E-02));
#8154 = VECTOR('',#8155,1.);
#8155 = DIRECTION('',(0.,0.,1.));
#8156 = ORIENTED_EDGE('',*,*,#6612,.T.);
#8157 = ORIENTED_EDGE('',*,*,#8137,.F.);
#8158 = ORIENTED_EDGE('',*,*,#5407,.F.);
#8159 = CYLINDRICAL_SURFACE('',#8160,0.2);
#8160 = AXIS2_PLACEMENT_3D('',#8161,#8162,#8163);
#8161 = CARTESIAN_POINT('',(11.93,-9.902501,-4.6E-02));
#8162 = DIRECTION('',(-0.,-0.,-1.));
#8163 = DIRECTION('',(1.,-8.88E-15,0.));
#8164 = ADVANCED_FACE('',(#8165),#8171,.T.);
#8165 = FACE_BOUND('',#8166,.T.);
#8166 = EDGE_LOOP('',(#8167,#8168,#8169,#8170));
#8167 = ORIENTED_EDGE('',*,*,#5399,.T.);
#8168 = ORIENTED_EDGE('',*,*,#8151,.T.);
#8169 = ORIENTED_EDGE('',*,*,#6604,.F.);
#8170 = ORIENTED_EDGE('',*,*,#8119,.F.);
#8171 = PLANE('',#8172);
#8172 = AXIS2_PLACEMENT_3D('',#8173,#8174,#8175);
#8173 = CARTESIAN_POINT('',(11.73,-9.902501,-4.6E-02));
#8174 = DIRECTION('',(1.,0.,-0.));
#8175 = DIRECTION('',(0.,-1.,0.));
#8176 = ADVANCED_FACE('',(#8177),#8193,.F.);
#8177 = FACE_BOUND('',#8178,.F.);
#8178 = EDGE_LOOP('',(#8179,#8185,#8186,#8192));
#8179 = ORIENTED_EDGE('',*,*,#8180,.T.);
#8180 = EDGE_CURVE('',#5425,#6630,#8181,.T.);
#8181 = LINE('',#8182,#8183);
#8182 = CARTESIAN_POINT('',(16.83,-10.602499,-4.6E-02));
#8183 = VECTOR('',#8184,1.);
#8184 = DIRECTION('',(0.,0.,1.));
#8185 = ORIENTED_EDGE('',*,*,#6629,.T.);
#8186 = ORIENTED_EDGE('',*,*,#8187,.F.);
#8187 = EDGE_CURVE('',#5427,#6632,#8188,.T.);
#8188 = LINE('',#8189,#8190);
#8189 = CARTESIAN_POINT('',(16.43,-10.602499,-4.6E-02));
#8190 = VECTOR('',#8191,1.);
#8191 = DIRECTION('',(0.,0.,1.));
#8192 = ORIENTED_EDGE('',*,*,#5424,.F.);
#8193 = CYLINDRICAL_SURFACE('',#8194,0.2);
#8194 = AXIS2_PLACEMENT_3D('',#8195,#8196,#8197);
#8195 = CARTESIAN_POINT('',(16.63,-10.602499,-4.6E-02));
#8196 = DIRECTION('',(-0.,-0.,-1.));
#8197 = DIRECTION('',(-1.,8.88E-15,0.));
#8198 = ADVANCED_FACE('',(#8199),#8210,.T.);
#8199 = FACE_BOUND('',#8200,.T.);
#8200 = EDGE_LOOP('',(#8201,#8202,#8203,#8204));
#8201 = ORIENTED_EDGE('',*,*,#5452,.T.);
#8202 = ORIENTED_EDGE('',*,*,#8180,.T.);
#8203 = ORIENTED_EDGE('',*,*,#6657,.F.);
#8204 = ORIENTED_EDGE('',*,*,#8205,.F.);
#8205 = EDGE_CURVE('',#5444,#6649,#8206,.T.);
#8206 = LINE('',#8207,#8208);
#8207 = CARTESIAN_POINT('',(16.83,-9.902501,-4.6E-02));
#8208 = VECTOR('',#8209,1.);
#8209 = DIRECTION('',(0.,0.,1.));
#8210 = PLANE('',#8211);
#8211 = AXIS2_PLACEMENT_3D('',#8212,#8213,#8214);
#8212 = CARTESIAN_POINT('',(16.83,-10.602499,-4.6E-02));
#8213 = DIRECTION('',(-1.,0.,0.));
#8214 = DIRECTION('',(0.,1.,0.));
#8215 = ADVANCED_FACE('',(#8216),#8227,.F.);
#8216 = FACE_BOUND('',#8217,.F.);
#8217 = EDGE_LOOP('',(#8218,#8224,#8225,#8226));
#8218 = ORIENTED_EDGE('',*,*,#8219,.T.);
#8219 = EDGE_CURVE('',#5436,#6641,#8220,.T.);
#8220 = LINE('',#8221,#8222);
#8221 = CARTESIAN_POINT('',(16.43,-9.902501,-4.6E-02));
#8222 = VECTOR('',#8223,1.);
#8223 = DIRECTION('',(0.,0.,1.));
#8224 = ORIENTED_EDGE('',*,*,#6648,.T.);
#8225 = ORIENTED_EDGE('',*,*,#8205,.F.);
#8226 = ORIENTED_EDGE('',*,*,#5443,.F.);
#8227 = CYLINDRICAL_SURFACE('',#8228,0.2);
#8228 = AXIS2_PLACEMENT_3D('',#8229,#8230,#8231);
#8229 = CARTESIAN_POINT('',(16.63,-9.902501,-4.6E-02));
#8230 = DIRECTION('',(-0.,-0.,-1.));
#8231 = DIRECTION('',(1.,-1.776E-14,0.));
#8232 = ADVANCED_FACE('',(#8233),#8239,.T.);
#8233 = FACE_BOUND('',#8234,.T.);
#8234 = EDGE_LOOP('',(#8235,#8236,#8237,#8238));
#8235 = ORIENTED_EDGE('',*,*,#5435,.T.);
#8236 = ORIENTED_EDGE('',*,*,#8219,.T.);
#8237 = ORIENTED_EDGE('',*,*,#6640,.F.);
#8238 = ORIENTED_EDGE('',*,*,#8187,.F.);
#8239 = PLANE('',#8240);
#8240 = AXIS2_PLACEMENT_3D('',#8241,#8242,#8243);
#8241 = CARTESIAN_POINT('',(16.43,-9.902501,-4.6E-02));
#8242 = DIRECTION('',(1.,0.,-0.));
#8243 = DIRECTION('',(0.,-1.,0.));
#8244 = ADVANCED_FACE('',(#8245),#8256,.F.);
#8245 = FACE_BOUND('',#8246,.F.);
#8246 = EDGE_LOOP('',(#8247,#8253,#8254,#8255));
#8247 = ORIENTED_EDGE('',*,*,#8248,.T.);
#8248 = EDGE_CURVE('',#5461,#6666,#8249,.T.);
#8249 = LINE('',#8250,#8251);
#8250 = CARTESIAN_POINT('',(-7.6E-02,-6.406,-4.6E-02));
#8251 = VECTOR('',#8252,1.);
#8252 = DIRECTION('',(0.,0.,1.));
#8253 = ORIENTED_EDGE('',*,*,#6665,.T.);
#8254 = ORIENTED_EDGE('',*,*,#8248,.F.);
#8255 = ORIENTED_EDGE('',*,*,#5460,.F.);
#8256 = CYLINDRICAL_SURFACE('',#8257,0.4);
#8257 = AXIS2_PLACEMENT_3D('',#8258,#8259,#8260);
#8258 = CARTESIAN_POINT('',(-7.6E-02,-6.006,-4.6E-02));
#8259 = DIRECTION('',(-0.,-0.,-1.));
#8260 = DIRECTION('',(-1.E-16,-1.,0.));
#8261 = ADVANCED_FACE('',(#8262),#8273,.F.);
#8262 = FACE_BOUND('',#8263,.F.);
#8263 = EDGE_LOOP('',(#8264,#8270,#8271,#8272));
#8264 = ORIENTED_EDGE('',*,*,#8265,.T.);
#8265 = EDGE_CURVE('',#5472,#6677,#8266,.T.);
#8266 = LINE('',#8267,#8268);
#8267 = CARTESIAN_POINT('',(1.924,-6.406,-4.6E-02));
#8268 = VECTOR('',#8269,1.);
#8269 = DIRECTION('',(0.,0.,1.));
#8270 = ORIENTED_EDGE('',*,*,#6676,.T.);
#8271 = ORIENTED_EDGE('',*,*,#8265,.F.);
#8272 = ORIENTED_EDGE('',*,*,#5471,.F.);
#8273 = CYLINDRICAL_SURFACE('',#8274,0.4);
#8274 = AXIS2_PLACEMENT_3D('',#8275,#8276,#8277);
#8275 = CARTESIAN_POINT('',(1.924,-6.006,-4.6E-02));
#8276 = DIRECTION('',(-0.,-0.,-1.));
#8277 = DIRECTION('',(-0.,-1.,0.));
#8278 = ADVANCED_FACE('',(#8279),#8290,.F.);
#8279 = FACE_BOUND('',#8280,.F.);
#8280 = EDGE_LOOP('',(#8281,#8287,#8288,#8289));
#8281 = ORIENTED_EDGE('',*,*,#8282,.T.);
#8282 = EDGE_CURVE('',#5483,#6688,#8283,.T.);
#8283 = LINE('',#8284,#8285);
#8284 = CARTESIAN_POINT('',(3.924,-6.406,-4.6E-02));
#8285 = VECTOR('',#8286,1.);
#8286 = DIRECTION('',(0.,0.,1.));
#8287 = ORIENTED_EDGE('',*,*,#6687,.T.);
#8288 = ORIENTED_EDGE('',*,*,#8282,.F.);
#8289 = ORIENTED_EDGE('',*,*,#5482,.F.);
#8290 = CYLINDRICAL_SURFACE('',#8291,0.4);
#8291 = AXIS2_PLACEMENT_3D('',#8292,#8293,#8294);
#8292 = CARTESIAN_POINT('',(3.924,-6.006,-4.6E-02));
#8293 = DIRECTION('',(-0.,-0.,-1.));
#8294 = DIRECTION('',(-0.,-1.,0.));
#8295 = ADVANCED_FACE('',(#8296),#8307,.F.);
#8296 = FACE_BOUND('',#8297,.F.);
#8297 = EDGE_LOOP('',(#8298,#8304,#8305,#8306));
#8298 = ORIENTED_EDGE('',*,*,#8299,.T.);
#8299 = EDGE_CURVE('',#5494,#6699,#8300,.T.);
#8300 = LINE('',#8301,#8302);
#8301 = CARTESIAN_POINT('',(7.64,-2.1,-3.6E-02));
#8302 = VECTOR('',#8303,1.);
#8303 = DIRECTION('',(0.,0.,1.));
#8304 = ORIENTED_EDGE('',*,*,#6698,.T.);
#8305 = ORIENTED_EDGE('',*,*,#8299,.F.);
#8306 = ORIENTED_EDGE('',*,*,#5493,.F.);
#8307 = CYLINDRICAL_SURFACE('',#8308,0.2);
#8308 = AXIS2_PLACEMENT_3D('',#8309,#8310,#8311);
#8309 = CARTESIAN_POINT('',(7.64,-1.9,-3.6E-02));
#8310 = DIRECTION('',(-0.,-0.,-1.));
#8311 = DIRECTION('',(-4.44E-15,-1.,0.));
#8312 = ADVANCED_FACE('',(#8313),#8329,.F.);
#8313 = FACE_BOUND('',#8314,.F.);
#8314 = EDGE_LOOP('',(#8315,#8321,#8322,#8328));
#8315 = ORIENTED_EDGE('',*,*,#8316,.T.);
#8316 = EDGE_CURVE('',#5505,#6710,#8317,.T.);
#8317 = LINE('',#8318,#8319);
#8318 = CARTESIAN_POINT('',(12.57,-4.02,-4.6E-02));
#8319 = VECTOR('',#8320,1.);
#8320 = DIRECTION('',(0.,0.,1.));
#8321 = ORIENTED_EDGE('',*,*,#6709,.T.);
#8322 = ORIENTED_EDGE('',*,*,#8323,.F.);
#8323 = EDGE_CURVE('',#5507,#6712,#8324,.T.);
#8324 = LINE('',#8325,#8326);
#8325 = CARTESIAN_POINT('',(12.57,-4.62,-4.6E-02));
#8326 = VECTOR('',#8327,1.);
#8327 = DIRECTION('',(0.,0.,1.));
#8328 = ORIENTED_EDGE('',*,*,#5504,.F.);
#8329 = CYLINDRICAL_SURFACE('',#8330,0.3);
#8330 = AXIS2_PLACEMENT_3D('',#8331,#8332,#8333);
#8331 = CARTESIAN_POINT('',(12.57,-4.32,-4.6E-02));
#8332 = DIRECTION('',(-0.,0.,-1.));
#8333 = DIRECTION('',(5.92E-15,-1.,-0.));
#8334 = ADVANCED_FACE('',(#8335),#8346,.T.);
#8335 = FACE_BOUND('',#8336,.T.);
#8336 = EDGE_LOOP('',(#8337,#8338,#8339,#8340));
#8337 = ORIENTED_EDGE('',*,*,#5532,.T.);
#8338 = ORIENTED_EDGE('',*,*,#8316,.T.);
#8339 = ORIENTED_EDGE('',*,*,#6737,.F.);
#8340 = ORIENTED_EDGE('',*,*,#8341,.F.);
#8341 = EDGE_CURVE('',#5524,#6729,#8342,.T.);
#8342 = LINE('',#8343,#8344);
#8343 = CARTESIAN_POINT('',(11.47,-4.02,-4.6E-02));
#8344 = VECTOR('',#8345,1.);
#8345 = DIRECTION('',(0.,0.,1.));
#8346 = PLANE('',#8347);
#8347 = AXIS2_PLACEMENT_3D('',#8348,#8349,#8350);
#8348 = CARTESIAN_POINT('',(12.57,-4.02,-4.6E-02));
#8349 = DIRECTION('',(0.,-1.,0.));
#8350 = DIRECTION('',(-1.,0.,0.));
#8351 = ADVANCED_FACE('',(#8352),#8363,.F.);
#8352 = FACE_BOUND('',#8353,.F.);
#8353 = EDGE_LOOP('',(#8354,#8360,#8361,#8362));
#8354 = ORIENTED_EDGE('',*,*,#8355,.T.);
#8355 = EDGE_CURVE('',#5516,#6721,#8356,.T.);
#8356 = LINE('',#8357,#8358);
#8357 = CARTESIAN_POINT('',(11.47,-4.62,-4.6E-02));
#8358 = VECTOR('',#8359,1.);
#8359 = DIRECTION('',(0.,0.,1.));
#8360 = ORIENTED_EDGE('',*,*,#6728,.T.);
#8361 = ORIENTED_EDGE('',*,*,#8341,.F.);
#8362 = ORIENTED_EDGE('',*,*,#5523,.F.);
#8363 = CYLINDRICAL_SURFACE('',#8364,0.3);
#8364 = AXIS2_PLACEMENT_3D('',#8365,#8366,#8367);
#8365 = CARTESIAN_POINT('',(11.47,-4.32,-4.6E-02));
#8366 = DIRECTION('',(-0.,0.,-1.));
#8367 = DIRECTION('',(0.,1.,0.));
#8368 = ADVANCED_FACE('',(#8369),#8375,.T.);
#8369 = FACE_BOUND('',#8370,.T.);
#8370 = EDGE_LOOP('',(#8371,#8372,#8373,#8374));
#8371 = ORIENTED_EDGE('',*,*,#5515,.T.);
#8372 = ORIENTED_EDGE('',*,*,#8355,.T.);
#8373 = ORIENTED_EDGE('',*,*,#6720,.F.);
#8374 = ORIENTED_EDGE('',*,*,#8323,.F.);
#8375 = PLANE('',#8376);
#8376 = AXIS2_PLACEMENT_3D('',#8377,#8378,#8379);
#8377 = CARTESIAN_POINT('',(11.47,-4.62,-4.6E-02));
#8378 = DIRECTION('',(0.,1.,0.));
#8379 = DIRECTION('',(1.,0.,0.));
#8380 = ADVANCED_FACE('',(#8381),#8397,.F.);
#8381 = FACE_BOUND('',#8382,.F.);
#8382 = EDGE_LOOP('',(#8383,#8389,#8390,#8396));
#8383 = ORIENTED_EDGE('',*,*,#8384,.T.);
#8384 = EDGE_CURVE('',#5541,#6746,#8385,.T.);
#8385 = LINE('',#8386,#8387);
#8386 = CARTESIAN_POINT('',(16.5,-4.02,-4.6E-02));
#8387 = VECTOR('',#8388,1.);
#8388 = DIRECTION('',(0.,0.,1.));
#8389 = ORIENTED_EDGE('',*,*,#6745,.T.);
#8390 = ORIENTED_EDGE('',*,*,#8391,.F.);
#8391 = EDGE_CURVE('',#5543,#6748,#8392,.T.);
#8392 = LINE('',#8393,#8394);
#8393 = CARTESIAN_POINT('',(16.5,-4.62,-4.6E-02));
#8394 = VECTOR('',#8395,1.);
#8395 = DIRECTION('',(0.,0.,1.));
#8396 = ORIENTED_EDGE('',*,*,#5540,.F.);
#8397 = CYLINDRICAL_SURFACE('',#8398,0.3);
#8398 = AXIS2_PLACEMENT_3D('',#8399,#8400,#8401);
#8399 = CARTESIAN_POINT('',(16.5,-4.32,-4.6E-02));
#8400 = DIRECTION('',(-0.,-0.,-1.));
#8401 = DIRECTION('',(-0.,-1.,0.));
#8402 = ADVANCED_FACE('',(#8403),#8414,.T.);
#8403 = FACE_BOUND('',#8404,.T.);
#8404 = EDGE_LOOP('',(#8405,#8406,#8407,#8408));
#8405 = ORIENTED_EDGE('',*,*,#5568,.T.);
#8406 = ORIENTED_EDGE('',*,*,#8384,.T.);
#8407 = ORIENTED_EDGE('',*,*,#6773,.F.);
#8408 = ORIENTED_EDGE('',*,*,#8409,.F.);
#8409 = EDGE_CURVE('',#5560,#6765,#8410,.T.);
#8410 = LINE('',#8411,#8412);
#8411 = CARTESIAN_POINT('',(15.9,-4.02,-4.6E-02));
#8412 = VECTOR('',#8413,1.);
#8413 = DIRECTION('',(0.,0.,1.));
#8414 = PLANE('',#8415);
#8415 = AXIS2_PLACEMENT_3D('',#8416,#8417,#8418);
#8416 = CARTESIAN_POINT('',(16.5,-4.02,-4.6E-02));
#8417 = DIRECTION('',(0.,-1.,0.));
#8418 = DIRECTION('',(-1.,0.,0.));
#8419 = ADVANCED_FACE('',(#8420),#8431,.F.);
#8420 = FACE_BOUND('',#8421,.F.);
#8421 = EDGE_LOOP('',(#8422,#8428,#8429,#8430));
#8422 = ORIENTED_EDGE('',*,*,#8423,.T.);
#8423 = EDGE_CURVE('',#5552,#6757,#8424,.T.);
#8424 = LINE('',#8425,#8426);
#8425 = CARTESIAN_POINT('',(15.9,-4.62,-4.6E-02));
#8426 = VECTOR('',#8427,1.);
#8427 = DIRECTION('',(0.,0.,1.));
#8428 = ORIENTED_EDGE('',*,*,#6764,.T.);
#8429 = ORIENTED_EDGE('',*,*,#8409,.F.);
#8430 = ORIENTED_EDGE('',*,*,#5559,.F.);
#8431 = CYLINDRICAL_SURFACE('',#8432,0.3);
#8432 = AXIS2_PLACEMENT_3D('',#8433,#8434,#8435);
#8433 = CARTESIAN_POINT('',(15.9,-4.32,-4.6E-02));
#8434 = DIRECTION('',(-0.,0.,-1.));
#8435 = DIRECTION('',(0.,1.,0.));
#8436 = ADVANCED_FACE('',(#8437),#8443,.T.);
#8437 = FACE_BOUND('',#8438,.T.);
#8438 = EDGE_LOOP('',(#8439,#8440,#8441,#8442));
#8439 = ORIENTED_EDGE('',*,*,#5551,.T.);
#8440 = ORIENTED_EDGE('',*,*,#8423,.T.);
#8441 = ORIENTED_EDGE('',*,*,#6756,.F.);
#8442 = ORIENTED_EDGE('',*,*,#8391,.F.);
#8443 = PLANE('',#8444);
#8444 = AXIS2_PLACEMENT_3D('',#8445,#8446,#8447);
#8445 = CARTESIAN_POINT('',(15.9,-4.62,-4.6E-02));
#8446 = DIRECTION('',(0.,1.,0.));
#8447 = DIRECTION('',(1.,0.,0.));
#8448 = ADVANCED_FACE('',(#8449),#8460,.F.);
#8449 = FACE_BOUND('',#8450,.F.);
#8450 = EDGE_LOOP('',(#8451,#8457,#8458,#8459));
#8451 = ORIENTED_EDGE('',*,*,#8452,.T.);
#8452 = EDGE_CURVE('',#5577,#6782,#8453,.T.);
#8453 = LINE('',#8454,#8455);
#8454 = CARTESIAN_POINT('',(12.55,-3.215,-4.6E-02));
#8455 = VECTOR('',#8456,1.);
#8456 = DIRECTION('',(0.,0.,1.));
#8457 = ORIENTED_EDGE('',*,*,#6781,.T.);
#8458 = ORIENTED_EDGE('',*,*,#8452,.F.);
#8459 = ORIENTED_EDGE('',*,*,#5576,.F.);
#8460 = CYLINDRICAL_SURFACE('',#8461,0.325);
#8461 = AXIS2_PLACEMENT_3D('',#8462,#8463,#8464);
#8462 = CARTESIAN_POINT('',(12.55,-2.89,-4.6E-02));
#8463 = DIRECTION('',(-0.,-0.,-1.));
#8464 = DIRECTION('',(-0.,-1.,0.));
#8465 = ADVANCED_FACE('',(#8466),#8477,.F.);
#8466 = FACE_BOUND('',#8467,.F.);
#8467 = EDGE_LOOP('',(#8468,#8474,#8475,#8476));
#8468 = ORIENTED_EDGE('',*,*,#8469,.T.);
#8469 = EDGE_CURVE('',#5588,#6793,#8470,.T.);
#8470 = LINE('',#8471,#8472);
#8471 = CARTESIAN_POINT('',(11.83,-2.55,-4.6E-02));
#8472 = VECTOR('',#8473,1.);
#8473 = DIRECTION('',(0.,0.,1.));
#8474 = ORIENTED_EDGE('',*,*,#6792,.T.);
#8475 = ORIENTED_EDGE('',*,*,#8469,.F.);
#8476 = ORIENTED_EDGE('',*,*,#5587,.F.);
#8477 = CYLINDRICAL_SURFACE('',#8478,0.1);
#8478 = AXIS2_PLACEMENT_3D('',#8479,#8480,#8481);
#8479 = CARTESIAN_POINT('',(11.83,-2.45,-4.6E-02));
#8480 = DIRECTION('',(-0.,-0.,-1.));
#8481 = DIRECTION('',(-0.,-1.,0.));
#8482 = ADVANCED_FACE('',(#8483),#8494,.F.);
#8483 = FACE_BOUND('',#8484,.F.);
#8484 = EDGE_LOOP('',(#8485,#8491,#8492,#8493));
#8485 = ORIENTED_EDGE('',*,*,#8486,.T.);
#8486 = EDGE_CURVE('',#5599,#6804,#8487,.T.);
#8487 = LINE('',#8488,#8489);
#8488 = CARTESIAN_POINT('',(11.83,-1.85,-4.6E-02));
#8489 = VECTOR('',#8490,1.);
#8490 = DIRECTION('',(0.,0.,1.));
#8491 = ORIENTED_EDGE('',*,*,#6803,.T.);
#8492 = ORIENTED_EDGE('',*,*,#8486,.F.);
#8493 = ORIENTED_EDGE('',*,*,#5598,.F.);
#8494 = CYLINDRICAL_SURFACE('',#8495,0.1);
#8495 = AXIS2_PLACEMENT_3D('',#8496,#8497,#8498);
#8496 = CARTESIAN_POINT('',(11.83,-1.75,-4.6E-02));
#8497 = DIRECTION('',(-0.,-0.,-1.));
#8498 = DIRECTION('',(-0.,-1.,0.));
#8499 = ADVANCED_FACE('',(#8500),#8516,.F.);
#8500 = FACE_BOUND('',#8501,.F.);
#8501 = EDGE_LOOP('',(#8502,#8508,#8509,#8515));
#8502 = ORIENTED_EDGE('',*,*,#8503,.T.);
#8503 = EDGE_CURVE('',#5610,#6815,#8504,.T.);
#8504 = LINE('',#8505,#8506);
#8505 = CARTESIAN_POINT('',(-19.55,0.4,-4.6E-02));
#8506 = VECTOR('',#8507,1.);
#8507 = DIRECTION('',(0.,0.,1.));
#8508 = ORIENTED_EDGE('',*,*,#6814,.T.);
#8509 = ORIENTED_EDGE('',*,*,#8510,.F.);
#8510 = EDGE_CURVE('',#5612,#6817,#8511,.T.);
#8511 = LINE('',#8512,#8513);
#8512 = CARTESIAN_POINT('',(-17.05,0.4,-4.6E-02));
#8513 = VECTOR('',#8514,1.);
#8514 = DIRECTION('',(0.,0.,1.));
#8515 = ORIENTED_EDGE('',*,*,#5609,.F.);
#8516 = CYLINDRICAL_SURFACE('',#8517,1.25);
#8517 = AXIS2_PLACEMENT_3D('',#8518,#8519,#8520);
#8518 = CARTESIAN_POINT('',(-18.3,0.4,-4.6E-02));
#8519 = DIRECTION('',(-0.,-0.,-1.));
#8520 = DIRECTION('',(1.,9.E-17,-0.));
#8521 = ADVANCED_FACE('',(#8522),#8533,.T.);
#8522 = FACE_BOUND('',#8523,.T.);
#8523 = EDGE_LOOP('',(#8524,#8525,#8526,#8527));
#8524 = ORIENTED_EDGE('',*,*,#5637,.T.);
#8525 = ORIENTED_EDGE('',*,*,#8503,.T.);
#8526 = ORIENTED_EDGE('',*,*,#6842,.F.);
#8527 = ORIENTED_EDGE('',*,*,#8528,.F.);
#8528 = EDGE_CURVE('',#5629,#6834,#8529,.T.);
#8529 = LINE('',#8530,#8531);
#8530 = CARTESIAN_POINT('',(-19.55,-0.4,-4.6E-02));
#8531 = VECTOR('',#8532,1.);
#8532 = DIRECTION('',(0.,0.,1.));
#8533 = PLANE('',#8534);
#8534 = AXIS2_PLACEMENT_3D('',#8535,#8536,#8537);
#8535 = CARTESIAN_POINT('',(-19.55,0.4,-4.6E-02));
#8536 = DIRECTION('',(1.,0.,-0.));
#8537 = DIRECTION('',(0.,-1.,0.));
#8538 = ADVANCED_FACE('',(#8539),#8550,.F.);
#8539 = FACE_BOUND('',#8540,.F.);
#8540 = EDGE_LOOP('',(#8541,#8547,#8548,#8549));
#8541 = ORIENTED_EDGE('',*,*,#8542,.T.);
#8542 = EDGE_CURVE('',#5621,#6826,#8543,.T.);
#8543 = LINE('',#8544,#8545);
#8544 = CARTESIAN_POINT('',(-17.05,-0.4,-4.6E-02));
#8545 = VECTOR('',#8546,1.);
#8546 = DIRECTION('',(0.,0.,1.));
#8547 = ORIENTED_EDGE('',*,*,#6833,.T.);
#8548 = ORIENTED_EDGE('',*,*,#8528,.F.);
#8549 = ORIENTED_EDGE('',*,*,#5628,.F.);
#8550 = CYLINDRICAL_SURFACE('',#8551,1.25);
#8551 = AXIS2_PLACEMENT_3D('',#8552,#8553,#8554);
#8552 = CARTESIAN_POINT('',(-18.3,-0.4,-4.6E-02));
#8553 = DIRECTION('',(-0.,-0.,-1.));
#8554 = DIRECTION('',(-1.,-9.E-17,0.));
#8555 = ADVANCED_FACE('',(#8556),#8562,.T.);
#8556 = FACE_BOUND('',#8557,.T.);
#8557 = EDGE_LOOP('',(#8558,#8559,#8560,#8561));
#8558 = ORIENTED_EDGE('',*,*,#5620,.T.);
#8559 = ORIENTED_EDGE('',*,*,#8542,.T.);
#8560 = ORIENTED_EDGE('',*,*,#6825,.F.);
#8561 = ORIENTED_EDGE('',*,*,#8510,.F.);
#8562 = PLANE('',#8563);
#8563 = AXIS2_PLACEMENT_3D('',#8564,#8565,#8566);
#8564 = CARTESIAN_POINT('',(-17.05,-0.4,-4.6E-02));
#8565 = DIRECTION('',(-1.,0.,0.));
#8566 = DIRECTION('',(0.,1.,0.));
#8567 = ADVANCED_FACE('',(#8568),#8579,.F.);
#8568 = FACE_BOUND('',#8569,.F.);
#8569 = EDGE_LOOP('',(#8570,#8576,#8577,#8578));
#8570 = ORIENTED_EDGE('',*,*,#8571,.T.);
#8571 = EDGE_CURVE('',#5646,#6851,#8572,.T.);
#8572 = LINE('',#8573,#8574);
#8573 = CARTESIAN_POINT('',(-14.3,-0.9,-4.6E-02));
#8574 = VECTOR('',#8575,1.);
#8575 = DIRECTION('',(0.,0.,1.));
#8576 = ORIENTED_EDGE('',*,*,#6850,.T.);
#8577 = ORIENTED_EDGE('',*,*,#8571,.F.);
#8578 = ORIENTED_EDGE('',*,*,#5645,.F.);
#8579 = CYLINDRICAL_SURFACE('',#8580,0.15);
#8580 = AXIS2_PLACEMENT_3D('',#8581,#8582,#8583);
#8581 = CARTESIAN_POINT('',(-14.3,-0.75,-4.6E-02));
#8582 = DIRECTION('',(-0.,-0.,-1.));
#8583 = DIRECTION('',(-0.,-1.,0.));
#8584 = ADVANCED_FACE('',(#8585),#8596,.F.);
#8585 = FACE_BOUND('',#8586,.F.);
#8586 = EDGE_LOOP('',(#8587,#8593,#8594,#8595));
#8587 = ORIENTED_EDGE('',*,*,#8588,.T.);
#8588 = EDGE_CURVE('',#5657,#6862,#8589,.T.);
#8589 = LINE('',#8590,#8591);
#8590 = CARTESIAN_POINT('',(-13.75,-0.85,-4.6E-02));
#8591 = VECTOR('',#8592,1.);
#8592 = DIRECTION('',(0.,0.,1.));
#8593 = ORIENTED_EDGE('',*,*,#6861,.T.);
#8594 = ORIENTED_EDGE('',*,*,#8588,.F.);
#8595 = ORIENTED_EDGE('',*,*,#5656,.F.);
#8596 = CYLINDRICAL_SURFACE('',#8597,0.1);
#8597 = AXIS2_PLACEMENT_3D('',#8598,#8599,#8600);
#8598 = CARTESIAN_POINT('',(-13.75,-0.75,-4.6E-02));
#8599 = DIRECTION('',(-0.,-0.,-1.));
#8600 = DIRECTION('',(-0.,-1.,0.));
#8601 = ADVANCED_FACE('',(#8602),#8613,.F.);
#8602 = FACE_BOUND('',#8603,.F.);
#8603 = EDGE_LOOP('',(#8604,#8610,#8611,#8612));
#8604 = ORIENTED_EDGE('',*,*,#8605,.T.);
#8605 = EDGE_CURVE('',#5668,#6873,#8606,.T.);
#8606 = LINE('',#8607,#8608);
#8607 = CARTESIAN_POINT('',(-13.25,-0.35,-4.6E-02));
#8608 = VECTOR('',#8609,1.);
#8609 = DIRECTION('',(0.,0.,1.));
#8610 = ORIENTED_EDGE('',*,*,#6872,.T.);
#8611 = ORIENTED_EDGE('',*,*,#8605,.F.);
#8612 = ORIENTED_EDGE('',*,*,#5667,.F.);
#8613 = CYLINDRICAL_SURFACE('',#8614,0.1);
#8614 = AXIS2_PLACEMENT_3D('',#8615,#8616,#8617);
#8615 = CARTESIAN_POINT('',(-13.25,-0.25,-4.6E-02));
#8616 = DIRECTION('',(-0.,-0.,-1.));
#8617 = DIRECTION('',(-0.,-1.,0.));
#8618 = ADVANCED_FACE('',(#8619),#8630,.F.);
#8619 = FACE_BOUND('',#8620,.F.);
#8620 = EDGE_LOOP('',(#8621,#8627,#8628,#8629));
#8621 = ORIENTED_EDGE('',*,*,#8622,.T.);
#8622 = EDGE_CURVE('',#5679,#6884,#8623,.T.);
#8623 = LINE('',#8624,#8625);
#8624 = CARTESIAN_POINT('',(-10.98,-1.4,-3.6E-02));
#8625 = VECTOR('',#8626,1.);
#8626 = DIRECTION('',(0.,0.,1.));
#8627 = ORIENTED_EDGE('',*,*,#6883,.T.);
#8628 = ORIENTED_EDGE('',*,*,#8622,.F.);
#8629 = ORIENTED_EDGE('',*,*,#5678,.F.);
#8630 = CYLINDRICAL_SURFACE('',#8631,0.15);
#8631 = AXIS2_PLACEMENT_3D('',#8632,#8633,#8634);
#8632 = CARTESIAN_POINT('',(-10.98,-1.25,-3.6E-02));
#8633 = DIRECTION('',(-0.,-0.,-1.));
#8634 = DIRECTION('',(-0.,-1.,0.));
#8635 = ADVANCED_FACE('',(#8636),#8647,.F.);
#8636 = FACE_BOUND('',#8637,.F.);
#8637 = EDGE_LOOP('',(#8638,#8644,#8645,#8646));
#8638 = ORIENTED_EDGE('',*,*,#8639,.T.);
#8639 = EDGE_CURVE('',#5690,#6895,#8640,.T.);
#8640 = LINE('',#8641,#8642);
#8641 = CARTESIAN_POINT('',(-13.75,0.15,-4.6E-02));
#8642 = VECTOR('',#8643,1.);
#8643 = DIRECTION('',(0.,0.,1.));
#8644 = ORIENTED_EDGE('',*,*,#6894,.T.);
#8645 = ORIENTED_EDGE('',*,*,#8639,.F.);
#8646 = ORIENTED_EDGE('',*,*,#5689,.F.);
#8647 = CYLINDRICAL_SURFACE('',#8648,0.1);
#8648 = AXIS2_PLACEMENT_3D('',#8649,#8650,#8651);
#8649 = CARTESIAN_POINT('',(-13.75,0.25,-4.6E-02));
#8650 = DIRECTION('',(-0.,-0.,-1.));
#8651 = DIRECTION('',(-0.,-1.,0.));
#8652 = ADVANCED_FACE('',(#8653),#8664,.F.);
#8653 = FACE_BOUND('',#8654,.F.);
#8654 = EDGE_LOOP('',(#8655,#8661,#8662,#8663));
#8655 = ORIENTED_EDGE('',*,*,#8656,.T.);
#8656 = EDGE_CURVE('',#5701,#6906,#8657,.T.);
#8657 = LINE('',#8658,#8659);
#8658 = CARTESIAN_POINT('',(-14.3,0.6,-4.6E-02));
#8659 = VECTOR('',#8660,1.);
#8660 = DIRECTION('',(0.,0.,1.));
#8661 = ORIENTED_EDGE('',*,*,#6905,.T.);
#8662 = ORIENTED_EDGE('',*,*,#8656,.F.);
#8663 = ORIENTED_EDGE('',*,*,#5700,.F.);
#8664 = CYLINDRICAL_SURFACE('',#8665,0.15);
#8665 = AXIS2_PLACEMENT_3D('',#8666,#8667,#8668);
#8666 = CARTESIAN_POINT('',(-14.3,0.75,-4.6E-02));
#8667 = DIRECTION('',(-0.,-0.,-1.));
#8668 = DIRECTION('',(-0.,-1.,0.));
#8669 = ADVANCED_FACE('',(#8670),#8681,.F.);
#8670 = FACE_BOUND('',#8671,.F.);
#8671 = EDGE_LOOP('',(#8672,#8678,#8679,#8680));
#8672 = ORIENTED_EDGE('',*,*,#8673,.T.);
#8673 = EDGE_CURVE('',#5712,#6917,#8674,.T.);
#8674 = LINE('',#8675,#8676);
#8675 = CARTESIAN_POINT('',(-13.25,0.65,-4.6E-02));
#8676 = VECTOR('',#8677,1.);
#8677 = DIRECTION('',(0.,0.,1.));
#8678 = ORIENTED_EDGE('',*,*,#6916,.T.);
#8679 = ORIENTED_EDGE('',*,*,#8673,.F.);
#8680 = ORIENTED_EDGE('',*,*,#5711,.F.);
#8681 = CYLINDRICAL_SURFACE('',#8682,0.1);
#8682 = AXIS2_PLACEMENT_3D('',#8683,#8684,#8685);
#8683 = CARTESIAN_POINT('',(-13.25,0.75,-4.6E-02));
#8684 = DIRECTION('',(-0.,-0.,-1.));
#8685 = DIRECTION('',(-0.,-1.,0.));
#8686 = ADVANCED_FACE('',(#8687),#8698,.F.);
#8687 = FACE_BOUND('',#8688,.F.);
#8688 = EDGE_LOOP('',(#8689,#8695,#8696,#8697));
#8689 = ORIENTED_EDGE('',*,*,#8690,.T.);
#8690 = EDGE_CURVE('',#5723,#6928,#8691,.T.);
#8691 = LINE('',#8692,#8693);
#8692 = CARTESIAN_POINT('',(-17.72,1.6,-4.6E-02));
#8693 = VECTOR('',#8694,1.);
#8694 = DIRECTION('',(0.,0.,1.));
#8695 = ORIENTED_EDGE('',*,*,#6927,.T.);
#8696 = ORIENTED_EDGE('',*,*,#8690,.F.);
#8697 = ORIENTED_EDGE('',*,*,#5722,.F.);
#8698 = CYLINDRICAL_SURFACE('',#8699,0.65);
#8699 = AXIS2_PLACEMENT_3D('',#8700,#8701,#8702);
#8700 = CARTESIAN_POINT('',(-17.72,2.25,-4.6E-02));
#8701 = DIRECTION('',(-0.,-0.,-1.));
#8702 = DIRECTION('',(-0.,-1.,0.));
#8703 = ADVANCED_FACE('',(#8704),#8715,.F.);
#8704 = FACE_BOUND('',#8705,.F.);
#8705 = EDGE_LOOP('',(#8706,#8712,#8713,#8714));
#8706 = ORIENTED_EDGE('',*,*,#8707,.T.);
#8707 = EDGE_CURVE('',#5734,#6939,#8708,.T.);
#8708 = LINE('',#8709,#8710);
#8709 = CARTESIAN_POINT('',(-10.955,1.445,-3.6E-02));
#8710 = VECTOR('',#8711,1.);
#8711 = DIRECTION('',(0.,0.,1.));
#8712 = ORIENTED_EDGE('',*,*,#6938,.T.);
#8713 = ORIENTED_EDGE('',*,*,#8707,.F.);
#8714 = ORIENTED_EDGE('',*,*,#5733,.F.);
#8715 = CYLINDRICAL_SURFACE('',#8716,0.15);
#8716 = AXIS2_PLACEMENT_3D('',#8717,#8718,#8719);
#8717 = CARTESIAN_POINT('',(-10.955,1.595,-3.6E-02));
#8718 = DIRECTION('',(-0.,-0.,-1.));
#8719 = DIRECTION('',(-0.,-1.,0.));
#8720 = ADVANCED_FACE('',(#8721),#8732,.F.);
#8721 = FACE_BOUND('',#8722,.F.);
#8722 = EDGE_LOOP('',(#8723,#8729,#8730,#8731));
#8723 = ORIENTED_EDGE('',*,*,#8724,.T.);
#8724 = EDGE_CURVE('',#5745,#6950,#8725,.T.);
#8725 = LINE('',#8726,#8727);
#8726 = CARTESIAN_POINT('',(-13.63,2.565,-4.6E-02));
#8727 = VECTOR('',#8728,1.);
#8728 = DIRECTION('',(0.,0.,1.));
#8729 = ORIENTED_EDGE('',*,*,#6949,.T.);
#8730 = ORIENTED_EDGE('',*,*,#8724,.F.);
#8731 = ORIENTED_EDGE('',*,*,#5744,.F.);
#8732 = CYLINDRICAL_SURFACE('',#8733,0.325);
#8733 = AXIS2_PLACEMENT_3D('',#8734,#8735,#8736);
#8734 = CARTESIAN_POINT('',(-13.63,2.89,-4.6E-02));
#8735 = DIRECTION('',(-0.,-0.,-1.));
#8736 = DIRECTION('',(-5.47E-15,-1.,0.));
#8737 = ADVANCED_FACE('',(#8738),#8749,.F.);
#8738 = FACE_BOUND('',#8739,.F.);
#8739 = EDGE_LOOP('',(#8740,#8746,#8747,#8748));
#8740 = ORIENTED_EDGE('',*,*,#8741,.T.);
#8741 = EDGE_CURVE('',#5756,#6961,#8742,.T.);
#8742 = LINE('',#8743,#8744);
#8743 = CARTESIAN_POINT('',(-5.85,-0.186,-4.6E-02));
#8744 = VECTOR('',#8745,1.);
#8745 = DIRECTION('',(0.,0.,1.));
#8746 = ORIENTED_EDGE('',*,*,#6960,.T.);
#8747 = ORIENTED_EDGE('',*,*,#8741,.F.);
#8748 = ORIENTED_EDGE('',*,*,#5755,.F.);
#8749 = CYLINDRICAL_SURFACE('',#8750,1.5);
#8750 = AXIS2_PLACEMENT_3D('',#8751,#8752,#8753);
#8751 = CARTESIAN_POINT('',(-5.85,1.314,-4.6E-02));
#8752 = DIRECTION('',(-0.,-0.,-1.));
#8753 = DIRECTION('',(-0.,-1.,0.));
#8754 = ADVANCED_FACE('',(#8755),#8771,.F.);
#8755 = FACE_BOUND('',#8756,.F.);
#8756 = EDGE_LOOP('',(#8757,#8763,#8764,#8770));
#8757 = ORIENTED_EDGE('',*,*,#8758,.T.);
#8758 = EDGE_CURVE('',#5767,#6972,#8759,.T.);
#8759 = LINE('',#8760,#8761);
#8760 = CARTESIAN_POINT('',(-17.548632,4.02,-4.6E-02));
#8761 = VECTOR('',#8762,1.);
#8762 = DIRECTION('',(0.,0.,1.));
#8763 = ORIENTED_EDGE('',*,*,#6971,.T.);
#8764 = ORIENTED_EDGE('',*,*,#8765,.F.);
#8765 = EDGE_CURVE('',#5769,#6974,#8766,.T.);
#8766 = LINE('',#8767,#8768);
#8767 = CARTESIAN_POINT('',(-17.548632,4.62,-4.6E-02));
#8768 = VECTOR('',#8769,1.);
#8769 = DIRECTION('',(0.,0.,1.));
#8770 = ORIENTED_EDGE('',*,*,#5766,.F.);
#8771 = CYLINDRICAL_SURFACE('',#8772,0.3);
#8772 = AXIS2_PLACEMENT_3D('',#8773,#8774,#8775);
#8773 = CARTESIAN_POINT('',(-17.548632,4.32,-4.6E-02));
#8774 = DIRECTION('',(-0.,-0.,-1.));
#8775 = DIRECTION('',(-1.184E-14,1.,0.));
#8776 = ADVANCED_FACE('',(#8777),#8788,.T.);
#8777 = FACE_BOUND('',#8778,.T.);
#8778 = EDGE_LOOP('',(#8779,#8780,#8781,#8782));
#8779 = ORIENTED_EDGE('',*,*,#5794,.T.);
#8780 = ORIENTED_EDGE('',*,*,#8758,.T.);
#8781 = ORIENTED_EDGE('',*,*,#6999,.F.);
#8782 = ORIENTED_EDGE('',*,*,#8783,.F.);
#8783 = EDGE_CURVE('',#5786,#6991,#8784,.T.);
#8784 = LINE('',#8785,#8786);
#8785 = CARTESIAN_POINT('',(-16.948632,4.02,-4.6E-02));
#8786 = VECTOR('',#8787,1.);
#8787 = DIRECTION('',(0.,0.,1.));
#8788 = PLANE('',#8789);
#8789 = AXIS2_PLACEMENT_3D('',#8790,#8791,#8792);
#8790 = CARTESIAN_POINT('',(-17.548632,4.02,-4.6E-02));
#8791 = DIRECTION('',(0.,1.,0.));
#8792 = DIRECTION('',(1.,0.,0.));
#8793 = ADVANCED_FACE('',(#8794),#8805,.F.);
#8794 = FACE_BOUND('',#8795,.F.);
#8795 = EDGE_LOOP('',(#8796,#8802,#8803,#8804));
#8796 = ORIENTED_EDGE('',*,*,#8797,.T.);
#8797 = EDGE_CURVE('',#5778,#6983,#8798,.T.);
#8798 = LINE('',#8799,#8800);
#8799 = CARTESIAN_POINT('',(-16.948632,4.62,-4.6E-02));
#8800 = VECTOR('',#8801,1.);
#8801 = DIRECTION('',(0.,0.,1.));
#8802 = ORIENTED_EDGE('',*,*,#6990,.T.);
#8803 = ORIENTED_EDGE('',*,*,#8783,.F.);
#8804 = ORIENTED_EDGE('',*,*,#5785,.F.);
#8805 = CYLINDRICAL_SURFACE('',#8806,0.3);
#8806 = AXIS2_PLACEMENT_3D('',#8807,#8808,#8809);
#8807 = CARTESIAN_POINT('',(-16.948632,4.32,-4.6E-02));
#8808 = DIRECTION('',(-0.,-0.,-1.));
#8809 = DIRECTION('',(-1.184E-14,-1.,0.));
#8810 = ADVANCED_FACE('',(#8811),#8817,.T.);
#8811 = FACE_BOUND('',#8812,.T.);
#8812 = EDGE_LOOP('',(#8813,#8814,#8815,#8816));
#8813 = ORIENTED_EDGE('',*,*,#5777,.T.);
#8814 = ORIENTED_EDGE('',*,*,#8797,.T.);
#8815 = ORIENTED_EDGE('',*,*,#6982,.F.);
#8816 = ORIENTED_EDGE('',*,*,#8765,.F.);
#8817 = PLANE('',#8818);
#8818 = AXIS2_PLACEMENT_3D('',#8819,#8820,#8821);
#8819 = CARTESIAN_POINT('',(-16.948632,4.62,-4.6E-02));
#8820 = DIRECTION('',(0.,-1.,0.));
#8821 = DIRECTION('',(-1.,0.,0.));
#8822 = ADVANCED_FACE('',(#8823),#8839,.F.);
#8823 = FACE_BOUND('',#8824,.F.);
#8824 = EDGE_LOOP('',(#8825,#8831,#8832,#8838));
#8825 = ORIENTED_EDGE('',*,*,#8826,.T.);
#8826 = EDGE_CURVE('',#5803,#7008,#8827,.T.);
#8827 = LINE('',#8828,#8829);
#8828 = CARTESIAN_POINT('',(-18.519986,5.399988,-4.6E-02));
#8829 = VECTOR('',#8830,1.);
#8830 = DIRECTION('',(0.,0.,1.));
#8831 = ORIENTED_EDGE('',*,*,#7007,.T.);
#8832 = ORIENTED_EDGE('',*,*,#8833,.F.);
#8833 = EDGE_CURVE('',#5805,#7010,#8834,.T.);
#8834 = LINE('',#8835,#8836);
#8835 = CARTESIAN_POINT('',(-18.519986,6.300012,-4.6E-02));
#8836 = VECTOR('',#8837,1.);
#8837 = DIRECTION('',(0.,0.,1.));
#8838 = ORIENTED_EDGE('',*,*,#5802,.F.);
#8839 = CYLINDRICAL_SURFACE('',#8840,0.450012);
#8840 = AXIS2_PLACEMENT_3D('',#8841,#8842,#8843);
#8841 = CARTESIAN_POINT('',(-18.519986,5.85,-4.6E-02));
#8842 = DIRECTION('',(-0.,0.,-1.));
#8843 = DIRECTION('',(0.,1.,0.));
#8844 = ADVANCED_FACE('',(#8845),#8856,.T.);
#8845 = FACE_BOUND('',#8846,.T.);
#8846 = EDGE_LOOP('',(#8847,#8848,#8849,#8850));
#8847 = ORIENTED_EDGE('',*,*,#5830,.T.);
#8848 = ORIENTED_EDGE('',*,*,#8826,.T.);
#8849 = ORIENTED_EDGE('',*,*,#7035,.F.);
#8850 = ORIENTED_EDGE('',*,*,#8851,.F.);
#8851 = EDGE_CURVE('',#5822,#7027,#8852,.T.);
#8852 = LINE('',#8853,#8854);
#8853 = CARTESIAN_POINT('',(-16.920014,5.399988,-4.6E-02));
#8854 = VECTOR('',#8855,1.);
#8855 = DIRECTION('',(0.,0.,1.));
#8856 = PLANE('',#8857);
#8857 = AXIS2_PLACEMENT_3D('',#8858,#8859,#8860);
#8858 = CARTESIAN_POINT('',(-18.519986,5.399988,-4.6E-02));
#8859 = DIRECTION('',(0.,1.,0.));
#8860 = DIRECTION('',(1.,0.,0.));
#8861 = ADVANCED_FACE('',(#8862),#8873,.F.);
#8862 = FACE_BOUND('',#8863,.F.);
#8863 = EDGE_LOOP('',(#8864,#8870,#8871,#8872));
#8864 = ORIENTED_EDGE('',*,*,#8865,.T.);
#8865 = EDGE_CURVE('',#5814,#7019,#8866,.T.);
#8866 = LINE('',#8867,#8868);
#8867 = CARTESIAN_POINT('',(-16.920014,6.300012,-4.6E-02));
#8868 = VECTOR('',#8869,1.);
#8869 = DIRECTION('',(0.,0.,1.));
#8870 = ORIENTED_EDGE('',*,*,#7026,.T.);
#8871 = ORIENTED_EDGE('',*,*,#8851,.F.);
#8872 = ORIENTED_EDGE('',*,*,#5821,.F.);
#8873 = CYLINDRICAL_SURFACE('',#8874,0.450012);
#8874 = AXIS2_PLACEMENT_3D('',#8875,#8876,#8877);
#8875 = CARTESIAN_POINT('',(-16.920014,5.85,-4.6E-02));
#8876 = DIRECTION('',(-0.,0.,-1.));
#8877 = DIRECTION('',(7.89E-15,-1.,-0.));
#8878 = ADVANCED_FACE('',(#8879),#8885,.T.);
#8879 = FACE_BOUND('',#8880,.T.);
#8880 = EDGE_LOOP('',(#8881,#8882,#8883,#8884));
#8881 = ORIENTED_EDGE('',*,*,#5813,.T.);
#8882 = ORIENTED_EDGE('',*,*,#8865,.T.);
#8883 = ORIENTED_EDGE('',*,*,#7018,.F.);
#8884 = ORIENTED_EDGE('',*,*,#8833,.F.);
#8885 = PLANE('',#8886);
#8886 = AXIS2_PLACEMENT_3D('',#8887,#8888,#8889);
#8887 = CARTESIAN_POINT('',(-16.920014,6.300012,-4.6E-02));
#8888 = DIRECTION('',(0.,-1.,0.));
#8889 = DIRECTION('',(-1.,0.,0.));
#8890 = ADVANCED_FACE('',(#8891),#8907,.F.);
#8891 = FACE_BOUND('',#8892,.F.);
#8892 = EDGE_LOOP('',(#8893,#8899,#8900,#8906));
#8893 = ORIENTED_EDGE('',*,*,#8894,.T.);
#8894 = EDGE_CURVE('',#5839,#7044,#8895,.T.);
#8895 = LINE('',#8896,#8897);
#8896 = CARTESIAN_POINT('',(-13.618632,4.02,-4.6E-02));
#8897 = VECTOR('',#8898,1.);
#8898 = DIRECTION('',(0.,0.,1.));
#8899 = ORIENTED_EDGE('',*,*,#7043,.T.);
#8900 = ORIENTED_EDGE('',*,*,#8901,.F.);
#8901 = EDGE_CURVE('',#5841,#7046,#8902,.T.);
#8902 = LINE('',#8903,#8904);
#8903 = CARTESIAN_POINT('',(-13.618632,4.62,-4.6E-02));
#8904 = VECTOR('',#8905,1.);
#8905 = DIRECTION('',(0.,0.,1.));
#8906 = ORIENTED_EDGE('',*,*,#5838,.F.);
#8907 = CYLINDRICAL_SURFACE('',#8908,0.3);
#8908 = AXIS2_PLACEMENT_3D('',#8909,#8910,#8911);
#8909 = CARTESIAN_POINT('',(-13.618632,4.32,-4.6E-02));
#8910 = DIRECTION('',(-0.,0.,-1.));
#8911 = DIRECTION('',(0.,1.,0.));
#8912 = ADVANCED_FACE('',(#8913),#8924,.T.);
#8913 = FACE_BOUND('',#8914,.T.);
#8914 = EDGE_LOOP('',(#8915,#8916,#8917,#8918));
#8915 = ORIENTED_EDGE('',*,*,#5866,.T.);
#8916 = ORIENTED_EDGE('',*,*,#8894,.T.);
#8917 = ORIENTED_EDGE('',*,*,#7071,.F.);
#8918 = ORIENTED_EDGE('',*,*,#8919,.F.);
#8919 = EDGE_CURVE('',#5858,#7063,#8920,.T.);
#8920 = LINE('',#8921,#8922);
#8921 = CARTESIAN_POINT('',(-12.518632,4.02,-4.6E-02));
#8922 = VECTOR('',#8923,1.);
#8923 = DIRECTION('',(0.,0.,1.));
#8924 = PLANE('',#8925);
#8925 = AXIS2_PLACEMENT_3D('',#8926,#8927,#8928);
#8926 = CARTESIAN_POINT('',(-13.618632,4.02,-4.6E-02));
#8927 = DIRECTION('',(0.,1.,0.));
#8928 = DIRECTION('',(1.,0.,0.));
#8929 = ADVANCED_FACE('',(#8930),#8941,.F.);
#8930 = FACE_BOUND('',#8931,.F.);
#8931 = EDGE_LOOP('',(#8932,#8938,#8939,#8940));
#8932 = ORIENTED_EDGE('',*,*,#8933,.T.);
#8933 = EDGE_CURVE('',#5850,#7055,#8934,.T.);
#8934 = LINE('',#8935,#8936);
#8935 = CARTESIAN_POINT('',(-12.518632,4.62,-4.6E-02));
#8936 = VECTOR('',#8937,1.);
#8937 = DIRECTION('',(0.,0.,1.));
#8938 = ORIENTED_EDGE('',*,*,#7062,.T.);
#8939 = ORIENTED_EDGE('',*,*,#8919,.F.);
#8940 = ORIENTED_EDGE('',*,*,#5857,.F.);
#8941 = CYLINDRICAL_SURFACE('',#8942,0.3);
#8942 = AXIS2_PLACEMENT_3D('',#8943,#8944,#8945);
#8943 = CARTESIAN_POINT('',(-12.518632,4.32,-4.6E-02));
#8944 = DIRECTION('',(-0.,-0.,-1.));
#8945 = DIRECTION('',(-0.,-1.,0.));
#8946 = ADVANCED_FACE('',(#8947),#8953,.T.);
#8947 = FACE_BOUND('',#8948,.T.);
#8948 = EDGE_LOOP('',(#8949,#8950,#8951,#8952));
#8949 = ORIENTED_EDGE('',*,*,#5849,.T.);
#8950 = ORIENTED_EDGE('',*,*,#8933,.T.);
#8951 = ORIENTED_EDGE('',*,*,#7054,.F.);
#8952 = ORIENTED_EDGE('',*,*,#8901,.F.);
#8953 = PLANE('',#8954);
#8954 = AXIS2_PLACEMENT_3D('',#8955,#8956,#8957);
#8955 = CARTESIAN_POINT('',(-12.518632,4.62,-4.6E-02));
#8956 = DIRECTION('',(0.,-1.,0.));
#8957 = DIRECTION('',(-1.,0.,0.));
#8958 = ADVANCED_FACE('',(#8959),#8970,.F.);
#8959 = FACE_BOUND('',#8960,.F.);
#8960 = EDGE_LOOP('',(#8961,#8967,#8968,#8969));
#8961 = ORIENTED_EDGE('',*,*,#8962,.T.);
#8962 = EDGE_CURVE('',#5875,#7080,#8963,.T.);
#8963 = LINE('',#8964,#8965);
#8964 = CARTESIAN_POINT('',(-2.2,4.65,-3.6E-02));
#8965 = VECTOR('',#8966,1.);
#8966 = DIRECTION('',(0.,0.,1.));
#8967 = ORIENTED_EDGE('',*,*,#7079,.T.);
#8968 = ORIENTED_EDGE('',*,*,#8962,.F.);
#8969 = ORIENTED_EDGE('',*,*,#5874,.F.);
#8970 = CYLINDRICAL_SURFACE('',#8971,0.15);
#8971 = AXIS2_PLACEMENT_3D('',#8972,#8973,#8974);
#8972 = CARTESIAN_POINT('',(-2.2,4.8,-3.6E-02));
#8973 = DIRECTION('',(-0.,-0.,-1.));
#8974 = DIRECTION('',(-0.,-1.,0.));
#8975 = ADVANCED_FACE('',(#8976),#8987,.F.);
#8976 = FACE_BOUND('',#8977,.F.);
#8977 = EDGE_LOOP('',(#8978,#8984,#8985,#8986));
#8978 = ORIENTED_EDGE('',*,*,#8979,.T.);
#8979 = EDGE_CURVE('',#5886,#7091,#8980,.T.);
#8980 = LINE('',#8981,#8982);
#8981 = CARTESIAN_POINT('',(-7.9,7.314,-3.6E-02));
#8982 = VECTOR('',#8983,1.);
#8983 = DIRECTION('',(0.,0.,1.));
#8984 = ORIENTED_EDGE('',*,*,#7090,.T.);
#8985 = ORIENTED_EDGE('',*,*,#8979,.F.);
#8986 = ORIENTED_EDGE('',*,*,#5885,.F.);
#8987 = CYLINDRICAL_SURFACE('',#8988,0.15);
#8988 = AXIS2_PLACEMENT_3D('',#8989,#8990,#8991);
#8989 = CARTESIAN_POINT('',(-7.9,7.464,-3.6E-02));
#8990 = DIRECTION('',(-0.,-0.,-1.));
#8991 = DIRECTION('',(-0.,-1.,0.));
#8992 = ADVANCED_FACE('',(#8993),#9004,.F.);
#8993 = FACE_BOUND('',#8994,.F.);
#8994 = EDGE_LOOP('',(#8995,#9001,#9002,#9003));
#8995 = ORIENTED_EDGE('',*,*,#8996,.T.);
#8996 = EDGE_CURVE('',#5897,#7102,#8997,.T.);
#8997 = LINE('',#8998,#8999);
#8998 = CARTESIAN_POINT('',(-6.8,7.314,-3.6E-02));
#8999 = VECTOR('',#9000,1.);
#9000 = DIRECTION('',(0.,0.,1.));
#9001 = ORIENTED_EDGE('',*,*,#7101,.T.);
#9002 = ORIENTED_EDGE('',*,*,#8996,.F.);
#9003 = ORIENTED_EDGE('',*,*,#5896,.F.);
#9004 = CYLINDRICAL_SURFACE('',#9005,0.15);
#9005 = AXIS2_PLACEMENT_3D('',#9006,#9007,#9008);
#9006 = CARTESIAN_POINT('',(-6.8,7.464,-3.6E-02));
#9007 = DIRECTION('',(-0.,0.,-1.));
#9008 = DIRECTION('',(5.92E-15,-1.,-0.));
#9009 = ADVANCED_FACE('',(#9010),#9021,.F.);
#9010 = FACE_BOUND('',#9011,.F.);
#9011 = EDGE_LOOP('',(#9012,#9018,#9019,#9020));
#9012 = ORIENTED_EDGE('',*,*,#9013,.T.);
#9013 = EDGE_CURVE('',#5908,#7113,#9014,.T.);
#9014 = LINE('',#9015,#9016);
#9015 = CARTESIAN_POINT('',(-5.7,7.314,-3.6E-02));
#9016 = VECTOR('',#9017,1.);
#9017 = DIRECTION('',(0.,0.,1.));
#9018 = ORIENTED_EDGE('',*,*,#7112,.T.);
#9019 = ORIENTED_EDGE('',*,*,#9013,.F.);
#9020 = ORIENTED_EDGE('',*,*,#5907,.F.);
#9021 = CYLINDRICAL_SURFACE('',#9022,0.15);
#9022 = AXIS2_PLACEMENT_3D('',#9023,#9024,#9025);
#9023 = CARTESIAN_POINT('',(-5.7,7.464,-3.6E-02));
#9024 = DIRECTION('',(-0.,-0.,-1.));
#9025 = DIRECTION('',(-5.92E-15,-1.,0.));
#9026 = ADVANCED_FACE('',(#9027),#9038,.F.);
#9027 = FACE_BOUND('',#9028,.F.);
#9028 = EDGE_LOOP('',(#9029,#9035,#9036,#9037));
#9029 = ORIENTED_EDGE('',*,*,#9030,.T.);
#9030 = EDGE_CURVE('',#5919,#7124,#9031,.T.);
#9031 = LINE('',#9032,#9033);
#9032 = CARTESIAN_POINT('',(3.2,0.725,-3.6E-02));
#9033 = VECTOR('',#9034,1.);
#9034 = DIRECTION('',(0.,0.,1.));
#9035 = ORIENTED_EDGE('',*,*,#7123,.T.);
#9036 = ORIENTED_EDGE('',*,*,#9030,.F.);
#9037 = ORIENTED_EDGE('',*,*,#5918,.F.);
#9038 = CYLINDRICAL_SURFACE('',#9039,0.15);
#9039 = AXIS2_PLACEMENT_3D('',#9040,#9041,#9042);
#9040 = CARTESIAN_POINT('',(3.2,0.875,-3.6E-02));
#9041 = DIRECTION('',(-0.,-0.,-1.));
#9042 = DIRECTION('',(-0.,-1.,0.));
#9043 = ADVANCED_FACE('',(#9044),#9055,.F.);
#9044 = FACE_BOUND('',#9045,.F.);
#9045 = EDGE_LOOP('',(#9046,#9052,#9053,#9054));
#9046 = ORIENTED_EDGE('',*,*,#9047,.T.);
#9047 = EDGE_CURVE('',#5930,#7135,#9048,.T.);
#9048 = LINE('',#9049,#9050);
#9049 = CARTESIAN_POINT('',(11.7,-0.35,-4.6E-02));
#9050 = VECTOR('',#9051,1.);
#9051 = DIRECTION('',(0.,0.,1.));
#9052 = ORIENTED_EDGE('',*,*,#7134,.T.);
#9053 = ORIENTED_EDGE('',*,*,#9047,.F.);
#9054 = ORIENTED_EDGE('',*,*,#5929,.F.);
#9055 = CYLINDRICAL_SURFACE('',#9056,0.1);
#9056 = AXIS2_PLACEMENT_3D('',#9057,#9058,#9059);
#9057 = CARTESIAN_POINT('',(11.7,-0.25,-4.6E-02));
#9058 = DIRECTION('',(-0.,-0.,-1.));
#9059 = DIRECTION('',(-0.,-1.,0.));
#9060 = ADVANCED_FACE('',(#9061),#9072,.F.);
#9061 = FACE_BOUND('',#9062,.F.);
#9062 = EDGE_LOOP('',(#9063,#9069,#9070,#9071));
#9063 = ORIENTED_EDGE('',*,*,#9064,.T.);
#9064 = EDGE_CURVE('',#5941,#7146,#9065,.T.);
#9065 = LINE('',#9066,#9067);
#9066 = CARTESIAN_POINT('',(12.15,0.15,-4.6E-02));
#9067 = VECTOR('',#9068,1.);
#9068 = DIRECTION('',(0.,0.,1.));
#9069 = ORIENTED_EDGE('',*,*,#7145,.T.);
#9070 = ORIENTED_EDGE('',*,*,#9064,.F.);
#9071 = ORIENTED_EDGE('',*,*,#5940,.F.);
#9072 = CYLINDRICAL_SURFACE('',#9073,0.1);
#9073 = AXIS2_PLACEMENT_3D('',#9074,#9075,#9076);
#9074 = CARTESIAN_POINT('',(12.15,0.25,-4.6E-02));
#9075 = DIRECTION('',(-0.,-0.,-1.));
#9076 = DIRECTION('',(-0.,-1.,0.));
#9077 = ADVANCED_FACE('',(#9078),#9094,.F.);
#9078 = FACE_BOUND('',#9079,.F.);
#9079 = EDGE_LOOP('',(#9080,#9086,#9087,#9093));
#9080 = ORIENTED_EDGE('',*,*,#9081,.T.);
#9081 = EDGE_CURVE('',#5952,#7157,#9082,.T.);
#9082 = LINE('',#9083,#9084);
#9083 = CARTESIAN_POINT('',(15.92,0.6,-4.6E-02));
#9084 = VECTOR('',#9085,1.);
#9085 = DIRECTION('',(0.,0.,1.));
#9086 = ORIENTED_EDGE('',*,*,#7156,.T.);
#9087 = ORIENTED_EDGE('',*,*,#9088,.F.);
#9088 = EDGE_CURVE('',#5954,#7159,#9089,.T.);
#9089 = LINE('',#9090,#9091);
#9090 = CARTESIAN_POINT('',(18.72,0.6,-4.6E-02));
#9091 = VECTOR('',#9092,1.);
#9092 = DIRECTION('',(0.,0.,1.));
#9093 = ORIENTED_EDGE('',*,*,#5951,.F.);
#9094 = CYLINDRICAL_SURFACE('',#9095,1.4);
#9095 = AXIS2_PLACEMENT_3D('',#9096,#9097,#9098);
#9096 = CARTESIAN_POINT('',(17.32,0.6,-4.6E-02));
#9097 = DIRECTION('',(-0.,-0.,-1.));
#9098 = DIRECTION('',(1.,-7.1E-16,0.));
#9099 = ADVANCED_FACE('',(#9100),#9111,.T.);
#9100 = FACE_BOUND('',#9101,.T.);
#9101 = EDGE_LOOP('',(#9102,#9103,#9104,#9105));
#9102 = ORIENTED_EDGE('',*,*,#5979,.T.);
#9103 = ORIENTED_EDGE('',*,*,#9081,.T.);
#9104 = ORIENTED_EDGE('',*,*,#7184,.F.);
#9105 = ORIENTED_EDGE('',*,*,#9106,.F.);
#9106 = EDGE_CURVE('',#5971,#7176,#9107,.T.);
#9107 = LINE('',#9108,#9109);
#9108 = CARTESIAN_POINT('',(15.92,-0.6,-4.6E-02));
#9109 = VECTOR('',#9110,1.);
#9110 = DIRECTION('',(0.,0.,1.));
#9111 = PLANE('',#9112);
#9112 = AXIS2_PLACEMENT_3D('',#9113,#9114,#9115);
#9113 = CARTESIAN_POINT('',(15.92,0.6,-4.6E-02));
#9114 = DIRECTION('',(1.,0.,-0.));
#9115 = DIRECTION('',(0.,-1.,0.));
#9116 = ADVANCED_FACE('',(#9117),#9128,.F.);
#9117 = FACE_BOUND('',#9118,.F.);
#9118 = EDGE_LOOP('',(#9119,#9125,#9126,#9127));
#9119 = ORIENTED_EDGE('',*,*,#9120,.T.);
#9120 = EDGE_CURVE('',#5963,#7168,#9121,.T.);
#9121 = LINE('',#9122,#9123);
#9122 = CARTESIAN_POINT('',(18.72,-0.6,-4.6E-02));
#9123 = VECTOR('',#9124,1.);
#9124 = DIRECTION('',(0.,0.,1.));
#9125 = ORIENTED_EDGE('',*,*,#7175,.T.);
#9126 = ORIENTED_EDGE('',*,*,#9106,.F.);
#9127 = ORIENTED_EDGE('',*,*,#5970,.F.);
#9128 = CYLINDRICAL_SURFACE('',#9129,1.4);
#9129 = AXIS2_PLACEMENT_3D('',#9130,#9131,#9132);
#9130 = CARTESIAN_POINT('',(17.32,-0.6,-4.6E-02));
#9131 = DIRECTION('',(-0.,-0.,-1.));
#9132 = DIRECTION('',(-1.,7.1E-16,0.));
#9133 = ADVANCED_FACE('',(#9134),#9140,.T.);
#9134 = FACE_BOUND('',#9135,.T.);
#9135 = EDGE_LOOP('',(#9136,#9137,#9138,#9139));
#9136 = ORIENTED_EDGE('',*,*,#5962,.T.);
#9137 = ORIENTED_EDGE('',*,*,#9120,.T.);
#9138 = ORIENTED_EDGE('',*,*,#7167,.F.);
#9139 = ORIENTED_EDGE('',*,*,#9088,.F.);
#9140 = PLANE('',#9141);
#9141 = AXIS2_PLACEMENT_3D('',#9142,#9143,#9144);
#9142 = CARTESIAN_POINT('',(18.72,-0.6,-4.6E-02));
#9143 = DIRECTION('',(-1.,0.,0.));
#9144 = DIRECTION('',(0.,1.,0.));
#9145 = ADVANCED_FACE('',(#9146),#9157,.F.);
#9146 = FACE_BOUND('',#9147,.F.);
#9147 = EDGE_LOOP('',(#9148,#9154,#9155,#9156));
#9148 = ORIENTED_EDGE('',*,*,#9149,.T.);
#9149 = EDGE_CURVE('',#5988,#7193,#9150,.T.);
#9150 = LINE('',#9151,#9152);
#9151 = CARTESIAN_POINT('',(11.83,1.15,-4.6E-02));
#9152 = VECTOR('',#9153,1.);
#9153 = DIRECTION('',(0.,0.,1.));
#9154 = ORIENTED_EDGE('',*,*,#7192,.T.);
#9155 = ORIENTED_EDGE('',*,*,#9149,.F.);
#9156 = ORIENTED_EDGE('',*,*,#5987,.F.);
#9157 = CYLINDRICAL_SURFACE('',#9158,0.1);
#9158 = AXIS2_PLACEMENT_3D('',#9159,#9160,#9161);
#9159 = CARTESIAN_POINT('',(11.83,1.25,-4.6E-02));
#9160 = DIRECTION('',(-0.,-0.,-1.));
#9161 = DIRECTION('',(-0.,-1.,0.));
#9162 = ADVANCED_FACE('',(#9163),#9174,.F.);
#9163 = FACE_BOUND('',#9164,.F.);
#9164 = EDGE_LOOP('',(#9165,#9171,#9172,#9173));
#9165 = ORIENTED_EDGE('',*,*,#9166,.T.);
#9166 = EDGE_CURVE('',#5999,#7204,#9167,.T.);
#9167 = LINE('',#9168,#9169);
#9168 = CARTESIAN_POINT('',(12.8,1.35,-4.6E-02));
#9169 = VECTOR('',#9170,1.);
#9170 = DIRECTION('',(0.,0.,1.));
#9171 = ORIENTED_EDGE('',*,*,#7203,.T.);
#9172 = ORIENTED_EDGE('',*,*,#9166,.F.);
#9173 = ORIENTED_EDGE('',*,*,#5998,.F.);
#9174 = CYLINDRICAL_SURFACE('',#9175,0.15);
#9175 = AXIS2_PLACEMENT_3D('',#9176,#9177,#9178);
#9176 = CARTESIAN_POINT('',(12.8,1.5,-4.6E-02));
#9177 = DIRECTION('',(-0.,-0.,-1.));
#9178 = DIRECTION('',(-0.,-1.,0.));
#9179 = ADVANCED_FACE('',(#9180),#9191,.F.);
#9180 = FACE_BOUND('',#9181,.F.);
#9181 = EDGE_LOOP('',(#9182,#9188,#9189,#9190));
#9182 = ORIENTED_EDGE('',*,*,#9183,.T.);
#9183 = EDGE_CURVE('',#6010,#7215,#9184,.T.);
#9184 = LINE('',#9185,#9186);
#9185 = CARTESIAN_POINT('',(11.83,2.35,-4.6E-02));
#9186 = VECTOR('',#9187,1.);
#9187 = DIRECTION('',(0.,0.,1.));
#9188 = ORIENTED_EDGE('',*,*,#7214,.T.);
#9189 = ORIENTED_EDGE('',*,*,#9183,.F.);
#9190 = ORIENTED_EDGE('',*,*,#6009,.F.);
#9191 = CYLINDRICAL_SURFACE('',#9192,0.1);
#9192 = AXIS2_PLACEMENT_3D('',#9193,#9194,#9195);
#9193 = CARTESIAN_POINT('',(11.83,2.45,-4.6E-02));
#9194 = DIRECTION('',(-0.,-0.,-1.));
#9195 = DIRECTION('',(-0.,-1.,0.));
#9196 = ADVANCED_FACE('',(#9197),#9208,.F.);
#9197 = FACE_BOUND('',#9198,.F.);
#9198 = EDGE_LOOP('',(#9199,#9205,#9206,#9207));
#9199 = ORIENTED_EDGE('',*,*,#9200,.T.);
#9200 = EDGE_CURVE('',#6021,#7226,#9201,.T.);
#9201 = LINE('',#9202,#9203);
#9202 = CARTESIAN_POINT('',(12.55,2.565,-4.6E-02));
#9203 = VECTOR('',#9204,1.);
#9204 = DIRECTION('',(0.,0.,1.));
#9205 = ORIENTED_EDGE('',*,*,#7225,.T.);
#9206 = ORIENTED_EDGE('',*,*,#9200,.F.);
#9207 = ORIENTED_EDGE('',*,*,#6020,.F.);
#9208 = CYLINDRICAL_SURFACE('',#9209,0.325);
#9209 = AXIS2_PLACEMENT_3D('',#9210,#9211,#9212);
#9210 = CARTESIAN_POINT('',(12.55,2.89,-4.6E-02));
#9211 = DIRECTION('',(-0.,-0.,-1.));
#9212 = DIRECTION('',(-0.,-1.,0.));
#9213 = ADVANCED_FACE('',(#9214),#9225,.F.);
#9214 = FACE_BOUND('',#9215,.F.);
#9215 = EDGE_LOOP('',(#9216,#9222,#9223,#9224));
#9216 = ORIENTED_EDGE('',*,*,#9217,.T.);
#9217 = EDGE_CURVE('',#6032,#7237,#9218,.T.);
#9218 = LINE('',#9219,#9220);
#9219 = CARTESIAN_POINT('',(4.7,4.45,-3.6E-02));
#9220 = VECTOR('',#9221,1.);
#9221 = DIRECTION('',(0.,0.,1.));
#9222 = ORIENTED_EDGE('',*,*,#7236,.T.);
#9223 = ORIENTED_EDGE('',*,*,#9217,.F.);
#9224 = ORIENTED_EDGE('',*,*,#6031,.F.);
#9225 = CYLINDRICAL_SURFACE('',#9226,0.15);
#9226 = AXIS2_PLACEMENT_3D('',#9227,#9228,#9229);
#9227 = CARTESIAN_POINT('',(4.7,4.6,-3.6E-02));
#9228 = DIRECTION('',(-0.,0.,-1.));
#9229 = DIRECTION('',(5.92E-15,-1.,-0.));
#9230 = ADVANCED_FACE('',(#9231),#9242,.F.);
#9231 = FACE_BOUND('',#9232,.F.);
#9232 = EDGE_LOOP('',(#9233,#9239,#9240,#9241));
#9233 = ORIENTED_EDGE('',*,*,#9234,.T.);
#9234 = EDGE_CURVE('',#6043,#7248,#9235,.T.);
#9235 = LINE('',#9236,#9237);
#9236 = CARTESIAN_POINT('',(4.8,5.25,-3.6E-02));
#9237 = VECTOR('',#9238,1.);
#9238 = DIRECTION('',(0.,0.,1.));
#9239 = ORIENTED_EDGE('',*,*,#7247,.T.);
#9240 = ORIENTED_EDGE('',*,*,#9234,.F.);
#9241 = ORIENTED_EDGE('',*,*,#6042,.F.);
#9242 = CYLINDRICAL_SURFACE('',#9243,0.15);
#9243 = AXIS2_PLACEMENT_3D('',#9244,#9245,#9246);
#9244 = CARTESIAN_POINT('',(4.8,5.4,-3.6E-02));
#9245 = DIRECTION('',(-0.,-0.,-1.));
#9246 = DIRECTION('',(-5.92E-15,-1.,0.));
#9247 = ADVANCED_FACE('',(#9248),#9259,.F.);
#9248 = FACE_BOUND('',#9249,.F.);
#9249 = EDGE_LOOP('',(#9250,#9256,#9257,#9258));
#9250 = ORIENTED_EDGE('',*,*,#9251,.T.);
#9251 = EDGE_CURVE('',#6054,#7259,#9252,.T.);
#9252 = LINE('',#9253,#9254);
#9253 = CARTESIAN_POINT('',(8.29,5.71,-3.6E-02));
#9254 = VECTOR('',#9255,1.);
#9255 = DIRECTION('',(0.,0.,1.));
#9256 = ORIENTED_EDGE('',*,*,#7258,.T.);
#9257 = ORIENTED_EDGE('',*,*,#9251,.F.);
#9258 = ORIENTED_EDGE('',*,*,#6053,.F.);
#9259 = CYLINDRICAL_SURFACE('',#9260,0.15);
#9260 = AXIS2_PLACEMENT_3D('',#9261,#9262,#9263);
#9261 = CARTESIAN_POINT('',(8.29,5.86,-3.6E-02));
#9262 = DIRECTION('',(-0.,-0.,-1.));
#9263 = DIRECTION('',(-0.,-1.,0.));
#9264 = ADVANCED_FACE('',(#9265),#9276,.F.);
#9265 = FACE_BOUND('',#9266,.F.);
#9266 = EDGE_LOOP('',(#9267,#9273,#9274,#9275));
#9267 = ORIENTED_EDGE('',*,*,#9268,.T.);
#9268 = EDGE_CURVE('',#6065,#7270,#9269,.T.);
#9269 = LINE('',#9270,#9271);
#9270 = CARTESIAN_POINT('',(-0.2,5.739,-4.6E-02));
#9271 = VECTOR('',#9272,1.);
#9272 = DIRECTION('',(0.,0.,1.));
#9273 = ORIENTED_EDGE('',*,*,#7269,.T.);
#9274 = ORIENTED_EDGE('',*,*,#9268,.F.);
#9275 = ORIENTED_EDGE('',*,*,#6064,.F.);
#9276 = CYLINDRICAL_SURFACE('',#9277,0.325);
#9277 = AXIS2_PLACEMENT_3D('',#9278,#9279,#9280);
#9278 = CARTESIAN_POINT('',(-0.2,6.064,-4.6E-02));
#9279 = DIRECTION('',(-0.,-0.,-1.));
#9280 = DIRECTION('',(-0.,-1.,0.));
#9281 = ADVANCED_FACE('',(#9282),#9298,.F.);
#9282 = FACE_BOUND('',#9283,.F.);
#9283 = EDGE_LOOP('',(#9284,#9290,#9291,#9297));
#9284 = ORIENTED_EDGE('',*,*,#9285,.T.);
#9285 = EDGE_CURVE('',#6076,#7281,#9286,.T.);
#9286 = LINE('',#9287,#9288);
#9287 = CARTESIAN_POINT('',(12.57,4.62,-4.6E-02));
#9288 = VECTOR('',#9289,1.);
#9289 = DIRECTION('',(0.,0.,1.));
#9290 = ORIENTED_EDGE('',*,*,#7280,.T.);
#9291 = ORIENTED_EDGE('',*,*,#9292,.F.);
#9292 = EDGE_CURVE('',#6078,#7283,#9293,.T.);
#9293 = LINE('',#9294,#9295);
#9294 = CARTESIAN_POINT('',(12.57,4.02,-4.6E-02));
#9295 = VECTOR('',#9296,1.);
#9296 = DIRECTION('',(0.,0.,1.));
#9297 = ORIENTED_EDGE('',*,*,#6075,.F.);
#9298 = CYLINDRICAL_SURFACE('',#9299,0.3);
#9299 = AXIS2_PLACEMENT_3D('',#9300,#9301,#9302);
#9300 = CARTESIAN_POINT('',(12.57,4.32,-4.6E-02));
#9301 = DIRECTION('',(-0.,0.,-1.));
#9302 = DIRECTION('',(5.92E-15,-1.,-0.));
#9303 = ADVANCED_FACE('',(#9304),#9315,.T.);
#9304 = FACE_BOUND('',#9305,.T.);
#9305 = EDGE_LOOP('',(#9306,#9307,#9308,#9309));
#9306 = ORIENTED_EDGE('',*,*,#6103,.T.);
#9307 = ORIENTED_EDGE('',*,*,#9285,.T.);
#9308 = ORIENTED_EDGE('',*,*,#7308,.F.);
#9309 = ORIENTED_EDGE('',*,*,#9310,.F.);
#9310 = EDGE_CURVE('',#6095,#7300,#9311,.T.);
#9311 = LINE('',#9312,#9313);
#9312 = CARTESIAN_POINT('',(11.47,4.62,-4.6E-02));
#9313 = VECTOR('',#9314,1.);
#9314 = DIRECTION('',(0.,0.,1.));
#9315 = PLANE('',#9316);
#9316 = AXIS2_PLACEMENT_3D('',#9317,#9318,#9319);
#9317 = CARTESIAN_POINT('',(12.57,4.62,-4.6E-02));
#9318 = DIRECTION('',(0.,-1.,0.));
#9319 = DIRECTION('',(-1.,0.,0.));
#9320 = ADVANCED_FACE('',(#9321),#9332,.F.);
#9321 = FACE_BOUND('',#9322,.F.);
#9322 = EDGE_LOOP('',(#9323,#9329,#9330,#9331));
#9323 = ORIENTED_EDGE('',*,*,#9324,.T.);
#9324 = EDGE_CURVE('',#6087,#7292,#9325,.T.);
#9325 = LINE('',#9326,#9327);
#9326 = CARTESIAN_POINT('',(11.47,4.02,-4.6E-02));
#9327 = VECTOR('',#9328,1.);
#9328 = DIRECTION('',(0.,0.,1.));
#9329 = ORIENTED_EDGE('',*,*,#7299,.T.);
#9330 = ORIENTED_EDGE('',*,*,#9310,.F.);
#9331 = ORIENTED_EDGE('',*,*,#6094,.F.);
#9332 = CYLINDRICAL_SURFACE('',#9333,0.3);
#9333 = AXIS2_PLACEMENT_3D('',#9334,#9335,#9336);
#9334 = CARTESIAN_POINT('',(11.47,4.32,-4.6E-02));
#9335 = DIRECTION('',(-0.,0.,-1.));
#9336 = DIRECTION('',(0.,1.,0.));
#9337 = ADVANCED_FACE('',(#9338),#9344,.T.);
#9338 = FACE_BOUND('',#9339,.T.);
#9339 = EDGE_LOOP('',(#9340,#9341,#9342,#9343));
#9340 = ORIENTED_EDGE('',*,*,#6086,.T.);
#9341 = ORIENTED_EDGE('',*,*,#9324,.T.);
#9342 = ORIENTED_EDGE('',*,*,#7291,.F.);
#9343 = ORIENTED_EDGE('',*,*,#9292,.F.);
#9344 = PLANE('',#9345);
#9345 = AXIS2_PLACEMENT_3D('',#9346,#9347,#9348);
#9346 = CARTESIAN_POINT('',(11.47,4.02,-4.6E-02));
#9347 = DIRECTION('',(0.,1.,0.));
#9348 = DIRECTION('',(1.,0.,0.));
#9349 = ADVANCED_FACE('',(#9350),#9366,.F.);
#9350 = FACE_BOUND('',#9351,.F.);
#9351 = EDGE_LOOP('',(#9352,#9358,#9359,#9365));
#9352 = ORIENTED_EDGE('',*,*,#9353,.T.);
#9353 = EDGE_CURVE('',#6112,#7317,#9354,.T.);
#9354 = LINE('',#9355,#9356);
#9355 = CARTESIAN_POINT('',(16.5,4.62,-4.6E-02));
#9356 = VECTOR('',#9357,1.);
#9357 = DIRECTION('',(0.,0.,1.));
#9358 = ORIENTED_EDGE('',*,*,#7316,.T.);
#9359 = ORIENTED_EDGE('',*,*,#9360,.F.);
#9360 = EDGE_CURVE('',#6114,#7319,#9361,.T.);
#9361 = LINE('',#9362,#9363);
#9362 = CARTESIAN_POINT('',(16.5,4.02,-4.6E-02));
#9363 = VECTOR('',#9364,1.);
#9364 = DIRECTION('',(0.,0.,1.));
#9365 = ORIENTED_EDGE('',*,*,#6111,.F.);
#9366 = CYLINDRICAL_SURFACE('',#9367,0.3);
#9367 = AXIS2_PLACEMENT_3D('',#9368,#9369,#9370);
#9368 = CARTESIAN_POINT('',(16.5,4.32,-4.6E-02));
#9369 = DIRECTION('',(-0.,-0.,-1.));
#9370 = DIRECTION('',(-0.,-1.,0.));
#9371 = ADVANCED_FACE('',(#9372),#9383,.T.);
#9372 = FACE_BOUND('',#9373,.T.);
#9373 = EDGE_LOOP('',(#9374,#9375,#9376,#9377));
#9374 = ORIENTED_EDGE('',*,*,#6139,.T.);
#9375 = ORIENTED_EDGE('',*,*,#9353,.T.);
#9376 = ORIENTED_EDGE('',*,*,#7344,.F.);
#9377 = ORIENTED_EDGE('',*,*,#9378,.F.);
#9378 = EDGE_CURVE('',#6131,#7336,#9379,.T.);
#9379 = LINE('',#9380,#9381);
#9380 = CARTESIAN_POINT('',(15.9,4.62,-4.6E-02));
#9381 = VECTOR('',#9382,1.);
#9382 = DIRECTION('',(0.,0.,1.));
#9383 = PLANE('',#9384);
#9384 = AXIS2_PLACEMENT_3D('',#9385,#9386,#9387);
#9385 = CARTESIAN_POINT('',(16.5,4.62,-4.6E-02));
#9386 = DIRECTION('',(0.,-1.,0.));
#9387 = DIRECTION('',(-1.,0.,0.));
#9388 = ADVANCED_FACE('',(#9389),#9400,.F.);
#9389 = FACE_BOUND('',#9390,.F.);
#9390 = EDGE_LOOP('',(#9391,#9397,#9398,#9399));
#9391 = ORIENTED_EDGE('',*,*,#9392,.T.);
#9392 = EDGE_CURVE('',#6123,#7328,#9393,.T.);
#9393 = LINE('',#9394,#9395);
#9394 = CARTESIAN_POINT('',(15.9,4.02,-4.6E-02));
#9395 = VECTOR('',#9396,1.);
#9396 = DIRECTION('',(0.,0.,1.));
#9397 = ORIENTED_EDGE('',*,*,#7335,.T.);
#9398 = ORIENTED_EDGE('',*,*,#9378,.F.);
#9399 = ORIENTED_EDGE('',*,*,#6130,.F.);
#9400 = CYLINDRICAL_SURFACE('',#9401,0.3);
#9401 = AXIS2_PLACEMENT_3D('',#9402,#9403,#9404);
#9402 = CARTESIAN_POINT('',(15.9,4.32,-4.6E-02));
#9403 = DIRECTION('',(-0.,0.,-1.));
#9404 = DIRECTION('',(0.,1.,0.));
#9405 = ADVANCED_FACE('',(#9406),#9412,.T.);
#9406 = FACE_BOUND('',#9407,.T.);
#9407 = EDGE_LOOP('',(#9408,#9409,#9410,#9411));
#9408 = ORIENTED_EDGE('',*,*,#6122,.T.);
#9409 = ORIENTED_EDGE('',*,*,#9392,.T.);
#9410 = ORIENTED_EDGE('',*,*,#7327,.F.);
#9411 = ORIENTED_EDGE('',*,*,#9360,.F.);
#9412 = PLANE('',#9413);
#9413 = AXIS2_PLACEMENT_3D('',#9414,#9415,#9416);
#9414 = CARTESIAN_POINT('',(15.9,4.02,-4.6E-02));
#9415 = DIRECTION('',(0.,1.,0.));
#9416 = DIRECTION('',(1.,0.,0.));
#9417 = ADVANCED_FACE('',(#9418),#9429,.F.);
#9418 = FACE_BOUND('',#9419,.F.);
#9419 = EDGE_LOOP('',(#9420,#9426,#9427,#9428));
#9420 = ORIENTED_EDGE('',*,*,#9421,.T.);
#9421 = EDGE_CURVE('',#6148,#7353,#9422,.T.);
#9422 = LINE('',#9423,#9424);
#9423 = CARTESIAN_POINT('',(17.,7.95,-3.6E-02));
#9424 = VECTOR('',#9425,1.);
#9425 = DIRECTION('',(0.,0.,1.));
#9426 = ORIENTED_EDGE('',*,*,#7352,.T.);
#9427 = ORIENTED_EDGE('',*,*,#9421,.F.);
#9428 = ORIENTED_EDGE('',*,*,#6147,.F.);
#9429 = CYLINDRICAL_SURFACE('',#9430,0.15);
#9430 = AXIS2_PLACEMENT_3D('',#9431,#9432,#9433);
#9431 = CARTESIAN_POINT('',(17.,8.1,-3.6E-02));
#9432 = DIRECTION('',(-0.,-0.,-1.));
#9433 = DIRECTION('',(-0.,-1.,0.));
#9434 = ( GEOMETRIC_REPRESENTATION_CONTEXT(3) 
GLOBAL_UNCERTAINTY_ASSIGNED_CONTEXT((#9438)) 
GLOBAL_UNIT_ASSIGNED_CONTEXT((#9435,#9436,#9437)) REPRESENTATION_CONTEXT
('Context #1','3D Context with UNIT and UNCERTAINTY') );
#9435 = ( LENGTH_UNIT() NAMED_UNIT(*) SI_UNIT(.MILLI.,.METRE.) );
#9436 = ( NAMED_UNIT(*) PLANE_ANGLE_UNIT() SI_UNIT($,.RADIAN.) );
#9437 = ( NAMED_UNIT(*) SI_UNIT($,.STERADIAN.) SOLID_ANGLE_UNIT() );
#9438 = UNCERTAINTY_MEASURE_WITH_UNIT(LENGTH_MEASURE(1.E-07),#9435,
  'distance_accuracy_value','confusion accuracy');
#9439 = CONTEXT_DEPENDENT_SHAPE_REPRESENTATION(#9440,#9442);
#9440 = ( REPRESENTATION_RELATIONSHIP('','',#4848,#10) 
REPRESENTATION_RELATIONSHIP_WITH_TRANSFORMATION(#9441) 
SHAPE_REPRESENTATION_RELATIONSHIP() );
#9441 = ITEM_DEFINED_TRANSFORMATION('','',#11,#27);
#9442 = PRODUCT_DEFINITION_SHAPE('Placement','Placement of an item',
  #9443);
#9443 = NEXT_ASSEMBLY_USAGE_OCCURRENCE('4','TinkerLink_PCB000','',#5,
  #4843,$);
#9444 = PRODUCT_RELATED_PRODUCT_CATEGORY('part',$,(#4845));
#9445 = MECHANICAL_DESIGN_GEOMETRIC_PRESENTATION_REPRESENTATION('',(
    #9446),#9434);
#9446 = STYLED_ITEM('color',(#9447),#4849);
#9447 = PRESENTATION_STYLE_ASSIGNMENT((#9448,#9454));
#9448 = SURFACE_STYLE_USAGE(.BOTH.,#9449);
#9449 = SURFACE_SIDE_STYLE('',(#9450));
#9450 = SURFACE_STYLE_FILL_AREA(#9451);
#9451 = FILL_AREA_STYLE('',(#9452));
#9452 = FILL_AREA_STYLE_COLOUR('',#9453);
#9453 = COLOUR_RGB('',0.666666687201,0.,0.);
#9454 = CURVE_STYLE('',#9455,POSITIVE_LENGTH_MEASURE(0.1),#9456);
#9455 = DRAUGHTING_PRE_DEFINED_CURVE_FONT('continuous');
#9456 = COLOUR_RGB('',9.803921802644E-02,9.803921802644E-02,
  9.803921802644E-02);
#9457 = MECHANICAL_DESIGN_GEOMETRIC_PRESENTATION_REPRESENTATION('',(
    #9458),#4224);
#9458 = STYLED_ITEM('color',(#9459),#2031);
#9459 = PRESENTATION_STYLE_ASSIGNMENT((#9460,#9468));
#9460 = SURFACE_STYLE_USAGE(.BOTH.,#9461);
#9461 = SURFACE_SIDE_STYLE('',(#9462,#9466));
#9462 = SURFACE_STYLE_FILL_AREA(#9463);
#9463 = FILL_AREA_STYLE('',(#9464));
#9464 = FILL_AREA_STYLE_COLOUR('',#9465);
#9465 = COLOUR_RGB('',0.447058818107,0.474509808674,0.501960817233);
#9466 = SURFACE_STYLE_RENDERING_WITH_PROPERTIES(.NORMAL_SHADING.,#9465,(
    #9467));
#9467 = SURFACE_STYLE_TRANSPARENT(0.399999976158);
#9468 = CURVE_STYLE('',#9469,POSITIVE_LENGTH_MEASURE(0.1),#9456);
#9469 = DRAUGHTING_PRE_DEFINED_CURVE_FONT('continuous');
#9470 = MECHANICAL_DESIGN_GEOMETRIC_PRESENTATION_REPRESENTATION('',(
    #9471),#4830);
#9471 = STYLED_ITEM('color',(#9472),#4243);
#9472 = PRESENTATION_STYLE_ASSIGNMENT((#9473,#9480));
#9473 = SURFACE_STYLE_USAGE(.BOTH.,#9474);
#9474 = SURFACE_SIDE_STYLE('',(#9475,#9478));
#9475 = SURFACE_STYLE_FILL_AREA(#9476);
#9476 = FILL_AREA_STYLE('',(#9477));
#9477 = FILL_AREA_STYLE_COLOUR('',#9465);
#9478 = SURFACE_STYLE_RENDERING_WITH_PROPERTIES(.NORMAL_SHADING.,#9465,(
    #9479));
#9479 = SURFACE_STYLE_TRANSPARENT(0.800000011921);
#9480 = CURVE_STYLE('',#9481,POSITIVE_LENGTH_MEASURE(0.1),#9456);
#9481 = DRAUGHTING_PRE_DEFINED_CURVE_FONT('continuous');
#9482 = MECHANICAL_DESIGN_GEOMETRIC_PRESENTATION_REPRESENTATION('',(
    #9483),#2012);
#9483 = STYLED_ITEM('color',(#9484),#45);
#9484 = PRESENTATION_STYLE_ASSIGNMENT((#9485,#9492));
#9485 = SURFACE_STYLE_USAGE(.BOTH.,#9486);
#9486 = SURFACE_SIDE_STYLE('',(#9487,#9490));
#9487 = SURFACE_STYLE_FILL_AREA(#9488);
#9488 = FILL_AREA_STYLE('',(#9489));
#9489 = FILL_AREA_STYLE_COLOUR('',#9465);
#9490 = SURFACE_STYLE_RENDERING_WITH_PROPERTIES(.NORMAL_SHADING.,#9465,(
    #9491));
#9491 = SURFACE_STYLE_TRANSPARENT(0.399999976158);
#9492 = CURVE_STYLE('',#9493,POSITIVE_LENGTH_MEASURE(0.1),#9456);
#9493 = DRAUGHTING_PRE_DEFINED_CURVE_FONT('continuous');
ENDSEC;
END-ISO-10303-21;
