ISO-10303-21;
HEADER;
FILE_DESCRIPTION(('FreeCAD Model'),'2;1');
FILE_NAME('Open CASCADE Shape Model','2026-10-07T15:30:38',(''),(''),
  'Open CASCADE STEP processor 7.8','FreeCAD','Unknown');
FILE_SCHEMA((
'AP242_MANAGED_MODEL_BASED_3D_ENGINEERING_MIM_LF. {1 0 10303 442 1 1 4 
}'));
ENDSEC;
DATA;
#1 = APPLICATION_PROTOCOL_DEFINITION('international standard',
  'ap242_managed_model_based_3d_engineering',2013,#2);
#2 = APPLICATION_CONTEXT('Managed model based 3d engineering');
#3 = SHAPE_DEFINITION_REPRESENTATION(#4,#10);
#4 = PRODUCT_DEFINITION_SHAPE('','',#5);
#5 = PRODUCT_DEFINITION('design','',#6,#9);
#6 = PRODUCT_DEFINITION_FORMATION('','',#7);
#7 = PRODUCT('TinkerLink_case_design','TinkerLink_case_design','',(#8));
#8 = PRODUCT_CONTEXT('',#2,'mechanical');
#9 = PRODUCT_DEFINITION_CONTEXT('part definition',#2,'design');
#10 = SHAPE_REPRESENTATION('',(#11,#15,#19),#23);
#11 = AXIS2_PLACEMENT_3D('',#12,#13,#14);
#12 = CARTESIAN_POINT('',(0.,0.,0.));
#13 = DIRECTION('',(0.,0.,1.));
#14 = DIRECTION('',(1.,0.,-0.));
#15 = AXIS2_PLACEMENT_3D('',#16,#17,#18);
#16 = CARTESIAN_POINT('',(0.,0.,0.));
#17 = DIRECTION('',(0.,0.,1.));
#18 = DIRECTION('',(1.,0.,0.));
#19 = AXIS2_PLACEMENT_3D('',#20,#21,#22);
#20 = CARTESIAN_POINT('',(0.,0.,0.));
#21 = DIRECTION('',(0.,0.,1.));
#22 = DIRECTION('',(1.,0.,0.));
#23 = ( GEOMETRIC_REPRESENTATION_CONTEXT(3) 
GLOBAL_UNCERTAINTY_ASSIGNED_CONTEXT((#27)) GLOBAL_UNIT_ASSIGNED_CONTEXT(
(#24,#25,#26)) REPRESENTATION_CONTEXT('Context #1',
  '3D Context with UNIT and UNCERTAINTY') );
#24 = ( LENGTH_UNIT() NAMED_UNIT(*) SI_UNIT(.MILLI.,.METRE.) );
#25 = ( NAMED_UNIT(*) PLANE_ANGLE_UNIT() SI_UNIT($,.RADIAN.) );
#26 = ( NAMED_UNIT(*) SI_UNIT($,.STERADIAN.) SOLID_ANGLE_UNIT() );
#27 = UNCERTAINTY_MEASURE_WITH_UNIT(LENGTH_MEASURE(2.E-05),#24,
  'distance_accuracy_value','confusion accuracy');
#28 = PRODUCT_RELATED_PRODUCT_CATEGORY('part',$,(#7));
#29 = SHAPE_DEFINITION_REPRESENTATION(#30,#36);
#30 = PRODUCT_DEFINITION_SHAPE('','',#31);
#31 = PRODUCT_DEFINITION('design','',#32,#35);
#32 = PRODUCT_DEFINITION_FORMATION('','',#33);
#33 = PRODUCT('Corner Clips Btm','Corner Clips Btm','',(#34));
#34 = PRODUCT_CONTEXT('',#2,'mechanical');
#35 = PRODUCT_DEFINITION_CONTEXT('part definition',#2,'design');
#36 = ADVANCED_BREP_SHAPE_REPRESENTATION('',(#11,#37),#3351);
#37 = MANIFOLD_SOLID_BREP('',#38);
#38 = CLOSED_SHELL('',(#39,#229,#269,#293,#317,#341,#374,#430,#620,#645,
    #670,#729,#754,#778,#968,#1017,#1048,#1072,#1096,#1130,#1164,#1188,
    #1212,#1229,#1308,#1326,#1344,#1396,#1438,#1463,#1624,#1659,#1720,
    #1745,#1770,#1905,#1950,#2007,#2032,#2074,#2098,#2170,#2187,#2204,
    #2386,#2419,#2436,#2448,#2473,#2497,#2522,#2569,#2594,#2618,#2658,
    #2691,#2873,#2958,#2978,#2990,#3002,#3019,#3034,#3079,#3093,#3115,
    #3132,#3149,#3166,#3183,#3200,#3217,#3229,#3241,#3272,#3284,#3301,
    #3320,#3337));
#39 = ADVANCED_FACE('',(#40,#156),#224,.F.);
#40 = FACE_BOUND('',#41,.F.);
#41 = EDGE_LOOP('',(#42,#52,#60,#69,#77,#85,#93,#101,#109,#118,#126,#134
    ,#142,#150));
#42 = ORIENTED_EDGE('',*,*,#43,.F.);
#43 = EDGE_CURVE('',#44,#46,#48,.T.);
#44 = VERTEX_POINT('',#45);
#45 = CARTESIAN_POINT('',(-21.,-9.2,1.));
#46 = VERTEX_POINT('',#47);
#47 = CARTESIAN_POINT('',(-21.,-6.,1.));
#48 = LINE('',#49,#50);
#49 = CARTESIAN_POINT('',(-21.,-13.,1.));
#50 = VECTOR('',#51,1.);
#51 = DIRECTION('',(0.,1.,0.));
#52 = ORIENTED_EDGE('',*,*,#53,.T.);
#53 = EDGE_CURVE('',#44,#54,#56,.T.);
#54 = VERTEX_POINT('',#55);
#55 = CARTESIAN_POINT('',(-21.,-9.2,-1.5));
#56 = LINE('',#57,#58);
#57 = CARTESIAN_POINT('',(-21.,-9.2,-4.));
#58 = VECTOR('',#59,1.);
#59 = DIRECTION('',(0.,-0.,-1.));
#60 = ORIENTED_EDGE('',*,*,#61,.F.);
#61 = EDGE_CURVE('',#62,#54,#64,.T.);
#62 = VERTEX_POINT('',#63);
#63 = CARTESIAN_POINT('',(-21.,-9.2,-3.5));
#64 = ELLIPSE('',#65,1.414213562373,1.);
#65 = AXIS2_PLACEMENT_3D('',#66,#67,#68);
#66 = CARTESIAN_POINT('',(-21.,-9.2,-2.5));
#67 = DIRECTION('',(1.,0.,0.));
#68 = DIRECTION('',(0.,1.,-3.140184917368E-16));
#69 = ORIENTED_EDGE('',*,*,#70,.T.);
#70 = EDGE_CURVE('',#62,#71,#73,.T.);
#71 = VERTEX_POINT('',#72);
#72 = CARTESIAN_POINT('',(-21.,-9.5,-3.5));
#73 = LINE('',#74,#75);
#74 = CARTESIAN_POINT('',(-21.,-10.4464466094,-3.5));
#75 = VECTOR('',#76,1.);
#76 = DIRECTION('',(0.,-1.,0.));
#77 = ORIENTED_EDGE('',*,*,#78,.F.);
#78 = EDGE_CURVE('',#79,#71,#81,.T.);
#79 = VERTEX_POINT('',#80);
#80 = CARTESIAN_POINT('',(-21.,-9.5,-4.5));
#81 = LINE('',#82,#83);
#82 = CARTESIAN_POINT('',(-21.,-9.5,-4.5));
#83 = VECTOR('',#84,1.);
#84 = DIRECTION('',(0.,0.,1.));
#85 = ORIENTED_EDGE('',*,*,#86,.T.);
#86 = EDGE_CURVE('',#79,#87,#89,.T.);
#87 = VERTEX_POINT('',#88);
#88 = CARTESIAN_POINT('',(-21.,9.5,-4.5));
#89 = LINE('',#90,#91);
#90 = CARTESIAN_POINT('',(-21.,-13.,-4.5));
#91 = VECTOR('',#92,1.);
#92 = DIRECTION('',(0.,1.,0.));
#93 = ORIENTED_EDGE('',*,*,#94,.T.);
#94 = EDGE_CURVE('',#87,#95,#97,.T.);
#95 = VERTEX_POINT('',#96);
#96 = CARTESIAN_POINT('',(-21.,9.5,-3.5));
#97 = LINE('',#98,#99);
#98 = CARTESIAN_POINT('',(-21.,9.5,-4.5));
#99 = VECTOR('',#100,1.);
#100 = DIRECTION('',(0.,0.,1.));
#101 = ORIENTED_EDGE('',*,*,#102,.T.);
#102 = EDGE_CURVE('',#95,#103,#105,.T.);
#103 = VERTEX_POINT('',#104);
#104 = CARTESIAN_POINT('',(-21.,9.2,-3.5));
#105 = LINE('',#106,#107);
#106 = CARTESIAN_POINT('',(-21.,0.653553390593,-3.5));
#107 = VECTOR('',#108,1.);
#108 = DIRECTION('',(0.,-1.,0.));
#109 = ORIENTED_EDGE('',*,*,#110,.F.);
#110 = EDGE_CURVE('',#111,#103,#113,.T.);
#111 = VERTEX_POINT('',#112);
#112 = CARTESIAN_POINT('',(-21.,9.2,-1.5));
#113 = ELLIPSE('',#114,1.414213562373,1.);
#114 = AXIS2_PLACEMENT_3D('',#115,#116,#117);
#115 = CARTESIAN_POINT('',(-21.,9.2,-2.5));
#116 = DIRECTION('',(1.,0.,0.));
#117 = DIRECTION('',(0.,1.,-3.140184917368E-16));
#118 = ORIENTED_EDGE('',*,*,#119,.T.);
#119 = EDGE_CURVE('',#111,#120,#122,.T.);
#120 = VERTEX_POINT('',#121);
#121 = CARTESIAN_POINT('',(-21.,9.2,1.));
#122 = LINE('',#123,#124);
#123 = CARTESIAN_POINT('',(-21.,9.2,-4.));
#124 = VECTOR('',#125,1.);
#125 = DIRECTION('',(0.,-0.,1.));
#126 = ORIENTED_EDGE('',*,*,#127,.F.);
#127 = EDGE_CURVE('',#128,#120,#130,.T.);
#128 = VERTEX_POINT('',#129);
#129 = CARTESIAN_POINT('',(-21.,6.,1.));
#130 = LINE('',#131,#132);
#131 = CARTESIAN_POINT('',(-21.,-13.,1.));
#132 = VECTOR('',#133,1.);
#133 = DIRECTION('',(0.,1.,0.));
#134 = ORIENTED_EDGE('',*,*,#135,.F.);
#135 = EDGE_CURVE('',#136,#128,#138,.T.);
#136 = VERTEX_POINT('',#137);
#137 = CARTESIAN_POINT('',(-21.,6.,0.3));
#138 = LINE('',#139,#140);
#139 = CARTESIAN_POINT('',(-21.,6.,-2.1));
#140 = VECTOR('',#141,1.);
#141 = DIRECTION('',(0.,0.,1.));
#142 = ORIENTED_EDGE('',*,*,#143,.T.);
#143 = EDGE_CURVE('',#136,#144,#146,.T.);
#144 = VERTEX_POINT('',#145);
#145 = CARTESIAN_POINT('',(-21.,-6.,0.3));
#146 = LINE('',#147,#148);
#147 = CARTESIAN_POINT('',(-21.,-9.5,0.3));
#148 = VECTOR('',#149,1.);
#149 = DIRECTION('',(0.,-1.,0.));
#150 = ORIENTED_EDGE('',*,*,#151,.T.);
#151 = EDGE_CURVE('',#144,#46,#152,.T.);
#152 = LINE('',#153,#154);
#153 = CARTESIAN_POINT('',(-21.,-6.,-2.1));
#154 = VECTOR('',#155,1.);
#155 = DIRECTION('',(0.,0.,1.));
#156 = FACE_BOUND('',#157,.F.);
#157 = EDGE_LOOP('',(#158,#168,#176,#185,#193,#201,#209,#218));
#158 = ORIENTED_EDGE('',*,*,#159,.F.);
#159 = EDGE_CURVE('',#160,#162,#164,.T.);
#160 = VERTEX_POINT('',#161);
#161 = CARTESIAN_POINT('',(-21.,2.9,-0.5));
#162 = VERTEX_POINT('',#163);
#163 = CARTESIAN_POINT('',(-21.,-2.9,-0.5));
#164 = LINE('',#165,#166);
#165 = CARTESIAN_POINT('',(-21.,-5.05,-0.5));
#166 = VECTOR('',#167,1.);
#167 = DIRECTION('',(0.,-1.,0.));
#168 = ORIENTED_EDGE('',*,*,#169,.T.);
#169 = EDGE_CURVE('',#160,#170,#172,.T.);
#170 = VERTEX_POINT('',#171);
#171 = CARTESIAN_POINT('',(-21.,2.9,-0.504006420562));
#172 = LINE('',#173,#174);
#173 = CARTESIAN_POINT('',(-21.,2.9,-3.75));
#174 = VECTOR('',#175,1.);
#175 = DIRECTION('',(0.,0.,-1.));
#176 = ORIENTED_EDGE('',*,*,#177,.F.);
#177 = EDGE_CURVE('',#178,#170,#180,.T.);
#178 = VERTEX_POINT('',#179);
#179 = CARTESIAN_POINT('',(-21.,2.9,-2.995993579438));
#180 = CIRCLE('',#181,1.25);
#181 = AXIS2_PLACEMENT_3D('',#182,#183,#184);
#182 = CARTESIAN_POINT('',(-21.,3.,-1.75));
#183 = DIRECTION('',(1.,-1.2E-16,-2.2E-16));
#184 = DIRECTION('',(-2.2E-16,0.,-1.));
#185 = ORIENTED_EDGE('',*,*,#186,.T.);
#186 = EDGE_CURVE('',#178,#187,#189,.T.);
#187 = VERTEX_POINT('',#188);
#188 = CARTESIAN_POINT('',(-21.,2.9,-3.));
#189 = LINE('',#190,#191);
#190 = CARTESIAN_POINT('',(-21.,2.9,-3.75));
#191 = VECTOR('',#192,1.);
#192 = DIRECTION('',(0.,0.,-1.));
#193 = ORIENTED_EDGE('',*,*,#194,.T.);
#194 = EDGE_CURVE('',#187,#195,#197,.T.);
#195 = VERTEX_POINT('',#196);
#196 = CARTESIAN_POINT('',(-21.,-2.9,-3.));
#197 = LINE('',#198,#199);
#198 = CARTESIAN_POINT('',(-21.,-5.05,-3.));
#199 = VECTOR('',#200,1.);
#200 = DIRECTION('',(0.,-1.,0.));
#201 = ORIENTED_EDGE('',*,*,#202,.F.);
#202 = EDGE_CURVE('',#203,#195,#205,.T.);
#203 = VERTEX_POINT('',#204);
#204 = CARTESIAN_POINT('',(-21.,-2.9,-2.995993579438));
#205 = LINE('',#206,#207);
#206 = CARTESIAN_POINT('',(-21.,-2.9,-3.75));
#207 = VECTOR('',#208,1.);
#208 = DIRECTION('',(0.,0.,-1.));
#209 = ORIENTED_EDGE('',*,*,#210,.F.);
#210 = EDGE_CURVE('',#211,#203,#213,.T.);
#211 = VERTEX_POINT('',#212);
#212 = CARTESIAN_POINT('',(-21.,-2.9,-0.504006420562));
#213 = CIRCLE('',#214,1.25);
#214 = AXIS2_PLACEMENT_3D('',#215,#216,#217);
#215 = CARTESIAN_POINT('',(-21.,-3.,-1.75));
#216 = DIRECTION('',(1.,-1.2E-16,-2.2E-16));
#217 = DIRECTION('',(-2.2E-16,0.,-1.));
#218 = ORIENTED_EDGE('',*,*,#219,.F.);
#219 = EDGE_CURVE('',#162,#211,#220,.T.);
#220 = LINE('',#221,#222);
#221 = CARTESIAN_POINT('',(-21.,-2.9,-3.75));
#222 = VECTOR('',#223,1.);
#223 = DIRECTION('',(0.,0.,-1.));
#224 = PLANE('',#225);
#225 = AXIS2_PLACEMENT_3D('',#226,#227,#228);
#226 = CARTESIAN_POINT('',(-21.,-13.,-4.5));
#227 = DIRECTION('',(1.,0.,0.));
#228 = DIRECTION('',(0.,0.,1.));
#229 = ADVANCED_FACE('',(#230),#264,.T.);
#230 = FACE_BOUND('',#231,.T.);
#231 = EDGE_LOOP('',(#232,#233,#241,#250,#258));
#232 = ORIENTED_EDGE('',*,*,#43,.F.);
#233 = ORIENTED_EDGE('',*,*,#234,.T.);
#234 = EDGE_CURVE('',#44,#235,#237,.T.);
#235 = VERTEX_POINT('',#236);
#236 = CARTESIAN_POINT('',(-19.4,-10.8,1.));
#237 = LINE('',#238,#239);
#238 = CARTESIAN_POINT('',(-17.29952057377,-12.90047942623,1.));
#239 = VECTOR('',#240,1.);
#240 = DIRECTION('',(0.707106781187,-0.707106781187,0.));
#241 = ORIENTED_EDGE('',*,*,#242,.F.);
#242 = EDGE_CURVE('',#243,#235,#245,.T.);
#243 = VERTEX_POINT('',#244);
#244 = CARTESIAN_POINT('',(-20.,-9.,1.));
#245 = CIRCLE('',#246,3.);
#246 = AXIS2_PLACEMENT_3D('',#247,#248,#249);
#247 = CARTESIAN_POINT('',(-17.,-9.,1.));
#248 = DIRECTION('',(0.,0.,1.));
#249 = DIRECTION('',(-1.,0.,0.));
#250 = ORIENTED_EDGE('',*,*,#251,.T.);
#251 = EDGE_CURVE('',#243,#252,#254,.T.);
#252 = VERTEX_POINT('',#253);
#253 = CARTESIAN_POINT('',(-20.,-6.,1.));
#254 = LINE('',#255,#256);
#255 = CARTESIAN_POINT('',(-20.,-12.5,1.));
#256 = VECTOR('',#257,1.);
#257 = DIRECTION('',(0.,1.,0.));
#258 = ORIENTED_EDGE('',*,*,#259,.T.);
#259 = EDGE_CURVE('',#252,#46,#260,.T.);
#260 = LINE('',#261,#262);
#261 = CARTESIAN_POINT('',(-18.5,-6.,1.));
#262 = VECTOR('',#263,1.);
#263 = DIRECTION('',(-1.,2.2E-16,0.));
#264 = PLANE('',#265);
#265 = AXIS2_PLACEMENT_3D('',#266,#267,#268);
#266 = CARTESIAN_POINT('',(-6.230264229602,-11.84639549689,1.));
#267 = DIRECTION('',(0.,0.,1.));
#268 = DIRECTION('',(1.,0.,0.));
#269 = ADVANCED_FACE('',(#270),#288,.T.);
#270 = FACE_BOUND('',#271,.T.);
#271 = EDGE_LOOP('',(#272,#280,#286,#287));
#272 = ORIENTED_EDGE('',*,*,#273,.F.);
#273 = EDGE_CURVE('',#274,#252,#276,.T.);
#274 = VERTEX_POINT('',#275);
#275 = CARTESIAN_POINT('',(-20.,-6.,0.3));
#276 = LINE('',#277,#278);
#277 = CARTESIAN_POINT('',(-20.,-6.,0.15));
#278 = VECTOR('',#279,1.);
#279 = DIRECTION('',(0.,0.,1.));
#280 = ORIENTED_EDGE('',*,*,#281,.T.);
#281 = EDGE_CURVE('',#274,#144,#282,.T.);
#282 = LINE('',#283,#284);
#283 = CARTESIAN_POINT('',(-16.,-6.,0.3));
#284 = VECTOR('',#285,1.);
#285 = DIRECTION('',(-1.,0.,0.));
#286 = ORIENTED_EDGE('',*,*,#151,.T.);
#287 = ORIENTED_EDGE('',*,*,#259,.F.);
#288 = PLANE('',#289);
#289 = AXIS2_PLACEMENT_3D('',#290,#291,#292);
#290 = CARTESIAN_POINT('',(-16.,-6.,0.3));
#291 = DIRECTION('',(0.,1.,0.));
#292 = DIRECTION('',(0.,0.,1.));
#293 = ADVANCED_FACE('',(#294),#312,.T.);
#294 = FACE_BOUND('',#295,.T.);
#295 = EDGE_LOOP('',(#296,#297,#305,#311));
#296 = ORIENTED_EDGE('',*,*,#281,.F.);
#297 = ORIENTED_EDGE('',*,*,#298,.F.);
#298 = EDGE_CURVE('',#299,#274,#301,.T.);
#299 = VERTEX_POINT('',#300);
#300 = CARTESIAN_POINT('',(-20.,6.,0.3));
#301 = LINE('',#302,#303);
#302 = CARTESIAN_POINT('',(-20.,-9.,0.3));
#303 = VECTOR('',#304,1.);
#304 = DIRECTION('',(0.,-1.,0.));
#305 = ORIENTED_EDGE('',*,*,#306,.T.);
#306 = EDGE_CURVE('',#299,#136,#307,.T.);
#307 = LINE('',#308,#309);
#308 = CARTESIAN_POINT('',(-16.,6.,0.3));
#309 = VECTOR('',#310,1.);
#310 = DIRECTION('',(-1.,0.,0.));
#311 = ORIENTED_EDGE('',*,*,#143,.T.);
#312 = PLANE('',#313);
#313 = AXIS2_PLACEMENT_3D('',#314,#315,#316);
#314 = CARTESIAN_POINT('',(-16.,-6.,0.3));
#315 = DIRECTION('',(0.,0.,1.));
#316 = DIRECTION('',(0.,1.,0.));
#317 = ADVANCED_FACE('',(#318),#336,.F.);
#318 = FACE_BOUND('',#319,.F.);
#319 = EDGE_LOOP('',(#320,#328,#329,#330));
#320 = ORIENTED_EDGE('',*,*,#321,.F.);
#321 = EDGE_CURVE('',#299,#322,#324,.T.);
#322 = VERTEX_POINT('',#323);
#323 = CARTESIAN_POINT('',(-20.,6.,1.));
#324 = LINE('',#325,#326);
#325 = CARTESIAN_POINT('',(-20.,6.,0.15));
#326 = VECTOR('',#327,1.);
#327 = DIRECTION('',(0.,0.,1.));
#328 = ORIENTED_EDGE('',*,*,#306,.T.);
#329 = ORIENTED_EDGE('',*,*,#135,.T.);
#330 = ORIENTED_EDGE('',*,*,#331,.F.);
#331 = EDGE_CURVE('',#322,#128,#332,.T.);
#332 = LINE('',#333,#334);
#333 = CARTESIAN_POINT('',(-18.5,6.,1.));
#334 = VECTOR('',#335,1.);
#335 = DIRECTION('',(-1.,2.2E-16,0.));
#336 = PLANE('',#337);
#337 = AXIS2_PLACEMENT_3D('',#338,#339,#340);
#338 = CARTESIAN_POINT('',(-16.,6.,0.3));
#339 = DIRECTION('',(0.,1.,0.));
#340 = DIRECTION('',(0.,0.,1.));
#341 = ADVANCED_FACE('',(#342),#369,.T.);
#342 = FACE_BOUND('',#343,.T.);
#343 = EDGE_LOOP('',(#344,#345,#346,#354,#363));
#344 = ORIENTED_EDGE('',*,*,#127,.F.);
#345 = ORIENTED_EDGE('',*,*,#331,.F.);
#346 = ORIENTED_EDGE('',*,*,#347,.T.);
#347 = EDGE_CURVE('',#322,#348,#350,.T.);
#348 = VERTEX_POINT('',#349);
#349 = CARTESIAN_POINT('',(-20.,9.,1.));
#350 = LINE('',#351,#352);
#351 = CARTESIAN_POINT('',(-20.,-12.5,1.));
#352 = VECTOR('',#353,1.);
#353 = DIRECTION('',(0.,1.,0.));
#354 = ORIENTED_EDGE('',*,*,#355,.F.);
#355 = EDGE_CURVE('',#356,#348,#358,.T.);
#356 = VERTEX_POINT('',#357);
#357 = CARTESIAN_POINT('',(-19.4,10.8,1.));
#358 = CIRCLE('',#359,3.);
#359 = AXIS2_PLACEMENT_3D('',#360,#361,#362);
#360 = CARTESIAN_POINT('',(-17.,9.,1.));
#361 = DIRECTION('',(0.,0.,1.));
#362 = DIRECTION('',(-1.,0.,0.));
#363 = ORIENTED_EDGE('',*,*,#364,.T.);
#364 = EDGE_CURVE('',#356,#120,#365,.T.);
#365 = LINE('',#366,#367);
#366 = CARTESIAN_POINT('',(-12.3507731775,17.849226822493,1.));
#367 = VECTOR('',#368,1.);
#368 = DIRECTION('',(-0.707106781187,-0.707106781187,0.));
#369 = PLANE('',#370);
#370 = AXIS2_PLACEMENT_3D('',#371,#372,#373);
#371 = CARTESIAN_POINT('',(5.778062633674,6.804631093925,1.));
#372 = DIRECTION('',(0.,0.,1.));
#373 = DIRECTION('',(1.,0.,0.));
#374 = ADVANCED_FACE('',(#375),#425,.T.);
#375 = FACE_BOUND('',#376,.T.);
#376 = EDGE_LOOP('',(#377,#387,#393,#394,#395,#403,#411,#419));
#377 = ORIENTED_EDGE('',*,*,#378,.F.);
#378 = EDGE_CURVE('',#379,#381,#383,.T.);
#379 = VERTEX_POINT('',#380);
#380 = CARTESIAN_POINT('',(-17.2,13.,-1.5));
#381 = VERTEX_POINT('',#382);
#382 = CARTESIAN_POINT('',(-17.2,13.,1.));
#383 = LINE('',#384,#385);
#384 = CARTESIAN_POINT('',(-17.2,13.,-4.));
#385 = VECTOR('',#386,1.);
#386 = DIRECTION('',(0.,-0.,1.));
#387 = ORIENTED_EDGE('',*,*,#388,.F.);
#388 = EDGE_CURVE('',#111,#379,#389,.T.);
#389 = LINE('',#390,#391);
#390 = CARTESIAN_POINT('',(-15.89289321881,14.307106781187,-1.5));
#391 = VECTOR('',#392,1.);
#392 = DIRECTION('',(0.707106781187,0.707106781187,-2.22044604925E-16));
#393 = ORIENTED_EDGE('',*,*,#119,.T.);
#394 = ORIENTED_EDGE('',*,*,#364,.F.);
#395 = ORIENTED_EDGE('',*,*,#396,.F.);
#396 = EDGE_CURVE('',#397,#356,#399,.T.);
#397 = VERTEX_POINT('',#398);
#398 = CARTESIAN_POINT('',(-19.4,10.8,0.));
#399 = LINE('',#400,#401);
#400 = CARTESIAN_POINT('',(-19.4,10.8,0.));
#401 = VECTOR('',#402,1.);
#402 = DIRECTION('',(0.,0.,1.));
#403 = ORIENTED_EDGE('',*,*,#404,.F.);
#404 = EDGE_CURVE('',#405,#397,#407,.T.);
#405 = VERTEX_POINT('',#406);
#406 = CARTESIAN_POINT('',(-18.8,11.4,0.));
#407 = LINE('',#408,#409);
#408 = CARTESIAN_POINT('',(-23.4964466094,6.703553390593,0.));
#409 = VECTOR('',#410,1.);
#410 = DIRECTION('',(-0.707106781187,-0.707106781187,0.));
#411 = ORIENTED_EDGE('',*,*,#412,.T.);
#412 = EDGE_CURVE('',#405,#413,#415,.T.);
#413 = VERTEX_POINT('',#414);
#414 = CARTESIAN_POINT('',(-18.8,11.4,1.));
#415 = LINE('',#416,#417);
#416 = CARTESIAN_POINT('',(-18.8,11.4,0.));
#417 = VECTOR('',#418,1.);
#418 = DIRECTION('',(0.,0.,1.));
#419 = ORIENTED_EDGE('',*,*,#420,.F.);
#420 = EDGE_CURVE('',#381,#413,#421,.T.);
#421 = LINE('',#422,#423);
#422 = CARTESIAN_POINT('',(-12.3507731775,17.849226822493,1.));
#423 = VECTOR('',#424,1.);
#424 = DIRECTION('',(-0.707106781187,-0.707106781187,0.));
#425 = PLANE('',#426);
#426 = AXIS2_PLACEMENT_3D('',#427,#428,#429);
#427 = CARTESIAN_POINT('',(-15.89289321881,14.307106781187,-3.5));
#428 = DIRECTION('',(-0.707106781187,0.707106781187,0.));
#429 = DIRECTION('',(0.,0.,1.));
#430 = ADVANCED_FACE('',(#431,#450),#615,.F.);
#431 = FACE_BOUND('',#432,.T.);
#432 = EDGE_LOOP('',(#433,#442,#448,#449));
#433 = ORIENTED_EDGE('',*,*,#434,.T.);
#434 = EDGE_CURVE('',#379,#435,#437,.T.);
#435 = VERTEX_POINT('',#436);
#436 = CARTESIAN_POINT('',(-17.2,13.,-3.5));
#437 = ELLIPSE('',#438,1.414213562373,1.);
#438 = AXIS2_PLACEMENT_3D('',#439,#440,#441);
#439 = CARTESIAN_POINT('',(-17.2,13.,-2.5));
#440 = DIRECTION('',(0.,1.,0.));
#441 = DIRECTION('',(1.,0.,-3.140184917368E-16));
#442 = ORIENTED_EDGE('',*,*,#443,.T.);
#443 = EDGE_CURVE('',#435,#103,#444,.T.);
#444 = LINE('',#445,#446);
#445 = CARTESIAN_POINT('',(-15.89289321881,14.307106781187,-3.5));
#446 = VECTOR('',#447,1.);
#447 = DIRECTION('',(-0.707106781187,-0.707106781187,0.));
#448 = ORIENTED_EDGE('',*,*,#110,.F.);
#449 = ORIENTED_EDGE('',*,*,#388,.T.);
#450 = FACE_BOUND('',#451,.T.);
#451 = EDGE_LOOP('',(#452));
#452 = ORIENTED_EDGE('',*,*,#453,.F.);
#453 = EDGE_CURVE('',#454,#454,#456,.T.);
#454 = VERTEX_POINT('',#455);
#455 = CARTESIAN_POINT('',(-18.62132034356,10.62132034356,
    -1.763975833943));
#456 = B_SPLINE_CURVE_WITH_KNOTS('',7,(#457,#458,#459,#460,#461,#462,
    #463,#464,#465,#466,#467,#468,#469,#470,#471,#472,#473,#474,#475,
    #476,#477,#478,#479,#480,#481,#482,#483,#484,#485,#486,#487,#488,
    #489,#490,#491,#492,#493,#494,#495,#496,#497,#498,#499,#500,#501,
    #502,#503,#504,#505,#506,#507,#508,#509,#510,#511,#512,#513,#514,
    #515,#516,#517,#518,#519,#520,#521,#522,#523,#524,#525,#526,#527,
    #528,#529,#530,#531,#532,#533,#534,#535,#536,#537,#538,#539,#540,
    #541,#542,#543,#544,#545,#546,#547,#548,#549,#550,#551,#552,#553,
    #554,#555,#556,#557,#558,#559,#560,#561,#562,#563,#564,#565,#566,
    #567,#568,#569,#570,#571,#572,#573,#574,#575,#576,#577,#578,#579,
    #580,#581,#582,#583,#584,#585,#586,#587,#588,#589,#590,#591,#592,
    #593,#594,#595,#596,#597,#598,#599,#600,#601,#602,#603,#604,#605,
    #606,#607,#608,#609,#610,#611,#612,#613,#614),.UNSPECIFIED.,.T.,.F.,
  (8,6,6,6,6,6,6,6,6,6,6,6,6,6,6,6,6,6,6,6,6,6,6,6,6,6,8),(0.,
    0.115912975957,0.156248803185,0.189769264521,0.208843564216,
    0.221132404963,0.250034964277,0.278601976283,0.290899609126,
    0.309998627442,0.34362237112,0.384253572624,0.414406168618,
    0.500027899182,0.561946629204,0.615799353185,0.656424958292,
    0.690044070752,0.709140458433,0.721436397443,0.749999474726,
    0.778898053101,0.791185201225,0.810256873691,0.843772718033,
    0.884102989536,1.),.UNSPECIFIED.);
#457 = CARTESIAN_POINT('',(-18.62132034356,10.62132034356,
    -1.763975833943));
#458 = CARTESIAN_POINT('',(-18.53548845185,10.707152235265,
    -1.763975833943));
#459 = CARTESIAN_POINT('',(-18.44561593688,10.788921461602,
    -1.769245755214));
#460 = CARTESIAN_POINT('',(-18.35216317337,10.866170574333,
    -1.779784513801));
#461 = CARTESIAN_POINT('',(-18.25573929399,10.938459146012,
    -1.795998522823));
#462 = CARTESIAN_POINT('',(-18.15721075306,11.005307008225,
    -1.818678767556));
#463 = CARTESIAN_POINT('',(-18.05793301677,11.066196683964,
    -1.849033069438));
#464 = CARTESIAN_POINT('',(-17.92617155261,11.139611878301,
    -1.902438377018));
#465 = CARTESIAN_POINT('',(-17.89234262071,11.157785863895,
    -1.917346794102));
#466 = CARTESIAN_POINT('',(-17.85882178063,11.175146802404,
    -1.933433537181));
#467 = CARTESIAN_POINT('',(-17.82574466229,11.191664483306,
    -1.950755169724));
#468 = CARTESIAN_POINT('',(-17.7932601461,11.207313410561,
    -1.969367464417));
#469 = CARTESIAN_POINT('',(-17.76153061767,11.22207292071,
    -1.989324605894));
#470 = CARTESIAN_POINT('',(-17.70513769582,11.247440768028,
    -2.028424126219));
#471 = CARTESIAN_POINT('',(-17.68018394944,11.258330156574,
    -2.047136003906));
#472 = CARTESIAN_POINT('',(-17.65600073537,11.268573154743,
    -2.06682479017));
#473 = CARTESIAN_POINT('',(-17.63271962867,11.278154275476,
    -2.087494256773));
#474 = CARTESIAN_POINT('',(-17.61047308049,11.287063394297,
    -2.109140632331));
#475 = CARTESIAN_POINT('',(-17.58939347084,11.295294287097,
    -2.131752051056));
#476 = CARTESIAN_POINT('',(-17.55835591363,11.307138741698,
    -2.168712150492));
#477 = CARTESIAN_POINT('',(-17.54752271358,11.311212345471,
    -2.18241892879));
#478 = CARTESIAN_POINT('',(-17.53714028624,11.315062222137,
    -2.19641989097));
#479 = CARTESIAN_POINT('',(-17.52723512127,11.318687047277,
    -2.210705233827));
#480 = CARTESIAN_POINT('',(-17.51783247318,11.322085929147,
    -2.22526379636));
#481 = CARTESIAN_POINT('',(-17.50895636122,11.32525840868,
    -2.240083059778));
#482 = CARTESIAN_POINT('',(-17.49526493652,11.330102487178,
    -2.264855650787));
#483 = CARTESIAN_POINT('',(-17.49012863059,11.3319063621,-2.274663945129
    ));
#484 = CARTESIAN_POINT('',(-17.48522694827,11.333615969687,
    -2.284569852949));
#485 = CARTESIAN_POINT('',(-17.48056586089,11.335231222232,
    -2.294568851083));
#486 = CARTESIAN_POINT('',(-17.47615101453,11.336752058875,
    -2.304656070787));
#487 = CARTESIAN_POINT('',(-17.47198773007,11.338178445613,
    -2.314826297728));
#488 = CARTESIAN_POINT('',(-17.45889263382,11.342642987819,
    -2.349175839642));
#489 = CARTESIAN_POINT('',(-17.45112142954,11.345253655415,
    -2.373711283691));
#490 = CARTESIAN_POINT('',(-17.44483486693,11.347341307967,
    -2.398602036026));
#491 = CARTESIAN_POINT('',(-17.44008446856,11.348906234086,
    -2.423765091687));
#492 = CARTESIAN_POINT('',(-17.43690529032,11.349949276724,
    -2.449113329043));
#493 = CARTESIAN_POINT('',(-17.43531540883,11.350471028796,
    -2.474556129966));
#494 = CARTESIAN_POINT('',(-17.43531540883,11.350471028796,
    -2.525148476743));
#495 = CARTESIAN_POINT('',(-17.4368685853,11.349961325131,
    -2.550295949639));
#496 = CARTESIAN_POINT('',(-17.43997439261,11.348942348962,
    -2.575352148322));
#497 = CARTESIAN_POINT('',(-17.44461557916,11.347413541076,
    -2.600229521502));
#498 = CARTESIAN_POINT('',(-17.45075866579,11.345374103333,
    -2.624843821976));
#499 = CARTESIAN_POINT('',(-17.45835442408,11.342823750115,
    -2.64911469164));
#500 = CARTESIAN_POINT('',(-17.47120579038,11.33844605468,
    -2.683233951939));
#501 = CARTESIAN_POINT('',(-17.47533082556,11.337034054414,
    -2.693424857721));
#502 = CARTESIAN_POINT('',(-17.47970849807,11.335527464097,
    -2.703533357123));
#503 = CARTESIAN_POINT('',(-17.48433351523,11.33392631538,
    -2.713554188408));
#504 = CARTESIAN_POINT('',(-17.48920025392,11.33223066644,
    -2.723482434832));
#505 = CARTESIAN_POINT('',(-17.49430276055,11.330440601979,
    -2.733313524641));
#506 = CARTESIAN_POINT('',(-17.50791567674,11.325629686808,
    -2.758154093769));
#507 = CARTESIAN_POINT('',(-17.51674935771,11.322476081506,
    -2.773018828688));
#508 = CARTESIAN_POINT('',(-17.52611300736,11.319095433156,
    -2.787623351542));
#509 = CARTESIAN_POINT('',(-17.53598257857,11.315488189917,
    -2.801954946092));
#510 = CARTESIAN_POINT('',(-17.54633276366,11.311655232273,
    -2.816002264153));
#511 = CARTESIAN_POINT('',(-17.55713699436,11.307597873029,
    -2.829755325591));
#512 = CARTESIAN_POINT('',(-17.58813859882,11.295782907144,
    -2.866884527652));
#513 = CARTESIAN_POINT('',(-17.60922243252,11.287561413125,
    -2.889614740199));
#514 = CARTESIAN_POINT('',(-17.63148632883,11.278657134242,
    -2.911374843878));
#515 = CARTESIAN_POINT('',(-17.65479653768,11.269076276052,
    -2.932152341535));
#516 = CARTESIAN_POINT('',(-17.67901914466,11.258828990646,
    -2.951942991789));
#517 = CARTESIAN_POINT('',(-17.70402104238,11.247930876611,
    -2.970750249877));
#518 = CARTESIAN_POINT('',(-17.76066639818,11.222475887667,
    -3.010136011305));
#519 = CARTESIAN_POINT('',(-17.79261129997,11.207628405398,
    -3.030269048938));
#520 = CARTESIAN_POINT('',(-17.82532524885,11.191878007167,
    -3.049036641188));
#521 = CARTESIAN_POINT('',(-17.85864204815,11.175245768351,
    -3.066494094488));
#522 = CARTESIAN_POINT('',(-17.89240940034,11.157757746505,
    -3.082698372712));
#523 = CARTESIAN_POINT('',(-17.92648864423,11.139444863141,
    -3.097707267968));
#524 = CARTESIAN_POINT('',(-17.98618333086,11.106167048451,
    -3.121872527594));
#525 = CARTESIAN_POINT('',(-18.01172239998,11.091552331686,
    -3.131543015661));
#526 = CARTESIAN_POINT('',(-18.03733005394,11.076507760754,
    -3.140616598726));
#527 = CARTESIAN_POINT('',(-18.06296818863,11.061042713331,
    -3.149118344597));
#528 = CARTESIAN_POINT('',(-18.08860224144,11.045166819237,
    -3.157071825767));
#529 = CARTESIAN_POINT('',(-18.11420119128,11.028889960433,
    -3.164499119412));
#530 = CARTESIAN_POINT('',(-18.21225098191,10.964892468588,
    -3.191075728766));
#531 = CARTESIAN_POINT('',(-18.28425518035,10.914412861502,
    -3.206652651448));
#532 = CARTESIAN_POINT('',(-18.35517367934,10.860972157909,
    -3.218638391513));
#533 = CARTESIAN_POINT('',(-18.42460421283,10.804761460804,
    -3.227390606039));
#534 = CARTESIAN_POINT('',(-18.49225374119,10.745961637434,
    -3.233146137677));
#535 = CARTESIAN_POINT('',(-18.5578915377,10.684749149413,
    -3.236024166057));
#536 = CARTESIAN_POINT('',(-18.66718990353,10.575450783586,
    -3.236024166057));
#537 = CARTESIAN_POINT('',(-18.71190095166,10.528425038181,
    -3.234519121462));
#538 = CARTESIAN_POINT('',(-18.75537900068,10.480319312609,
    -3.231508860663));
#539 = CARTESIAN_POINT('',(-18.79755382315,10.431217108109,
    -3.226961254639));
#540 = CARTESIAN_POINT('',(-18.8383573171,10.38121716927,-3.22081161343)
  );
#541 = CARTESIAN_POINT('',(-18.87772137158,10.330441431399,
    -3.212962082623));
#542 = CARTESIAN_POINT('',(-18.94849889522,10.234340060277,
    -3.194861123508));
#543 = CARTESIAN_POINT('',(-18.9802844214,10.18916055086,-3.185054822675
    ));
#544 = CARTESIAN_POINT('',(-19.01088340953,10.143608860371,
    -3.173774829932));
#545 = CARTESIAN_POINT('',(-19.04024212445,10.097815459241,
    -3.160917045708));
#546 = CARTESIAN_POINT('',(-19.06830561688,10.05194039381,
    -3.146360316618));
#547 = CARTESIAN_POINT('',(-19.09502134326,10.00617681253,
    -3.129966173825));
#548 = CARTESIAN_POINT('',(-19.13944486313,9.926488644244,-3.09770726797
    ));
#549 = CARTESIAN_POINT('',(-19.1577577465,9.892409400349,-3.082698372713
    ));
#550 = CARTESIAN_POINT('',(-19.17524576835,9.858642048149,
    -3.066494094486));
#551 = CARTESIAN_POINT('',(-19.19187800716,9.825325248846,
    -3.049036641185));
#552 = CARTESIAN_POINT('',(-19.20762840539,9.792611299974,
    -3.030269048938));
#553 = CARTESIAN_POINT('',(-19.22247588766,9.760666398188,
    -3.010136011308));
#554 = CARTESIAN_POINT('',(-19.24793087661,9.704021042388,
    -2.970750249877));
#555 = CARTESIAN_POINT('',(-19.25882899064,9.679019144662,
    -2.951942991789));
#556 = CARTESIAN_POINT('',(-19.26907627605,9.654796537689,
    -2.932152341535));
#557 = CARTESIAN_POINT('',(-19.27865713424,9.631486328831,
    -2.911374843878));
#558 = CARTESIAN_POINT('',(-19.28756141312,9.609222432528,
    -2.889614740199));
#559 = CARTESIAN_POINT('',(-19.29578290714,9.588138598821,
    -2.866884527652));
#560 = CARTESIAN_POINT('',(-19.30759787302,9.557136994363,
    -2.829755325591));
#561 = CARTESIAN_POINT('',(-19.31165523227,9.54633276366,-2.816002264153
    ));
#562 = CARTESIAN_POINT('',(-19.31548818991,9.535982578578,
    -2.801954946092));
#563 = CARTESIAN_POINT('',(-19.31909543315,9.526113007366,
    -2.787623351542));
#564 = CARTESIAN_POINT('',(-19.3224760815,9.516749357713,-2.773018828688
    ));
#565 = CARTESIAN_POINT('',(-19.3256296868,9.507915676747,-2.758154093769
    ));
#566 = CARTESIAN_POINT('',(-19.33044060197,9.49430276055,-2.733313524641
    ));
#567 = CARTESIAN_POINT('',(-19.33223066644,9.489200253927,
    -2.723482434832));
#568 = CARTESIAN_POINT('',(-19.33392631538,9.484333515235,
    -2.713554188408));
#569 = CARTESIAN_POINT('',(-19.33552746409,9.479708498071,
    -2.703533357123));
#570 = CARTESIAN_POINT('',(-19.33703405441,9.475330825566,
    -2.693424857721));
#571 = CARTESIAN_POINT('',(-19.33844605468,9.471205790389,
    -2.683233951939));
#572 = CARTESIAN_POINT('',(-19.34282375011,9.458354424087,-2.64911469164
    ));
#573 = CARTESIAN_POINT('',(-19.34537410333,9.450758665795,
    -2.624843821976));
#574 = CARTESIAN_POINT('',(-19.34741354107,9.444615579166,
    -2.600229521502));
#575 = CARTESIAN_POINT('',(-19.34894234896,9.439974392613,
    -2.575352148322));
#576 = CARTESIAN_POINT('',(-19.34996132513,9.436868585307,
    -2.550295949639));
#577 = CARTESIAN_POINT('',(-19.35047102879,9.435315408831,
    -2.525148476743));
#578 = CARTESIAN_POINT('',(-19.35047102879,9.435315408831,
    -2.474556129966));
#579 = CARTESIAN_POINT('',(-19.34994927672,9.436905290323,
    -2.449113329043));
#580 = CARTESIAN_POINT('',(-19.34890623408,9.440084468565,
    -2.423765091687));
#581 = CARTESIAN_POINT('',(-19.34734130796,9.444834866938,
    -2.398602036026));
#582 = CARTESIAN_POINT('',(-19.34525365541,9.451121429546,
    -2.373711283691));
#583 = CARTESIAN_POINT('',(-19.34264298781,9.458892633821,
    -2.349175839642));
#584 = CARTESIAN_POINT('',(-19.33817844561,9.471987730072,
    -2.314826297728));
#585 = CARTESIAN_POINT('',(-19.33675205887,9.476151014536,
    -2.304656070787));
#586 = CARTESIAN_POINT('',(-19.33523122223,9.48056586089,-2.294568851083
    ));
#587 = CARTESIAN_POINT('',(-19.33361596968,9.485226948273,
    -2.284569852949));
#588 = CARTESIAN_POINT('',(-19.3319063621,9.490128630591,-2.274663945129
    ));
#589 = CARTESIAN_POINT('',(-19.33010248717,9.49526493652,-2.264855650787
    ));
#590 = CARTESIAN_POINT('',(-19.32525840868,9.508956361226,
    -2.240083059778));
#591 = CARTESIAN_POINT('',(-19.32208592914,9.51783247318,-2.22526379636)
  );
#592 = CARTESIAN_POINT('',(-19.31868704727,9.527235121279,
    -2.210705233827));
#593 = CARTESIAN_POINT('',(-19.31506222213,9.53714028624,-2.19641989097)
  );
#594 = CARTESIAN_POINT('',(-19.31121234547,9.547522713584,-2.18241892879
    ));
#595 = CARTESIAN_POINT('',(-19.30713874169,9.558355913636,
    -2.168712150492));
#596 = CARTESIAN_POINT('',(-19.29529428709,9.589393470845,
    -2.131752051056));
#597 = CARTESIAN_POINT('',(-19.28706339429,9.610473080491,
    -2.109140632331));
#598 = CARTESIAN_POINT('',(-19.27815427547,9.632719628676,
    -2.087494256773));
#599 = CARTESIAN_POINT('',(-19.26857315474,9.65600073537,-2.06682479017)
  );
#600 = CARTESIAN_POINT('',(-19.25833015657,9.680183949446,
    -2.047136003906));
#601 = CARTESIAN_POINT('',(-19.24744076802,9.705137695826,
    -2.028424126219));
#602 = CARTESIAN_POINT('',(-19.22207292071,9.761530617669,
    -1.989324605897));
#603 = CARTESIAN_POINT('',(-19.20731341056,9.7932601461,-1.969367464417)
  );
#604 = CARTESIAN_POINT('',(-19.1916644833,9.825744662301,-1.950755169722
    ));
#605 = CARTESIAN_POINT('',(-19.1751468024,9.85882178064,-1.93343353718)
  );
#606 = CARTESIAN_POINT('',(-19.15778586389,9.892342620716,
    -1.917346794102));
#607 = CARTESIAN_POINT('',(-19.1396118783,9.926171552609,-1.90243837702)
  );
#608 = CARTESIAN_POINT('',(-19.06619668396,10.057933016775,
    -1.849033069438));
#609 = CARTESIAN_POINT('',(-19.00530700822,10.157210753065,
    -1.818678767556));
#610 = CARTESIAN_POINT('',(-18.93845914601,10.255739293991,
    -1.795998522823));
#611 = CARTESIAN_POINT('',(-18.86617057433,10.352163173378,
    -1.779784513801));
#612 = CARTESIAN_POINT('',(-18.7889214616,10.445615936887,
    -1.769245755214));
#613 = CARTESIAN_POINT('',(-18.70715223526,10.535488451855,
    -1.763975833943));
#614 = CARTESIAN_POINT('',(-18.62132034356,10.62132034356,
    -1.763975833943));
#615 = CYLINDRICAL_SURFACE('',#616,1.);
#616 = AXIS2_PLACEMENT_3D('',#617,#618,#619);
#617 = CARTESIAN_POINT('',(-15.89289321881,14.307106781187,-2.5));
#618 = DIRECTION('',(0.707106781187,0.707106781187,-2.22044604925E-16));
#619 = DIRECTION('',(-0.707106781187,0.707106781187,0.));
#620 = ADVANCED_FACE('',(#621),#640,.T.);
#621 = FACE_BOUND('',#622,.T.);
#622 = EDGE_LOOP('',(#623,#624,#632,#639));
#623 = ORIENTED_EDGE('',*,*,#443,.F.);
#624 = ORIENTED_EDGE('',*,*,#625,.F.);
#625 = EDGE_CURVE('',#626,#435,#628,.T.);
#626 = VERTEX_POINT('',#627);
#627 = CARTESIAN_POINT('',(-17.5,13.,-3.5));
#628 = LINE('',#629,#630);
#629 = CARTESIAN_POINT('',(-18.4464466094,13.,-3.5));
#630 = VECTOR('',#631,1.);
#631 = DIRECTION('',(1.,0.,0.));
#632 = ORIENTED_EDGE('',*,*,#633,.T.);
#633 = EDGE_CURVE('',#626,#95,#634,.T.);
#634 = CIRCLE('',#635,3.5);
#635 = AXIS2_PLACEMENT_3D('',#636,#637,#638);
#636 = CARTESIAN_POINT('',(-17.5,9.5,-3.5));
#637 = DIRECTION('',(0.,0.,1.));
#638 = DIRECTION('',(-1.,0.,0.));
#639 = ORIENTED_EDGE('',*,*,#102,.T.);
#640 = PLANE('',#641);
#641 = AXIS2_PLACEMENT_3D('',#642,#643,#644);
#642 = CARTESIAN_POINT('',(-15.89289321881,14.307106781187,-3.5));
#643 = DIRECTION('',(0.,0.,1.));
#644 = DIRECTION('',(-0.707106781187,0.707106781187,0.));
#645 = ADVANCED_FACE('',(#646),#665,.T.);
#646 = FACE_BOUND('',#647,.F.);
#647 = EDGE_LOOP('',(#648,#649,#658,#664));
#648 = ORIENTED_EDGE('',*,*,#94,.F.);
#649 = ORIENTED_EDGE('',*,*,#650,.T.);
#650 = EDGE_CURVE('',#87,#651,#653,.T.);
#651 = VERTEX_POINT('',#652);
#652 = CARTESIAN_POINT('',(-17.5,13.,-4.5));
#653 = CIRCLE('',#654,3.5);
#654 = AXIS2_PLACEMENT_3D('',#655,#656,#657);
#655 = CARTESIAN_POINT('',(-17.5,9.5,-4.5));
#656 = DIRECTION('',(-0.,-0.,-1.));
#657 = DIRECTION('',(0.,-1.,0.));
#658 = ORIENTED_EDGE('',*,*,#659,.T.);
#659 = EDGE_CURVE('',#651,#626,#660,.T.);
#660 = LINE('',#661,#662);
#661 = CARTESIAN_POINT('',(-17.5,13.,-4.5));
#662 = VECTOR('',#663,1.);
#663 = DIRECTION('',(0.,0.,1.));
#664 = ORIENTED_EDGE('',*,*,#633,.T.);
#665 = CYLINDRICAL_SURFACE('',#666,3.5);
#666 = AXIS2_PLACEMENT_3D('',#667,#668,#669);
#667 = CARTESIAN_POINT('',(-17.5,9.5,-4.5));
#668 = DIRECTION('',(0.,0.,1.));
#669 = DIRECTION('',(-1.,0.,0.));
#670 = ADVANCED_FACE('',(#671),#724,.F.);
#671 = FACE_BOUND('',#672,.F.);
#672 = EDGE_LOOP('',(#673,#674,#683,#691,#700,#708,#717,#723));
#673 = ORIENTED_EDGE('',*,*,#86,.F.);
#674 = ORIENTED_EDGE('',*,*,#675,.T.);
#675 = EDGE_CURVE('',#79,#676,#678,.T.);
#676 = VERTEX_POINT('',#677);
#677 = CARTESIAN_POINT('',(-17.5,-13.,-4.5));
#678 = CIRCLE('',#679,3.5);
#679 = AXIS2_PLACEMENT_3D('',#680,#681,#682);
#680 = CARTESIAN_POINT('',(-17.5,-9.5,-4.5));
#681 = DIRECTION('',(-0.,0.,1.));
#682 = DIRECTION('',(0.,-1.,0.));
#683 = ORIENTED_EDGE('',*,*,#684,.T.);
#684 = EDGE_CURVE('',#676,#685,#687,.T.);
#685 = VERTEX_POINT('',#686);
#686 = CARTESIAN_POINT('',(17.5,-13.,-4.5));
#687 = LINE('',#688,#689);
#688 = CARTESIAN_POINT('',(-21.,-13.,-4.5));
#689 = VECTOR('',#690,1.);
#690 = DIRECTION('',(1.,0.,0.));
#691 = ORIENTED_EDGE('',*,*,#692,.F.);
#692 = EDGE_CURVE('',#693,#685,#695,.T.);
#693 = VERTEX_POINT('',#694);
#694 = CARTESIAN_POINT('',(21.,-9.5,-4.5));
#695 = CIRCLE('',#696,3.5);
#696 = AXIS2_PLACEMENT_3D('',#697,#698,#699);
#697 = CARTESIAN_POINT('',(17.5,-9.5,-4.5));
#698 = DIRECTION('',(-0.,-0.,-1.));
#699 = DIRECTION('',(0.,-1.,0.));
#700 = ORIENTED_EDGE('',*,*,#701,.T.);
#701 = EDGE_CURVE('',#693,#702,#704,.T.);
#702 = VERTEX_POINT('',#703);
#703 = CARTESIAN_POINT('',(21.,9.5,-4.5));
#704 = LINE('',#705,#706);
#705 = CARTESIAN_POINT('',(21.,-13.,-4.5));
#706 = VECTOR('',#707,1.);
#707 = DIRECTION('',(0.,1.,0.));
#708 = ORIENTED_EDGE('',*,*,#709,.T.);
#709 = EDGE_CURVE('',#702,#710,#712,.T.);
#710 = VERTEX_POINT('',#711);
#711 = CARTESIAN_POINT('',(17.5,13.,-4.5));
#712 = CIRCLE('',#713,3.5);
#713 = AXIS2_PLACEMENT_3D('',#714,#715,#716);
#714 = CARTESIAN_POINT('',(17.5,9.5,-4.5));
#715 = DIRECTION('',(-0.,0.,1.));
#716 = DIRECTION('',(0.,-1.,0.));
#717 = ORIENTED_EDGE('',*,*,#718,.F.);
#718 = EDGE_CURVE('',#651,#710,#719,.T.);
#719 = LINE('',#720,#721);
#720 = CARTESIAN_POINT('',(-21.,13.,-4.5));
#721 = VECTOR('',#722,1.);
#722 = DIRECTION('',(1.,0.,0.));
#723 = ORIENTED_EDGE('',*,*,#650,.F.);
#724 = PLANE('',#725);
#725 = AXIS2_PLACEMENT_3D('',#726,#727,#728);
#726 = CARTESIAN_POINT('',(-21.,-13.,-4.5));
#727 = DIRECTION('',(0.,0.,1.));
#728 = DIRECTION('',(1.,0.,0.));
#729 = ADVANCED_FACE('',(#730),#749,.T.);
#730 = FACE_BOUND('',#731,.T.);
#731 = EDGE_LOOP('',(#732,#733,#734,#742));
#732 = ORIENTED_EDGE('',*,*,#78,.F.);
#733 = ORIENTED_EDGE('',*,*,#675,.T.);
#734 = ORIENTED_EDGE('',*,*,#735,.T.);
#735 = EDGE_CURVE('',#676,#736,#738,.T.);
#736 = VERTEX_POINT('',#737);
#737 = CARTESIAN_POINT('',(-17.5,-13.,-3.5));
#738 = LINE('',#739,#740);
#739 = CARTESIAN_POINT('',(-17.5,-13.,-4.5));
#740 = VECTOR('',#741,1.);
#741 = DIRECTION('',(0.,0.,1.));
#742 = ORIENTED_EDGE('',*,*,#743,.F.);
#743 = EDGE_CURVE('',#71,#736,#744,.T.);
#744 = CIRCLE('',#745,3.5);
#745 = AXIS2_PLACEMENT_3D('',#746,#747,#748);
#746 = CARTESIAN_POINT('',(-17.5,-9.5,-3.5));
#747 = DIRECTION('',(0.,0.,1.));
#748 = DIRECTION('',(-1.,0.,0.));
#749 = CYLINDRICAL_SURFACE('',#750,3.5);
#750 = AXIS2_PLACEMENT_3D('',#751,#752,#753);
#751 = CARTESIAN_POINT('',(-17.5,-9.5,-4.5));
#752 = DIRECTION('',(0.,0.,1.));
#753 = DIRECTION('',(-1.,0.,0.));
#754 = ADVANCED_FACE('',(#755),#773,.T.);
#755 = FACE_BOUND('',#756,.T.);
#756 = EDGE_LOOP('',(#757,#765,#766,#767));
#757 = ORIENTED_EDGE('',*,*,#758,.F.);
#758 = EDGE_CURVE('',#62,#759,#761,.T.);
#759 = VERTEX_POINT('',#760);
#760 = CARTESIAN_POINT('',(-17.2,-13.,-3.5));
#761 = LINE('',#762,#763);
#762 = CARTESIAN_POINT('',(-22.30710678118,-7.892893218813,-3.5));
#763 = VECTOR('',#764,1.);
#764 = DIRECTION('',(0.707106781187,-0.707106781187,0.));
#765 = ORIENTED_EDGE('',*,*,#70,.T.);
#766 = ORIENTED_EDGE('',*,*,#743,.T.);
#767 = ORIENTED_EDGE('',*,*,#768,.T.);
#768 = EDGE_CURVE('',#736,#759,#769,.T.);
#769 = LINE('',#770,#771);
#770 = CARTESIAN_POINT('',(-21.65355339059,-13.,-3.5));
#771 = VECTOR('',#772,1.);
#772 = DIRECTION('',(1.,0.,0.));
#773 = PLANE('',#774);
#774 = AXIS2_PLACEMENT_3D('',#775,#776,#777);
#775 = CARTESIAN_POINT('',(-22.30710678118,-7.892893218813,-3.5));
#776 = DIRECTION('',(0.,0.,1.));
#777 = DIRECTION('',(-0.707106781187,-0.707106781187,0.));
#778 = ADVANCED_FACE('',(#779,#798),#963,.F.);
#779 = FACE_BOUND('',#780,.T.);
#780 = EDGE_LOOP('',(#781,#782,#783,#792));
#781 = ORIENTED_EDGE('',*,*,#61,.F.);
#782 = ORIENTED_EDGE('',*,*,#758,.T.);
#783 = ORIENTED_EDGE('',*,*,#784,.F.);
#784 = EDGE_CURVE('',#785,#759,#787,.T.);
#785 = VERTEX_POINT('',#786);
#786 = CARTESIAN_POINT('',(-17.2,-13.,-1.5));
#787 = ELLIPSE('',#788,1.414213562373,1.);
#788 = AXIS2_PLACEMENT_3D('',#789,#790,#791);
#789 = CARTESIAN_POINT('',(-17.2,-13.,-2.5));
#790 = DIRECTION('',(0.,1.,0.));
#791 = DIRECTION('',(-1.,0.,-3.140184917368E-16));
#792 = ORIENTED_EDGE('',*,*,#793,.T.);
#793 = EDGE_CURVE('',#785,#54,#794,.T.);
#794 = LINE('',#795,#796);
#795 = CARTESIAN_POINT('',(-22.30710678118,-7.892893218813,-1.5));
#796 = VECTOR('',#797,1.);
#797 = DIRECTION('',(-0.707106781187,0.707106781187,-2.22044604925E-16)
  );
#798 = FACE_BOUND('',#799,.T.);
#799 = EDGE_LOOP('',(#800));
#800 = ORIENTED_EDGE('',*,*,#801,.F.);
#801 = EDGE_CURVE('',#802,#802,#804,.T.);
#802 = VERTEX_POINT('',#803);
#803 = CARTESIAN_POINT('',(-18.62132034356,-10.62132034356,
    -1.763975833943));
#804 = B_SPLINE_CURVE_WITH_KNOTS('',7,(#805,#806,#807,#808,#809,#810,
    #811,#812,#813,#814,#815,#816,#817,#818,#819,#820,#821,#822,#823,
    #824,#825,#826,#827,#828,#829,#830,#831,#832,#833,#834,#835,#836,
    #837,#838,#839,#840,#841,#842,#843,#844,#845,#846,#847,#848,#849,
    #850,#851,#852,#853,#854,#855,#856,#857,#858,#859,#860,#861,#862,
    #863,#864,#865,#866,#867,#868,#869,#870,#871,#872,#873,#874,#875,
    #876,#877,#878,#879,#880,#881,#882,#883,#884,#885,#886,#887,#888,
    #889,#890,#891,#892,#893,#894,#895,#896,#897,#898,#899,#900,#901,
    #902,#903,#904,#905,#906,#907,#908,#909,#910,#911,#912,#913,#914,
    #915,#916,#917,#918,#919,#920,#921,#922,#923,#924,#925,#926,#927,
    #928,#929,#930,#931,#932,#933,#934,#935,#936,#937,#938,#939,#940,
    #941,#942,#943,#944,#945,#946,#947,#948,#949,#950,#951,#952,#953,
    #954,#955,#956,#957,#958,#959,#960,#961,#962),.UNSPECIFIED.,.T.,.F.,
  (8,6,6,6,6,6,6,6,6,6,6,6,6,6,6,6,6,6,6,6,6,6,6,6,6,6,8),(0.,
    0.115912973213,0.15624880072,0.189769262288,0.208843562115,
    0.221132402948,0.250034962462,0.278601974666,0.290899607595,
    0.309998626042,0.343622369954,0.384253571739,0.414406167942,
    0.5000278991,0.561946629551,0.615799353905,0.656424959301,
    0.690044072005,0.709140459825,0.721436398924,0.749999476415,
    0.778898054999,0.791185203213,0.810256875818,0.843772720403,
    0.884102992205,1.),.UNSPECIFIED.);
#805 = CARTESIAN_POINT('',(-18.62132034356,-10.62132034356,
    -1.763975833943));
#806 = CARTESIAN_POINT('',(-18.7071522384,-10.53548844871,
    -1.763975833943));
#807 = CARTESIAN_POINT('',(-18.78892145339,-10.4456159446,
    -1.769245755765));
#808 = CARTESIAN_POINT('',(-18.86617058041,-10.35216316991,
    -1.779784511294));
#809 = CARTESIAN_POINT('',(-18.93845914733,-10.25573928795,
    -1.795998527108));
#810 = CARTESIAN_POINT('',(-19.00530700433,-10.15721076077,
    -1.81867876411));
#811 = CARTESIAN_POINT('',(-19.06619668563,-10.05793301378,
    -1.849033070651));
#812 = CARTESIAN_POINT('',(-19.1396118783,-9.926171552615,
    -1.902438377018));
#813 = CARTESIAN_POINT('',(-19.15778586389,-9.892342620716,
    -1.917346794102));
#814 = CARTESIAN_POINT('',(-19.1751468024,-9.858821780636,
    -1.933433537181));
#815 = CARTESIAN_POINT('',(-19.1916644833,-9.825744662297,
    -1.950755169724));
#816 = CARTESIAN_POINT('',(-19.20731341056,-9.7932601461,-1.969367464417
    ));
#817 = CARTESIAN_POINT('',(-19.22207292071,-9.761530617673,
    -1.989324605894));
#818 = CARTESIAN_POINT('',(-19.24744076802,-9.705137695826,
    -2.028424126219));
#819 = CARTESIAN_POINT('',(-19.25833015657,-9.680183949446,
    -2.047136003906));
#820 = CARTESIAN_POINT('',(-19.26857315474,-9.65600073537,-2.06682479017
    ));
#821 = CARTESIAN_POINT('',(-19.27815427547,-9.632719628676,
    -2.087494256773));
#822 = CARTESIAN_POINT('',(-19.28706339429,-9.610473080491,
    -2.109140632331));
#823 = CARTESIAN_POINT('',(-19.29529428709,-9.589393470845,
    -2.131752051056));
#824 = CARTESIAN_POINT('',(-19.30713874169,-9.558355913636,
    -2.168712150492));
#825 = CARTESIAN_POINT('',(-19.31121234547,-9.547522713584,
    -2.18241892879));
#826 = CARTESIAN_POINT('',(-19.31506222213,-9.53714028624,-2.19641989097
    ));
#827 = CARTESIAN_POINT('',(-19.31868704727,-9.527235121279,
    -2.210705233827));
#828 = CARTESIAN_POINT('',(-19.32208592914,-9.51783247318,-2.22526379636
    ));
#829 = CARTESIAN_POINT('',(-19.32525840868,-9.508956361226,
    -2.240083059778));
#830 = CARTESIAN_POINT('',(-19.33010248717,-9.49526493652,
    -2.264855650787));
#831 = CARTESIAN_POINT('',(-19.3319063621,-9.490128630591,
    -2.274663945129));
#832 = CARTESIAN_POINT('',(-19.33361596968,-9.485226948273,
    -2.284569852949));
#833 = CARTESIAN_POINT('',(-19.33523122223,-9.48056586089,
    -2.294568851083));
#834 = CARTESIAN_POINT('',(-19.33675205887,-9.476151014536,
    -2.304656070787));
#835 = CARTESIAN_POINT('',(-19.33817844561,-9.471987730072,
    -2.314826297728));
#836 = CARTESIAN_POINT('',(-19.34264298781,-9.458892633821,
    -2.349175839642));
#837 = CARTESIAN_POINT('',(-19.34525365541,-9.451121429546,
    -2.373711283691));
#838 = CARTESIAN_POINT('',(-19.34734130796,-9.444834866938,
    -2.398602036026));
#839 = CARTESIAN_POINT('',(-19.34890623408,-9.440084468565,
    -2.423765091687));
#840 = CARTESIAN_POINT('',(-19.34994927672,-9.436905290323,
    -2.449113329043));
#841 = CARTESIAN_POINT('',(-19.35047102879,-9.435315408831,
    -2.474556129966));
#842 = CARTESIAN_POINT('',(-19.35047102879,-9.435315408831,
    -2.525148476743));
#843 = CARTESIAN_POINT('',(-19.34996132513,-9.436868585307,
    -2.550295949639));
#844 = CARTESIAN_POINT('',(-19.34894234896,-9.439974392613,
    -2.575352148322));
#845 = CARTESIAN_POINT('',(-19.34741354107,-9.444615579166,
    -2.600229521502));
#846 = CARTESIAN_POINT('',(-19.34537410333,-9.450758665795,
    -2.624843821976));
#847 = CARTESIAN_POINT('',(-19.34282375011,-9.458354424087,
    -2.64911469164));
#848 = CARTESIAN_POINT('',(-19.33844605468,-9.471205790389,
    -2.683233951939));
#849 = CARTESIAN_POINT('',(-19.33703405441,-9.475330825567,
    -2.693424857722));
#850 = CARTESIAN_POINT('',(-19.33552746409,-9.479708498071,
    -2.703533357123));
#851 = CARTESIAN_POINT('',(-19.33392631538,-9.484333515235,
    -2.713554188408));
#852 = CARTESIAN_POINT('',(-19.33223066644,-9.489200253927,
    -2.723482434832));
#853 = CARTESIAN_POINT('',(-19.33044060197,-9.49430276055,
    -2.733313524641));
#854 = CARTESIAN_POINT('',(-19.3256296868,-9.507915676747,
    -2.758154093769));
#855 = CARTESIAN_POINT('',(-19.3224760815,-9.516749357713,
    -2.773018828688));
#856 = CARTESIAN_POINT('',(-19.31909543315,-9.526113007366,
    -2.787623351542));
#857 = CARTESIAN_POINT('',(-19.31548818991,-9.535982578578,
    -2.801954946092));
#858 = CARTESIAN_POINT('',(-19.31165523227,-9.54633276366,
    -2.816002264153));
#859 = CARTESIAN_POINT('',(-19.30759787302,-9.557136994363,
    -2.829755325591));
#860 = CARTESIAN_POINT('',(-19.29578290714,-9.588138598822,
    -2.866884527652));
#861 = CARTESIAN_POINT('',(-19.28756141312,-9.609222432528,
    -2.889614740199));
#862 = CARTESIAN_POINT('',(-19.27865713424,-9.631486328831,
    -2.911374843878));
#863 = CARTESIAN_POINT('',(-19.26907627605,-9.654796537689,
    -2.932152341535));
#864 = CARTESIAN_POINT('',(-19.25882899064,-9.679019144662,
    -2.951942991789));
#865 = CARTESIAN_POINT('',(-19.24793087661,-9.704021042388,
    -2.970750249877));
#866 = CARTESIAN_POINT('',(-19.22247588766,-9.760666398184,
    -3.010136011305));
#867 = CARTESIAN_POINT('',(-19.20762840539,-9.792611299973,
    -3.030269048938));
#868 = CARTESIAN_POINT('',(-19.19187800716,-9.82532524885,
    -3.049036641188));
#869 = CARTESIAN_POINT('',(-19.17524576835,-9.858642048153,
    -3.066494094488));
#870 = CARTESIAN_POINT('',(-19.1577577465,-9.892409400349,
    -3.082698372712));
#871 = CARTESIAN_POINT('',(-19.13944486314,-9.926488644238,
    -3.097707267968));
#872 = CARTESIAN_POINT('',(-19.10616704845,-9.98618333086,
    -3.121872527594));
#873 = CARTESIAN_POINT('',(-19.09155233168,-10.01172239998,
    -3.131543015661));
#874 = CARTESIAN_POINT('',(-19.07650776075,-10.03733005394,
    -3.140616598726));
#875 = CARTESIAN_POINT('',(-19.06104271333,-10.06296818863,
    -3.149118344597));
#876 = CARTESIAN_POINT('',(-19.04516681923,-10.08860224144,
    -3.157071825767));
#877 = CARTESIAN_POINT('',(-19.02888996043,-10.11420119128,
    -3.164499119412));
#878 = CARTESIAN_POINT('',(-18.96489246858,-10.21225098191,
    -3.191075728766));
#879 = CARTESIAN_POINT('',(-18.9144128615,-10.28425518035,
    -3.206652651448));
#880 = CARTESIAN_POINT('',(-18.8609721579,-10.35517367934,
    -3.218638391513));
#881 = CARTESIAN_POINT('',(-18.8047614608,-10.42460421283,
    -3.227390606039));
#882 = CARTESIAN_POINT('',(-18.74596163743,-10.49225374119,
    -3.233146137677));
#883 = CARTESIAN_POINT('',(-18.68474914941,-10.5578915377,
    -3.236024166057));
#884 = CARTESIAN_POINT('',(-18.57545078358,-10.66718990353,
    -3.236024166057));
#885 = CARTESIAN_POINT('',(-18.52842503818,-10.71190095166,
    -3.234519121462));
#886 = CARTESIAN_POINT('',(-18.48031931261,-10.75537900068,
    -3.231508860663));
#887 = CARTESIAN_POINT('',(-18.43121710811,-10.79755382315,
    -3.226961254639));
#888 = CARTESIAN_POINT('',(-18.38121716927,-10.8383573171,-3.22081161343
    ));
#889 = CARTESIAN_POINT('',(-18.33044143139,-10.87772137158,
    -3.212962082623));
#890 = CARTESIAN_POINT('',(-18.23434006027,-10.94849889522,
    -3.194861123508));
#891 = CARTESIAN_POINT('',(-18.18916055086,-10.9802844214,
    -3.185054822675));
#892 = CARTESIAN_POINT('',(-18.14360886037,-11.01088340953,
    -3.173774829932));
#893 = CARTESIAN_POINT('',(-18.09781545924,-11.04024212445,
    -3.160917045708));
#894 = CARTESIAN_POINT('',(-18.05194039381,-11.06830561688,
    -3.146360316618));
#895 = CARTESIAN_POINT('',(-18.00617681253,-11.09502134326,
    -3.129966173825));
#896 = CARTESIAN_POINT('',(-17.92648864423,-11.13944486314,
    -3.097707267968));
#897 = CARTESIAN_POINT('',(-17.89240940034,-11.1577577465,
    -3.082698372712));
#898 = CARTESIAN_POINT('',(-17.85864204815,-11.17524576835,
    -3.066494094488));
#899 = CARTESIAN_POINT('',(-17.82532524885,-11.19187800716,
    -3.049036641188));
#900 = CARTESIAN_POINT('',(-17.79261129997,-11.20762840539,
    -3.030269048938));
#901 = CARTESIAN_POINT('',(-17.76066639818,-11.22247588766,
    -3.010136011305));
#902 = CARTESIAN_POINT('',(-17.70402104238,-11.24793087661,
    -2.970750249877));
#903 = CARTESIAN_POINT('',(-17.67901914466,-11.25882899064,
    -2.951942991789));
#904 = CARTESIAN_POINT('',(-17.65479653768,-11.26907627605,
    -2.932152341535));
#905 = CARTESIAN_POINT('',(-17.63148632883,-11.27865713424,
    -2.911374843878));
#906 = CARTESIAN_POINT('',(-17.60922243252,-11.28756141312,
    -2.889614740199));
#907 = CARTESIAN_POINT('',(-17.58813859882,-11.29578290714,
    -2.866884527652));
#908 = CARTESIAN_POINT('',(-17.55713699436,-11.30759787302,
    -2.829755325591));
#909 = CARTESIAN_POINT('',(-17.54633276366,-11.31165523227,
    -2.816002264153));
#910 = CARTESIAN_POINT('',(-17.53598257857,-11.31548818991,
    -2.801954946092));
#911 = CARTESIAN_POINT('',(-17.52611300736,-11.31909543315,
    -2.787623351542));
#912 = CARTESIAN_POINT('',(-17.51674935771,-11.3224760815,
    -2.773018828688));
#913 = CARTESIAN_POINT('',(-17.50791567674,-11.3256296868,
    -2.758154093769));
#914 = CARTESIAN_POINT('',(-17.49430276055,-11.33044060197,
    -2.733313524641));
#915 = CARTESIAN_POINT('',(-17.48920025392,-11.33223066644,
    -2.723482434832));
#916 = CARTESIAN_POINT('',(-17.48433351523,-11.33392631538,
    -2.713554188408));
#917 = CARTESIAN_POINT('',(-17.47970849807,-11.33552746409,
    -2.703533357123));
#918 = CARTESIAN_POINT('',(-17.47533082556,-11.33703405441,
    -2.693424857722));
#919 = CARTESIAN_POINT('',(-17.47120579038,-11.33844605468,
    -2.683233951939));
#920 = CARTESIAN_POINT('',(-17.45835442408,-11.34282375011,
    -2.64911469164));
#921 = CARTESIAN_POINT('',(-17.45075866579,-11.34537410333,
    -2.624843821976));
#922 = CARTESIAN_POINT('',(-17.44461557916,-11.34741354107,
    -2.600229521502));
#923 = CARTESIAN_POINT('',(-17.43997439261,-11.34894234896,
    -2.575352148322));
#924 = CARTESIAN_POINT('',(-17.4368685853,-11.34996132513,
    -2.550295949639));
#925 = CARTESIAN_POINT('',(-17.43531540883,-11.35047102879,
    -2.525148476743));
#926 = CARTESIAN_POINT('',(-17.43531540883,-11.35047102879,
    -2.474556129966));
#927 = CARTESIAN_POINT('',(-17.43690529032,-11.34994927672,
    -2.449113329043));
#928 = CARTESIAN_POINT('',(-17.44008446856,-11.34890623408,
    -2.423765091687));
#929 = CARTESIAN_POINT('',(-17.44483486693,-11.34734130796,
    -2.398602036026));
#930 = CARTESIAN_POINT('',(-17.45112142954,-11.34525365541,
    -2.373711283691));
#931 = CARTESIAN_POINT('',(-17.45889263382,-11.34264298781,
    -2.349175839642));
#932 = CARTESIAN_POINT('',(-17.47198773007,-11.33817844561,
    -2.314826297728));
#933 = CARTESIAN_POINT('',(-17.47615101453,-11.33675205887,
    -2.304656070787));
#934 = CARTESIAN_POINT('',(-17.48056586089,-11.33523122223,
    -2.294568851083));
#935 = CARTESIAN_POINT('',(-17.48522694827,-11.33361596968,
    -2.284569852949));
#936 = CARTESIAN_POINT('',(-17.49012863059,-11.3319063621,
    -2.274663945129));
#937 = CARTESIAN_POINT('',(-17.49526493652,-11.33010248717,
    -2.264855650787));
#938 = CARTESIAN_POINT('',(-17.50895636122,-11.32525840868,
    -2.240083059778));
#939 = CARTESIAN_POINT('',(-17.51783247318,-11.32208592914,
    -2.22526379636));
#940 = CARTESIAN_POINT('',(-17.52723512127,-11.31868704727,
    -2.210705233827));
#941 = CARTESIAN_POINT('',(-17.53714028624,-11.31506222213,
    -2.19641989097));
#942 = CARTESIAN_POINT('',(-17.54752271358,-11.31121234547,
    -2.18241892879));
#943 = CARTESIAN_POINT('',(-17.55835591363,-11.30713874169,
    -2.168712150492));
#944 = CARTESIAN_POINT('',(-17.58939347084,-11.29529428709,
    -2.131752051056));
#945 = CARTESIAN_POINT('',(-17.61047308049,-11.28706339429,
    -2.109140632331));
#946 = CARTESIAN_POINT('',(-17.63271962867,-11.27815427547,
    -2.087494256773));
#947 = CARTESIAN_POINT('',(-17.65600073537,-11.26857315474,
    -2.06682479017));
#948 = CARTESIAN_POINT('',(-17.68018394944,-11.25833015657,
    -2.047136003906));
#949 = CARTESIAN_POINT('',(-17.70513769582,-11.24744076802,
    -2.028424126219));
#950 = CARTESIAN_POINT('',(-17.76153061767,-11.22207292071,
    -1.989324605894));
#951 = CARTESIAN_POINT('',(-17.7932601461,-11.20731341056,
    -1.969367464417));
#952 = CARTESIAN_POINT('',(-17.82574466229,-11.1916644833,
    -1.950755169724));
#953 = CARTESIAN_POINT('',(-17.85882178063,-11.1751468024,
    -1.933433537181));
#954 = CARTESIAN_POINT('',(-17.89234262071,-11.15778586389,
    -1.917346794102));
#955 = CARTESIAN_POINT('',(-17.92617155261,-11.1396118783,
    -1.902438377018));
#956 = CARTESIAN_POINT('',(-18.05793301378,-11.06619668563,
    -1.849033070651));
#957 = CARTESIAN_POINT('',(-18.15721076077,-11.00530700433,
    -1.818678764111));
#958 = CARTESIAN_POINT('',(-18.25573928796,-10.93845914733,
    -1.795998527107));
#959 = CARTESIAN_POINT('',(-18.35216316991,-10.86617058041,
    -1.779784511294));
#960 = CARTESIAN_POINT('',(-18.44561594461,-10.78892145339,
    -1.769245755765));
#961 = CARTESIAN_POINT('',(-18.53548844871,-10.7071522384,
    -1.763975833943));
#962 = CARTESIAN_POINT('',(-18.62132034356,-10.62132034356,
    -1.763975833943));
#963 = CYLINDRICAL_SURFACE('',#964,1.);
#964 = AXIS2_PLACEMENT_3D('',#965,#966,#967);
#965 = CARTESIAN_POINT('',(-22.30710678118,-7.892893218813,-2.5));
#966 = DIRECTION('',(-0.707106781187,0.707106781187,-2.22044604925E-16)
  );
#967 = DIRECTION('',(-0.707106781187,-0.707106781187,0.));
#968 = ADVANCED_FACE('',(#969),#1012,.T.);
#969 = FACE_BOUND('',#970,.T.);
#970 = EDGE_LOOP('',(#971,#972,#973,#981,#989,#997,#1005,#1011));
#971 = ORIENTED_EDGE('',*,*,#53,.T.);
#972 = ORIENTED_EDGE('',*,*,#793,.F.);
#973 = ORIENTED_EDGE('',*,*,#974,.T.);
#974 = EDGE_CURVE('',#785,#975,#977,.T.);
#975 = VERTEX_POINT('',#976);
#976 = CARTESIAN_POINT('',(-17.2,-13.,1.));
#977 = LINE('',#978,#979);
#978 = CARTESIAN_POINT('',(-17.2,-13.,-4.));
#979 = VECTOR('',#980,1.);
#980 = DIRECTION('',(0.,-0.,1.));
#981 = ORIENTED_EDGE('',*,*,#982,.F.);
#982 = EDGE_CURVE('',#983,#975,#985,.T.);
#983 = VERTEX_POINT('',#984);
#984 = CARTESIAN_POINT('',(-18.8,-11.4,1.));
#985 = LINE('',#986,#987);
#986 = CARTESIAN_POINT('',(-17.29952057377,-12.90047942623,1.));
#987 = VECTOR('',#988,1.);
#988 = DIRECTION('',(0.707106781187,-0.707106781187,0.));
#989 = ORIENTED_EDGE('',*,*,#990,.F.);
#990 = EDGE_CURVE('',#991,#983,#993,.T.);
#991 = VERTEX_POINT('',#992);
#992 = CARTESIAN_POINT('',(-18.8,-11.4,0.));
#993 = LINE('',#994,#995);
#994 = CARTESIAN_POINT('',(-18.8,-11.4,0.));
#995 = VECTOR('',#996,1.);
#996 = DIRECTION('',(0.,0.,1.));
#997 = ORIENTED_EDGE('',*,*,#998,.F.);
#998 = EDGE_CURVE('',#999,#991,#1001,.T.);
#999 = VERTEX_POINT('',#1000);
#1000 = CARTESIAN_POINT('',(-19.4,-10.8,0.));
#1001 = LINE('',#1002,#1003);
#1002 = CARTESIAN_POINT('',(-20.70355339059,-9.496446609407,
    4.440892098501E-16));
#1003 = VECTOR('',#1004,1.);
#1004 = DIRECTION('',(0.707106781187,-0.707106781187,0.));
#1005 = ORIENTED_EDGE('',*,*,#1006,.T.);
#1006 = EDGE_CURVE('',#999,#235,#1007,.T.);
#1007 = LINE('',#1008,#1009);
#1008 = CARTESIAN_POINT('',(-19.4,-10.8,0.));
#1009 = VECTOR('',#1010,1.);
#1010 = DIRECTION('',(0.,0.,1.));
#1011 = ORIENTED_EDGE('',*,*,#234,.F.);
#1012 = PLANE('',#1013);
#1013 = AXIS2_PLACEMENT_3D('',#1014,#1015,#1016);
#1014 = CARTESIAN_POINT('',(-22.30710678118,-7.892893218813,-3.5));
#1015 = DIRECTION('',(-0.707106781187,-0.707106781187,0.));
#1016 = DIRECTION('',(0.,0.,1.));
#1017 = ADVANCED_FACE('',(#1018),#1043,.F.);
#1018 = FACE_BOUND('',#1019,.F.);
#1019 = EDGE_LOOP('',(#1020,#1028,#1036,#1042));
#1020 = ORIENTED_EDGE('',*,*,#1021,.F.);
#1021 = EDGE_CURVE('',#1022,#162,#1024,.T.);
#1022 = VERTEX_POINT('',#1023);
#1023 = CARTESIAN_POINT('',(-20.,-2.9,-0.5));
#1024 = LINE('',#1025,#1026);
#1025 = CARTESIAN_POINT('',(-11.,-2.9,-0.5));
#1026 = VECTOR('',#1027,1.);
#1027 = DIRECTION('',(-1.,0.,0.));
#1028 = ORIENTED_EDGE('',*,*,#1029,.F.);
#1029 = EDGE_CURVE('',#1030,#1022,#1032,.T.);
#1030 = VERTEX_POINT('',#1031);
#1031 = CARTESIAN_POINT('',(-20.,2.9,-0.5));
#1032 = LINE('',#1033,#1034);
#1033 = CARTESIAN_POINT('',(-20.,3.7,-0.5));
#1034 = VECTOR('',#1035,1.);
#1035 = DIRECTION('',(0.,-1.,0.));
#1036 = ORIENTED_EDGE('',*,*,#1037,.T.);
#1037 = EDGE_CURVE('',#1030,#160,#1038,.T.);
#1038 = LINE('',#1039,#1040);
#1039 = CARTESIAN_POINT('',(-11.,2.9,-0.5));
#1040 = VECTOR('',#1041,1.);
#1041 = DIRECTION('',(-1.,0.,0.));
#1042 = ORIENTED_EDGE('',*,*,#159,.T.);
#1043 = PLANE('',#1044);
#1044 = AXIS2_PLACEMENT_3D('',#1045,#1046,#1047);
#1045 = CARTESIAN_POINT('',(-11.,2.9,-0.5));
#1046 = DIRECTION('',(0.,0.,1.));
#1047 = DIRECTION('',(-1.,0.,0.));
#1048 = ADVANCED_FACE('',(#1049),#1067,.T.);
#1049 = FACE_BOUND('',#1050,.T.);
#1050 = EDGE_LOOP('',(#1051,#1052,#1060,#1066));
#1051 = ORIENTED_EDGE('',*,*,#169,.T.);
#1052 = ORIENTED_EDGE('',*,*,#1053,.T.);
#1053 = EDGE_CURVE('',#170,#1054,#1056,.T.);
#1054 = VERTEX_POINT('',#1055);
#1055 = CARTESIAN_POINT('',(-20.,2.9,-0.504006420562));
#1056 = LINE('',#1057,#1058);
#1057 = CARTESIAN_POINT('',(-11.,2.9,-0.504006420562));
#1058 = VECTOR('',#1059,1.);
#1059 = DIRECTION('',(1.,0.,-2.2E-16));
#1060 = ORIENTED_EDGE('',*,*,#1061,.F.);
#1061 = EDGE_CURVE('',#1030,#1054,#1062,.T.);
#1062 = LINE('',#1063,#1064);
#1063 = CARTESIAN_POINT('',(-20.,2.9,-3.25));
#1064 = VECTOR('',#1065,1.);
#1065 = DIRECTION('',(0.,0.,-1.));
#1066 = ORIENTED_EDGE('',*,*,#1037,.T.);
#1067 = PLANE('',#1068);
#1068 = AXIS2_PLACEMENT_3D('',#1069,#1070,#1071);
#1069 = CARTESIAN_POINT('',(-11.,2.9,-3.));
#1070 = DIRECTION('',(0.,-1.,0.));
#1071 = DIRECTION('',(0.,0.,1.));
#1072 = ADVANCED_FACE('',(#1073),#1091,.F.);
#1073 = FACE_BOUND('',#1074,.F.);
#1074 = EDGE_LOOP('',(#1075,#1076,#1084,#1090));
#1075 = ORIENTED_EDGE('',*,*,#219,.T.);
#1076 = ORIENTED_EDGE('',*,*,#1077,.T.);
#1077 = EDGE_CURVE('',#211,#1078,#1080,.T.);
#1078 = VERTEX_POINT('',#1079);
#1079 = CARTESIAN_POINT('',(-20.,-2.9,-0.504006420562));
#1080 = LINE('',#1081,#1082);
#1081 = CARTESIAN_POINT('',(-11.,-2.9,-0.504006420562));
#1082 = VECTOR('',#1083,1.);
#1083 = DIRECTION('',(1.,0.,-2.2E-16));
#1084 = ORIENTED_EDGE('',*,*,#1085,.F.);
#1085 = EDGE_CURVE('',#1022,#1078,#1086,.T.);
#1086 = LINE('',#1087,#1088);
#1087 = CARTESIAN_POINT('',(-20.,-2.9,-3.25));
#1088 = VECTOR('',#1089,1.);
#1089 = DIRECTION('',(0.,0.,-1.));
#1090 = ORIENTED_EDGE('',*,*,#1021,.T.);
#1091 = PLANE('',#1092);
#1092 = AXIS2_PLACEMENT_3D('',#1093,#1094,#1095);
#1093 = CARTESIAN_POINT('',(-11.,-2.9,-3.));
#1094 = DIRECTION('',(0.,-1.,0.));
#1095 = DIRECTION('',(0.,0.,1.));
#1096 = ADVANCED_FACE('',(#1097),#1125,.F.);
#1097 = FACE_BOUND('',#1098,.T.);
#1098 = EDGE_LOOP('',(#1099,#1100,#1108,#1117,#1124));
#1099 = ORIENTED_EDGE('',*,*,#177,.F.);
#1100 = ORIENTED_EDGE('',*,*,#1101,.T.);
#1101 = EDGE_CURVE('',#178,#1102,#1104,.T.);
#1102 = VERTEX_POINT('',#1103);
#1103 = CARTESIAN_POINT('',(-20.,2.9,-2.995993579438));
#1104 = LINE('',#1105,#1106);
#1105 = CARTESIAN_POINT('',(-11.,2.9,-2.995993579438));
#1106 = VECTOR('',#1107,1.);
#1107 = DIRECTION('',(1.,0.,-2.2E-16));
#1108 = ORIENTED_EDGE('',*,*,#1109,.T.);
#1109 = EDGE_CURVE('',#1102,#1110,#1112,.T.);
#1110 = VERTEX_POINT('',#1111);
#1111 = CARTESIAN_POINT('',(-20.,3.,-3.));
#1112 = CIRCLE('',#1113,1.25);
#1113 = AXIS2_PLACEMENT_3D('',#1114,#1115,#1116);
#1114 = CARTESIAN_POINT('',(-20.,3.,-1.75));
#1115 = DIRECTION('',(1.,0.,-2.2E-16));
#1116 = DIRECTION('',(-2.2E-16,0.,-1.));
#1117 = ORIENTED_EDGE('',*,*,#1118,.T.);
#1118 = EDGE_CURVE('',#1110,#1054,#1119,.T.);
#1119 = CIRCLE('',#1120,1.25);
#1120 = AXIS2_PLACEMENT_3D('',#1121,#1122,#1123);
#1121 = CARTESIAN_POINT('',(-20.,3.,-1.75));
#1122 = DIRECTION('',(1.,0.,-2.2E-16));
#1123 = DIRECTION('',(-2.2E-16,0.,-1.));
#1124 = ORIENTED_EDGE('',*,*,#1053,.F.);
#1125 = CYLINDRICAL_SURFACE('',#1126,1.25);
#1126 = AXIS2_PLACEMENT_3D('',#1127,#1128,#1129);
#1127 = CARTESIAN_POINT('',(-11.,3.,-1.75));
#1128 = DIRECTION('',(1.,0.,-2.2E-16));
#1129 = DIRECTION('',(-2.2E-16,0.,-1.));
#1130 = ADVANCED_FACE('',(#1131),#1159,.F.);
#1131 = FACE_BOUND('',#1132,.T.);
#1132 = EDGE_LOOP('',(#1133,#1134,#1135,#1144,#1153));
#1133 = ORIENTED_EDGE('',*,*,#210,.F.);
#1134 = ORIENTED_EDGE('',*,*,#1077,.T.);
#1135 = ORIENTED_EDGE('',*,*,#1136,.T.);
#1136 = EDGE_CURVE('',#1078,#1137,#1139,.T.);
#1137 = VERTEX_POINT('',#1138);
#1138 = CARTESIAN_POINT('',(-20.,-3.,-3.));
#1139 = CIRCLE('',#1140,1.25);
#1140 = AXIS2_PLACEMENT_3D('',#1141,#1142,#1143);
#1141 = CARTESIAN_POINT('',(-20.,-3.,-1.75));
#1142 = DIRECTION('',(1.,0.,-2.2E-16));
#1143 = DIRECTION('',(-2.2E-16,0.,-1.));
#1144 = ORIENTED_EDGE('',*,*,#1145,.T.);
#1145 = EDGE_CURVE('',#1137,#1146,#1148,.T.);
#1146 = VERTEX_POINT('',#1147);
#1147 = CARTESIAN_POINT('',(-20.,-2.9,-2.995993579438));
#1148 = CIRCLE('',#1149,1.25);
#1149 = AXIS2_PLACEMENT_3D('',#1150,#1151,#1152);
#1150 = CARTESIAN_POINT('',(-20.,-3.,-1.75));
#1151 = DIRECTION('',(1.,0.,-2.2E-16));
#1152 = DIRECTION('',(-2.2E-16,0.,-1.));
#1153 = ORIENTED_EDGE('',*,*,#1154,.F.);
#1154 = EDGE_CURVE('',#203,#1146,#1155,.T.);
#1155 = LINE('',#1156,#1157);
#1156 = CARTESIAN_POINT('',(-11.,-2.9,-2.995993579438));
#1157 = VECTOR('',#1158,1.);
#1158 = DIRECTION('',(1.,0.,-2.2E-16));
#1159 = CYLINDRICAL_SURFACE('',#1160,1.25);
#1160 = AXIS2_PLACEMENT_3D('',#1161,#1162,#1163);
#1161 = CARTESIAN_POINT('',(-11.,-3.,-1.75));
#1162 = DIRECTION('',(1.,0.,-2.2E-16));
#1163 = DIRECTION('',(-2.2E-16,0.,-1.));
#1164 = ADVANCED_FACE('',(#1165),#1183,.T.);
#1165 = FACE_BOUND('',#1166,.T.);
#1166 = EDGE_LOOP('',(#1167,#1175,#1181,#1182));
#1167 = ORIENTED_EDGE('',*,*,#1168,.F.);
#1168 = EDGE_CURVE('',#1169,#187,#1171,.T.);
#1169 = VERTEX_POINT('',#1170);
#1170 = CARTESIAN_POINT('',(-20.,2.9,-3.));
#1171 = LINE('',#1172,#1173);
#1172 = CARTESIAN_POINT('',(-11.,2.9,-3.));
#1173 = VECTOR('',#1174,1.);
#1174 = DIRECTION('',(-1.,0.,0.));
#1175 = ORIENTED_EDGE('',*,*,#1176,.F.);
#1176 = EDGE_CURVE('',#1102,#1169,#1177,.T.);
#1177 = LINE('',#1178,#1179);
#1178 = CARTESIAN_POINT('',(-20.,2.9,-3.25));
#1179 = VECTOR('',#1180,1.);
#1180 = DIRECTION('',(0.,0.,-1.));
#1181 = ORIENTED_EDGE('',*,*,#1101,.F.);
#1182 = ORIENTED_EDGE('',*,*,#186,.T.);
#1183 = PLANE('',#1184);
#1184 = AXIS2_PLACEMENT_3D('',#1185,#1186,#1187);
#1185 = CARTESIAN_POINT('',(-11.,2.9,-3.));
#1186 = DIRECTION('',(0.,-1.,0.));
#1187 = DIRECTION('',(0.,0.,1.));
#1188 = ADVANCED_FACE('',(#1189),#1207,.F.);
#1189 = FACE_BOUND('',#1190,.F.);
#1190 = EDGE_LOOP('',(#1191,#1199,#1205,#1206));
#1191 = ORIENTED_EDGE('',*,*,#1192,.F.);
#1192 = EDGE_CURVE('',#1193,#195,#1195,.T.);
#1193 = VERTEX_POINT('',#1194);
#1194 = CARTESIAN_POINT('',(-20.,-2.9,-3.));
#1195 = LINE('',#1196,#1197);
#1196 = CARTESIAN_POINT('',(-11.,-2.9,-3.));
#1197 = VECTOR('',#1198,1.);
#1198 = DIRECTION('',(-1.,0.,0.));
#1199 = ORIENTED_EDGE('',*,*,#1200,.F.);
#1200 = EDGE_CURVE('',#1146,#1193,#1201,.T.);
#1201 = LINE('',#1202,#1203);
#1202 = CARTESIAN_POINT('',(-20.,-2.9,-3.25));
#1203 = VECTOR('',#1204,1.);
#1204 = DIRECTION('',(0.,0.,-1.));
#1205 = ORIENTED_EDGE('',*,*,#1154,.F.);
#1206 = ORIENTED_EDGE('',*,*,#202,.T.);
#1207 = PLANE('',#1208);
#1208 = AXIS2_PLACEMENT_3D('',#1209,#1210,#1211);
#1209 = CARTESIAN_POINT('',(-11.,-2.9,-3.));
#1210 = DIRECTION('',(0.,-1.,0.));
#1211 = DIRECTION('',(0.,0.,1.));
#1212 = ADVANCED_FACE('',(#1213),#1224,.T.);
#1213 = FACE_BOUND('',#1214,.T.);
#1214 = EDGE_LOOP('',(#1215,#1216,#1222,#1223));
#1215 = ORIENTED_EDGE('',*,*,#1192,.F.);
#1216 = ORIENTED_EDGE('',*,*,#1217,.F.);
#1217 = EDGE_CURVE('',#1169,#1193,#1218,.T.);
#1218 = LINE('',#1219,#1220);
#1219 = CARTESIAN_POINT('',(-20.,3.7,-3.));
#1220 = VECTOR('',#1221,1.);
#1221 = DIRECTION('',(0.,-1.,0.));
#1222 = ORIENTED_EDGE('',*,*,#1168,.T.);
#1223 = ORIENTED_EDGE('',*,*,#194,.T.);
#1224 = PLANE('',#1225);
#1225 = AXIS2_PLACEMENT_3D('',#1226,#1227,#1228);
#1226 = CARTESIAN_POINT('',(-11.,2.9,-3.));
#1227 = DIRECTION('',(0.,0.,1.));
#1228 = DIRECTION('',(-1.,0.,0.));
#1229 = ADVANCED_FACE('',(#1230,#1291),#1303,.T.);
#1230 = FACE_BOUND('',#1231,.T.);
#1231 = EDGE_LOOP('',(#1232,#1233,#1241,#1249,#1257,#1265,#1273,#1281,
    #1287,#1288,#1289,#1290));
#1232 = ORIENTED_EDGE('',*,*,#251,.F.);
#1233 = ORIENTED_EDGE('',*,*,#1234,.F.);
#1234 = EDGE_CURVE('',#1235,#243,#1237,.T.);
#1235 = VERTEX_POINT('',#1236);
#1236 = CARTESIAN_POINT('',(-20.,-9.,0.));
#1237 = LINE('',#1238,#1239);
#1238 = CARTESIAN_POINT('',(-20.,-9.,0.));
#1239 = VECTOR('',#1240,1.);
#1240 = DIRECTION('',(0.,0.,1.));
#1241 = ORIENTED_EDGE('',*,*,#1242,.T.);
#1242 = EDGE_CURVE('',#1235,#1243,#1245,.T.);
#1243 = VERTEX_POINT('',#1244);
#1244 = CARTESIAN_POINT('',(-20.,-4.5,0.));
#1245 = LINE('',#1246,#1247);
#1246 = CARTESIAN_POINT('',(-20.,-12.,0.));
#1247 = VECTOR('',#1248,1.);
#1248 = DIRECTION('',(0.,1.,0.));
#1249 = ORIENTED_EDGE('',*,*,#1250,.F.);
#1250 = EDGE_CURVE('',#1251,#1243,#1253,.T.);
#1251 = VERTEX_POINT('',#1252);
#1252 = CARTESIAN_POINT('',(-20.,-4.5,-3.5));
#1253 = LINE('',#1254,#1255);
#1254 = CARTESIAN_POINT('',(-20.,-4.5,-3.5));
#1255 = VECTOR('',#1256,1.);
#1256 = DIRECTION('',(0.,0.,1.));
#1257 = ORIENTED_EDGE('',*,*,#1258,.F.);
#1258 = EDGE_CURVE('',#1259,#1251,#1261,.T.);
#1259 = VERTEX_POINT('',#1260);
#1260 = CARTESIAN_POINT('',(-20.,4.5,-3.5));
#1261 = LINE('',#1262,#1263);
#1262 = CARTESIAN_POINT('',(-20.,4.5,-3.5));
#1263 = VECTOR('',#1264,1.);
#1264 = DIRECTION('',(0.,-1.,0.));
#1265 = ORIENTED_EDGE('',*,*,#1266,.T.);
#1266 = EDGE_CURVE('',#1259,#1267,#1269,.T.);
#1267 = VERTEX_POINT('',#1268);
#1268 = CARTESIAN_POINT('',(-20.,4.5,0.));
#1269 = LINE('',#1270,#1271);
#1270 = CARTESIAN_POINT('',(-20.,4.5,-3.5));
#1271 = VECTOR('',#1272,1.);
#1272 = DIRECTION('',(0.,0.,1.));
#1273 = ORIENTED_EDGE('',*,*,#1274,.T.);
#1274 = EDGE_CURVE('',#1267,#1275,#1277,.T.);
#1275 = VERTEX_POINT('',#1276);
#1276 = CARTESIAN_POINT('',(-20.,9.,0.));
#1277 = LINE('',#1278,#1279);
#1278 = CARTESIAN_POINT('',(-20.,-12.,0.));
#1279 = VECTOR('',#1280,1.);
#1280 = DIRECTION('',(0.,1.,0.));
#1281 = ORIENTED_EDGE('',*,*,#1282,.T.);
#1282 = EDGE_CURVE('',#1275,#348,#1283,.T.);
#1283 = LINE('',#1284,#1285);
#1284 = CARTESIAN_POINT('',(-20.,9.,0.));
#1285 = VECTOR('',#1286,1.);
#1286 = DIRECTION('',(0.,0.,1.));
#1287 = ORIENTED_EDGE('',*,*,#347,.F.);
#1288 = ORIENTED_EDGE('',*,*,#321,.F.);
#1289 = ORIENTED_EDGE('',*,*,#298,.T.);
#1290 = ORIENTED_EDGE('',*,*,#273,.T.);
#1291 = FACE_BOUND('',#1292,.T.);
#1292 = EDGE_LOOP('',(#1293,#1294,#1295,#1296,#1297,#1298,#1299,#1300,
    #1301,#1302));
#1293 = ORIENTED_EDGE('',*,*,#1061,.T.);
#1294 = ORIENTED_EDGE('',*,*,#1118,.F.);
#1295 = ORIENTED_EDGE('',*,*,#1109,.F.);
#1296 = ORIENTED_EDGE('',*,*,#1176,.T.);
#1297 = ORIENTED_EDGE('',*,*,#1217,.T.);
#1298 = ORIENTED_EDGE('',*,*,#1200,.F.);
#1299 = ORIENTED_EDGE('',*,*,#1145,.F.);
#1300 = ORIENTED_EDGE('',*,*,#1136,.F.);
#1301 = ORIENTED_EDGE('',*,*,#1085,.F.);
#1302 = ORIENTED_EDGE('',*,*,#1029,.F.);
#1303 = PLANE('',#1304);
#1304 = AXIS2_PLACEMENT_3D('',#1305,#1306,#1307);
#1305 = CARTESIAN_POINT('',(-20.,2.3E-16,-0.694827586207));
#1306 = DIRECTION('',(1.,0.,0.));
#1307 = DIRECTION('',(0.,0.,1.));
#1308 = ADVANCED_FACE('',(#1309),#1321,.F.);
#1309 = FACE_BOUND('',#1310,.F.);
#1310 = EDGE_LOOP('',(#1311,#1312,#1319,#1320));
#1311 = ORIENTED_EDGE('',*,*,#1234,.F.);
#1312 = ORIENTED_EDGE('',*,*,#1313,.T.);
#1313 = EDGE_CURVE('',#1235,#999,#1314,.T.);
#1314 = CIRCLE('',#1315,3.);
#1315 = AXIS2_PLACEMENT_3D('',#1316,#1317,#1318);
#1316 = CARTESIAN_POINT('',(-17.,-9.,0.));
#1317 = DIRECTION('',(-0.,0.,1.));
#1318 = DIRECTION('',(0.,-1.,0.));
#1319 = ORIENTED_EDGE('',*,*,#1006,.T.);
#1320 = ORIENTED_EDGE('',*,*,#242,.F.);
#1321 = CYLINDRICAL_SURFACE('',#1322,3.);
#1322 = AXIS2_PLACEMENT_3D('',#1323,#1324,#1325);
#1323 = CARTESIAN_POINT('',(-17.,-9.,0.));
#1324 = DIRECTION('',(0.,0.,1.));
#1325 = DIRECTION('',(-1.,0.,0.));
#1326 = ADVANCED_FACE('',(#1327),#1339,.F.);
#1327 = FACE_BOUND('',#1328,.T.);
#1328 = EDGE_LOOP('',(#1329,#1330,#1337,#1338));
#1329 = ORIENTED_EDGE('',*,*,#1282,.F.);
#1330 = ORIENTED_EDGE('',*,*,#1331,.T.);
#1331 = EDGE_CURVE('',#1275,#397,#1332,.T.);
#1332 = CIRCLE('',#1333,3.);
#1333 = AXIS2_PLACEMENT_3D('',#1334,#1335,#1336);
#1334 = CARTESIAN_POINT('',(-17.,9.,0.));
#1335 = DIRECTION('',(-0.,-0.,-1.));
#1336 = DIRECTION('',(0.,-1.,0.));
#1337 = ORIENTED_EDGE('',*,*,#396,.T.);
#1338 = ORIENTED_EDGE('',*,*,#355,.T.);
#1339 = CYLINDRICAL_SURFACE('',#1340,3.);
#1340 = AXIS2_PLACEMENT_3D('',#1341,#1342,#1343);
#1341 = CARTESIAN_POINT('',(-17.,9.,0.));
#1342 = DIRECTION('',(0.,0.,1.));
#1343 = DIRECTION('',(-1.,0.,0.));
#1344 = ADVANCED_FACE('',(#1345),#1391,.T.);
#1345 = FACE_BOUND('',#1346,.T.);
#1346 = EDGE_LOOP('',(#1347,#1348,#1349,#1350,#1351,#1352,#1360,#1368,
    #1377,#1385));
#1347 = ORIENTED_EDGE('',*,*,#718,.F.);
#1348 = ORIENTED_EDGE('',*,*,#659,.T.);
#1349 = ORIENTED_EDGE('',*,*,#625,.T.);
#1350 = ORIENTED_EDGE('',*,*,#434,.F.);
#1351 = ORIENTED_EDGE('',*,*,#378,.T.);
#1352 = ORIENTED_EDGE('',*,*,#1353,.T.);
#1353 = EDGE_CURVE('',#381,#1354,#1356,.T.);
#1354 = VERTEX_POINT('',#1355);
#1355 = CARTESIAN_POINT('',(17.2,13.,1.));
#1356 = LINE('',#1357,#1358);
#1357 = CARTESIAN_POINT('',(-21.,13.,1.));
#1358 = VECTOR('',#1359,1.);
#1359 = DIRECTION('',(1.,0.,0.));
#1360 = ORIENTED_EDGE('',*,*,#1361,.T.);
#1361 = EDGE_CURVE('',#1354,#1362,#1364,.T.);
#1362 = VERTEX_POINT('',#1363);
#1363 = CARTESIAN_POINT('',(17.2,13.,-1.5));
#1364 = LINE('',#1365,#1366);
#1365 = CARTESIAN_POINT('',(17.2,13.,-4.));
#1366 = VECTOR('',#1367,1.);
#1367 = DIRECTION('',(0.,0.,-1.));
#1368 = ORIENTED_EDGE('',*,*,#1369,.F.);
#1369 = EDGE_CURVE('',#1370,#1362,#1372,.T.);
#1370 = VERTEX_POINT('',#1371);
#1371 = CARTESIAN_POINT('',(17.2,13.,-3.5));
#1372 = ELLIPSE('',#1373,1.414213562373,1.);
#1373 = AXIS2_PLACEMENT_3D('',#1374,#1375,#1376);
#1374 = CARTESIAN_POINT('',(17.2,13.,-2.5));
#1375 = DIRECTION('',(0.,1.,0.));
#1376 = DIRECTION('',(1.,0.,-3.140184917368E-16));
#1377 = ORIENTED_EDGE('',*,*,#1378,.T.);
#1378 = EDGE_CURVE('',#1370,#1379,#1381,.T.);
#1379 = VERTEX_POINT('',#1380);
#1380 = CARTESIAN_POINT('',(17.5,13.,-3.5));
#1381 = LINE('',#1382,#1383);
#1382 = CARTESIAN_POINT('',(0.653553390593,13.,-3.5));
#1383 = VECTOR('',#1384,1.);
#1384 = DIRECTION('',(1.,0.,0.));
#1385 = ORIENTED_EDGE('',*,*,#1386,.F.);
#1386 = EDGE_CURVE('',#710,#1379,#1387,.T.);
#1387 = LINE('',#1388,#1389);
#1388 = CARTESIAN_POINT('',(17.5,13.,-4.5));
#1389 = VECTOR('',#1390,1.);
#1390 = DIRECTION('',(0.,0.,1.));
#1391 = PLANE('',#1392);
#1392 = AXIS2_PLACEMENT_3D('',#1393,#1394,#1395);
#1393 = CARTESIAN_POINT('',(-21.,13.,-4.5));
#1394 = DIRECTION('',(0.,1.,0.));
#1395 = DIRECTION('',(0.,0.,1.));
#1396 = ADVANCED_FACE('',(#1397),#1433,.T.);
#1397 = FACE_BOUND('',#1398,.T.);
#1398 = EDGE_LOOP('',(#1399,#1400,#1409,#1417,#1426,#1432));
#1399 = ORIENTED_EDGE('',*,*,#420,.T.);
#1400 = ORIENTED_EDGE('',*,*,#1401,.F.);
#1401 = EDGE_CURVE('',#1402,#413,#1404,.T.);
#1402 = VERTEX_POINT('',#1403);
#1403 = CARTESIAN_POINT('',(-17.,12.,1.));
#1404 = CIRCLE('',#1405,3.);
#1405 = AXIS2_PLACEMENT_3D('',#1406,#1407,#1408);
#1406 = CARTESIAN_POINT('',(-17.,9.,1.));
#1407 = DIRECTION('',(0.,0.,1.));
#1408 = DIRECTION('',(-1.,0.,0.));
#1409 = ORIENTED_EDGE('',*,*,#1410,.F.);
#1410 = EDGE_CURVE('',#1411,#1402,#1413,.T.);
#1411 = VERTEX_POINT('',#1412);
#1412 = CARTESIAN_POINT('',(17.,12.,1.));
#1413 = LINE('',#1414,#1415);
#1414 = CARTESIAN_POINT('',(-20.5,12.,1.));
#1415 = VECTOR('',#1416,1.);
#1416 = DIRECTION('',(-1.,0.,0.));
#1417 = ORIENTED_EDGE('',*,*,#1418,.F.);
#1418 = EDGE_CURVE('',#1419,#1411,#1421,.T.);
#1419 = VERTEX_POINT('',#1420);
#1420 = CARTESIAN_POINT('',(18.8,11.4,1.));
#1421 = CIRCLE('',#1422,3.);
#1422 = AXIS2_PLACEMENT_3D('',#1423,#1424,#1425);
#1423 = CARTESIAN_POINT('',(17.,9.,1.));
#1424 = DIRECTION('',(0.,0.,1.));
#1425 = DIRECTION('',(1.,0.,0.));
#1426 = ORIENTED_EDGE('',*,*,#1427,.T.);
#1427 = EDGE_CURVE('',#1419,#1354,#1428,.T.);
#1428 = LINE('',#1429,#1430);
#1429 = CARTESIAN_POINT('',(18.446911275531,11.753088724469,1.));
#1430 = VECTOR('',#1431,1.);
#1431 = DIRECTION('',(-0.707106781187,0.707106781187,0.));
#1432 = ORIENTED_EDGE('',*,*,#1353,.F.);
#1433 = PLANE('',#1434);
#1434 = AXIS2_PLACEMENT_3D('',#1435,#1436,#1437);
#1435 = CARTESIAN_POINT('',(5.778062633674,6.804631093925,1.));
#1436 = DIRECTION('',(0.,0.,1.));
#1437 = DIRECTION('',(1.,0.,0.));
#1438 = ADVANCED_FACE('',(#1439),#1458,.F.);
#1439 = FACE_BOUND('',#1440,.T.);
#1440 = EDGE_LOOP('',(#1441,#1442,#1451,#1457));
#1441 = ORIENTED_EDGE('',*,*,#412,.F.);
#1442 = ORIENTED_EDGE('',*,*,#1443,.T.);
#1443 = EDGE_CURVE('',#405,#1444,#1446,.T.);
#1444 = VERTEX_POINT('',#1445);
#1445 = CARTESIAN_POINT('',(-17.,12.,0.));
#1446 = CIRCLE('',#1447,3.);
#1447 = AXIS2_PLACEMENT_3D('',#1448,#1449,#1450);
#1448 = CARTESIAN_POINT('',(-17.,9.,0.));
#1449 = DIRECTION('',(-0.,-0.,-1.));
#1450 = DIRECTION('',(0.,-1.,0.));
#1451 = ORIENTED_EDGE('',*,*,#1452,.T.);
#1452 = EDGE_CURVE('',#1444,#1402,#1453,.T.);
#1453 = LINE('',#1454,#1455);
#1454 = CARTESIAN_POINT('',(-17.,12.,0.));
#1455 = VECTOR('',#1456,1.);
#1456 = DIRECTION('',(0.,0.,1.));
#1457 = ORIENTED_EDGE('',*,*,#1401,.T.);
#1458 = CYLINDRICAL_SURFACE('',#1459,3.);
#1459 = AXIS2_PLACEMENT_3D('',#1460,#1461,#1462);
#1460 = CARTESIAN_POINT('',(-17.,9.,0.));
#1461 = DIRECTION('',(0.,0.,1.));
#1462 = DIRECTION('',(-1.,0.,0.));
#1463 = ADVANCED_FACE('',(#1464),#1619,.T.);
#1464 = FACE_BOUND('',#1465,.T.);
#1465 = EDGE_LOOP('',(#1466,#1467,#1475,#1483,#1492,#1500,#1509,#1517,
    #1526,#1534,#1542,#1550,#1559,#1567,#1576,#1584,#1593,#1601,#1610,
    #1616,#1617,#1618));
#1466 = ORIENTED_EDGE('',*,*,#1274,.F.);
#1467 = ORIENTED_EDGE('',*,*,#1468,.F.);
#1468 = EDGE_CURVE('',#1469,#1267,#1471,.T.);
#1469 = VERTEX_POINT('',#1470);
#1470 = CARTESIAN_POINT('',(-19.5,4.5,0.));
#1471 = LINE('',#1472,#1473);
#1472 = CARTESIAN_POINT('',(-12.,4.5,0.));
#1473 = VECTOR('',#1474,1.);
#1474 = DIRECTION('',(-1.,0.,0.));
#1475 = ORIENTED_EDGE('',*,*,#1476,.F.);
#1476 = EDGE_CURVE('',#1477,#1469,#1479,.T.);
#1477 = VERTEX_POINT('',#1478);
#1478 = CARTESIAN_POINT('',(-19.5,8.5,0.));
#1479 = LINE('',#1480,#1481);
#1480 = CARTESIAN_POINT('',(-19.5,-11.75,0.));
#1481 = VECTOR('',#1482,1.);
#1482 = DIRECTION('',(0.,-1.,0.));
#1483 = ORIENTED_EDGE('',*,*,#1484,.F.);
#1484 = EDGE_CURVE('',#1485,#1477,#1487,.T.);
#1485 = VERTEX_POINT('',#1486);
#1486 = CARTESIAN_POINT('',(-16.5,11.5,0.));
#1487 = CIRCLE('',#1488,3.);
#1488 = AXIS2_PLACEMENT_3D('',#1489,#1490,#1491);
#1489 = CARTESIAN_POINT('',(-16.5,8.5,0.));
#1490 = DIRECTION('',(0.,0.,1.));
#1491 = DIRECTION('',(-1.,0.,0.));
#1492 = ORIENTED_EDGE('',*,*,#1493,.T.);
#1493 = EDGE_CURVE('',#1485,#1494,#1496,.T.);
#1494 = VERTEX_POINT('',#1495);
#1495 = CARTESIAN_POINT('',(16.5,11.5,0.));
#1496 = LINE('',#1497,#1498);
#1497 = CARTESIAN_POINT('',(-19.75,11.5,0.));
#1498 = VECTOR('',#1499,1.);
#1499 = DIRECTION('',(1.,0.,0.));
#1500 = ORIENTED_EDGE('',*,*,#1501,.F.);
#1501 = EDGE_CURVE('',#1502,#1494,#1504,.T.);
#1502 = VERTEX_POINT('',#1503);
#1503 = CARTESIAN_POINT('',(19.5,8.5,0.));
#1504 = CIRCLE('',#1505,3.);
#1505 = AXIS2_PLACEMENT_3D('',#1506,#1507,#1508);
#1506 = CARTESIAN_POINT('',(16.5,8.5,0.));
#1507 = DIRECTION('',(0.,0.,1.));
#1508 = DIRECTION('',(1.,0.,0.));
#1509 = ORIENTED_EDGE('',*,*,#1510,.T.);
#1510 = EDGE_CURVE('',#1502,#1511,#1513,.T.);
#1511 = VERTEX_POINT('',#1512);
#1512 = CARTESIAN_POINT('',(19.5,-8.5,0.));
#1513 = LINE('',#1514,#1515);
#1514 = CARTESIAN_POINT('',(19.5,-11.75,0.));
#1515 = VECTOR('',#1516,1.);
#1516 = DIRECTION('',(0.,-1.,0.));
#1517 = ORIENTED_EDGE('',*,*,#1518,.F.);
#1518 = EDGE_CURVE('',#1519,#1511,#1521,.T.);
#1519 = VERTEX_POINT('',#1520);
#1520 = CARTESIAN_POINT('',(16.5,-11.5,0.));
#1521 = CIRCLE('',#1522,3.);
#1522 = AXIS2_PLACEMENT_3D('',#1523,#1524,#1525);
#1523 = CARTESIAN_POINT('',(16.5,-8.5,0.));
#1524 = DIRECTION('',(0.,0.,1.));
#1525 = DIRECTION('',(1.,0.,0.));
#1526 = ORIENTED_EDGE('',*,*,#1527,.F.);
#1527 = EDGE_CURVE('',#1528,#1519,#1530,.T.);
#1528 = VERTEX_POINT('',#1529);
#1529 = CARTESIAN_POINT('',(16.2,-11.5,0.));
#1530 = LINE('',#1531,#1532);
#1531 = CARTESIAN_POINT('',(-19.75,-11.5,0.));
#1532 = VECTOR('',#1533,1.);
#1533 = DIRECTION('',(1.,0.,0.));
#1534 = ORIENTED_EDGE('',*,*,#1535,.F.);
#1535 = EDGE_CURVE('',#1536,#1528,#1538,.T.);
#1536 = VERTEX_POINT('',#1537);
#1537 = CARTESIAN_POINT('',(16.2,-12.,0.));
#1538 = LINE('',#1539,#1540);
#1539 = CARTESIAN_POINT('',(16.2,-12.05,0.));
#1540 = VECTOR('',#1541,1.);
#1541 = DIRECTION('',(0.,1.,0.));
#1542 = ORIENTED_EDGE('',*,*,#1543,.T.);
#1543 = EDGE_CURVE('',#1536,#1544,#1546,.T.);
#1544 = VERTEX_POINT('',#1545);
#1545 = CARTESIAN_POINT('',(17.,-12.,0.));
#1546 = LINE('',#1547,#1548);
#1547 = CARTESIAN_POINT('',(-20.,-12.,0.));
#1548 = VECTOR('',#1549,1.);
#1549 = DIRECTION('',(1.,0.,0.));
#1550 = ORIENTED_EDGE('',*,*,#1551,.F.);
#1551 = EDGE_CURVE('',#1552,#1544,#1554,.T.);
#1552 = VERTEX_POINT('',#1553);
#1553 = CARTESIAN_POINT('',(18.8,-11.4,0.));
#1554 = CIRCLE('',#1555,3.);
#1555 = AXIS2_PLACEMENT_3D('',#1556,#1557,#1558);
#1556 = CARTESIAN_POINT('',(17.,-9.,0.));
#1557 = DIRECTION('',(-0.,-0.,-1.));
#1558 = DIRECTION('',(0.,-1.,0.));
#1559 = ORIENTED_EDGE('',*,*,#1560,.T.);
#1560 = EDGE_CURVE('',#1552,#1561,#1563,.T.);
#1561 = VERTEX_POINT('',#1562);
#1562 = CARTESIAN_POINT('',(19.4,-10.8,0.));
#1563 = LINE('',#1564,#1565);
#1564 = CARTESIAN_POINT('',(7.496446609407,-22.70355339059,0.));
#1565 = VECTOR('',#1566,1.);
#1566 = DIRECTION('',(0.707106781187,0.707106781187,-0.));
#1567 = ORIENTED_EDGE('',*,*,#1568,.F.);
#1568 = EDGE_CURVE('',#1569,#1561,#1571,.T.);
#1569 = VERTEX_POINT('',#1570);
#1570 = CARTESIAN_POINT('',(20.,-9.,0.));
#1571 = CIRCLE('',#1572,3.);
#1572 = AXIS2_PLACEMENT_3D('',#1573,#1574,#1575);
#1573 = CARTESIAN_POINT('',(17.,-9.,0.));
#1574 = DIRECTION('',(-0.,-0.,-1.));
#1575 = DIRECTION('',(0.,-1.,0.));
#1576 = ORIENTED_EDGE('',*,*,#1577,.T.);
#1577 = EDGE_CURVE('',#1569,#1578,#1580,.T.);
#1578 = VERTEX_POINT('',#1579);
#1579 = CARTESIAN_POINT('',(20.,9.,0.));
#1580 = LINE('',#1581,#1582);
#1581 = CARTESIAN_POINT('',(20.,-12.,0.));
#1582 = VECTOR('',#1583,1.);
#1583 = DIRECTION('',(0.,1.,0.));
#1584 = ORIENTED_EDGE('',*,*,#1585,.T.);
#1585 = EDGE_CURVE('',#1578,#1586,#1588,.T.);
#1586 = VERTEX_POINT('',#1587);
#1587 = CARTESIAN_POINT('',(19.4,10.8,0.));
#1588 = CIRCLE('',#1589,3.);
#1589 = AXIS2_PLACEMENT_3D('',#1590,#1591,#1592);
#1590 = CARTESIAN_POINT('',(17.,9.,0.));
#1591 = DIRECTION('',(-0.,0.,1.));
#1592 = DIRECTION('',(0.,-1.,0.));
#1593 = ORIENTED_EDGE('',*,*,#1594,.T.);
#1594 = EDGE_CURVE('',#1586,#1595,#1597,.T.);
#1595 = VERTEX_POINT('',#1596);
#1596 = CARTESIAN_POINT('',(18.8,11.4,0.));
#1597 = LINE('',#1598,#1599);
#1598 = CARTESIAN_POINT('',(16.703553390593,13.496446609407,0.));
#1599 = VECTOR('',#1600,1.);
#1600 = DIRECTION('',(-0.707106781187,0.707106781187,0.));
#1601 = ORIENTED_EDGE('',*,*,#1602,.T.);
#1602 = EDGE_CURVE('',#1595,#1603,#1605,.T.);
#1603 = VERTEX_POINT('',#1604);
#1604 = CARTESIAN_POINT('',(17.,12.,0.));
#1605 = CIRCLE('',#1606,3.);
#1606 = AXIS2_PLACEMENT_3D('',#1607,#1608,#1609);
#1607 = CARTESIAN_POINT('',(17.,9.,0.));
#1608 = DIRECTION('',(-0.,0.,1.));
#1609 = DIRECTION('',(0.,-1.,0.));
#1610 = ORIENTED_EDGE('',*,*,#1611,.F.);
#1611 = EDGE_CURVE('',#1444,#1603,#1612,.T.);
#1612 = LINE('',#1613,#1614);
#1613 = CARTESIAN_POINT('',(-20.,12.,0.));
#1614 = VECTOR('',#1615,1.);
#1615 = DIRECTION('',(1.,0.,0.));
#1616 = ORIENTED_EDGE('',*,*,#1443,.F.);
#1617 = ORIENTED_EDGE('',*,*,#404,.T.);
#1618 = ORIENTED_EDGE('',*,*,#1331,.F.);
#1619 = PLANE('',#1620);
#1620 = AXIS2_PLACEMENT_3D('',#1621,#1622,#1623);
#1621 = CARTESIAN_POINT('',(-20.,-12.,0.));
#1622 = DIRECTION('',(0.,0.,1.));
#1623 = DIRECTION('',(1.,0.,0.));
#1624 = ADVANCED_FACE('',(#1625,#1651),#1654,.F.);
#1625 = FACE_BOUND('',#1626,.T.);
#1626 = EDGE_LOOP('',(#1627,#1635,#1644,#1650));
#1627 = ORIENTED_EDGE('',*,*,#1628,.F.);
#1628 = EDGE_CURVE('',#1629,#1477,#1631,.T.);
#1629 = VERTEX_POINT('',#1630);
#1630 = CARTESIAN_POINT('',(-19.5,8.5,-3.5));
#1631 = LINE('',#1632,#1633);
#1632 = CARTESIAN_POINT('',(-19.5,8.5,-3.5));
#1633 = VECTOR('',#1634,1.);
#1634 = DIRECTION('',(0.,0.,1.));
#1635 = ORIENTED_EDGE('',*,*,#1636,.T.);
#1636 = EDGE_CURVE('',#1629,#1637,#1639,.T.);
#1637 = VERTEX_POINT('',#1638);
#1638 = CARTESIAN_POINT('',(-16.5,11.5,-3.5));
#1639 = CIRCLE('',#1640,3.);
#1640 = AXIS2_PLACEMENT_3D('',#1641,#1642,#1643);
#1641 = CARTESIAN_POINT('',(-16.5,8.5,-3.5));
#1642 = DIRECTION('',(-0.,-0.,-1.));
#1643 = DIRECTION('',(0.,-1.,0.));
#1644 = ORIENTED_EDGE('',*,*,#1645,.T.);
#1645 = EDGE_CURVE('',#1637,#1485,#1646,.T.);
#1646 = LINE('',#1647,#1648);
#1647 = CARTESIAN_POINT('',(-16.5,11.5,-3.5));
#1648 = VECTOR('',#1649,1.);
#1649 = DIRECTION('',(0.,0.,1.));
#1650 = ORIENTED_EDGE('',*,*,#1484,.T.);
#1651 = FACE_BOUND('',#1652,.T.);
#1652 = EDGE_LOOP('',(#1653));
#1653 = ORIENTED_EDGE('',*,*,#453,.T.);
#1654 = CYLINDRICAL_SURFACE('',#1655,3.);
#1655 = AXIS2_PLACEMENT_3D('',#1656,#1657,#1658);
#1656 = CARTESIAN_POINT('',(-16.5,8.5,-3.5));
#1657 = DIRECTION('',(0.,0.,1.));
#1658 = DIRECTION('',(-1.,0.,0.));
#1659 = ADVANCED_FACE('',(#1660),#1715,.F.);
#1660 = FACE_BOUND('',#1661,.F.);
#1661 = EDGE_LOOP('',(#1662,#1663,#1664,#1665,#1666,#1667,#1675,#1684,
    #1692,#1701,#1709));
#1662 = ORIENTED_EDGE('',*,*,#684,.F.);
#1663 = ORIENTED_EDGE('',*,*,#735,.T.);
#1664 = ORIENTED_EDGE('',*,*,#768,.T.);
#1665 = ORIENTED_EDGE('',*,*,#784,.F.);
#1666 = ORIENTED_EDGE('',*,*,#974,.T.);
#1667 = ORIENTED_EDGE('',*,*,#1668,.T.);
#1668 = EDGE_CURVE('',#975,#1669,#1671,.T.);
#1669 = VERTEX_POINT('',#1670);
#1670 = CARTESIAN_POINT('',(11.050384638146,-13.,1.));
#1671 = LINE('',#1672,#1673);
#1672 = CARTESIAN_POINT('',(-21.,-13.,1.));
#1673 = VECTOR('',#1674,1.);
#1674 = DIRECTION('',(1.,0.,0.));
#1675 = ORIENTED_EDGE('',*,*,#1676,.F.);
#1676 = EDGE_CURVE('',#1677,#1669,#1679,.T.);
#1677 = VERTEX_POINT('',#1678);
#1678 = CARTESIAN_POINT('',(17.2,-13.,-0.466287829862));
#1679 = CIRCLE('',#1680,3.249615361854);
#1680 = AXIS2_PLACEMENT_3D('',#1681,#1682,#1683);
#1681 = CARTESIAN_POINT('',(14.3,-13.,1.));
#1682 = DIRECTION('',(0.,1.,0.));
#1683 = DIRECTION('',(0.,0.,1.));
#1684 = ORIENTED_EDGE('',*,*,#1685,.T.);
#1685 = EDGE_CURVE('',#1677,#1686,#1688,.T.);
#1686 = VERTEX_POINT('',#1687);
#1687 = CARTESIAN_POINT('',(17.2,-13.,-1.5));
#1688 = LINE('',#1689,#1690);
#1689 = CARTESIAN_POINT('',(17.2,-13.,-4.));
#1690 = VECTOR('',#1691,1.);
#1691 = DIRECTION('',(0.,0.,-1.));
#1692 = ORIENTED_EDGE('',*,*,#1693,.F.);
#1693 = EDGE_CURVE('',#1694,#1686,#1696,.T.);
#1694 = VERTEX_POINT('',#1695);
#1695 = CARTESIAN_POINT('',(17.2,-13.,-3.5));
#1696 = ELLIPSE('',#1697,1.414213562373,1.);
#1697 = AXIS2_PLACEMENT_3D('',#1698,#1699,#1700);
#1698 = CARTESIAN_POINT('',(17.2,-13.,-2.5));
#1699 = DIRECTION('',(0.,1.,0.));
#1700 = DIRECTION('',(-1.,0.,-3.140184917368E-16));
#1701 = ORIENTED_EDGE('',*,*,#1702,.T.);
#1702 = EDGE_CURVE('',#1694,#1703,#1705,.T.);
#1703 = VERTEX_POINT('',#1704);
#1704 = CARTESIAN_POINT('',(17.5,-13.,-3.5));
#1705 = LINE('',#1706,#1707);
#1706 = CARTESIAN_POINT('',(-2.553553390593,-13.,-3.5));
#1707 = VECTOR('',#1708,1.);
#1708 = DIRECTION('',(1.,0.,0.));
#1709 = ORIENTED_EDGE('',*,*,#1710,.F.);
#1710 = EDGE_CURVE('',#685,#1703,#1711,.T.);
#1711 = LINE('',#1712,#1713);
#1712 = CARTESIAN_POINT('',(17.5,-13.,-4.5));
#1713 = VECTOR('',#1714,1.);
#1714 = DIRECTION('',(0.,0.,1.));
#1715 = PLANE('',#1716);
#1716 = AXIS2_PLACEMENT_3D('',#1717,#1718,#1719);
#1717 = CARTESIAN_POINT('',(-21.,-13.,-4.5));
#1718 = DIRECTION('',(0.,1.,0.));
#1719 = DIRECTION('',(0.,0.,1.));
#1720 = ADVANCED_FACE('',(#1721),#1740,.T.);
#1721 = FACE_BOUND('',#1722,.F.);
#1722 = EDGE_LOOP('',(#1723,#1731,#1732,#1733));
#1723 = ORIENTED_EDGE('',*,*,#1724,.F.);
#1724 = EDGE_CURVE('',#693,#1725,#1727,.T.);
#1725 = VERTEX_POINT('',#1726);
#1726 = CARTESIAN_POINT('',(21.,-9.5,-3.5));
#1727 = LINE('',#1728,#1729);
#1728 = CARTESIAN_POINT('',(21.,-9.5,-4.5));
#1729 = VECTOR('',#1730,1.);
#1730 = DIRECTION('',(0.,0.,1.));
#1731 = ORIENTED_EDGE('',*,*,#692,.T.);
#1732 = ORIENTED_EDGE('',*,*,#1710,.T.);
#1733 = ORIENTED_EDGE('',*,*,#1734,.T.);
#1734 = EDGE_CURVE('',#1703,#1725,#1735,.T.);
#1735 = CIRCLE('',#1736,3.5);
#1736 = AXIS2_PLACEMENT_3D('',#1737,#1738,#1739);
#1737 = CARTESIAN_POINT('',(17.5,-9.5,-3.5));
#1738 = DIRECTION('',(0.,0.,1.));
#1739 = DIRECTION('',(1.,0.,-0.));
#1740 = CYLINDRICAL_SURFACE('',#1741,3.5);
#1741 = AXIS2_PLACEMENT_3D('',#1742,#1743,#1744);
#1742 = CARTESIAN_POINT('',(17.5,-9.5,-4.5));
#1743 = DIRECTION('',(0.,0.,1.));
#1744 = DIRECTION('',(1.,0.,0.));
#1745 = ADVANCED_FACE('',(#1746),#1765,.T.);
#1746 = FACE_BOUND('',#1747,.T.);
#1747 = EDGE_LOOP('',(#1748,#1756,#1757,#1758));
#1748 = ORIENTED_EDGE('',*,*,#1749,.F.);
#1749 = EDGE_CURVE('',#702,#1750,#1752,.T.);
#1750 = VERTEX_POINT('',#1751);
#1751 = CARTESIAN_POINT('',(21.,9.5,-3.5));
#1752 = LINE('',#1753,#1754);
#1753 = CARTESIAN_POINT('',(21.,9.5,-4.5));
#1754 = VECTOR('',#1755,1.);
#1755 = DIRECTION('',(0.,0.,1.));
#1756 = ORIENTED_EDGE('',*,*,#709,.T.);
#1757 = ORIENTED_EDGE('',*,*,#1386,.T.);
#1758 = ORIENTED_EDGE('',*,*,#1759,.F.);
#1759 = EDGE_CURVE('',#1750,#1379,#1760,.T.);
#1760 = CIRCLE('',#1761,3.5);
#1761 = AXIS2_PLACEMENT_3D('',#1762,#1763,#1764);
#1762 = CARTESIAN_POINT('',(17.5,9.5,-3.5));
#1763 = DIRECTION('',(0.,0.,1.));
#1764 = DIRECTION('',(1.,0.,-0.));
#1765 = CYLINDRICAL_SURFACE('',#1766,3.5);
#1766 = AXIS2_PLACEMENT_3D('',#1767,#1768,#1769);
#1767 = CARTESIAN_POINT('',(17.5,9.5,-4.5));
#1768 = DIRECTION('',(0.,0.,1.));
#1769 = DIRECTION('',(1.,0.,0.));
#1770 = ADVANCED_FACE('',(#1771,#1832),#1900,.T.);
#1771 = FACE_BOUND('',#1772,.T.);
#1772 = EDGE_LOOP('',(#1773,#1783,#1791,#1800,#1806,#1807,#1808,#1809,
    #1817,#1826));
#1773 = ORIENTED_EDGE('',*,*,#1774,.F.);
#1774 = EDGE_CURVE('',#1775,#1777,#1779,.T.);
#1775 = VERTEX_POINT('',#1776);
#1776 = CARTESIAN_POINT('',(21.,-9.2,1.));
#1777 = VERTEX_POINT('',#1778);
#1778 = CARTESIAN_POINT('',(21.,9.2,1.));
#1779 = LINE('',#1780,#1781);
#1780 = CARTESIAN_POINT('',(21.,-13.,1.));
#1781 = VECTOR('',#1782,1.);
#1782 = DIRECTION('',(0.,1.,0.));
#1783 = ORIENTED_EDGE('',*,*,#1784,.T.);
#1784 = EDGE_CURVE('',#1775,#1785,#1787,.T.);
#1785 = VERTEX_POINT('',#1786);
#1786 = CARTESIAN_POINT('',(21.,-9.2,-1.5));
#1787 = LINE('',#1788,#1789);
#1788 = CARTESIAN_POINT('',(21.,-9.2,-4.));
#1789 = VECTOR('',#1790,1.);
#1790 = DIRECTION('',(0.,0.,-1.));
#1791 = ORIENTED_EDGE('',*,*,#1792,.F.);
#1792 = EDGE_CURVE('',#1793,#1785,#1795,.T.);
#1793 = VERTEX_POINT('',#1794);
#1794 = CARTESIAN_POINT('',(21.,-9.2,-3.5));
#1795 = ELLIPSE('',#1796,1.414213562373,1.);
#1796 = AXIS2_PLACEMENT_3D('',#1797,#1798,#1799);
#1797 = CARTESIAN_POINT('',(21.,-9.2,-2.5));
#1798 = DIRECTION('',(1.,0.,0.));
#1799 = DIRECTION('',(0.,-1.,-3.140184917368E-16));
#1800 = ORIENTED_EDGE('',*,*,#1801,.T.);
#1801 = EDGE_CURVE('',#1793,#1725,#1802,.T.);
#1802 = LINE('',#1803,#1804);
#1803 = CARTESIAN_POINT('',(21.,-13.65355339059,-3.5));
#1804 = VECTOR('',#1805,1.);
#1805 = DIRECTION('',(0.,-1.,0.));
#1806 = ORIENTED_EDGE('',*,*,#1724,.F.);
#1807 = ORIENTED_EDGE('',*,*,#701,.T.);
#1808 = ORIENTED_EDGE('',*,*,#1749,.T.);
#1809 = ORIENTED_EDGE('',*,*,#1810,.T.);
#1810 = EDGE_CURVE('',#1750,#1811,#1813,.T.);
#1811 = VERTEX_POINT('',#1812);
#1812 = CARTESIAN_POINT('',(21.,9.2,-3.5));
#1813 = LINE('',#1814,#1815);
#1814 = CARTESIAN_POINT('',(21.,-2.553553390593,-3.5));
#1815 = VECTOR('',#1816,1.);
#1816 = DIRECTION('',(0.,-1.,0.));
#1817 = ORIENTED_EDGE('',*,*,#1818,.F.);
#1818 = EDGE_CURVE('',#1819,#1811,#1821,.T.);
#1819 = VERTEX_POINT('',#1820);
#1820 = CARTESIAN_POINT('',(21.,9.2,-1.5));
#1821 = ELLIPSE('',#1822,1.414213562373,1.);
#1822 = AXIS2_PLACEMENT_3D('',#1823,#1824,#1825);
#1823 = CARTESIAN_POINT('',(21.,9.2,-2.5));
#1824 = DIRECTION('',(1.,0.,0.));
#1825 = DIRECTION('',(0.,-1.,-3.140184917368E-16));
#1826 = ORIENTED_EDGE('',*,*,#1827,.T.);
#1827 = EDGE_CURVE('',#1819,#1777,#1828,.T.);
#1828 = LINE('',#1829,#1830);
#1829 = CARTESIAN_POINT('',(21.,9.2,-4.));
#1830 = VECTOR('',#1831,1.);
#1831 = DIRECTION('',(0.,0.,1.));
#1832 = FACE_BOUND('',#1833,.T.);
#1833 = EDGE_LOOP('',(#1834,#1844,#1852,#1860,#1869,#1877,#1885,#1893));
#1834 = ORIENTED_EDGE('',*,*,#1835,.F.);
#1835 = EDGE_CURVE('',#1836,#1838,#1840,.T.);
#1836 = VERTEX_POINT('',#1837);
#1837 = CARTESIAN_POINT('',(21.,2.9,-3.));
#1838 = VERTEX_POINT('',#1839);
#1839 = CARTESIAN_POINT('',(21.,2.9,-2.995993579438));
#1840 = LINE('',#1841,#1842);
#1841 = CARTESIAN_POINT('',(21.,2.9,-3.75));
#1842 = VECTOR('',#1843,1.);
#1843 = DIRECTION('',(0.,0.,1.));
#1844 = ORIENTED_EDGE('',*,*,#1845,.T.);
#1845 = EDGE_CURVE('',#1836,#1846,#1848,.T.);
#1846 = VERTEX_POINT('',#1847);
#1847 = CARTESIAN_POINT('',(21.,-2.9,-3.));
#1848 = LINE('',#1849,#1850);
#1849 = CARTESIAN_POINT('',(21.,-7.95,-3.));
#1850 = VECTOR('',#1851,1.);
#1851 = DIRECTION('',(0.,-1.,0.));
#1852 = ORIENTED_EDGE('',*,*,#1853,.T.);
#1853 = EDGE_CURVE('',#1846,#1854,#1856,.T.);
#1854 = VERTEX_POINT('',#1855);
#1855 = CARTESIAN_POINT('',(21.,-2.9,-2.995993579438));
#1856 = LINE('',#1857,#1858);
#1857 = CARTESIAN_POINT('',(21.,-2.9,-3.75));
#1858 = VECTOR('',#1859,1.);
#1859 = DIRECTION('',(0.,0.,1.));
#1860 = ORIENTED_EDGE('',*,*,#1861,.T.);
#1861 = EDGE_CURVE('',#1854,#1862,#1864,.T.);
#1862 = VERTEX_POINT('',#1863);
#1863 = CARTESIAN_POINT('',(21.,-2.9,-0.504006420562));
#1864 = CIRCLE('',#1865,1.25);
#1865 = AXIS2_PLACEMENT_3D('',#1866,#1867,#1868);
#1866 = CARTESIAN_POINT('',(21.,-3.,-1.75));
#1867 = DIRECTION('',(-1.,-0.,-2.2E-16));
#1868 = DIRECTION('',(2.2E-16,0.,-1.));
#1869 = ORIENTED_EDGE('',*,*,#1870,.T.);
#1870 = EDGE_CURVE('',#1862,#1871,#1873,.T.);
#1871 = VERTEX_POINT('',#1872);
#1872 = CARTESIAN_POINT('',(21.,-2.9,-0.5));
#1873 = LINE('',#1874,#1875);
#1874 = CARTESIAN_POINT('',(21.,-2.9,-3.75));
#1875 = VECTOR('',#1876,1.);
#1876 = DIRECTION('',(0.,0.,1.));
#1877 = ORIENTED_EDGE('',*,*,#1878,.F.);
#1878 = EDGE_CURVE('',#1879,#1871,#1881,.T.);
#1879 = VERTEX_POINT('',#1880);
#1880 = CARTESIAN_POINT('',(21.,2.9,-0.5));
#1881 = LINE('',#1882,#1883);
#1882 = CARTESIAN_POINT('',(21.,-7.95,-0.5));
#1883 = VECTOR('',#1884,1.);
#1884 = DIRECTION('',(0.,-1.,0.));
#1885 = ORIENTED_EDGE('',*,*,#1886,.F.);
#1886 = EDGE_CURVE('',#1887,#1879,#1889,.T.);
#1887 = VERTEX_POINT('',#1888);
#1888 = CARTESIAN_POINT('',(21.,2.9,-0.504006420562));
#1889 = LINE('',#1890,#1891);
#1890 = CARTESIAN_POINT('',(21.,2.9,-3.75));
#1891 = VECTOR('',#1892,1.);
#1892 = DIRECTION('',(0.,0.,1.));
#1893 = ORIENTED_EDGE('',*,*,#1894,.T.);
#1894 = EDGE_CURVE('',#1887,#1838,#1895,.T.);
#1895 = CIRCLE('',#1896,1.25);
#1896 = AXIS2_PLACEMENT_3D('',#1897,#1898,#1899);
#1897 = CARTESIAN_POINT('',(21.,3.,-1.75));
#1898 = DIRECTION('',(-1.,-0.,-2.2E-16));
#1899 = DIRECTION('',(2.2E-16,0.,-1.));
#1900 = PLANE('',#1901);
#1901 = AXIS2_PLACEMENT_3D('',#1902,#1903,#1904);
#1902 = CARTESIAN_POINT('',(21.,-13.,-4.5));
#1903 = DIRECTION('',(1.,0.,0.));
#1904 = DIRECTION('',(0.,0.,1.));
#1905 = ADVANCED_FACE('',(#1906,#1942),#1945,.F.);
#1906 = FACE_BOUND('',#1907,.F.);
#1907 = EDGE_LOOP('',(#1908,#1918,#1927,#1935));
#1908 = ORIENTED_EDGE('',*,*,#1909,.F.);
#1909 = EDGE_CURVE('',#1910,#1912,#1914,.T.);
#1910 = VERTEX_POINT('',#1911);
#1911 = CARTESIAN_POINT('',(-19.5,-8.5,-3.5));
#1912 = VERTEX_POINT('',#1913);
#1913 = CARTESIAN_POINT('',(-19.5,-8.5,0.));
#1914 = LINE('',#1915,#1916);
#1915 = CARTESIAN_POINT('',(-19.5,-8.5,-3.5));
#1916 = VECTOR('',#1917,1.);
#1917 = DIRECTION('',(0.,0.,1.));
#1918 = ORIENTED_EDGE('',*,*,#1919,.T.);
#1919 = EDGE_CURVE('',#1910,#1920,#1922,.T.);
#1920 = VERTEX_POINT('',#1921);
#1921 = CARTESIAN_POINT('',(-16.5,-11.5,-3.5));
#1922 = CIRCLE('',#1923,3.);
#1923 = AXIS2_PLACEMENT_3D('',#1924,#1925,#1926);
#1924 = CARTESIAN_POINT('',(-16.5,-8.5,-3.5));
#1925 = DIRECTION('',(-0.,0.,1.));
#1926 = DIRECTION('',(0.,-1.,0.));
#1927 = ORIENTED_EDGE('',*,*,#1928,.T.);
#1928 = EDGE_CURVE('',#1920,#1929,#1931,.T.);
#1929 = VERTEX_POINT('',#1930);
#1930 = CARTESIAN_POINT('',(-16.5,-11.5,0.));
#1931 = LINE('',#1932,#1933);
#1932 = CARTESIAN_POINT('',(-16.5,-11.5,-3.5));
#1933 = VECTOR('',#1934,1.);
#1934 = DIRECTION('',(0.,0.,1.));
#1935 = ORIENTED_EDGE('',*,*,#1936,.F.);
#1936 = EDGE_CURVE('',#1912,#1929,#1937,.T.);
#1937 = CIRCLE('',#1938,3.);
#1938 = AXIS2_PLACEMENT_3D('',#1939,#1940,#1941);
#1939 = CARTESIAN_POINT('',(-16.5,-8.5,0.));
#1940 = DIRECTION('',(0.,0.,1.));
#1941 = DIRECTION('',(-1.,0.,0.));
#1942 = FACE_BOUND('',#1943,.F.);
#1943 = EDGE_LOOP('',(#1944));
#1944 = ORIENTED_EDGE('',*,*,#801,.F.);
#1945 = CYLINDRICAL_SURFACE('',#1946,3.);
#1946 = AXIS2_PLACEMENT_3D('',#1947,#1948,#1949);
#1947 = CARTESIAN_POINT('',(-16.5,-8.5,-3.5));
#1948 = DIRECTION('',(0.,0.,1.));
#1949 = DIRECTION('',(-1.,0.,0.));
#1950 = ADVANCED_FACE('',(#1951),#2002,.T.);
#1951 = FACE_BOUND('',#1952,.T.);
#1952 = EDGE_LOOP('',(#1953,#1954,#1955,#1956,#1965,#1973,#1981,#1987,
    #1988,#1996));
#1953 = ORIENTED_EDGE('',*,*,#1242,.F.);
#1954 = ORIENTED_EDGE('',*,*,#1313,.T.);
#1955 = ORIENTED_EDGE('',*,*,#998,.T.);
#1956 = ORIENTED_EDGE('',*,*,#1957,.T.);
#1957 = EDGE_CURVE('',#991,#1958,#1960,.T.);
#1958 = VERTEX_POINT('',#1959);
#1959 = CARTESIAN_POINT('',(-17.,-12.,0.));
#1960 = CIRCLE('',#1961,3.);
#1961 = AXIS2_PLACEMENT_3D('',#1962,#1963,#1964);
#1962 = CARTESIAN_POINT('',(-17.,-9.,0.));
#1963 = DIRECTION('',(-0.,0.,1.));
#1964 = DIRECTION('',(0.,-1.,0.));
#1965 = ORIENTED_EDGE('',*,*,#1966,.T.);
#1966 = EDGE_CURVE('',#1958,#1967,#1969,.T.);
#1967 = VERTEX_POINT('',#1968);
#1968 = CARTESIAN_POINT('',(12.4,-12.,0.));
#1969 = LINE('',#1970,#1971);
#1970 = CARTESIAN_POINT('',(-20.,-12.,0.));
#1971 = VECTOR('',#1972,1.);
#1972 = DIRECTION('',(1.,0.,0.));
#1973 = ORIENTED_EDGE('',*,*,#1974,.T.);
#1974 = EDGE_CURVE('',#1967,#1975,#1977,.T.);
#1975 = VERTEX_POINT('',#1976);
#1976 = CARTESIAN_POINT('',(12.4,-11.5,0.));
#1977 = LINE('',#1978,#1979);
#1978 = CARTESIAN_POINT('',(12.4,-12.05,0.));
#1979 = VECTOR('',#1980,1.);
#1980 = DIRECTION('',(0.,1.,0.));
#1981 = ORIENTED_EDGE('',*,*,#1982,.F.);
#1982 = EDGE_CURVE('',#1929,#1975,#1983,.T.);
#1983 = LINE('',#1984,#1985);
#1984 = CARTESIAN_POINT('',(-19.75,-11.5,0.));
#1985 = VECTOR('',#1986,1.);
#1986 = DIRECTION('',(1.,0.,0.));
#1987 = ORIENTED_EDGE('',*,*,#1936,.F.);
#1988 = ORIENTED_EDGE('',*,*,#1989,.F.);
#1989 = EDGE_CURVE('',#1990,#1912,#1992,.T.);
#1990 = VERTEX_POINT('',#1991);
#1991 = CARTESIAN_POINT('',(-19.5,-4.5,0.));
#1992 = LINE('',#1993,#1994);
#1993 = CARTESIAN_POINT('',(-19.5,-11.75,0.));
#1994 = VECTOR('',#1995,1.);
#1995 = DIRECTION('',(0.,-1.,0.));
#1996 = ORIENTED_EDGE('',*,*,#1997,.T.);
#1997 = EDGE_CURVE('',#1990,#1243,#1998,.T.);
#1998 = LINE('',#1999,#2000);
#1999 = CARTESIAN_POINT('',(-12.,-4.5,0.));
#2000 = VECTOR('',#2001,1.);
#2001 = DIRECTION('',(-1.,0.,0.));
#2002 = PLANE('',#2003);
#2003 = AXIS2_PLACEMENT_3D('',#2004,#2005,#2006);
#2004 = CARTESIAN_POINT('',(-20.,-12.,0.));
#2005 = DIRECTION('',(0.,0.,1.));
#2006 = DIRECTION('',(1.,0.,0.));
#2007 = ADVANCED_FACE('',(#2008),#2027,.F.);
#2008 = FACE_BOUND('',#2009,.F.);
#2009 = EDGE_LOOP('',(#2010,#2011,#2012,#2020));
#2010 = ORIENTED_EDGE('',*,*,#990,.F.);
#2011 = ORIENTED_EDGE('',*,*,#1957,.T.);
#2012 = ORIENTED_EDGE('',*,*,#2013,.T.);
#2013 = EDGE_CURVE('',#1958,#2014,#2016,.T.);
#2014 = VERTEX_POINT('',#2015);
#2015 = CARTESIAN_POINT('',(-17.,-12.,1.));
#2016 = LINE('',#2017,#2018);
#2017 = CARTESIAN_POINT('',(-17.,-12.,0.));
#2018 = VECTOR('',#2019,1.);
#2019 = DIRECTION('',(0.,0.,1.));
#2020 = ORIENTED_EDGE('',*,*,#2021,.F.);
#2021 = EDGE_CURVE('',#983,#2014,#2022,.T.);
#2022 = CIRCLE('',#2023,3.);
#2023 = AXIS2_PLACEMENT_3D('',#2024,#2025,#2026);
#2024 = CARTESIAN_POINT('',(-17.,-9.,1.));
#2025 = DIRECTION('',(0.,0.,1.));
#2026 = DIRECTION('',(-1.,0.,0.));
#2027 = CYLINDRICAL_SURFACE('',#2028,3.);
#2028 = AXIS2_PLACEMENT_3D('',#2029,#2030,#2031);
#2029 = CARTESIAN_POINT('',(-17.,-9.,0.));
#2030 = DIRECTION('',(0.,0.,1.));
#2031 = DIRECTION('',(-1.,0.,0.));
#2032 = ADVANCED_FACE('',(#2033),#2069,.T.);
#2033 = FACE_BOUND('',#2034,.T.);
#2034 = EDGE_LOOP('',(#2035,#2036,#2037,#2046,#2054,#2062,#2068));
#2035 = ORIENTED_EDGE('',*,*,#982,.T.);
#2036 = ORIENTED_EDGE('',*,*,#1668,.T.);
#2037 = ORIENTED_EDGE('',*,*,#2038,.F.);
#2038 = EDGE_CURVE('',#2039,#1669,#2041,.T.);
#2039 = VERTEX_POINT('',#2040);
#2040 = CARTESIAN_POINT('',(12.594127789077,-12.1,1.));
#2041 = CIRCLE('',#2042,5.);
#2042 = AXIS2_PLACEMENT_3D('',#2043,#2044,#2045);
#2043 = CARTESIAN_POINT('',(14.3,-16.8,1.));
#2044 = DIRECTION('',(0.,0.,1.));
#2045 = DIRECTION('',(1.,0.,0.));
#2046 = ORIENTED_EDGE('',*,*,#2047,.F.);
#2047 = EDGE_CURVE('',#2048,#2039,#2050,.T.);
#2048 = VERTEX_POINT('',#2049);
#2049 = CARTESIAN_POINT('',(12.4,-12.1,1.));
#2050 = LINE('',#2051,#2052);
#2051 = CARTESIAN_POINT('',(-4.212522792992,-12.1,1.));
#2052 = VECTOR('',#2053,1.);
#2053 = DIRECTION('',(1.,0.,0.));
#2054 = ORIENTED_EDGE('',*,*,#2055,.T.);
#2055 = EDGE_CURVE('',#2048,#2056,#2058,.T.);
#2056 = VERTEX_POINT('',#2057);
#2057 = CARTESIAN_POINT('',(12.4,-12.,1.));
#2058 = LINE('',#2059,#2060);
#2059 = CARTESIAN_POINT('',(12.4,-12.1,1.));
#2060 = VECTOR('',#2061,1.);
#2061 = DIRECTION('',(0.,1.,0.));
#2062 = ORIENTED_EDGE('',*,*,#2063,.T.);
#2063 = EDGE_CURVE('',#2056,#2014,#2064,.T.);
#2064 = LINE('',#2065,#2066);
#2065 = CARTESIAN_POINT('',(-20.5,-12.,1.));
#2066 = VECTOR('',#2067,1.);
#2067 = DIRECTION('',(-1.,0.,0.));
#2068 = ORIENTED_EDGE('',*,*,#2021,.F.);
#2069 = PLANE('',#2070);
#2070 = AXIS2_PLACEMENT_3D('',#2071,#2072,#2073);
#2071 = CARTESIAN_POINT('',(-6.230264229602,-11.84639549689,1.));
#2072 = DIRECTION('',(0.,0.,1.));
#2073 = DIRECTION('',(1.,0.,0.));
#2074 = ADVANCED_FACE('',(#2075),#2093,.F.);
#2075 = FACE_BOUND('',#2076,.F.);
#2076 = EDGE_LOOP('',(#2077,#2085,#2091,#2092));
#2077 = ORIENTED_EDGE('',*,*,#2078,.F.);
#2078 = EDGE_CURVE('',#2079,#1251,#2081,.T.);
#2079 = VERTEX_POINT('',#2080);
#2080 = CARTESIAN_POINT('',(-19.5,-4.5,-3.5));
#2081 = LINE('',#2082,#2083);
#2082 = CARTESIAN_POINT('',(-12.,-4.5,-3.5));
#2083 = VECTOR('',#2084,1.);
#2084 = DIRECTION('',(-1.,0.,0.));
#2085 = ORIENTED_EDGE('',*,*,#2086,.F.);
#2086 = EDGE_CURVE('',#1990,#2079,#2087,.T.);
#2087 = LINE('',#2088,#2089);
#2088 = CARTESIAN_POINT('',(-19.5,-4.5,-3.5));
#2089 = VECTOR('',#2090,1.);
#2090 = DIRECTION('',(0.,0.,-1.));
#2091 = ORIENTED_EDGE('',*,*,#1997,.T.);
#2092 = ORIENTED_EDGE('',*,*,#1250,.F.);
#2093 = PLANE('',#2094);
#2094 = AXIS2_PLACEMENT_3D('',#2095,#2096,#2097);
#2095 = CARTESIAN_POINT('',(-12.,-4.5,-3.5));
#2096 = DIRECTION('',(0.,-1.,0.));
#2097 = DIRECTION('',(0.,0.,1.));
#2098 = ADVANCED_FACE('',(#2099),#2165,.T.);
#2099 = FACE_BOUND('',#2100,.T.);
#2100 = EDGE_LOOP('',(#2101,#2102,#2108,#2109,#2117,#2126,#2134,#2143,
    #2149,#2150,#2158,#2164));
#2101 = ORIENTED_EDGE('',*,*,#2078,.F.);
#2102 = ORIENTED_EDGE('',*,*,#2103,.F.);
#2103 = EDGE_CURVE('',#1910,#2079,#2104,.T.);
#2104 = LINE('',#2105,#2106);
#2105 = CARTESIAN_POINT('',(-19.5,-11.5,-3.5));
#2106 = VECTOR('',#2107,1.);
#2107 = DIRECTION('',(0.,1.,0.));
#2108 = ORIENTED_EDGE('',*,*,#1919,.T.);
#2109 = ORIENTED_EDGE('',*,*,#2110,.T.);
#2110 = EDGE_CURVE('',#1920,#2111,#2113,.T.);
#2111 = VERTEX_POINT('',#2112);
#2112 = CARTESIAN_POINT('',(16.5,-11.5,-3.5));
#2113 = LINE('',#2114,#2115);
#2114 = CARTESIAN_POINT('',(-19.5,-11.5,-3.5));
#2115 = VECTOR('',#2116,1.);
#2116 = DIRECTION('',(1.,0.,0.));
#2117 = ORIENTED_EDGE('',*,*,#2118,.F.);
#2118 = EDGE_CURVE('',#2119,#2111,#2121,.T.);
#2119 = VERTEX_POINT('',#2120);
#2120 = CARTESIAN_POINT('',(19.5,-8.5,-3.5));
#2121 = CIRCLE('',#2122,3.);
#2122 = AXIS2_PLACEMENT_3D('',#2123,#2124,#2125);
#2123 = CARTESIAN_POINT('',(16.5,-8.5,-3.5));
#2124 = DIRECTION('',(-0.,-0.,-1.));
#2125 = DIRECTION('',(0.,-1.,0.));
#2126 = ORIENTED_EDGE('',*,*,#2127,.T.);
#2127 = EDGE_CURVE('',#2119,#2128,#2130,.T.);
#2128 = VERTEX_POINT('',#2129);
#2129 = CARTESIAN_POINT('',(19.5,8.5,-3.5));
#2130 = LINE('',#2131,#2132);
#2131 = CARTESIAN_POINT('',(19.5,-11.5,-3.5));
#2132 = VECTOR('',#2133,1.);
#2133 = DIRECTION('',(0.,1.,0.));
#2134 = ORIENTED_EDGE('',*,*,#2135,.T.);
#2135 = EDGE_CURVE('',#2128,#2136,#2138,.T.);
#2136 = VERTEX_POINT('',#2137);
#2137 = CARTESIAN_POINT('',(16.5,11.5,-3.5));
#2138 = CIRCLE('',#2139,3.);
#2139 = AXIS2_PLACEMENT_3D('',#2140,#2141,#2142);
#2140 = CARTESIAN_POINT('',(16.5,8.5,-3.5));
#2141 = DIRECTION('',(-0.,0.,1.));
#2142 = DIRECTION('',(0.,-1.,0.));
#2143 = ORIENTED_EDGE('',*,*,#2144,.F.);
#2144 = EDGE_CURVE('',#1637,#2136,#2145,.T.);
#2145 = LINE('',#2146,#2147);
#2146 = CARTESIAN_POINT('',(-19.5,11.5,-3.5));
#2147 = VECTOR('',#2148,1.);
#2148 = DIRECTION('',(1.,0.,0.));
#2149 = ORIENTED_EDGE('',*,*,#1636,.F.);
#2150 = ORIENTED_EDGE('',*,*,#2151,.F.);
#2151 = EDGE_CURVE('',#2152,#1629,#2154,.T.);
#2152 = VERTEX_POINT('',#2153);
#2153 = CARTESIAN_POINT('',(-19.5,4.5,-3.5));
#2154 = LINE('',#2155,#2156);
#2155 = CARTESIAN_POINT('',(-19.5,-11.5,-3.5));
#2156 = VECTOR('',#2157,1.);
#2157 = DIRECTION('',(0.,1.,0.));
#2158 = ORIENTED_EDGE('',*,*,#2159,.T.);
#2159 = EDGE_CURVE('',#2152,#1259,#2160,.T.);
#2160 = LINE('',#2161,#2162);
#2161 = CARTESIAN_POINT('',(-12.,4.5,-3.5));
#2162 = VECTOR('',#2163,1.);
#2163 = DIRECTION('',(-1.,0.,0.));
#2164 = ORIENTED_EDGE('',*,*,#1258,.T.);
#2165 = PLANE('',#2166);
#2166 = AXIS2_PLACEMENT_3D('',#2167,#2168,#2169);
#2167 = CARTESIAN_POINT('',(-0.202699927514,3.E-17,-3.5));
#2168 = DIRECTION('',(0.,0.,1.));
#2169 = DIRECTION('',(1.,0.,0.));
#2170 = ADVANCED_FACE('',(#2171),#2182,.T.);
#2171 = FACE_BOUND('',#2172,.T.);
#2172 = EDGE_LOOP('',(#2173,#2174,#2180,#2181));
#2173 = ORIENTED_EDGE('',*,*,#2159,.F.);
#2174 = ORIENTED_EDGE('',*,*,#2175,.F.);
#2175 = EDGE_CURVE('',#1469,#2152,#2176,.T.);
#2176 = LINE('',#2177,#2178);
#2177 = CARTESIAN_POINT('',(-19.5,4.5,-3.5));
#2178 = VECTOR('',#2179,1.);
#2179 = DIRECTION('',(0.,0.,-1.));
#2180 = ORIENTED_EDGE('',*,*,#1468,.T.);
#2181 = ORIENTED_EDGE('',*,*,#1266,.F.);
#2182 = PLANE('',#2183);
#2183 = AXIS2_PLACEMENT_3D('',#2184,#2185,#2186);
#2184 = CARTESIAN_POINT('',(-12.,4.5,-3.5));
#2185 = DIRECTION('',(0.,-1.,0.));
#2186 = DIRECTION('',(0.,0.,1.));
#2187 = ADVANCED_FACE('',(#2188),#2199,.T.);
#2188 = FACE_BOUND('',#2189,.T.);
#2189 = EDGE_LOOP('',(#2190,#2196,#2197,#2198));
#2190 = ORIENTED_EDGE('',*,*,#2191,.F.);
#2191 = EDGE_CURVE('',#1811,#1370,#2192,.T.);
#2192 = LINE('',#2193,#2194);
#2193 = CARTESIAN_POINT('',(22.307106781187,7.892893218813,-3.5));
#2194 = VECTOR('',#2195,1.);
#2195 = DIRECTION('',(-0.707106781187,0.707106781187,0.));
#2196 = ORIENTED_EDGE('',*,*,#1810,.F.);
#2197 = ORIENTED_EDGE('',*,*,#1759,.T.);
#2198 = ORIENTED_EDGE('',*,*,#1378,.F.);
#2199 = PLANE('',#2200);
#2200 = AXIS2_PLACEMENT_3D('',#2201,#2202,#2203);
#2201 = CARTESIAN_POINT('',(22.307106781187,7.892893218813,-3.5));
#2202 = DIRECTION('',(0.,0.,1.));
#2203 = DIRECTION('',(0.707106781187,0.707106781187,0.));
#2204 = ADVANCED_FACE('',(#2205,#2216),#2381,.F.);
#2205 = FACE_BOUND('',#2206,.T.);
#2206 = EDGE_LOOP('',(#2207,#2208,#2209,#2210));
#2207 = ORIENTED_EDGE('',*,*,#1818,.T.);
#2208 = ORIENTED_EDGE('',*,*,#2191,.T.);
#2209 = ORIENTED_EDGE('',*,*,#1369,.T.);
#2210 = ORIENTED_EDGE('',*,*,#2211,.T.);
#2211 = EDGE_CURVE('',#1362,#1819,#2212,.T.);
#2212 = LINE('',#2213,#2214);
#2213 = CARTESIAN_POINT('',(22.307106781187,7.892893218813,-1.5));
#2214 = VECTOR('',#2215,1.);
#2215 = DIRECTION('',(0.707106781187,-0.707106781187,-2.22044604925E-16)
  );
#2216 = FACE_BOUND('',#2217,.T.);
#2217 = EDGE_LOOP('',(#2218));
#2218 = ORIENTED_EDGE('',*,*,#2219,.T.);
#2219 = EDGE_CURVE('',#2220,#2220,#2222,.T.);
#2220 = VERTEX_POINT('',#2221);
#2221 = CARTESIAN_POINT('',(18.62132034356,10.62132034356,
    -1.763975833943));
#2222 = B_SPLINE_CURVE_WITH_KNOTS('',7,(#2223,#2224,#2225,#2226,#2227,
    #2228,#2229,#2230,#2231,#2232,#2233,#2234,#2235,#2236,#2237,#2238,
    #2239,#2240,#2241,#2242,#2243,#2244,#2245,#2246,#2247,#2248,#2249,
    #2250,#2251,#2252,#2253,#2254,#2255,#2256,#2257,#2258,#2259,#2260,
    #2261,#2262,#2263,#2264,#2265,#2266,#2267,#2268,#2269,#2270,#2271,
    #2272,#2273,#2274,#2275,#2276,#2277,#2278,#2279,#2280,#2281,#2282,
    #2283,#2284,#2285,#2286,#2287,#2288,#2289,#2290,#2291,#2292,#2293,
    #2294,#2295,#2296,#2297,#2298,#2299,#2300,#2301,#2302,#2303,#2304,
    #2305,#2306,#2307,#2308,#2309,#2310,#2311,#2312,#2313,#2314,#2315,
    #2316,#2317,#2318,#2319,#2320,#2321,#2322,#2323,#2324,#2325,#2326,
    #2327,#2328,#2329,#2330,#2331,#2332,#2333,#2334,#2335,#2336,#2337,
    #2338,#2339,#2340,#2341,#2342,#2343,#2344,#2345,#2346,#2347,#2348,
    #2349,#2350,#2351,#2352,#2353,#2354,#2355,#2356,#2357,#2358,#2359,
    #2360,#2361,#2362,#2363,#2364,#2365,#2366,#2367,#2368,#2369,#2370,
    #2371,#2372,#2373,#2374,#2375,#2376,#2377,#2378,#2379,#2380),
  .UNSPECIFIED.,.T.,.F.,(8,6,6,6,6,6,6,6,6,6,6,6,6,6,6,6,6,6,6,6,6,6,6,6
    ,6,6,8),(0.,0.115913002834,0.156248840656,0.1897693108,
    0.208843615508,0.221132459484,0.250035026394,0.278602045907,
    0.290899681982,0.309998703098,0.343622447753,0.384253650436,
    0.414406244962,0.500027964865,0.561946687176,0.615799404452,
    0.656425004507,0.690044112791,0.709140498102,0.721436435584,
    0.74999950932,0.778898084106,0.791185230704,0.810256900802,
    0.843772740982,0.884103007476,1.),.UNSPECIFIED.);
#2223 = CARTESIAN_POINT('',(18.62132034356,10.62132034356,
    -1.763975833943));
#2224 = CARTESIAN_POINT('',(18.535488448711,10.707152238408,
    -1.763975833943));
#2225 = CARTESIAN_POINT('',(18.44561594461,10.788921453394,
    -1.769245755765));
#2226 = CARTESIAN_POINT('',(18.352163169915,10.866170580413,
    -1.779784511294));
#2227 = CARTESIAN_POINT('',(18.255739287959,10.938459147339,
    -1.795998527108));
#2228 = CARTESIAN_POINT('',(18.157210760776,11.005307004332,
    -1.81867876411));
#2229 = CARTESIAN_POINT('',(18.057933013783,11.066196685631,
    -1.849033070651));
#2230 = CARTESIAN_POINT('',(17.926171552609,11.139611878304,
    -1.90243837702));
#2231 = CARTESIAN_POINT('',(17.892342620716,11.157785863895,
    -1.917346794102));
#2232 = CARTESIAN_POINT('',(17.85882178064,11.175146802402,
    -1.93343353718));
#2233 = CARTESIAN_POINT('',(17.825744662301,11.191664483304,
    -1.950755169722));
#2234 = CARTESIAN_POINT('',(17.7932601461,11.207313410561,
    -1.969367464417));
#2235 = CARTESIAN_POINT('',(17.761530617669,11.222072920712,
    -1.989324605897));
#2236 = CARTESIAN_POINT('',(17.705137695826,11.247440768029,
    -2.028424126219));
#2237 = CARTESIAN_POINT('',(17.680183949446,11.258330156574,
    -2.047136003906));
#2238 = CARTESIAN_POINT('',(17.65600073537,11.268573154743,
    -2.06682479017));
#2239 = CARTESIAN_POINT('',(17.632719628676,11.278154275476,
    -2.087494256773));
#2240 = CARTESIAN_POINT('',(17.610473080491,11.287063394297,
    -2.109140632331));
#2241 = CARTESIAN_POINT('',(17.589393470845,11.295294287097,
    -2.131752051056));
#2242 = CARTESIAN_POINT('',(17.558355913636,11.307138741698,
    -2.168712150492));
#2243 = CARTESIAN_POINT('',(17.547522713584,11.311212345471,
    -2.18241892879));
#2244 = CARTESIAN_POINT('',(17.53714028624,11.315062222137,
    -2.19641989097));
#2245 = CARTESIAN_POINT('',(17.527235121279,11.318687047277,
    -2.210705233827));
#2246 = CARTESIAN_POINT('',(17.51783247318,11.322085929147,
    -2.22526379636));
#2247 = CARTESIAN_POINT('',(17.508956361226,11.32525840868,
    -2.240083059778));
#2248 = CARTESIAN_POINT('',(17.49526493652,11.330102487178,
    -2.264855650787));
#2249 = CARTESIAN_POINT('',(17.490128630591,11.3319063621,
    -2.274663945129));
#2250 = CARTESIAN_POINT('',(17.485226948273,11.333615969687,
    -2.284569852949));
#2251 = CARTESIAN_POINT('',(17.48056586089,11.335231222232,
    -2.294568851083));
#2252 = CARTESIAN_POINT('',(17.476151014536,11.336752058875,
    -2.304656070787));
#2253 = CARTESIAN_POINT('',(17.471987730072,11.338178445613,
    -2.314826297728));
#2254 = CARTESIAN_POINT('',(17.458892633821,11.342642987819,
    -2.349175839642));
#2255 = CARTESIAN_POINT('',(17.451121429546,11.345253655415,
    -2.373711283691));
#2256 = CARTESIAN_POINT('',(17.444834866938,11.347341307967,
    -2.398602036026));
#2257 = CARTESIAN_POINT('',(17.440084468565,11.348906234086,
    -2.423765091687));
#2258 = CARTESIAN_POINT('',(17.436905290323,11.349949276724,
    -2.449113329043));
#2259 = CARTESIAN_POINT('',(17.435315408831,11.350471028796,
    -2.474556129966));
#2260 = CARTESIAN_POINT('',(17.435315408831,11.350471028796,
    -2.525148476743));
#2261 = CARTESIAN_POINT('',(17.436868585307,11.349961325131,
    -2.550295949639));
#2262 = CARTESIAN_POINT('',(17.439974392613,11.348942348962,
    -2.575352148322));
#2263 = CARTESIAN_POINT('',(17.444615579166,11.347413541076,
    -2.600229521502));
#2264 = CARTESIAN_POINT('',(17.450758665795,11.345374103333,
    -2.624843821976));
#2265 = CARTESIAN_POINT('',(17.458354424087,11.342823750115,
    -2.64911469164));
#2266 = CARTESIAN_POINT('',(17.471205790389,11.33844605468,
    -2.683233951939));
#2267 = CARTESIAN_POINT('',(17.475330825566,11.337034054414,
    -2.693424857721));
#2268 = CARTESIAN_POINT('',(17.479708498071,11.335527464097,
    -2.703533357123));
#2269 = CARTESIAN_POINT('',(17.484333515235,11.33392631538,
    -2.713554188408));
#2270 = CARTESIAN_POINT('',(17.489200253927,11.33223066644,
    -2.723482434832));
#2271 = CARTESIAN_POINT('',(17.494302760549,11.330440601979,
    -2.733313524641));
#2272 = CARTESIAN_POINT('',(17.507915675786,11.325629687148,
    -2.758154092014));
#2273 = CARTESIAN_POINT('',(17.516749357766,11.322476081472,
    -2.77301882842));
#2274 = CARTESIAN_POINT('',(17.526113008351,11.319095432787,
    -2.787623352848));
#2275 = CARTESIAN_POINT('',(17.53598257942,11.315488189613,
    -2.801954947467));
#2276 = CARTESIAN_POINT('',(17.546332763354,11.311655232402,
    -2.816002264058));
#2277 = CARTESIAN_POINT('',(17.557136993042,11.307597873532,
    -2.829755324009));
#2278 = CARTESIAN_POINT('',(17.588138598821,11.295782907144,
    -2.866884527652));
#2279 = CARTESIAN_POINT('',(17.609222432528,11.287561413125,
    -2.889614740199));
#2280 = CARTESIAN_POINT('',(17.631486328831,11.278657134242,
    -2.911374843878));
#2281 = CARTESIAN_POINT('',(17.654796537689,11.269076276052,
    -2.932152341535));
#2282 = CARTESIAN_POINT('',(17.679019144662,11.258828990646,
    -2.951942991789));
#2283 = CARTESIAN_POINT('',(17.704021042388,11.247930876611,
    -2.970750249877));
#2284 = CARTESIAN_POINT('',(17.760666398183,11.222475887667,
    -3.010136011305));
#2285 = CARTESIAN_POINT('',(17.792611299973,11.207628405398,
    -3.030269048938));
#2286 = CARTESIAN_POINT('',(17.82532524885,11.191878007167,
    -3.049036641188));
#2287 = CARTESIAN_POINT('',(17.858642048153,11.175245768351,
    -3.066494094488));
#2288 = CARTESIAN_POINT('',(17.892409400349,11.157757746505,
    -3.082698372712));
#2289 = CARTESIAN_POINT('',(17.926488644238,11.139444863142,
    -3.097707267968));
#2290 = CARTESIAN_POINT('',(17.986183328884,11.106167049553,
    -3.121872526794));
#2291 = CARTESIAN_POINT('',(18.011722399754,11.091552331734,
    -3.131543015449));
#2292 = CARTESIAN_POINT('',(18.037330055508,11.076507759771,
    -3.140616599199));
#2293 = CARTESIAN_POINT('',(18.062968190209,11.061042712413,
    -3.149118345181));
#2294 = CARTESIAN_POINT('',(18.088602241248,11.045166819447,
    -3.15707182583));
#2295 = CARTESIAN_POINT('',(18.114201189347,11.028889961698,
    -3.164499118887));
#2296 = CARTESIAN_POINT('',(18.212250981914,10.964892468588,
    -3.191075728766));
#2297 = CARTESIAN_POINT('',(18.284255180356,10.914412861502,
    -3.206652651448));
#2298 = CARTESIAN_POINT('',(18.355173679343,10.860972157909,
    -3.218638391513));
#2299 = CARTESIAN_POINT('',(18.424604212833,10.804761460804,
    -3.227390606039));
#2300 = CARTESIAN_POINT('',(18.492253741198,10.745961637434,
    -3.233146137677));
#2301 = CARTESIAN_POINT('',(18.557891537707,10.684749149413,
    -3.236024166057));
#2302 = CARTESIAN_POINT('',(18.667189903533,10.575450783586,
    -3.236024166057));
#2303 = CARTESIAN_POINT('',(18.711900951668,10.528425038181,
    -3.234519121462));
#2304 = CARTESIAN_POINT('',(18.755379000682,10.480319312609,
    -3.231508860663));
#2305 = CARTESIAN_POINT('',(18.797553823153,10.431217108109,
    -3.226961254639));
#2306 = CARTESIAN_POINT('',(18.838357317102,10.38121716927,
    -3.22081161343));
#2307 = CARTESIAN_POINT('',(18.877721371585,10.330441431399,
    -3.212962082623));
#2308 = CARTESIAN_POINT('',(18.948498895227,10.234340060277,
    -3.194861123508));
#2309 = CARTESIAN_POINT('',(18.980284421402,10.18916055086,
    -3.185054822675));
#2310 = CARTESIAN_POINT('',(19.010883409533,10.143608860371,
    -3.173774829932));
#2311 = CARTESIAN_POINT('',(19.040242124451,10.097815459241,
    -3.160917045708));
#2312 = CARTESIAN_POINT('',(19.068305616887,10.05194039381,
    -3.146360316618));
#2313 = CARTESIAN_POINT('',(19.095021343269,10.00617681253,
    -3.129966173825));
#2314 = CARTESIAN_POINT('',(19.139444863142,9.926488644238,
    -3.097707267968));
#2315 = CARTESIAN_POINT('',(19.157757746505,9.892409400349,
    -3.082698372712));
#2316 = CARTESIAN_POINT('',(19.175245768351,9.858642048153,
    -3.066494094488));
#2317 = CARTESIAN_POINT('',(19.191878007167,9.82532524885,
    -3.049036641188));
#2318 = CARTESIAN_POINT('',(19.207628405398,9.792611299973,
    -3.030269048938));
#2319 = CARTESIAN_POINT('',(19.222475887667,9.760666398183,
    -3.010136011305));
#2320 = CARTESIAN_POINT('',(19.247930876611,9.704021042388,
    -2.970750249877));
#2321 = CARTESIAN_POINT('',(19.258828990646,9.679019144662,
    -2.951942991789));
#2322 = CARTESIAN_POINT('',(19.269076276052,9.654796537689,
    -2.932152341535));
#2323 = CARTESIAN_POINT('',(19.278657134242,9.631486328831,
    -2.911374843878));
#2324 = CARTESIAN_POINT('',(19.287561413125,9.609222432528,
    -2.889614740199));
#2325 = CARTESIAN_POINT('',(19.295782907144,9.588138598821,
    -2.866884527652));
#2326 = CARTESIAN_POINT('',(19.307597873029,9.557136994363,
    -2.829755325591));
#2327 = CARTESIAN_POINT('',(19.311655232273,9.54633276366,
    -2.816002264153));
#2328 = CARTESIAN_POINT('',(19.315488189917,9.535982578578,
    -2.801954946092));
#2329 = CARTESIAN_POINT('',(19.319095433156,9.526113007366,
    -2.787623351542));
#2330 = CARTESIAN_POINT('',(19.322476081506,9.516749357713,
    -2.773018828688));
#2331 = CARTESIAN_POINT('',(19.325629686808,9.507915676747,
    -2.758154093769));
#2332 = CARTESIAN_POINT('',(19.330440601979,9.494302760549,
    -2.733313524641));
#2333 = CARTESIAN_POINT('',(19.33223066644,9.489200253927,
    -2.723482434832));
#2334 = CARTESIAN_POINT('',(19.33392631538,9.484333515235,
    -2.713554188408));
#2335 = CARTESIAN_POINT('',(19.335527464097,9.479708498071,
    -2.703533357123));
#2336 = CARTESIAN_POINT('',(19.337034054414,9.475330825566,
    -2.693424857721));
#2337 = CARTESIAN_POINT('',(19.33844605468,9.471205790389,
    -2.683233951939));
#2338 = CARTESIAN_POINT('',(19.342823750115,9.458354424087,
    -2.64911469164));
#2339 = CARTESIAN_POINT('',(19.345374103333,9.450758665795,
    -2.624843821976));
#2340 = CARTESIAN_POINT('',(19.347413541076,9.444615579166,
    -2.600229521502));
#2341 = CARTESIAN_POINT('',(19.348942348962,9.439974392613,
    -2.575352148322));
#2342 = CARTESIAN_POINT('',(19.349961325131,9.436868585307,
    -2.550295949639));
#2343 = CARTESIAN_POINT('',(19.350471028796,9.435315408831,
    -2.525148476743));
#2344 = CARTESIAN_POINT('',(19.350471028796,9.435315408831,
    -2.474556129966));
#2345 = CARTESIAN_POINT('',(19.349949276724,9.436905290323,
    -2.449113329043));
#2346 = CARTESIAN_POINT('',(19.348906234086,9.440084468565,
    -2.423765091687));
#2347 = CARTESIAN_POINT('',(19.347341307967,9.444834866938,
    -2.398602036026));
#2348 = CARTESIAN_POINT('',(19.345253655415,9.451121429546,
    -2.373711283691));
#2349 = CARTESIAN_POINT('',(19.342642987819,9.458892633821,
    -2.349175839642));
#2350 = CARTESIAN_POINT('',(19.338178445613,9.471987730072,
    -2.314826297728));
#2351 = CARTESIAN_POINT('',(19.336752058875,9.476151014536,
    -2.304656070787));
#2352 = CARTESIAN_POINT('',(19.335231222232,9.48056586089,
    -2.294568851083));
#2353 = CARTESIAN_POINT('',(19.333615969687,9.485226948273,
    -2.284569852949));
#2354 = CARTESIAN_POINT('',(19.3319063621,9.490128630591,-2.274663945129
    ));
#2355 = CARTESIAN_POINT('',(19.330102487178,9.49526493652,
    -2.264855650787));
#2356 = CARTESIAN_POINT('',(19.32525840868,9.508956361226,
    -2.240083059778));
#2357 = CARTESIAN_POINT('',(19.322085929147,9.51783247318,-2.22526379636
    ));
#2358 = CARTESIAN_POINT('',(19.318687047277,9.527235121279,
    -2.210705233827));
#2359 = CARTESIAN_POINT('',(19.315062222137,9.53714028624,-2.19641989097
    ));
#2360 = CARTESIAN_POINT('',(19.311212345471,9.547522713584,
    -2.18241892879));
#2361 = CARTESIAN_POINT('',(19.307138741698,9.558355913636,
    -2.168712150492));
#2362 = CARTESIAN_POINT('',(19.295294287097,9.589393470845,
    -2.131752051056));
#2363 = CARTESIAN_POINT('',(19.287063394297,9.610473080491,
    -2.109140632331));
#2364 = CARTESIAN_POINT('',(19.278154275476,9.632719628676,
    -2.087494256773));
#2365 = CARTESIAN_POINT('',(19.268573154743,9.65600073537,-2.06682479017
    ));
#2366 = CARTESIAN_POINT('',(19.258330156574,9.680183949446,
    -2.047136003906));
#2367 = CARTESIAN_POINT('',(19.247440768028,9.705137695826,
    -2.028424126219));
#2368 = CARTESIAN_POINT('',(19.222072920712,9.761530617669,
    -1.989324605897));
#2369 = CARTESIAN_POINT('',(19.207313410561,9.7932601461,-1.969367464417
    ));
#2370 = CARTESIAN_POINT('',(19.191664483304,9.825744662301,
    -1.950755169722));
#2371 = CARTESIAN_POINT('',(19.175146802402,9.85882178064,-1.93343353718
    ));
#2372 = CARTESIAN_POINT('',(19.157785863895,9.892342620716,
    -1.917346794102));
#2373 = CARTESIAN_POINT('',(19.139611878304,9.926171552609,
    -1.90243837702));
#2374 = CARTESIAN_POINT('',(19.066196685631,10.057933013783,
    -1.849033070651));
#2375 = CARTESIAN_POINT('',(19.005307004332,10.157210760776,
    -1.81867876411));
#2376 = CARTESIAN_POINT('',(18.938459147339,10.25573928796,
    -1.795998527108));
#2377 = CARTESIAN_POINT('',(18.866170580413,10.352163169914,
    -1.779784511294));
#2378 = CARTESIAN_POINT('',(18.788921453394,10.44561594461,
    -1.769245755765));
#2379 = CARTESIAN_POINT('',(18.707152238408,10.535488448711,
    -1.763975833943));
#2380 = CARTESIAN_POINT('',(18.62132034356,10.62132034356,
    -1.763975833943));
#2381 = CYLINDRICAL_SURFACE('',#2382,1.);
#2382 = AXIS2_PLACEMENT_3D('',#2383,#2384,#2385);
#2383 = CARTESIAN_POINT('',(22.307106781187,7.892893218813,-2.5));
#2384 = DIRECTION('',(0.707106781187,-0.707106781187,-2.22044604925E-16)
  );
#2385 = DIRECTION('',(0.707106781187,0.707106781187,0.));
#2386 = ADVANCED_FACE('',(#2387),#2414,.T.);
#2387 = FACE_BOUND('',#2388,.T.);
#2388 = EDGE_LOOP('',(#2389,#2390,#2391,#2392,#2393,#2399,#2400,#2408));
#2389 = ORIENTED_EDGE('',*,*,#1827,.F.);
#2390 = ORIENTED_EDGE('',*,*,#2211,.F.);
#2391 = ORIENTED_EDGE('',*,*,#1361,.F.);
#2392 = ORIENTED_EDGE('',*,*,#1427,.F.);
#2393 = ORIENTED_EDGE('',*,*,#2394,.F.);
#2394 = EDGE_CURVE('',#1595,#1419,#2395,.T.);
#2395 = LINE('',#2396,#2397);
#2396 = CARTESIAN_POINT('',(18.8,11.4,0.));
#2397 = VECTOR('',#2398,1.);
#2398 = DIRECTION('',(0.,0.,1.));
#2399 = ORIENTED_EDGE('',*,*,#1594,.F.);
#2400 = ORIENTED_EDGE('',*,*,#2401,.T.);
#2401 = EDGE_CURVE('',#1586,#2402,#2404,.T.);
#2402 = VERTEX_POINT('',#2403);
#2403 = CARTESIAN_POINT('',(19.4,10.8,1.));
#2404 = LINE('',#2405,#2406);
#2405 = CARTESIAN_POINT('',(19.4,10.8,0.));
#2406 = VECTOR('',#2407,1.);
#2407 = DIRECTION('',(0.,0.,1.));
#2408 = ORIENTED_EDGE('',*,*,#2409,.F.);
#2409 = EDGE_CURVE('',#1777,#2402,#2410,.T.);
#2410 = LINE('',#2411,#2412);
#2411 = CARTESIAN_POINT('',(18.446911275531,11.753088724469,1.));
#2412 = VECTOR('',#2413,1.);
#2413 = DIRECTION('',(-0.707106781187,0.707106781187,0.));
#2414 = PLANE('',#2415);
#2415 = AXIS2_PLACEMENT_3D('',#2416,#2417,#2418);
#2416 = CARTESIAN_POINT('',(22.307106781187,7.892893218813,-3.5));
#2417 = DIRECTION('',(0.707106781187,0.707106781187,0.));
#2418 = DIRECTION('',(0.,0.,1.));
#2419 = ADVANCED_FACE('',(#2420),#2431,.F.);
#2420 = FACE_BOUND('',#2421,.F.);
#2421 = EDGE_LOOP('',(#2422,#2423,#2424,#2430));
#2422 = ORIENTED_EDGE('',*,*,#2394,.F.);
#2423 = ORIENTED_EDGE('',*,*,#1602,.T.);
#2424 = ORIENTED_EDGE('',*,*,#2425,.T.);
#2425 = EDGE_CURVE('',#1603,#1411,#2426,.T.);
#2426 = LINE('',#2427,#2428);
#2427 = CARTESIAN_POINT('',(17.,12.,0.));
#2428 = VECTOR('',#2429,1.);
#2429 = DIRECTION('',(0.,0.,1.));
#2430 = ORIENTED_EDGE('',*,*,#1418,.F.);
#2431 = CYLINDRICAL_SURFACE('',#2432,3.);
#2432 = AXIS2_PLACEMENT_3D('',#2433,#2434,#2435);
#2433 = CARTESIAN_POINT('',(17.,9.,0.));
#2434 = DIRECTION('',(0.,0.,1.));
#2435 = DIRECTION('',(1.,0.,0.));
#2436 = ADVANCED_FACE('',(#2437),#2443,.F.);
#2437 = FACE_BOUND('',#2438,.F.);
#2438 = EDGE_LOOP('',(#2439,#2440,#2441,#2442));
#2439 = ORIENTED_EDGE('',*,*,#1611,.F.);
#2440 = ORIENTED_EDGE('',*,*,#1452,.T.);
#2441 = ORIENTED_EDGE('',*,*,#1410,.F.);
#2442 = ORIENTED_EDGE('',*,*,#2425,.F.);
#2443 = PLANE('',#2444);
#2444 = AXIS2_PLACEMENT_3D('',#2445,#2446,#2447);
#2445 = CARTESIAN_POINT('',(-20.,12.,0.));
#2446 = DIRECTION('',(0.,1.,0.));
#2447 = DIRECTION('',(0.,0.,1.));
#2448 = ADVANCED_FACE('',(#2449),#2468,.F.);
#2449 = FACE_BOUND('',#2450,.F.);
#2450 = EDGE_LOOP('',(#2451,#2459,#2460,#2461));
#2451 = ORIENTED_EDGE('',*,*,#2452,.F.);
#2452 = EDGE_CURVE('',#1578,#2453,#2455,.T.);
#2453 = VERTEX_POINT('',#2454);
#2454 = CARTESIAN_POINT('',(20.,9.,1.));
#2455 = LINE('',#2456,#2457);
#2456 = CARTESIAN_POINT('',(20.,9.,0.));
#2457 = VECTOR('',#2458,1.);
#2458 = DIRECTION('',(0.,0.,1.));
#2459 = ORIENTED_EDGE('',*,*,#1585,.T.);
#2460 = ORIENTED_EDGE('',*,*,#2401,.T.);
#2461 = ORIENTED_EDGE('',*,*,#2462,.F.);
#2462 = EDGE_CURVE('',#2453,#2402,#2463,.T.);
#2463 = CIRCLE('',#2464,3.);
#2464 = AXIS2_PLACEMENT_3D('',#2465,#2466,#2467);
#2465 = CARTESIAN_POINT('',(17.,9.,1.));
#2466 = DIRECTION('',(0.,0.,1.));
#2467 = DIRECTION('',(1.,0.,0.));
#2468 = CYLINDRICAL_SURFACE('',#2469,3.);
#2469 = AXIS2_PLACEMENT_3D('',#2470,#2471,#2472);
#2470 = CARTESIAN_POINT('',(17.,9.,0.));
#2471 = DIRECTION('',(0.,0.,1.));
#2472 = DIRECTION('',(1.,0.,0.));
#2473 = ADVANCED_FACE('',(#2474),#2492,.F.);
#2474 = FACE_BOUND('',#2475,.F.);
#2475 = EDGE_LOOP('',(#2476,#2484,#2490,#2491));
#2476 = ORIENTED_EDGE('',*,*,#2477,.F.);
#2477 = EDGE_CURVE('',#2478,#2453,#2480,.T.);
#2478 = VERTEX_POINT('',#2479);
#2479 = CARTESIAN_POINT('',(20.,-9.,1.));
#2480 = LINE('',#2481,#2482);
#2481 = CARTESIAN_POINT('',(20.,-12.5,1.));
#2482 = VECTOR('',#2483,1.);
#2483 = DIRECTION('',(0.,1.,0.));
#2484 = ORIENTED_EDGE('',*,*,#2485,.F.);
#2485 = EDGE_CURVE('',#1569,#2478,#2486,.T.);
#2486 = LINE('',#2487,#2488);
#2487 = CARTESIAN_POINT('',(20.,-9.,0.));
#2488 = VECTOR('',#2489,1.);
#2489 = DIRECTION('',(0.,0.,1.));
#2490 = ORIENTED_EDGE('',*,*,#1577,.T.);
#2491 = ORIENTED_EDGE('',*,*,#2452,.T.);
#2492 = PLANE('',#2493);
#2493 = AXIS2_PLACEMENT_3D('',#2494,#2495,#2496);
#2494 = CARTESIAN_POINT('',(20.,-12.,0.));
#2495 = DIRECTION('',(1.,0.,0.));
#2496 = DIRECTION('',(0.,0.,1.));
#2497 = ADVANCED_FACE('',(#2498),#2517,.F.);
#2498 = FACE_BOUND('',#2499,.T.);
#2499 = EDGE_LOOP('',(#2500,#2501,#2502,#2510));
#2500 = ORIENTED_EDGE('',*,*,#2485,.F.);
#2501 = ORIENTED_EDGE('',*,*,#1568,.T.);
#2502 = ORIENTED_EDGE('',*,*,#2503,.T.);
#2503 = EDGE_CURVE('',#1561,#2504,#2506,.T.);
#2504 = VERTEX_POINT('',#2505);
#2505 = CARTESIAN_POINT('',(19.4,-10.8,1.));
#2506 = LINE('',#2507,#2508);
#2507 = CARTESIAN_POINT('',(19.4,-10.8,0.));
#2508 = VECTOR('',#2509,1.);
#2509 = DIRECTION('',(0.,0.,1.));
#2510 = ORIENTED_EDGE('',*,*,#2511,.T.);
#2511 = EDGE_CURVE('',#2504,#2478,#2512,.T.);
#2512 = CIRCLE('',#2513,3.);
#2513 = AXIS2_PLACEMENT_3D('',#2514,#2515,#2516);
#2514 = CARTESIAN_POINT('',(17.,-9.,1.));
#2515 = DIRECTION('',(0.,0.,1.));
#2516 = DIRECTION('',(1.,0.,0.));
#2517 = CYLINDRICAL_SURFACE('',#2518,3.);
#2518 = AXIS2_PLACEMENT_3D('',#2519,#2520,#2521);
#2519 = CARTESIAN_POINT('',(17.,-9.,0.));
#2520 = DIRECTION('',(0.,0.,1.));
#2521 = DIRECTION('',(1.,0.,0.));
#2522 = ADVANCED_FACE('',(#2523),#2564,.T.);
#2523 = FACE_BOUND('',#2524,.T.);
#2524 = EDGE_LOOP('',(#2525,#2526,#2532,#2533,#2539,#2540,#2541,#2549,
    #2557));
#2525 = ORIENTED_EDGE('',*,*,#1685,.T.);
#2526 = ORIENTED_EDGE('',*,*,#2527,.F.);
#2527 = EDGE_CURVE('',#1785,#1686,#2528,.T.);
#2528 = LINE('',#2529,#2530);
#2529 = CARTESIAN_POINT('',(15.892893218813,-14.30710678118,-1.5));
#2530 = VECTOR('',#2531,1.);
#2531 = DIRECTION('',(-0.707106781187,-0.707106781187,-2.22044604925E-16
    ));
#2532 = ORIENTED_EDGE('',*,*,#1784,.F.);
#2533 = ORIENTED_EDGE('',*,*,#2534,.F.);
#2534 = EDGE_CURVE('',#2504,#1775,#2535,.T.);
#2535 = LINE('',#2536,#2537);
#2536 = CARTESIAN_POINT('',(18.642120041307,-11.55787995869,1.));
#2537 = VECTOR('',#2538,1.);
#2538 = DIRECTION('',(0.707106781187,0.707106781187,-0.));
#2539 = ORIENTED_EDGE('',*,*,#2503,.F.);
#2540 = ORIENTED_EDGE('',*,*,#1560,.F.);
#2541 = ORIENTED_EDGE('',*,*,#2542,.T.);
#2542 = EDGE_CURVE('',#1552,#2543,#2545,.T.);
#2543 = VERTEX_POINT('',#2544);
#2544 = CARTESIAN_POINT('',(18.8,-11.4,1.));
#2545 = LINE('',#2546,#2547);
#2546 = CARTESIAN_POINT('',(18.8,-11.4,0.));
#2547 = VECTOR('',#2548,1.);
#2548 = DIRECTION('',(0.,0.,1.));
#2549 = ORIENTED_EDGE('',*,*,#2550,.F.);
#2550 = EDGE_CURVE('',#2551,#2543,#2553,.T.);
#2551 = VERTEX_POINT('',#2552);
#2552 = CARTESIAN_POINT('',(17.35677914902,-12.84322085098,1.));
#2553 = LINE('',#2554,#2555);
#2554 = CARTESIAN_POINT('',(18.642120041307,-11.55787995869,1.));
#2555 = VECTOR('',#2556,1.);
#2556 = DIRECTION('',(0.707106781187,0.707106781187,-0.));
#2557 = ORIENTED_EDGE('',*,*,#2558,.F.);
#2558 = EDGE_CURVE('',#1677,#2551,#2559,.T.);
#2559 = CIRCLE('',#2560,4.959334632791);
#2560 = AXIS2_PLACEMENT_3D('',#2561,#2562,#2563);
#2561 = CARTESIAN_POINT('',(13.85,-16.35,1.));
#2562 = DIRECTION('',(0.707106781187,-0.707106781187,0.));
#2563 = DIRECTION('',(0.707106781187,0.707106781187,0.));
#2564 = PLANE('',#2565);
#2565 = AXIS2_PLACEMENT_3D('',#2566,#2567,#2568);
#2566 = CARTESIAN_POINT('',(15.892893218813,-14.30710678118,-3.5));
#2567 = DIRECTION('',(0.707106781187,-0.707106781187,0.));
#2568 = DIRECTION('',(0.,0.,1.));
#2569 = ADVANCED_FACE('',(#2570),#2589,.F.);
#2570 = FACE_BOUND('',#2571,.T.);
#2571 = EDGE_LOOP('',(#2572,#2573,#2574,#2582));
#2572 = ORIENTED_EDGE('',*,*,#2542,.F.);
#2573 = ORIENTED_EDGE('',*,*,#1551,.T.);
#2574 = ORIENTED_EDGE('',*,*,#2575,.T.);
#2575 = EDGE_CURVE('',#1544,#2576,#2578,.T.);
#2576 = VERTEX_POINT('',#2577);
#2577 = CARTESIAN_POINT('',(17.,-12.,1.));
#2578 = LINE('',#2579,#2580);
#2579 = CARTESIAN_POINT('',(17.,-12.,0.));
#2580 = VECTOR('',#2581,1.);
#2581 = DIRECTION('',(0.,0.,1.));
#2582 = ORIENTED_EDGE('',*,*,#2583,.T.);
#2583 = EDGE_CURVE('',#2576,#2543,#2584,.T.);
#2584 = CIRCLE('',#2585,3.);
#2585 = AXIS2_PLACEMENT_3D('',#2586,#2587,#2588);
#2586 = CARTESIAN_POINT('',(17.,-9.,1.));
#2587 = DIRECTION('',(0.,0.,1.));
#2588 = DIRECTION('',(1.,0.,0.));
#2589 = CYLINDRICAL_SURFACE('',#2590,3.);
#2590 = AXIS2_PLACEMENT_3D('',#2591,#2592,#2593);
#2591 = CARTESIAN_POINT('',(17.,-9.,0.));
#2592 = DIRECTION('',(0.,0.,1.));
#2593 = DIRECTION('',(1.,0.,0.));
#2594 = ADVANCED_FACE('',(#2595),#2613,.T.);
#2595 = FACE_BOUND('',#2596,.T.);
#2596 = EDGE_LOOP('',(#2597,#2598,#2606,#2612));
#2597 = ORIENTED_EDGE('',*,*,#1543,.F.);
#2598 = ORIENTED_EDGE('',*,*,#2599,.F.);
#2599 = EDGE_CURVE('',#2600,#1536,#2602,.T.);
#2600 = VERTEX_POINT('',#2601);
#2601 = CARTESIAN_POINT('',(16.2,-12.,1.));
#2602 = LINE('',#2603,#2604);
#2603 = CARTESIAN_POINT('',(16.2,-12.,-0.25));
#2604 = VECTOR('',#2605,1.);
#2605 = DIRECTION('',(0.,0.,-1.));
#2606 = ORIENTED_EDGE('',*,*,#2607,.F.);
#2607 = EDGE_CURVE('',#2576,#2600,#2608,.T.);
#2608 = LINE('',#2609,#2610);
#2609 = CARTESIAN_POINT('',(-20.5,-12.,1.));
#2610 = VECTOR('',#2611,1.);
#2611 = DIRECTION('',(-1.,0.,0.));
#2612 = ORIENTED_EDGE('',*,*,#2575,.F.);
#2613 = PLANE('',#2614);
#2614 = AXIS2_PLACEMENT_3D('',#2615,#2616,#2617);
#2615 = CARTESIAN_POINT('',(-20.,-12.,0.));
#2616 = DIRECTION('',(0.,1.,0.));
#2617 = DIRECTION('',(0.,0.,1.));
#2618 = ADVANCED_FACE('',(#2619),#2653,.F.);
#2619 = FACE_BOUND('',#2620,.F.);
#2620 = EDGE_LOOP('',(#2621,#2631,#2639,#2645,#2646,#2647));
#2621 = ORIENTED_EDGE('',*,*,#2622,.F.);
#2622 = EDGE_CURVE('',#2623,#2625,#2627,.T.);
#2623 = VERTEX_POINT('',#2624);
#2624 = CARTESIAN_POINT('',(16.2,-12.1,-0.5));
#2625 = VERTEX_POINT('',#2626);
#2626 = CARTESIAN_POINT('',(16.2,-12.1,1.));
#2627 = LINE('',#2628,#2629);
#2628 = CARTESIAN_POINT('',(16.2,-12.1,-0.5));
#2629 = VECTOR('',#2630,1.);
#2630 = DIRECTION('',(0.,0.,1.));
#2631 = ORIENTED_EDGE('',*,*,#2632,.T.);
#2632 = EDGE_CURVE('',#2623,#2633,#2635,.T.);
#2633 = VERTEX_POINT('',#2634);
#2634 = CARTESIAN_POINT('',(16.2,-11.5,-0.5));
#2635 = LINE('',#2636,#2637);
#2636 = CARTESIAN_POINT('',(16.2,-12.1,-0.5));
#2637 = VECTOR('',#2638,1.);
#2638 = DIRECTION('',(0.,1.,0.));
#2639 = ORIENTED_EDGE('',*,*,#2640,.F.);
#2640 = EDGE_CURVE('',#1528,#2633,#2641,.T.);
#2641 = LINE('',#2642,#2643);
#2642 = CARTESIAN_POINT('',(16.2,-11.5,-2.));
#2643 = VECTOR('',#2644,1.);
#2644 = DIRECTION('',(0.,0.,-1.));
#2645 = ORIENTED_EDGE('',*,*,#1535,.F.);
#2646 = ORIENTED_EDGE('',*,*,#2599,.F.);
#2647 = ORIENTED_EDGE('',*,*,#2648,.F.);
#2648 = EDGE_CURVE('',#2625,#2600,#2649,.T.);
#2649 = LINE('',#2650,#2651);
#2650 = CARTESIAN_POINT('',(16.2,-12.1,1.));
#2651 = VECTOR('',#2652,1.);
#2652 = DIRECTION('',(0.,1.,0.));
#2653 = PLANE('',#2654);
#2654 = AXIS2_PLACEMENT_3D('',#2655,#2656,#2657);
#2655 = CARTESIAN_POINT('',(16.2,-12.1,-0.5));
#2656 = DIRECTION('',(1.,0.,0.));
#2657 = DIRECTION('',(0.,0.,1.));
#2658 = ADVANCED_FACE('',(#2659),#2686,.T.);
#2659 = FACE_BOUND('',#2660,.T.);
#2660 = EDGE_LOOP('',(#2661,#2662,#2663,#2664,#2672,#2678,#2679,#2680));
#2661 = ORIENTED_EDGE('',*,*,#2110,.F.);
#2662 = ORIENTED_EDGE('',*,*,#1928,.T.);
#2663 = ORIENTED_EDGE('',*,*,#1982,.T.);
#2664 = ORIENTED_EDGE('',*,*,#2665,.T.);
#2665 = EDGE_CURVE('',#1975,#2666,#2668,.T.);
#2666 = VERTEX_POINT('',#2667);
#2667 = CARTESIAN_POINT('',(12.4,-11.5,-0.5));
#2668 = LINE('',#2669,#2670);
#2669 = CARTESIAN_POINT('',(12.4,-11.5,-2.));
#2670 = VECTOR('',#2671,1.);
#2671 = DIRECTION('',(0.,0.,-1.));
#2672 = ORIENTED_EDGE('',*,*,#2673,.T.);
#2673 = EDGE_CURVE('',#2666,#2633,#2674,.T.);
#2674 = LINE('',#2675,#2676);
#2675 = CARTESIAN_POINT('',(-3.55,-11.5,-0.5));
#2676 = VECTOR('',#2677,1.);
#2677 = DIRECTION('',(1.,0.,0.));
#2678 = ORIENTED_EDGE('',*,*,#2640,.F.);
#2679 = ORIENTED_EDGE('',*,*,#1527,.T.);
#2680 = ORIENTED_EDGE('',*,*,#2681,.F.);
#2681 = EDGE_CURVE('',#2111,#1519,#2682,.T.);
#2682 = LINE('',#2683,#2684);
#2683 = CARTESIAN_POINT('',(16.5,-11.5,-3.5));
#2684 = VECTOR('',#2685,1.);
#2685 = DIRECTION('',(0.,0.,1.));
#2686 = PLANE('',#2687);
#2687 = AXIS2_PLACEMENT_3D('',#2688,#2689,#2690);
#2688 = CARTESIAN_POINT('',(-19.5,-11.5,-3.5));
#2689 = DIRECTION('',(0.,1.,0.));
#2690 = DIRECTION('',(0.,0.,1.));
#2691 = ADVANCED_FACE('',(#2692,#2703),#2868,.F.);
#2692 = FACE_BOUND('',#2693,.T.);
#2693 = EDGE_LOOP('',(#2694,#2700,#2701,#2702));
#2694 = ORIENTED_EDGE('',*,*,#2695,.F.);
#2695 = EDGE_CURVE('',#2119,#1511,#2696,.T.);
#2696 = LINE('',#2697,#2698);
#2697 = CARTESIAN_POINT('',(19.5,-8.5,-3.5));
#2698 = VECTOR('',#2699,1.);
#2699 = DIRECTION('',(0.,0.,1.));
#2700 = ORIENTED_EDGE('',*,*,#2118,.T.);
#2701 = ORIENTED_EDGE('',*,*,#2681,.T.);
#2702 = ORIENTED_EDGE('',*,*,#1518,.T.);
#2703 = FACE_BOUND('',#2704,.T.);
#2704 = EDGE_LOOP('',(#2705));
#2705 = ORIENTED_EDGE('',*,*,#2706,.F.);
#2706 = EDGE_CURVE('',#2707,#2707,#2709,.T.);
#2707 = VERTEX_POINT('',#2708);
#2708 = CARTESIAN_POINT('',(18.62132034356,-10.62132034356,
    -1.763975833943));
#2709 = B_SPLINE_CURVE_WITH_KNOTS('',7,(#2710,#2711,#2712,#2713,#2714,
    #2715,#2716,#2717,#2718,#2719,#2720,#2721,#2722,#2723,#2724,#2725,
    #2726,#2727,#2728,#2729,#2730,#2731,#2732,#2733,#2734,#2735,#2736,
    #2737,#2738,#2739,#2740,#2741,#2742,#2743,#2744,#2745,#2746,#2747,
    #2748,#2749,#2750,#2751,#2752,#2753,#2754,#2755,#2756,#2757,#2758,
    #2759,#2760,#2761,#2762,#2763,#2764,#2765,#2766,#2767,#2768,#2769,
    #2770,#2771,#2772,#2773,#2774,#2775,#2776,#2777,#2778,#2779,#2780,
    #2781,#2782,#2783,#2784,#2785,#2786,#2787,#2788,#2789,#2790,#2791,
    #2792,#2793,#2794,#2795,#2796,#2797,#2798,#2799,#2800,#2801,#2802,
    #2803,#2804,#2805,#2806,#2807,#2808,#2809,#2810,#2811,#2812,#2813,
    #2814,#2815,#2816,#2817,#2818,#2819,#2820,#2821,#2822,#2823,#2824,
    #2825,#2826,#2827,#2828,#2829,#2830,#2831,#2832,#2833,#2834,#2835,
    #2836,#2837,#2838,#2839,#2840,#2841,#2842,#2843,#2844,#2845,#2846,
    #2847,#2848,#2849,#2850,#2851,#2852,#2853,#2854,#2855,#2856,#2857,
    #2858,#2859,#2860,#2861,#2862,#2863,#2864,#2865,#2866,#2867),
  .UNSPECIFIED.,.T.,.F.,(8,6,6,6,6,6,6,6,6,6,6,6,6,6,6,6,6,6,6,6,6,6,6,6
    ,6,6,8),(0.,0.115906505833,0.156240082797,0.189758674086,
    0.208831909661,0.221120064835,0.250021011728,0.278586430032,
    0.290883376812,0.309981329627,0.343603197498,0.384232132266,
    0.414383046111,0.500000000022,0.585616953932,0.615767867777,
    0.656396802545,0.690018670416,0.709116623231,0.721413570011,
    0.749978988315,0.778879935207,0.791168090382,0.810241325956,
    0.843759917245,0.884093494204,1.),.UNSPECIFIED.);
#2710 = CARTESIAN_POINT('',(18.62132034356,-10.62132034356,
    -1.763975833943));
#2711 = CARTESIAN_POINT('',(18.707152238408,-10.53548844871,
    -1.763975833943));
#2712 = CARTESIAN_POINT('',(18.788921453394,-10.4456159446,
    -1.769245755765));
#2713 = CARTESIAN_POINT('',(18.866170580412,-10.35216316991,
    -1.779784511294));
#2714 = CARTESIAN_POINT('',(18.93845914734,-10.25573928795,
    -1.795998527108));
#2715 = CARTESIAN_POINT('',(19.005307004331,-10.15721076077,
    -1.81867876411));
#2716 = CARTESIAN_POINT('',(19.066196685631,-10.05793301378,
    -1.849033070651));
#2717 = CARTESIAN_POINT('',(19.139611878301,-9.926171552615,
    -1.902438377018));
#2718 = CARTESIAN_POINT('',(19.157785863895,-9.892342620716,
    -1.917346794102));
#2719 = CARTESIAN_POINT('',(19.175146802404,-9.858821780636,
    -1.933433537181));
#2720 = CARTESIAN_POINT('',(19.191664483306,-9.825744662297,
    -1.950755169724));
#2721 = CARTESIAN_POINT('',(19.207313410561,-9.7932601461,
    -1.969367464417));
#2722 = CARTESIAN_POINT('',(19.22207292071,-9.761530617673,
    -1.989324605894));
#2723 = CARTESIAN_POINT('',(19.247440768028,-9.705137695826,
    -2.028424126219));
#2724 = CARTESIAN_POINT('',(19.258330156574,-9.680183949446,
    -2.047136003906));
#2725 = CARTESIAN_POINT('',(19.268573154743,-9.65600073537,
    -2.06682479017));
#2726 = CARTESIAN_POINT('',(19.278154275476,-9.632719628676,
    -2.087494256773));
#2727 = CARTESIAN_POINT('',(19.287063394297,-9.610473080491,
    -2.109140632331));
#2728 = CARTESIAN_POINT('',(19.295294287097,-9.589393470845,
    -2.131752051056));
#2729 = CARTESIAN_POINT('',(19.307138741698,-9.558355913636,
    -2.168712150492));
#2730 = CARTESIAN_POINT('',(19.311212345471,-9.547522713584,
    -2.18241892879));
#2731 = CARTESIAN_POINT('',(19.315062222137,-9.53714028624,
    -2.19641989097));
#2732 = CARTESIAN_POINT('',(19.318687047277,-9.527235121279,
    -2.210705233827));
#2733 = CARTESIAN_POINT('',(19.322085929147,-9.51783247318,
    -2.22526379636));
#2734 = CARTESIAN_POINT('',(19.32525840868,-9.508956361226,
    -2.240083059778));
#2735 = CARTESIAN_POINT('',(19.330102487178,-9.49526493652,
    -2.264855650787));
#2736 = CARTESIAN_POINT('',(19.3319063621,-9.490128630591,
    -2.274663945129));
#2737 = CARTESIAN_POINT('',(19.333615969687,-9.485226948273,
    -2.284569852949));
#2738 = CARTESIAN_POINT('',(19.335231222232,-9.48056586089,
    -2.294568851083));
#2739 = CARTESIAN_POINT('',(19.336752058875,-9.476151014536,
    -2.304656070787));
#2740 = CARTESIAN_POINT('',(19.338178445613,-9.471987730072,
    -2.314826297728));
#2741 = CARTESIAN_POINT('',(19.342642987819,-9.458892633821,
    -2.349175839642));
#2742 = CARTESIAN_POINT('',(19.345253655415,-9.451121429546,
    -2.373711283691));
#2743 = CARTESIAN_POINT('',(19.347341307967,-9.444834866938,
    -2.398602036026));
#2744 = CARTESIAN_POINT('',(19.348906234086,-9.440084468565,
    -2.423765091687));
#2745 = CARTESIAN_POINT('',(19.349949276724,-9.436905290323,
    -2.449113329043));
#2746 = CARTESIAN_POINT('',(19.350471028796,-9.435315408831,
    -2.474556129966));
#2747 = CARTESIAN_POINT('',(19.350471028796,-9.435315408831,
    -2.525148476743));
#2748 = CARTESIAN_POINT('',(19.349961325131,-9.436868585307,
    -2.550295949639));
#2749 = CARTESIAN_POINT('',(19.348942348962,-9.439974392613,
    -2.575352148322));
#2750 = CARTESIAN_POINT('',(19.347413541076,-9.444615579166,
    -2.600229521502));
#2751 = CARTESIAN_POINT('',(19.345374103333,-9.450758665795,
    -2.624843821976));
#2752 = CARTESIAN_POINT('',(19.342823750115,-9.458354424087,
    -2.64911469164));
#2753 = CARTESIAN_POINT('',(19.33844605468,-9.471205790389,
    -2.683233951939));
#2754 = CARTESIAN_POINT('',(19.337034054414,-9.475330825566,
    -2.693424857721));
#2755 = CARTESIAN_POINT('',(19.335527464097,-9.479708498071,
    -2.703533357123));
#2756 = CARTESIAN_POINT('',(19.33392631538,-9.484333515235,
    -2.713554188408));
#2757 = CARTESIAN_POINT('',(19.33223066644,-9.489200253927,
    -2.723482434832));
#2758 = CARTESIAN_POINT('',(19.330440601979,-9.494302760549,
    -2.733313524641));
#2759 = CARTESIAN_POINT('',(19.325629686808,-9.507915676747,
    -2.758154093769));
#2760 = CARTESIAN_POINT('',(19.322476081506,-9.516749357713,
    -2.773018828688));
#2761 = CARTESIAN_POINT('',(19.319095433156,-9.526113007366,
    -2.787623351542));
#2762 = CARTESIAN_POINT('',(19.315488189917,-9.535982578578,
    -2.801954946092));
#2763 = CARTESIAN_POINT('',(19.311655232273,-9.54633276366,
    -2.816002264153));
#2764 = CARTESIAN_POINT('',(19.307597873029,-9.557136994363,
    -2.829755325591));
#2765 = CARTESIAN_POINT('',(19.295782907144,-9.588138598821,
    -2.866884527652));
#2766 = CARTESIAN_POINT('',(19.287561413125,-9.609222432528,
    -2.889614740199));
#2767 = CARTESIAN_POINT('',(19.278657134242,-9.631486328831,
    -2.911374843878));
#2768 = CARTESIAN_POINT('',(19.269076276052,-9.654796537689,
    -2.932152341535));
#2769 = CARTESIAN_POINT('',(19.258828990646,-9.679019144662,
    -2.951942991789));
#2770 = CARTESIAN_POINT('',(19.247930876611,-9.704021042388,
    -2.970750249877));
#2771 = CARTESIAN_POINT('',(19.222475887665,-9.760666398188,
    -3.010136011308));
#2772 = CARTESIAN_POINT('',(19.207628405397,-9.792611299973,
    -3.030269048938));
#2773 = CARTESIAN_POINT('',(19.191878007169,-9.825325248845,
    -3.049036641185));
#2774 = CARTESIAN_POINT('',(19.175245768354,-9.858642048149,
    -3.066494094486));
#2775 = CARTESIAN_POINT('',(19.157757746505,-9.892409400349,
    -3.082698372712));
#2776 = CARTESIAN_POINT('',(19.139444863138,-9.926488644244,
    -3.09770726797));
#2777 = CARTESIAN_POINT('',(19.106167048451,-9.98618333086,
    -3.121872527594));
#2778 = CARTESIAN_POINT('',(19.091552331686,-10.01172239998,
    -3.131543015661));
#2779 = CARTESIAN_POINT('',(19.076507760754,-10.03733005394,
    -3.140616598726));
#2780 = CARTESIAN_POINT('',(19.061042713331,-10.06296818863,
    -3.149118344597));
#2781 = CARTESIAN_POINT('',(19.045166819237,-10.08860224144,
    -3.157071825767));
#2782 = CARTESIAN_POINT('',(19.028889960434,-10.11420119128,
    -3.164499119412));
#2783 = CARTESIAN_POINT('',(18.964892468588,-10.21225098191,
    -3.191075728766));
#2784 = CARTESIAN_POINT('',(18.914412861502,-10.28425518035,
    -3.206652651448));
#2785 = CARTESIAN_POINT('',(18.860972157909,-10.35517367934,
    -3.218638391513));
#2786 = CARTESIAN_POINT('',(18.804761460804,-10.42460421283,
    -3.227390606039));
#2787 = CARTESIAN_POINT('',(18.745961637434,-10.49225374119,
    -3.233146137677));
#2788 = CARTESIAN_POINT('',(18.684749149413,-10.5578915377,
    -3.236024166057));
#2789 = CARTESIAN_POINT('',(18.557891537707,-10.68474914941,
    -3.236024166057));
#2790 = CARTESIAN_POINT('',(18.492253741198,-10.74596163743,
    -3.233146137677));
#2791 = CARTESIAN_POINT('',(18.424604212833,-10.8047614608,
    -3.227390606039));
#2792 = CARTESIAN_POINT('',(18.355173679343,-10.8609721579,
    -3.218638391513));
#2793 = CARTESIAN_POINT('',(18.284255180356,-10.9144128615,
    -3.206652651448));
#2794 = CARTESIAN_POINT('',(18.212250981914,-10.96489246858,
    -3.191075728766));
#2795 = CARTESIAN_POINT('',(18.114201191284,-11.02888996043,
    -3.164499119412));
#2796 = CARTESIAN_POINT('',(18.088602241442,-11.04516681923,
    -3.157071825767));
#2797 = CARTESIAN_POINT('',(18.06296818863,-11.06104271333,
    -3.149118344597));
#2798 = CARTESIAN_POINT('',(18.037330053945,-11.07650776075,
    -3.140616598726));
#2799 = CARTESIAN_POINT('',(18.011722399988,-11.09155233168,
    -3.131543015661));
#2800 = CARTESIAN_POINT('',(17.98618333086,-11.10616704845,
    -3.121872527594));
#2801 = CARTESIAN_POINT('',(17.926488644244,-11.13944486313,
    -3.09770726797));
#2802 = CARTESIAN_POINT('',(17.892409400349,-11.1577577465,
    -3.082698372712));
#2803 = CARTESIAN_POINT('',(17.858642048149,-11.17524576835,
    -3.066494094486));
#2804 = CARTESIAN_POINT('',(17.825325248845,-11.19187800716,
    -3.049036641185));
#2805 = CARTESIAN_POINT('',(17.792611299973,-11.20762840539,
    -3.030269048938));
#2806 = CARTESIAN_POINT('',(17.760666398188,-11.22247588766,
    -3.010136011308));
#2807 = CARTESIAN_POINT('',(17.704021042388,-11.24793087661,
    -2.970750249877));
#2808 = CARTESIAN_POINT('',(17.679019144662,-11.25882899064,
    -2.951942991789));
#2809 = CARTESIAN_POINT('',(17.654796537689,-11.26907627605,
    -2.932152341535));
#2810 = CARTESIAN_POINT('',(17.631486328831,-11.27865713424,
    -2.911374843878));
#2811 = CARTESIAN_POINT('',(17.609222432528,-11.28756141312,
    -2.889614740199));
#2812 = CARTESIAN_POINT('',(17.588138598821,-11.29578290714,
    -2.866884527652));
#2813 = CARTESIAN_POINT('',(17.557136994363,-11.30759787302,
    -2.829755325591));
#2814 = CARTESIAN_POINT('',(17.54633276366,-11.31165523227,
    -2.816002264153));
#2815 = CARTESIAN_POINT('',(17.535982578578,-11.31548818991,
    -2.801954946092));
#2816 = CARTESIAN_POINT('',(17.526113007366,-11.31909543315,
    -2.787623351542));
#2817 = CARTESIAN_POINT('',(17.516749357713,-11.3224760815,
    -2.773018828688));
#2818 = CARTESIAN_POINT('',(17.507915676747,-11.3256296868,
    -2.758154093769));
#2819 = CARTESIAN_POINT('',(17.494302760549,-11.33044060197,
    -2.733313524641));
#2820 = CARTESIAN_POINT('',(17.489200253927,-11.33223066644,
    -2.723482434832));
#2821 = CARTESIAN_POINT('',(17.484333515235,-11.33392631538,
    -2.713554188408));
#2822 = CARTESIAN_POINT('',(17.479708498071,-11.33552746409,
    -2.703533357123));
#2823 = CARTESIAN_POINT('',(17.475330825566,-11.33703405441,
    -2.693424857721));
#2824 = CARTESIAN_POINT('',(17.471205790389,-11.33844605468,
    -2.683233951939));
#2825 = CARTESIAN_POINT('',(17.458354424087,-11.34282375011,
    -2.64911469164));
#2826 = CARTESIAN_POINT('',(17.450758665795,-11.34537410333,
    -2.624843821976));
#2827 = CARTESIAN_POINT('',(17.444615579166,-11.34741354107,
    -2.600229521502));
#2828 = CARTESIAN_POINT('',(17.439974392613,-11.34894234896,
    -2.575352148322));
#2829 = CARTESIAN_POINT('',(17.436868585307,-11.34996132513,
    -2.550295949639));
#2830 = CARTESIAN_POINT('',(17.435315408831,-11.35047102879,
    -2.525148476743));
#2831 = CARTESIAN_POINT('',(17.435315408831,-11.35047102879,
    -2.474556129966));
#2832 = CARTESIAN_POINT('',(17.436905290323,-11.34994927672,
    -2.449113329043));
#2833 = CARTESIAN_POINT('',(17.440084468565,-11.34890623408,
    -2.423765091687));
#2834 = CARTESIAN_POINT('',(17.444834866938,-11.34734130796,
    -2.398602036026));
#2835 = CARTESIAN_POINT('',(17.451121429546,-11.34525365541,
    -2.373711283691));
#2836 = CARTESIAN_POINT('',(17.458892633821,-11.34264298781,
    -2.349175839642));
#2837 = CARTESIAN_POINT('',(17.471987730072,-11.33817844561,
    -2.314826297728));
#2838 = CARTESIAN_POINT('',(17.476151014536,-11.33675205887,
    -2.304656070787));
#2839 = CARTESIAN_POINT('',(17.48056586089,-11.33523122223,
    -2.294568851083));
#2840 = CARTESIAN_POINT('',(17.485226948273,-11.33361596968,
    -2.284569852949));
#2841 = CARTESIAN_POINT('',(17.490128630591,-11.3319063621,
    -2.274663945129));
#2842 = CARTESIAN_POINT('',(17.49526493652,-11.33010248717,
    -2.264855650787));
#2843 = CARTESIAN_POINT('',(17.508956361226,-11.32525840868,
    -2.240083059778));
#2844 = CARTESIAN_POINT('',(17.51783247318,-11.32208592914,
    -2.22526379636));
#2845 = CARTESIAN_POINT('',(17.527235121279,-11.31868704727,
    -2.210705233827));
#2846 = CARTESIAN_POINT('',(17.53714028624,-11.31506222213,
    -2.19641989097));
#2847 = CARTESIAN_POINT('',(17.547522713584,-11.31121234547,
    -2.18241892879));
#2848 = CARTESIAN_POINT('',(17.558355913636,-11.30713874169,
    -2.168712150492));
#2849 = CARTESIAN_POINT('',(17.589393470845,-11.29529428709,
    -2.131752051056));
#2850 = CARTESIAN_POINT('',(17.610473080491,-11.28706339429,
    -2.109140632331));
#2851 = CARTESIAN_POINT('',(17.632719628676,-11.27815427547,
    -2.087494256773));
#2852 = CARTESIAN_POINT('',(17.65600073537,-11.26857315474,
    -2.06682479017));
#2853 = CARTESIAN_POINT('',(17.680183949446,-11.25833015657,
    -2.047136003906));
#2854 = CARTESIAN_POINT('',(17.705137695826,-11.24744076802,
    -2.028424126219));
#2855 = CARTESIAN_POINT('',(17.761530617669,-11.22207292071,
    -1.989324605897));
#2856 = CARTESIAN_POINT('',(17.7932601461,-11.20731341056,
    -1.969367464417));
#2857 = CARTESIAN_POINT('',(17.825744662301,-11.1916644833,
    -1.950755169722));
#2858 = CARTESIAN_POINT('',(17.85882178064,-11.1751468024,-1.93343353718
    ));
#2859 = CARTESIAN_POINT('',(17.892342620716,-11.15778586389,
    -1.917346794102));
#2860 = CARTESIAN_POINT('',(17.926171552609,-11.1396118783,
    -1.90243837702));
#2861 = CARTESIAN_POINT('',(18.057933013783,-11.06619668563,
    -1.849033070651));
#2862 = CARTESIAN_POINT('',(18.157210760776,-11.00530700433,
    -1.818678764111));
#2863 = CARTESIAN_POINT('',(18.255739287959,-10.93845914733,
    -1.795998527107));
#2864 = CARTESIAN_POINT('',(18.352163169914,-10.86617058041,
    -1.779784511294));
#2865 = CARTESIAN_POINT('',(18.44561594461,-10.78892145339,
    -1.769245755765));
#2866 = CARTESIAN_POINT('',(18.535488448711,-10.7071522384,
    -1.763975833943));
#2867 = CARTESIAN_POINT('',(18.62132034356,-10.62132034356,
    -1.763975833943));
#2868 = CYLINDRICAL_SURFACE('',#2869,3.);
#2869 = AXIS2_PLACEMENT_3D('',#2870,#2871,#2872);
#2870 = CARTESIAN_POINT('',(16.5,-8.5,-3.5));
#2871 = DIRECTION('',(0.,0.,1.));
#2872 = DIRECTION('',(1.,0.,0.));
#2873 = ADVANCED_FACE('',(#2874,#2885),#2953,.F.);
#2874 = FACE_BOUND('',#2875,.F.);
#2875 = EDGE_LOOP('',(#2876,#2877,#2878,#2879));
#2876 = ORIENTED_EDGE('',*,*,#1510,.T.);
#2877 = ORIENTED_EDGE('',*,*,#2695,.F.);
#2878 = ORIENTED_EDGE('',*,*,#2127,.T.);
#2879 = ORIENTED_EDGE('',*,*,#2880,.T.);
#2880 = EDGE_CURVE('',#2128,#1502,#2881,.T.);
#2881 = LINE('',#2882,#2883);
#2882 = CARTESIAN_POINT('',(19.5,8.5,-3.5));
#2883 = VECTOR('',#2884,1.);
#2884 = DIRECTION('',(0.,0.,1.));
#2885 = FACE_BOUND('',#2886,.F.);
#2886 = EDGE_LOOP('',(#2887,#2897,#2905,#2913,#2922,#2930,#2938,#2946));
#2887 = ORIENTED_EDGE('',*,*,#2888,.F.);
#2888 = EDGE_CURVE('',#2889,#2891,#2893,.T.);
#2889 = VERTEX_POINT('',#2890);
#2890 = CARTESIAN_POINT('',(19.5,2.9,-3.));
#2891 = VERTEX_POINT('',#2892);
#2892 = CARTESIAN_POINT('',(19.5,2.9,-2.995993579438));
#2893 = LINE('',#2894,#2895);
#2894 = CARTESIAN_POINT('',(19.5,2.9,-3.25));
#2895 = VECTOR('',#2896,1.);
#2896 = DIRECTION('',(0.,0.,1.));
#2897 = ORIENTED_EDGE('',*,*,#2898,.T.);
#2898 = EDGE_CURVE('',#2889,#2899,#2901,.T.);
#2899 = VERTEX_POINT('',#2900);
#2900 = CARTESIAN_POINT('',(19.5,-2.9,-3.));
#2901 = LINE('',#2902,#2903);
#2902 = CARTESIAN_POINT('',(19.5,-7.2,-3.));
#2903 = VECTOR('',#2904,1.);
#2904 = DIRECTION('',(0.,-1.,0.));
#2905 = ORIENTED_EDGE('',*,*,#2906,.T.);
#2906 = EDGE_CURVE('',#2899,#2907,#2909,.T.);
#2907 = VERTEX_POINT('',#2908);
#2908 = CARTESIAN_POINT('',(19.5,-2.9,-2.995993579438));
#2909 = LINE('',#2910,#2911);
#2910 = CARTESIAN_POINT('',(19.5,-2.9,-3.25));
#2911 = VECTOR('',#2912,1.);
#2912 = DIRECTION('',(0.,0.,1.));
#2913 = ORIENTED_EDGE('',*,*,#2914,.T.);
#2914 = EDGE_CURVE('',#2907,#2915,#2917,.T.);
#2915 = VERTEX_POINT('',#2916);
#2916 = CARTESIAN_POINT('',(19.5,-2.9,-0.504006420562));
#2917 = CIRCLE('',#2918,1.25);
#2918 = AXIS2_PLACEMENT_3D('',#2919,#2920,#2921);
#2919 = CARTESIAN_POINT('',(19.5,-3.,-1.75));
#2920 = DIRECTION('',(-1.,-0.,-2.2E-16));
#2921 = DIRECTION('',(2.2E-16,0.,-1.));
#2922 = ORIENTED_EDGE('',*,*,#2923,.T.);
#2923 = EDGE_CURVE('',#2915,#2924,#2926,.T.);
#2924 = VERTEX_POINT('',#2925);
#2925 = CARTESIAN_POINT('',(19.5,-2.9,-0.5));
#2926 = LINE('',#2927,#2928);
#2927 = CARTESIAN_POINT('',(19.5,-2.9,-3.25));
#2928 = VECTOR('',#2929,1.);
#2929 = DIRECTION('',(0.,0.,1.));
#2930 = ORIENTED_EDGE('',*,*,#2931,.F.);
#2931 = EDGE_CURVE('',#2932,#2924,#2934,.T.);
#2932 = VERTEX_POINT('',#2933);
#2933 = CARTESIAN_POINT('',(19.5,2.9,-0.5));
#2934 = LINE('',#2935,#2936);
#2935 = CARTESIAN_POINT('',(19.5,-7.2,-0.5));
#2936 = VECTOR('',#2937,1.);
#2937 = DIRECTION('',(0.,-1.,0.));
#2938 = ORIENTED_EDGE('',*,*,#2939,.F.);
#2939 = EDGE_CURVE('',#2940,#2932,#2942,.T.);
#2940 = VERTEX_POINT('',#2941);
#2941 = CARTESIAN_POINT('',(19.5,2.9,-0.504006420562));
#2942 = LINE('',#2943,#2944);
#2943 = CARTESIAN_POINT('',(19.5,2.9,-3.25));
#2944 = VECTOR('',#2945,1.);
#2945 = DIRECTION('',(0.,0.,1.));
#2946 = ORIENTED_EDGE('',*,*,#2947,.T.);
#2947 = EDGE_CURVE('',#2940,#2891,#2948,.T.);
#2948 = CIRCLE('',#2949,1.25);
#2949 = AXIS2_PLACEMENT_3D('',#2950,#2951,#2952);
#2950 = CARTESIAN_POINT('',(19.5,3.,-1.75));
#2951 = DIRECTION('',(-1.,-0.,-2.2E-16));
#2952 = DIRECTION('',(2.2E-16,0.,-1.));
#2953 = PLANE('',#2954);
#2954 = AXIS2_PLACEMENT_3D('',#2955,#2956,#2957);
#2955 = CARTESIAN_POINT('',(19.5,-11.5,-3.5));
#2956 = DIRECTION('',(1.,0.,0.));
#2957 = DIRECTION('',(0.,0.,1.));
#2958 = ADVANCED_FACE('',(#2959,#2970),#2973,.F.);
#2959 = FACE_BOUND('',#2960,.F.);
#2960 = EDGE_LOOP('',(#2961,#2962,#2963,#2969));
#2961 = ORIENTED_EDGE('',*,*,#2880,.F.);
#2962 = ORIENTED_EDGE('',*,*,#2135,.T.);
#2963 = ORIENTED_EDGE('',*,*,#2964,.T.);
#2964 = EDGE_CURVE('',#2136,#1494,#2965,.T.);
#2965 = LINE('',#2966,#2967);
#2966 = CARTESIAN_POINT('',(16.5,11.5,-3.5));
#2967 = VECTOR('',#2968,1.);
#2968 = DIRECTION('',(0.,0.,1.));
#2969 = ORIENTED_EDGE('',*,*,#1501,.F.);
#2970 = FACE_BOUND('',#2971,.F.);
#2971 = EDGE_LOOP('',(#2972));
#2972 = ORIENTED_EDGE('',*,*,#2219,.T.);
#2973 = CYLINDRICAL_SURFACE('',#2974,3.);
#2974 = AXIS2_PLACEMENT_3D('',#2975,#2976,#2977);
#2975 = CARTESIAN_POINT('',(16.5,8.5,-3.5));
#2976 = DIRECTION('',(0.,0.,1.));
#2977 = DIRECTION('',(1.,0.,0.));
#2978 = ADVANCED_FACE('',(#2979),#2985,.F.);
#2979 = FACE_BOUND('',#2980,.F.);
#2980 = EDGE_LOOP('',(#2981,#2982,#2983,#2984));
#2981 = ORIENTED_EDGE('',*,*,#2144,.F.);
#2982 = ORIENTED_EDGE('',*,*,#1645,.T.);
#2983 = ORIENTED_EDGE('',*,*,#1493,.T.);
#2984 = ORIENTED_EDGE('',*,*,#2964,.F.);
#2985 = PLANE('',#2986);
#2986 = AXIS2_PLACEMENT_3D('',#2987,#2988,#2989);
#2987 = CARTESIAN_POINT('',(-19.5,11.5,-3.5));
#2988 = DIRECTION('',(0.,1.,0.));
#2989 = DIRECTION('',(0.,0.,1.));
#2990 = ADVANCED_FACE('',(#2991),#2997,.T.);
#2991 = FACE_BOUND('',#2992,.T.);
#2992 = EDGE_LOOP('',(#2993,#2994,#2995,#2996));
#2993 = ORIENTED_EDGE('',*,*,#1628,.T.);
#2994 = ORIENTED_EDGE('',*,*,#1476,.T.);
#2995 = ORIENTED_EDGE('',*,*,#2175,.T.);
#2996 = ORIENTED_EDGE('',*,*,#2151,.T.);
#2997 = PLANE('',#2998);
#2998 = AXIS2_PLACEMENT_3D('',#2999,#3000,#3001);
#2999 = CARTESIAN_POINT('',(-19.5,-11.5,-3.5));
#3000 = DIRECTION('',(1.,0.,0.));
#3001 = DIRECTION('',(0.,0.,1.));
#3002 = ADVANCED_FACE('',(#3003),#3014,.T.);
#3003 = FACE_BOUND('',#3004,.T.);
#3004 = EDGE_LOOP('',(#3005,#3011,#3012,#3013));
#3005 = ORIENTED_EDGE('',*,*,#3006,.F.);
#3006 = EDGE_CURVE('',#1694,#1793,#3007,.T.);
#3007 = LINE('',#3008,#3009);
#3008 = CARTESIAN_POINT('',(15.892893218813,-14.30710678118,-3.5));
#3009 = VECTOR('',#3010,1.);
#3010 = DIRECTION('',(0.707106781187,0.707106781187,0.));
#3011 = ORIENTED_EDGE('',*,*,#1702,.T.);
#3012 = ORIENTED_EDGE('',*,*,#1734,.T.);
#3013 = ORIENTED_EDGE('',*,*,#1801,.F.);
#3014 = PLANE('',#3015);
#3015 = AXIS2_PLACEMENT_3D('',#3016,#3017,#3018);
#3016 = CARTESIAN_POINT('',(15.892893218813,-14.30710678118,-3.5));
#3017 = DIRECTION('',(0.,0.,1.));
#3018 = DIRECTION('',(0.707106781187,-0.707106781187,0.));
#3019 = ADVANCED_FACE('',(#3020,#3026),#3029,.F.);
#3020 = FACE_BOUND('',#3021,.T.);
#3021 = EDGE_LOOP('',(#3022,#3023,#3024,#3025));
#3022 = ORIENTED_EDGE('',*,*,#1693,.F.);
#3023 = ORIENTED_EDGE('',*,*,#3006,.T.);
#3024 = ORIENTED_EDGE('',*,*,#1792,.T.);
#3025 = ORIENTED_EDGE('',*,*,#2527,.T.);
#3026 = FACE_BOUND('',#3027,.T.);
#3027 = EDGE_LOOP('',(#3028));
#3028 = ORIENTED_EDGE('',*,*,#2706,.T.);
#3029 = CYLINDRICAL_SURFACE('',#3030,1.);
#3030 = AXIS2_PLACEMENT_3D('',#3031,#3032,#3033);
#3031 = CARTESIAN_POINT('',(15.892893218813,-14.30710678118,-2.5));
#3032 = DIRECTION('',(-0.707106781187,-0.707106781187,-2.22044604925E-16
    ));
#3033 = DIRECTION('',(0.707106781187,-0.707106781187,0.));
#3034 = ADVANCED_FACE('',(#3035),#3074,.F.);
#3035 = FACE_BOUND('',#3036,.F.);
#3036 = EDGE_LOOP('',(#3037,#3038,#3047,#3056,#3065,#3072,#3073));
#3037 = ORIENTED_EDGE('',*,*,#2038,.F.);
#3038 = ORIENTED_EDGE('',*,*,#3039,.F.);
#3039 = EDGE_CURVE('',#3040,#2039,#3042,.T.);
#3040 = VERTEX_POINT('',#3041);
#3041 = CARTESIAN_POINT('',(13.487596159536,-12.1,-0.5));
#3042 = CIRCLE('',#3043,1.705872210923);
#3043 = AXIS2_PLACEMENT_3D('',#3044,#3045,#3046);
#3044 = CARTESIAN_POINT('',(14.3,-12.1,1.));
#3045 = DIRECTION('',(0.,1.,0.));
#3046 = DIRECTION('',(0.,0.,1.));
#3047 = ORIENTED_EDGE('',*,*,#3048,.F.);
#3048 = EDGE_CURVE('',#3049,#3040,#3051,.T.);
#3049 = VERTEX_POINT('',#3050);
#3050 = CARTESIAN_POINT('',(15.112403840464,-12.1,-0.5));
#3051 = CIRCLE('',#3052,4.769696007085);
#3052 = AXIS2_PLACEMENT_3D('',#3053,#3054,#3055);
#3053 = CARTESIAN_POINT('',(14.3,-16.8,-0.5));
#3054 = DIRECTION('',(0.,0.,1.));
#3055 = DIRECTION('',(1.,0.,0.));
#3056 = ORIENTED_EDGE('',*,*,#3057,.F.);
#3057 = EDGE_CURVE('',#3058,#3049,#3060,.T.);
#3058 = VERTEX_POINT('',#3059);
#3059 = CARTESIAN_POINT('',(16.005872210923,-12.1,1.));
#3060 = CIRCLE('',#3061,1.705872210923);
#3061 = AXIS2_PLACEMENT_3D('',#3062,#3063,#3064);
#3062 = CARTESIAN_POINT('',(14.3,-12.1,1.));
#3063 = DIRECTION('',(0.,1.,0.));
#3064 = DIRECTION('',(0.,0.,1.));
#3065 = ORIENTED_EDGE('',*,*,#3066,.F.);
#3066 = EDGE_CURVE('',#2551,#3058,#3067,.T.);
#3067 = CIRCLE('',#3068,5.);
#3068 = AXIS2_PLACEMENT_3D('',#3069,#3070,#3071);
#3069 = CARTESIAN_POINT('',(14.3,-16.8,1.));
#3070 = DIRECTION('',(0.,0.,1.));
#3071 = DIRECTION('',(1.,0.,0.));
#3072 = ORIENTED_EDGE('',*,*,#2558,.F.);
#3073 = ORIENTED_EDGE('',*,*,#1676,.T.);
#3074 = SPHERICAL_SURFACE('',#3075,5.);
#3075 = AXIS2_PLACEMENT_3D('',#3076,#3077,#3078);
#3076 = CARTESIAN_POINT('',(14.3,-16.8,1.));
#3077 = DIRECTION('',(0.,0.,1.));
#3078 = DIRECTION('',(1.,0.,0.));
#3079 = ADVANCED_FACE('',(#3080),#3088,.T.);
#3080 = FACE_BOUND('',#3081,.T.);
#3081 = EDGE_LOOP('',(#3082,#3083,#3084,#3085,#3086,#3087));
#3082 = ORIENTED_EDGE('',*,*,#2409,.T.);
#3083 = ORIENTED_EDGE('',*,*,#2462,.F.);
#3084 = ORIENTED_EDGE('',*,*,#2477,.F.);
#3085 = ORIENTED_EDGE('',*,*,#2511,.F.);
#3086 = ORIENTED_EDGE('',*,*,#2534,.T.);
#3087 = ORIENTED_EDGE('',*,*,#1774,.T.);
#3088 = PLANE('',#3089);
#3089 = AXIS2_PLACEMENT_3D('',#3090,#3091,#3092);
#3090 = CARTESIAN_POINT('',(5.778062633674,6.804631093925,1.));
#3091 = DIRECTION('',(0.,0.,1.));
#3092 = DIRECTION('',(1.,0.,0.));
#3093 = ADVANCED_FACE('',(#3094),#3110,.F.);
#3094 = FACE_BOUND('',#3095,.F.);
#3095 = EDGE_LOOP('',(#3096,#3097,#3103,#3104));
#3096 = ORIENTED_EDGE('',*,*,#1835,.F.);
#3097 = ORIENTED_EDGE('',*,*,#3098,.F.);
#3098 = EDGE_CURVE('',#2889,#1836,#3099,.T.);
#3099 = LINE('',#3100,#3101);
#3100 = CARTESIAN_POINT('',(11.,2.9,-3.));
#3101 = VECTOR('',#3102,1.);
#3102 = DIRECTION('',(1.,0.,0.));
#3103 = ORIENTED_EDGE('',*,*,#2888,.T.);
#3104 = ORIENTED_EDGE('',*,*,#3105,.F.);
#3105 = EDGE_CURVE('',#1838,#2891,#3106,.T.);
#3106 = LINE('',#3107,#3108);
#3107 = CARTESIAN_POINT('',(11.,2.9,-2.995993579438));
#3108 = VECTOR('',#3109,1.);
#3109 = DIRECTION('',(-1.,-0.,-2.2E-16));
#3110 = PLANE('',#3111);
#3111 = AXIS2_PLACEMENT_3D('',#3112,#3113,#3114);
#3112 = CARTESIAN_POINT('',(11.,2.9,-3.));
#3113 = DIRECTION('',(0.,1.,0.));
#3114 = DIRECTION('',(0.,0.,1.));
#3115 = ADVANCED_FACE('',(#3116),#3127,.T.);
#3116 = FACE_BOUND('',#3117,.T.);
#3117 = EDGE_LOOP('',(#3118,#3119,#3120,#3126));
#3118 = ORIENTED_EDGE('',*,*,#3098,.F.);
#3119 = ORIENTED_EDGE('',*,*,#2898,.T.);
#3120 = ORIENTED_EDGE('',*,*,#3121,.T.);
#3121 = EDGE_CURVE('',#2899,#1846,#3122,.T.);
#3122 = LINE('',#3123,#3124);
#3123 = CARTESIAN_POINT('',(11.,-2.9,-3.));
#3124 = VECTOR('',#3125,1.);
#3125 = DIRECTION('',(1.,0.,0.));
#3126 = ORIENTED_EDGE('',*,*,#1845,.F.);
#3127 = PLANE('',#3128);
#3128 = AXIS2_PLACEMENT_3D('',#3129,#3130,#3131);
#3129 = CARTESIAN_POINT('',(11.,-2.9,-3.));
#3130 = DIRECTION('',(0.,0.,1.));
#3131 = DIRECTION('',(1.,0.,0.));
#3132 = ADVANCED_FACE('',(#3133),#3144,.F.);
#3133 = FACE_BOUND('',#3134,.T.);
#3134 = EDGE_LOOP('',(#3135,#3136,#3137,#3143));
#3135 = ORIENTED_EDGE('',*,*,#3105,.F.);
#3136 = ORIENTED_EDGE('',*,*,#1894,.F.);
#3137 = ORIENTED_EDGE('',*,*,#3138,.T.);
#3138 = EDGE_CURVE('',#1887,#2940,#3139,.T.);
#3139 = LINE('',#3140,#3141);
#3140 = CARTESIAN_POINT('',(11.,2.9,-0.504006420562));
#3141 = VECTOR('',#3142,1.);
#3142 = DIRECTION('',(-1.,-0.,-2.2E-16));
#3143 = ORIENTED_EDGE('',*,*,#2947,.T.);
#3144 = CYLINDRICAL_SURFACE('',#3145,1.25);
#3145 = AXIS2_PLACEMENT_3D('',#3146,#3147,#3148);
#3146 = CARTESIAN_POINT('',(11.,3.,-1.75));
#3147 = DIRECTION('',(-1.,-0.,-2.2E-16));
#3148 = DIRECTION('',(2.2E-16,0.,-1.));
#3149 = ADVANCED_FACE('',(#3150),#3161,.T.);
#3150 = FACE_BOUND('',#3151,.T.);
#3151 = EDGE_LOOP('',(#3152,#3153,#3154,#3155));
#3152 = ORIENTED_EDGE('',*,*,#1853,.F.);
#3153 = ORIENTED_EDGE('',*,*,#3121,.F.);
#3154 = ORIENTED_EDGE('',*,*,#2906,.T.);
#3155 = ORIENTED_EDGE('',*,*,#3156,.F.);
#3156 = EDGE_CURVE('',#1854,#2907,#3157,.T.);
#3157 = LINE('',#3158,#3159);
#3158 = CARTESIAN_POINT('',(11.,-2.9,-2.995993579438));
#3159 = VECTOR('',#3160,1.);
#3160 = DIRECTION('',(-1.,-0.,-2.2E-16));
#3161 = PLANE('',#3162);
#3162 = AXIS2_PLACEMENT_3D('',#3163,#3164,#3165);
#3163 = CARTESIAN_POINT('',(11.,-2.9,-3.));
#3164 = DIRECTION('',(0.,1.,0.));
#3165 = DIRECTION('',(0.,0.,1.));
#3166 = ADVANCED_FACE('',(#3167),#3178,.F.);
#3167 = FACE_BOUND('',#3168,.F.);
#3168 = EDGE_LOOP('',(#3169,#3170,#3171,#3172));
#3169 = ORIENTED_EDGE('',*,*,#1886,.F.);
#3170 = ORIENTED_EDGE('',*,*,#3138,.T.);
#3171 = ORIENTED_EDGE('',*,*,#2939,.T.);
#3172 = ORIENTED_EDGE('',*,*,#3173,.T.);
#3173 = EDGE_CURVE('',#2932,#1879,#3174,.T.);
#3174 = LINE('',#3175,#3176);
#3175 = CARTESIAN_POINT('',(11.,2.9,-0.5));
#3176 = VECTOR('',#3177,1.);
#3177 = DIRECTION('',(1.,0.,0.));
#3178 = PLANE('',#3179);
#3179 = AXIS2_PLACEMENT_3D('',#3180,#3181,#3182);
#3180 = CARTESIAN_POINT('',(11.,2.9,-3.));
#3181 = DIRECTION('',(0.,1.,0.));
#3182 = DIRECTION('',(0.,0.,1.));
#3183 = ADVANCED_FACE('',(#3184),#3195,.F.);
#3184 = FACE_BOUND('',#3185,.T.);
#3185 = EDGE_LOOP('',(#3186,#3192,#3193,#3194));
#3186 = ORIENTED_EDGE('',*,*,#3187,.F.);
#3187 = EDGE_CURVE('',#1862,#2915,#3188,.T.);
#3188 = LINE('',#3189,#3190);
#3189 = CARTESIAN_POINT('',(11.,-2.9,-0.504006420562));
#3190 = VECTOR('',#3191,1.);
#3191 = DIRECTION('',(-1.,-0.,-2.2E-16));
#3192 = ORIENTED_EDGE('',*,*,#1861,.F.);
#3193 = ORIENTED_EDGE('',*,*,#3156,.T.);
#3194 = ORIENTED_EDGE('',*,*,#2914,.T.);
#3195 = CYLINDRICAL_SURFACE('',#3196,1.25);
#3196 = AXIS2_PLACEMENT_3D('',#3197,#3198,#3199);
#3197 = CARTESIAN_POINT('',(11.,-3.,-1.75));
#3198 = DIRECTION('',(-1.,-0.,-2.2E-16));
#3199 = DIRECTION('',(2.2E-16,0.,-1.));
#3200 = ADVANCED_FACE('',(#3201),#3212,.F.);
#3201 = FACE_BOUND('',#3202,.F.);
#3202 = EDGE_LOOP('',(#3203,#3204,#3205,#3211));
#3203 = ORIENTED_EDGE('',*,*,#3173,.F.);
#3204 = ORIENTED_EDGE('',*,*,#2931,.T.);
#3205 = ORIENTED_EDGE('',*,*,#3206,.T.);
#3206 = EDGE_CURVE('',#2924,#1871,#3207,.T.);
#3207 = LINE('',#3208,#3209);
#3208 = CARTESIAN_POINT('',(11.,-2.9,-0.5));
#3209 = VECTOR('',#3210,1.);
#3210 = DIRECTION('',(1.,0.,0.));
#3211 = ORIENTED_EDGE('',*,*,#1878,.F.);
#3212 = PLANE('',#3213);
#3213 = AXIS2_PLACEMENT_3D('',#3214,#3215,#3216);
#3214 = CARTESIAN_POINT('',(11.,-2.9,-0.5));
#3215 = DIRECTION('',(0.,0.,1.));
#3216 = DIRECTION('',(1.,0.,0.));
#3217 = ADVANCED_FACE('',(#3218),#3224,.T.);
#3218 = FACE_BOUND('',#3219,.T.);
#3219 = EDGE_LOOP('',(#3220,#3221,#3222,#3223));
#3220 = ORIENTED_EDGE('',*,*,#1870,.F.);
#3221 = ORIENTED_EDGE('',*,*,#3187,.T.);
#3222 = ORIENTED_EDGE('',*,*,#2923,.T.);
#3223 = ORIENTED_EDGE('',*,*,#3206,.T.);
#3224 = PLANE('',#3225);
#3225 = AXIS2_PLACEMENT_3D('',#3226,#3227,#3228);
#3226 = CARTESIAN_POINT('',(11.,-2.9,-3.));
#3227 = DIRECTION('',(0.,1.,0.));
#3228 = DIRECTION('',(0.,0.,1.));
#3229 = ADVANCED_FACE('',(#3230),#3236,.T.);
#3230 = FACE_BOUND('',#3231,.T.);
#3231 = EDGE_LOOP('',(#3232,#3233,#3234,#3235));
#3232 = ORIENTED_EDGE('',*,*,#2086,.F.);
#3233 = ORIENTED_EDGE('',*,*,#1989,.T.);
#3234 = ORIENTED_EDGE('',*,*,#1909,.F.);
#3235 = ORIENTED_EDGE('',*,*,#2103,.T.);
#3236 = PLANE('',#3237);
#3237 = AXIS2_PLACEMENT_3D('',#3238,#3239,#3240);
#3238 = CARTESIAN_POINT('',(-19.5,-11.5,-3.5));
#3239 = DIRECTION('',(1.,0.,0.));
#3240 = DIRECTION('',(0.,0.,1.));
#3241 = ADVANCED_FACE('',(#3242),#3267,.T.);
#3242 = FACE_BOUND('',#3243,.T.);
#3243 = EDGE_LOOP('',(#3244,#3252,#3258,#3259,#3260,#3266));
#3244 = ORIENTED_EDGE('',*,*,#3245,.F.);
#3245 = EDGE_CURVE('',#3246,#2048,#3248,.T.);
#3246 = VERTEX_POINT('',#3247);
#3247 = CARTESIAN_POINT('',(12.4,-12.1,-0.5));
#3248 = LINE('',#3249,#3250);
#3249 = CARTESIAN_POINT('',(12.4,-12.1,-0.5));
#3250 = VECTOR('',#3251,1.);
#3251 = DIRECTION('',(0.,0.,1.));
#3252 = ORIENTED_EDGE('',*,*,#3253,.T.);
#3253 = EDGE_CURVE('',#3246,#2666,#3254,.T.);
#3254 = LINE('',#3255,#3256);
#3255 = CARTESIAN_POINT('',(12.4,-12.1,-0.5));
#3256 = VECTOR('',#3257,1.);
#3257 = DIRECTION('',(0.,1.,0.));
#3258 = ORIENTED_EDGE('',*,*,#2665,.F.);
#3259 = ORIENTED_EDGE('',*,*,#1974,.F.);
#3260 = ORIENTED_EDGE('',*,*,#3261,.F.);
#3261 = EDGE_CURVE('',#2056,#1967,#3262,.T.);
#3262 = LINE('',#3263,#3264);
#3263 = CARTESIAN_POINT('',(12.4,-12.,-0.25));
#3264 = VECTOR('',#3265,1.);
#3265 = DIRECTION('',(0.,0.,-1.));
#3266 = ORIENTED_EDGE('',*,*,#2055,.F.);
#3267 = PLANE('',#3268);
#3268 = AXIS2_PLACEMENT_3D('',#3269,#3270,#3271);
#3269 = CARTESIAN_POINT('',(12.4,-12.1,-0.5));
#3270 = DIRECTION('',(1.,0.,0.));
#3271 = DIRECTION('',(0.,0.,1.));
#3272 = ADVANCED_FACE('',(#3273),#3279,.T.);
#3273 = FACE_BOUND('',#3274,.T.);
#3274 = EDGE_LOOP('',(#3275,#3276,#3277,#3278));
#3275 = ORIENTED_EDGE('',*,*,#1966,.F.);
#3276 = ORIENTED_EDGE('',*,*,#2013,.T.);
#3277 = ORIENTED_EDGE('',*,*,#2063,.F.);
#3278 = ORIENTED_EDGE('',*,*,#3261,.T.);
#3279 = PLANE('',#3280);
#3280 = AXIS2_PLACEMENT_3D('',#3281,#3282,#3283);
#3281 = CARTESIAN_POINT('',(-20.,-12.,0.));
#3282 = DIRECTION('',(0.,1.,0.));
#3283 = DIRECTION('',(0.,0.,1.));
#3284 = ADVANCED_FACE('',(#3285),#3296,.F.);
#3285 = FACE_BOUND('',#3286,.F.);
#3286 = EDGE_LOOP('',(#3287,#3288,#3294,#3295));
#3287 = ORIENTED_EDGE('',*,*,#3245,.F.);
#3288 = ORIENTED_EDGE('',*,*,#3289,.T.);
#3289 = EDGE_CURVE('',#3246,#3040,#3290,.T.);
#3290 = LINE('',#3291,#3292);
#3291 = CARTESIAN_POINT('',(12.4,-12.1,-0.5));
#3292 = VECTOR('',#3293,1.);
#3293 = DIRECTION('',(1.,0.,0.));
#3294 = ORIENTED_EDGE('',*,*,#3039,.T.);
#3295 = ORIENTED_EDGE('',*,*,#2047,.F.);
#3296 = PLANE('',#3297);
#3297 = AXIS2_PLACEMENT_3D('',#3298,#3299,#3300);
#3298 = CARTESIAN_POINT('',(12.574954414016,-12.1,1.092433473321));
#3299 = DIRECTION('',(-0.,-1.,-0.));
#3300 = DIRECTION('',(0.,0.,-1.));
#3301 = ADVANCED_FACE('',(#3302),#3315,.T.);
#3302 = FACE_BOUND('',#3303,.T.);
#3303 = EDGE_LOOP('',(#3304,#3305,#3306,#3307,#3308,#3314));
#3304 = ORIENTED_EDGE('',*,*,#2550,.T.);
#3305 = ORIENTED_EDGE('',*,*,#2583,.F.);
#3306 = ORIENTED_EDGE('',*,*,#2607,.T.);
#3307 = ORIENTED_EDGE('',*,*,#2648,.F.);
#3308 = ORIENTED_EDGE('',*,*,#3309,.F.);
#3309 = EDGE_CURVE('',#3058,#2625,#3310,.T.);
#3310 = LINE('',#3311,#3312);
#3311 = CARTESIAN_POINT('',(-2.493588458689,-12.1,1.));
#3312 = VECTOR('',#3313,1.);
#3313 = DIRECTION('',(1.,0.,0.));
#3314 = ORIENTED_EDGE('',*,*,#3066,.F.);
#3315 = PLANE('',#3316);
#3316 = AXIS2_PLACEMENT_3D('',#3317,#3318,#3319);
#3317 = CARTESIAN_POINT('',(5.778062633674,6.804631093925,1.));
#3318 = DIRECTION('',(0.,0.,1.));
#3319 = DIRECTION('',(1.,0.,0.));
#3320 = ADVANCED_FACE('',(#3321),#3332,.F.);
#3321 = FACE_BOUND('',#3322,.F.);
#3322 = EDGE_LOOP('',(#3323,#3324,#3330,#3331));
#3323 = ORIENTED_EDGE('',*,*,#3057,.T.);
#3324 = ORIENTED_EDGE('',*,*,#3325,.T.);
#3325 = EDGE_CURVE('',#3049,#2623,#3326,.T.);
#3326 = LINE('',#3327,#3328);
#3327 = CARTESIAN_POINT('',(12.4,-12.1,-0.5));
#3328 = VECTOR('',#3329,1.);
#3329 = DIRECTION('',(1.,0.,0.));
#3330 = ORIENTED_EDGE('',*,*,#2622,.T.);
#3331 = ORIENTED_EDGE('',*,*,#3309,.F.);
#3332 = PLANE('',#3333);
#3333 = AXIS2_PLACEMENT_3D('',#3334,#3335,#3336);
#3334 = CARTESIAN_POINT('',(16.012823082622,-12.1,1.087163080312));
#3335 = DIRECTION('',(-0.,-1.,-0.));
#3336 = DIRECTION('',(0.,0.,-1.));
#3337 = ADVANCED_FACE('',(#3338),#3346,.T.);
#3338 = FACE_BOUND('',#3339,.T.);
#3339 = EDGE_LOOP('',(#3340,#3341,#3342,#3343,#3344,#3345));
#3340 = ORIENTED_EDGE('',*,*,#2632,.T.);
#3341 = ORIENTED_EDGE('',*,*,#2673,.F.);
#3342 = ORIENTED_EDGE('',*,*,#3253,.F.);
#3343 = ORIENTED_EDGE('',*,*,#3289,.T.);
#3344 = ORIENTED_EDGE('',*,*,#3048,.F.);
#3345 = ORIENTED_EDGE('',*,*,#3325,.T.);
#3346 = PLANE('',#3347);
#3347 = AXIS2_PLACEMENT_3D('',#3348,#3349,#3350);
#3348 = CARTESIAN_POINT('',(12.4,-12.1,-0.5));
#3349 = DIRECTION('',(0.,0.,1.));
#3350 = DIRECTION('',(1.,0.,0.));
#3351 = ( GEOMETRIC_REPRESENTATION_CONTEXT(3) 
GLOBAL_UNCERTAINTY_ASSIGNED_CONTEXT((#3355)) 
GLOBAL_UNIT_ASSIGNED_CONTEXT((#3352,#3353,#3354)) REPRESENTATION_CONTEXT
('Context #1','3D Context with UNIT and UNCERTAINTY') );
#3352 = ( LENGTH_UNIT() NAMED_UNIT(*) SI_UNIT(.MILLI.,.METRE.) );
#3353 = ( NAMED_UNIT(*) PLANE_ANGLE_UNIT() SI_UNIT($,.RADIAN.) );
#3354 = ( NAMED_UNIT(*) SI_UNIT($,.STERADIAN.) SOLID_ANGLE_UNIT() );
#3355 = UNCERTAINTY_MEASURE_WITH_UNIT(LENGTH_MEASURE(2.E-05),#3352,
  'distance_accuracy_value','confusion accuracy');
#3356 = CONTEXT_DEPENDENT_SHAPE_REPRESENTATION(#3357,#3359);
#3357 = ( REPRESENTATION_RELATIONSHIP('','',#36,#10) 
REPRESENTATION_RELATIONSHIP_WITH_TRANSFORMATION(#3358) 
SHAPE_REPRESENTATION_RELATIONSHIP() );
#3358 = ITEM_DEFINED_TRANSFORMATION('','',#11,#15);
#3359 = PRODUCT_DEFINITION_SHAPE('Placement','Placement of an item',
  #3360);
#3360 = NEXT_ASSEMBLY_USAGE_OCCURRENCE('5','Corner Clips Btm','',#5,#31,
  $);
#3361 = PRODUCT_RELATED_PRODUCT_CATEGORY('part',$,(#33));
#3362 = SHAPE_DEFINITION_REPRESENTATION(#3363,#3369);
#3363 = PRODUCT_DEFINITION_SHAPE('','',#3364);
#3364 = PRODUCT_DEFINITION('design','',#3365,#3368);
#3365 = PRODUCT_DEFINITION_FORMATION('','',#3366);
#3366 = PRODUCT('Corner Clips Top','Corner Clips Top','',(#3367));
#3367 = PRODUCT_CONTEXT('',#2,'mechanical');
#3368 = PRODUCT_DEFINITION_CONTEXT('part definition',#2,'design');
#3369 = ADVANCED_BREP_SHAPE_REPRESENTATION('',(#11,#3370),#6004);
#3370 = MANIFOLD_SOLID_BREP('',#3371);
#3371 = CLOSED_SHELL('',(#3372,#3520,#3567,#3598,#3645,#3726,#3757,#3790
    ,#3822,#3854,#3885,#3927,#3958,#3982,#4013,#4053,#4129,#4153,#4193,
    #4217,#4242,#4350,#4375,#4399,#4424,#4441,#4503,#4545,#4569,#4620,
    #4637,#4654,#4687,#4704,#4735,#4759,#4783,#4826,#4857,#4888,#4919,
    #4953,#5002,#5080,#5106,#5139,#5172,#5190,#5218,#5250,#5277,#5294,
    #5311,#5336,#5455,#5497,#5509,#5526,#5540,#5572,#5725,#5748,#5765,
    #5782,#5799,#5816,#5833,#5851,#5863,#5880,#5907,#5941,#5958,#5976));
#3372 = ADVANCED_FACE('',(#3373),#3515,.F.);
#3373 = FACE_BOUND('',#3374,.F.);
#3374 = EDGE_LOOP('',(#3375,#3385,#3393,#3401,#3410,#3418,#3427,#3435,
    #3444,#3452,#3460,#3468,#3477,#3485,#3493,#3501,#3509));
#3375 = ORIENTED_EDGE('',*,*,#3376,.F.);
#3376 = EDGE_CURVE('',#3377,#3379,#3381,.T.);
#3377 = VERTEX_POINT('',#3378);
#3378 = CARTESIAN_POINT('',(-21.,6.,1.));
#3379 = VERTEX_POINT('',#3380);
#3380 = CARTESIAN_POINT('',(-21.,9.4,1.));
#3381 = LINE('',#3382,#3383);
#3382 = CARTESIAN_POINT('',(-21.,-13.,1.));
#3383 = VECTOR('',#3384,1.);
#3384 = DIRECTION('',(0.,1.,0.));
#3385 = ORIENTED_EDGE('',*,*,#3386,.F.);
#3386 = EDGE_CURVE('',#3387,#3377,#3389,.T.);
#3387 = VERTEX_POINT('',#3388);
#3388 = CARTESIAN_POINT('',(-20.,6.,1.));
#3389 = LINE('',#3390,#3391);
#3390 = CARTESIAN_POINT('',(-18.5,6.,1.));
#3391 = VECTOR('',#3392,1.);
#3392 = DIRECTION('',(-1.,2.22044604925E-16,0.));
#3393 = ORIENTED_EDGE('',*,*,#3394,.T.);
#3394 = EDGE_CURVE('',#3387,#3395,#3397,.T.);
#3395 = VERTEX_POINT('',#3396);
#3396 = CARTESIAN_POINT('',(-20.,9.,1.));
#3397 = LINE('',#3398,#3399);
#3398 = CARTESIAN_POINT('',(-20.,-12.5,1.));
#3399 = VECTOR('',#3400,1.);
#3400 = DIRECTION('',(0.,1.,0.));
#3401 = ORIENTED_EDGE('',*,*,#3402,.F.);
#3402 = EDGE_CURVE('',#3403,#3395,#3405,.T.);
#3403 = VERTEX_POINT('',#3404);
#3404 = CARTESIAN_POINT('',(-17.,12.,1.));
#3405 = CIRCLE('',#3406,3.);
#3406 = AXIS2_PLACEMENT_3D('',#3407,#3408,#3409);
#3407 = CARTESIAN_POINT('',(-17.,9.,1.));
#3408 = DIRECTION('',(0.,0.,1.));
#3409 = DIRECTION('',(-1.,0.,0.));
#3410 = ORIENTED_EDGE('',*,*,#3411,.F.);
#3411 = EDGE_CURVE('',#3412,#3403,#3414,.T.);
#3412 = VERTEX_POINT('',#3413);
#3413 = CARTESIAN_POINT('',(17.,12.,1.));
#3414 = LINE('',#3415,#3416);
#3415 = CARTESIAN_POINT('',(-20.5,12.,1.));
#3416 = VECTOR('',#3417,1.);
#3417 = DIRECTION('',(-1.,0.,0.));
#3418 = ORIENTED_EDGE('',*,*,#3419,.F.);
#3419 = EDGE_CURVE('',#3420,#3412,#3422,.T.);
#3420 = VERTEX_POINT('',#3421);
#3421 = CARTESIAN_POINT('',(20.,9.,1.));
#3422 = CIRCLE('',#3423,3.);
#3423 = AXIS2_PLACEMENT_3D('',#3424,#3425,#3426);
#3424 = CARTESIAN_POINT('',(17.,9.,1.));
#3425 = DIRECTION('',(0.,0.,1.));
#3426 = DIRECTION('',(1.,0.,0.));
#3427 = ORIENTED_EDGE('',*,*,#3428,.F.);
#3428 = EDGE_CURVE('',#3429,#3420,#3431,.T.);
#3429 = VERTEX_POINT('',#3430);
#3430 = CARTESIAN_POINT('',(20.,-9.,1.));
#3431 = LINE('',#3432,#3433);
#3432 = CARTESIAN_POINT('',(20.,-12.5,1.));
#3433 = VECTOR('',#3434,1.);
#3434 = DIRECTION('',(0.,1.,0.));
#3435 = ORIENTED_EDGE('',*,*,#3436,.F.);
#3436 = EDGE_CURVE('',#3437,#3429,#3439,.T.);
#3437 = VERTEX_POINT('',#3438);
#3438 = CARTESIAN_POINT('',(17.,-12.,1.));
#3439 = CIRCLE('',#3440,3.);
#3440 = AXIS2_PLACEMENT_3D('',#3441,#3442,#3443);
#3441 = CARTESIAN_POINT('',(17.,-9.,1.));
#3442 = DIRECTION('',(0.,0.,1.));
#3443 = DIRECTION('',(1.,0.,0.));
#3444 = ORIENTED_EDGE('',*,*,#3445,.T.);
#3445 = EDGE_CURVE('',#3437,#3446,#3448,.T.);
#3446 = VERTEX_POINT('',#3447);
#3447 = CARTESIAN_POINT('',(16.78,-12.,1.));
#3448 = LINE('',#3449,#3450);
#3449 = CARTESIAN_POINT('',(-20.5,-12.,1.));
#3450 = VECTOR('',#3451,1.);
#3451 = DIRECTION('',(-1.,0.,0.));
#3452 = ORIENTED_EDGE('',*,*,#3453,.F.);
#3453 = EDGE_CURVE('',#3454,#3446,#3456,.T.);
#3454 = VERTEX_POINT('',#3455);
#3455 = CARTESIAN_POINT('',(16.78,-12.1,1.));
#3456 = LINE('',#3457,#3458);
#3457 = CARTESIAN_POINT('',(16.78,-12.1,1.));
#3458 = VECTOR('',#3459,1.);
#3459 = DIRECTION('',(0.,1.,0.));
#3460 = ORIENTED_EDGE('',*,*,#3461,.F.);
#3461 = EDGE_CURVE('',#3462,#3454,#3464,.T.);
#3462 = VERTEX_POINT('',#3463);
#3463 = CARTESIAN_POINT('',(16.005872210923,-12.1,1.));
#3464 = LINE('',#3465,#3466);
#3465 = CARTESIAN_POINT('',(-2.493588458689,-12.1,1.));
#3466 = VECTOR('',#3467,1.);
#3467 = DIRECTION('',(1.,0.,0.));
#3468 = ORIENTED_EDGE('',*,*,#3469,.F.);
#3469 = EDGE_CURVE('',#3470,#3462,#3472,.T.);
#3470 = VERTEX_POINT('',#3471);
#3471 = CARTESIAN_POINT('',(17.46816713645,-12.93183286355,1.));
#3472 = CIRCLE('',#3473,5.);
#3473 = AXIS2_PLACEMENT_3D('',#3474,#3475,#3476);
#3474 = CARTESIAN_POINT('',(14.3,-16.8,1.));
#3475 = DIRECTION('',(0.,0.,1.));
#3476 = DIRECTION('',(1.,0.,0.));
#3477 = ORIENTED_EDGE('',*,*,#3478,.T.);
#3478 = EDGE_CURVE('',#3470,#3479,#3481,.T.);
#3479 = VERTEX_POINT('',#3480);
#3480 = CARTESIAN_POINT('',(21.,-9.4,1.));
#3481 = LINE('',#3482,#3483);
#3482 = CARTESIAN_POINT('',(7.096446609407,-23.30355339059,1.));
#3483 = VECTOR('',#3484,1.);
#3484 = DIRECTION('',(0.707106781187,0.707106781187,0.));
#3485 = ORIENTED_EDGE('',*,*,#3486,.T.);
#3486 = EDGE_CURVE('',#3479,#3487,#3489,.T.);
#3487 = VERTEX_POINT('',#3488);
#3488 = CARTESIAN_POINT('',(21.,9.4,1.));
#3489 = LINE('',#3490,#3491);
#3490 = CARTESIAN_POINT('',(21.,-13.,1.));
#3491 = VECTOR('',#3492,1.);
#3492 = DIRECTION('',(0.,1.,0.));
#3493 = ORIENTED_EDGE('',*,*,#3494,.T.);
#3494 = EDGE_CURVE('',#3487,#3495,#3497,.T.);
#3495 = VERTEX_POINT('',#3496);
#3496 = CARTESIAN_POINT('',(17.4,13.,1.));
#3497 = LINE('',#3498,#3499);
#3498 = CARTESIAN_POINT('',(16.803553390593,13.596446609407,1.));
#3499 = VECTOR('',#3500,1.);
#3500 = DIRECTION('',(-0.707106781187,0.707106781187,0.));
#3501 = ORIENTED_EDGE('',*,*,#3502,.F.);
#3502 = EDGE_CURVE('',#3503,#3495,#3505,.T.);
#3503 = VERTEX_POINT('',#3504);
#3504 = CARTESIAN_POINT('',(-17.4,13.,1.));
#3505 = LINE('',#3506,#3507);
#3506 = CARTESIAN_POINT('',(-21.,13.,1.));
#3507 = VECTOR('',#3508,1.);
#3508 = DIRECTION('',(1.,0.,0.));
#3509 = ORIENTED_EDGE('',*,*,#3510,.T.);
#3510 = EDGE_CURVE('',#3503,#3379,#3511,.T.);
#3511 = LINE('',#3512,#3513);
#3512 = CARTESIAN_POINT('',(-24.0964466094,6.303553390593,1.));
#3513 = VECTOR('',#3514,1.);
#3514 = DIRECTION('',(-0.707106781187,-0.707106781187,0.));
#3515 = PLANE('',#3516);
#3516 = AXIS2_PLACEMENT_3D('',#3517,#3518,#3519);
#3517 = CARTESIAN_POINT('',(-21.,-13.,1.));
#3518 = DIRECTION('',(0.,0.,1.));
#3519 = DIRECTION('',(1.,0.,0.));
#3520 = ADVANCED_FACE('',(#3521),#3562,.F.);
#3521 = FACE_BOUND('',#3522,.F.);
#3522 = EDGE_LOOP('',(#3523,#3533,#3541,#3549,#3555,#3556));
#3523 = ORIENTED_EDGE('',*,*,#3524,.F.);
#3524 = EDGE_CURVE('',#3525,#3527,#3529,.T.);
#3525 = VERTEX_POINT('',#3526);
#3526 = CARTESIAN_POINT('',(-19.5,6.,4.9));
#3527 = VERTEX_POINT('',#3528);
#3528 = CARTESIAN_POINT('',(-21.,6.,4.9));
#3529 = LINE('',#3530,#3531);
#3530 = CARTESIAN_POINT('',(-16.,6.,4.9));
#3531 = VECTOR('',#3532,1.);
#3532 = DIRECTION('',(-1.,2.22044604925E-16,0.));
#3533 = ORIENTED_EDGE('',*,*,#3534,.F.);
#3534 = EDGE_CURVE('',#3535,#3525,#3537,.T.);
#3535 = VERTEX_POINT('',#3536);
#3536 = CARTESIAN_POINT('',(-19.5,6.,1.6));
#3537 = LINE('',#3538,#3539);
#3538 = CARTESIAN_POINT('',(-19.5,6.,0.65));
#3539 = VECTOR('',#3540,1.);
#3540 = DIRECTION('',(0.,0.,1.));
#3541 = ORIENTED_EDGE('',*,*,#3542,.T.);
#3542 = EDGE_CURVE('',#3535,#3543,#3545,.T.);
#3543 = VERTEX_POINT('',#3544);
#3544 = CARTESIAN_POINT('',(-20.,6.,1.6));
#3545 = LINE('',#3546,#3547);
#3546 = CARTESIAN_POINT('',(-18.,6.,1.6));
#3547 = VECTOR('',#3548,1.);
#3548 = DIRECTION('',(-1.,2.22044604925E-16,0.));
#3549 = ORIENTED_EDGE('',*,*,#3550,.F.);
#3550 = EDGE_CURVE('',#3387,#3543,#3551,.T.);
#3551 = LINE('',#3552,#3553);
#3552 = CARTESIAN_POINT('',(-20.,6.,0.15));
#3553 = VECTOR('',#3554,1.);
#3554 = DIRECTION('',(0.,0.,1.));
#3555 = ORIENTED_EDGE('',*,*,#3386,.T.);
#3556 = ORIENTED_EDGE('',*,*,#3557,.T.);
#3557 = EDGE_CURVE('',#3377,#3527,#3558,.T.);
#3558 = LINE('',#3559,#3560);
#3559 = CARTESIAN_POINT('',(-21.,6.,0.65));
#3560 = VECTOR('',#3561,1.);
#3561 = DIRECTION('',(0.,0.,1.));
#3562 = PLANE('',#3563);
#3563 = AXIS2_PLACEMENT_3D('',#3564,#3565,#3566);
#3564 = CARTESIAN_POINT('',(-16.,6.,0.3));
#3565 = DIRECTION('',(2.22044604925E-16,1.,0.));
#3566 = DIRECTION('',(0.,0.,1.));
#3567 = ADVANCED_FACE('',(#3568),#3593,.F.);
#3568 = FACE_BOUND('',#3569,.F.);
#3569 = EDGE_LOOP('',(#3570,#3580,#3586,#3587));
#3570 = ORIENTED_EDGE('',*,*,#3571,.F.);
#3571 = EDGE_CURVE('',#3572,#3574,#3576,.T.);
#3572 = VERTEX_POINT('',#3573);
#3573 = CARTESIAN_POINT('',(-19.5,-6.,4.9));
#3574 = VERTEX_POINT('',#3575);
#3575 = CARTESIAN_POINT('',(-21.,-6.,4.9));
#3576 = LINE('',#3577,#3578);
#3577 = CARTESIAN_POINT('',(-16.,-6.,4.9));
#3578 = VECTOR('',#3579,1.);
#3579 = DIRECTION('',(-1.,2.22044604925E-16,0.));
#3580 = ORIENTED_EDGE('',*,*,#3581,.F.);
#3581 = EDGE_CURVE('',#3525,#3572,#3582,.T.);
#3582 = LINE('',#3583,#3584);
#3583 = CARTESIAN_POINT('',(-19.5,-8.75,4.9));
#3584 = VECTOR('',#3585,1.);
#3585 = DIRECTION('',(0.,-1.,0.));
#3586 = ORIENTED_EDGE('',*,*,#3524,.T.);
#3587 = ORIENTED_EDGE('',*,*,#3588,.T.);
#3588 = EDGE_CURVE('',#3527,#3574,#3589,.T.);
#3589 = LINE('',#3590,#3591);
#3590 = CARTESIAN_POINT('',(-21.,-9.5,4.9));
#3591 = VECTOR('',#3592,1.);
#3592 = DIRECTION('',(0.,-1.,0.));
#3593 = PLANE('',#3594);
#3594 = AXIS2_PLACEMENT_3D('',#3595,#3596,#3597);
#3595 = CARTESIAN_POINT('',(-16.,-6.,4.9));
#3596 = DIRECTION('',(0.,0.,1.));
#3597 = DIRECTION('',(2.22044604925E-16,1.,0.));
#3598 = ADVANCED_FACE('',(#3599),#3640,.T.);
#3599 = FACE_BOUND('',#3600,.T.);
#3600 = EDGE_LOOP('',(#3601,#3602,#3610,#3618,#3626,#3634));
#3601 = ORIENTED_EDGE('',*,*,#3571,.F.);
#3602 = ORIENTED_EDGE('',*,*,#3603,.F.);
#3603 = EDGE_CURVE('',#3604,#3572,#3606,.T.);
#3604 = VERTEX_POINT('',#3605);
#3605 = CARTESIAN_POINT('',(-19.5,-6.,1.6));
#3606 = LINE('',#3607,#3608);
#3607 = CARTESIAN_POINT('',(-19.5,-6.,0.65));
#3608 = VECTOR('',#3609,1.);
#3609 = DIRECTION('',(0.,0.,1.));
#3610 = ORIENTED_EDGE('',*,*,#3611,.T.);
#3611 = EDGE_CURVE('',#3604,#3612,#3614,.T.);
#3612 = VERTEX_POINT('',#3613);
#3613 = CARTESIAN_POINT('',(-20.,-6.,1.6));
#3614 = LINE('',#3615,#3616);
#3615 = CARTESIAN_POINT('',(-18.,-6.,1.6));
#3616 = VECTOR('',#3617,1.);
#3617 = DIRECTION('',(-1.,2.22044604925E-16,0.));
#3618 = ORIENTED_EDGE('',*,*,#3619,.F.);
#3619 = EDGE_CURVE('',#3620,#3612,#3622,.T.);
#3620 = VERTEX_POINT('',#3621);
#3621 = CARTESIAN_POINT('',(-20.,-6.,1.));
#3622 = LINE('',#3623,#3624);
#3623 = CARTESIAN_POINT('',(-20.,-6.,0.15));
#3624 = VECTOR('',#3625,1.);
#3625 = DIRECTION('',(0.,0.,1.));
#3626 = ORIENTED_EDGE('',*,*,#3627,.T.);
#3627 = EDGE_CURVE('',#3620,#3628,#3630,.T.);
#3628 = VERTEX_POINT('',#3629);
#3629 = CARTESIAN_POINT('',(-21.,-6.,1.));
#3630 = LINE('',#3631,#3632);
#3631 = CARTESIAN_POINT('',(-18.5,-6.,1.));
#3632 = VECTOR('',#3633,1.);
#3633 = DIRECTION('',(-1.,2.22044604925E-16,0.));
#3634 = ORIENTED_EDGE('',*,*,#3635,.T.);
#3635 = EDGE_CURVE('',#3628,#3574,#3636,.T.);
#3636 = LINE('',#3637,#3638);
#3637 = CARTESIAN_POINT('',(-21.,-6.,0.65));
#3638 = VECTOR('',#3639,1.);
#3639 = DIRECTION('',(0.,0.,1.));
#3640 = PLANE('',#3641);
#3641 = AXIS2_PLACEMENT_3D('',#3642,#3643,#3644);
#3642 = CARTESIAN_POINT('',(-16.,-6.,0.3));
#3643 = DIRECTION('',(2.22044604925E-16,1.,0.));
#3644 = DIRECTION('',(0.,0.,1.));
#3645 = ADVANCED_FACE('',(#3646),#3721,.F.);
#3646 = FACE_BOUND('',#3647,.F.);
#3647 = EDGE_LOOP('',(#3648,#3656,#3664,#3672,#3681,#3689,#3697,#3705,
    #3714,#3720));
#3648 = ORIENTED_EDGE('',*,*,#3649,.F.);
#3649 = EDGE_CURVE('',#3650,#3628,#3652,.T.);
#3650 = VERTEX_POINT('',#3651);
#3651 = CARTESIAN_POINT('',(-21.,-9.4,1.));
#3652 = LINE('',#3653,#3654);
#3653 = CARTESIAN_POINT('',(-21.,-13.,1.));
#3654 = VECTOR('',#3655,1.);
#3655 = DIRECTION('',(0.,1.,0.));
#3656 = ORIENTED_EDGE('',*,*,#3657,.T.);
#3657 = EDGE_CURVE('',#3650,#3658,#3660,.T.);
#3658 = VERTEX_POINT('',#3659);
#3659 = CARTESIAN_POINT('',(-17.4,-13.,1.));
#3660 = LINE('',#3661,#3662);
#3661 = CARTESIAN_POINT('',(-20.80355339059,-9.596446609407,1.));
#3662 = VECTOR('',#3663,1.);
#3663 = DIRECTION('',(0.707106781187,-0.707106781187,0.));
#3664 = ORIENTED_EDGE('',*,*,#3665,.T.);
#3665 = EDGE_CURVE('',#3658,#3666,#3668,.T.);
#3666 = VERTEX_POINT('',#3667);
#3667 = CARTESIAN_POINT('',(11.050384638146,-13.,1.));
#3668 = LINE('',#3669,#3670);
#3669 = CARTESIAN_POINT('',(-21.,-13.,1.));
#3670 = VECTOR('',#3671,1.);
#3671 = DIRECTION('',(1.,0.,0.));
#3672 = ORIENTED_EDGE('',*,*,#3673,.F.);
#3673 = EDGE_CURVE('',#3674,#3666,#3676,.T.);
#3674 = VERTEX_POINT('',#3675);
#3675 = CARTESIAN_POINT('',(12.594127789077,-12.1,1.));
#3676 = CIRCLE('',#3677,5.);
#3677 = AXIS2_PLACEMENT_3D('',#3678,#3679,#3680);
#3678 = CARTESIAN_POINT('',(14.3,-16.8,1.));
#3679 = DIRECTION('',(0.,0.,1.));
#3680 = DIRECTION('',(1.,0.,0.));
#3681 = ORIENTED_EDGE('',*,*,#3682,.F.);
#3682 = EDGE_CURVE('',#3683,#3674,#3685,.T.);
#3683 = VERTEX_POINT('',#3684);
#3684 = CARTESIAN_POINT('',(11.78,-12.1,1.));
#3685 = LINE('',#3686,#3687);
#3686 = CARTESIAN_POINT('',(11.78,-12.1,1.));
#3687 = VECTOR('',#3688,1.);
#3688 = DIRECTION('',(1.,0.,0.));
#3689 = ORIENTED_EDGE('',*,*,#3690,.T.);
#3690 = EDGE_CURVE('',#3683,#3691,#3693,.T.);
#3691 = VERTEX_POINT('',#3692);
#3692 = CARTESIAN_POINT('',(11.78,-12.,1.));
#3693 = LINE('',#3694,#3695);
#3694 = CARTESIAN_POINT('',(11.78,-12.1,1.));
#3695 = VECTOR('',#3696,1.);
#3696 = DIRECTION('',(0.,1.,0.));
#3697 = ORIENTED_EDGE('',*,*,#3698,.T.);
#3698 = EDGE_CURVE('',#3691,#3699,#3701,.T.);
#3699 = VERTEX_POINT('',#3700);
#3700 = CARTESIAN_POINT('',(-17.,-12.,1.));
#3701 = LINE('',#3702,#3703);
#3702 = CARTESIAN_POINT('',(-20.5,-12.,1.));
#3703 = VECTOR('',#3704,1.);
#3704 = DIRECTION('',(-1.,0.,0.));
#3705 = ORIENTED_EDGE('',*,*,#3706,.F.);
#3706 = EDGE_CURVE('',#3707,#3699,#3709,.T.);
#3707 = VERTEX_POINT('',#3708);
#3708 = CARTESIAN_POINT('',(-20.,-9.,1.));
#3709 = CIRCLE('',#3710,3.);
#3710 = AXIS2_PLACEMENT_3D('',#3711,#3712,#3713);
#3711 = CARTESIAN_POINT('',(-17.,-9.,1.));
#3712 = DIRECTION('',(0.,0.,1.));
#3713 = DIRECTION('',(-1.,0.,0.));
#3714 = ORIENTED_EDGE('',*,*,#3715,.T.);
#3715 = EDGE_CURVE('',#3707,#3620,#3716,.T.);
#3716 = LINE('',#3717,#3718);
#3717 = CARTESIAN_POINT('',(-20.,-12.5,1.));
#3718 = VECTOR('',#3719,1.);
#3719 = DIRECTION('',(0.,1.,0.));
#3720 = ORIENTED_EDGE('',*,*,#3627,.T.);
#3721 = PLANE('',#3722);
#3722 = AXIS2_PLACEMENT_3D('',#3723,#3724,#3725);
#3723 = CARTESIAN_POINT('',(-21.,-13.,1.));
#3724 = DIRECTION('',(0.,0.,1.));
#3725 = DIRECTION('',(1.,0.,0.));
#3726 = ADVANCED_FACE('',(#3727),#3752,.F.);
#3727 = FACE_BOUND('',#3728,.F.);
#3728 = EDGE_LOOP('',(#3729,#3737,#3745,#3751));
#3729 = ORIENTED_EDGE('',*,*,#3730,.T.);
#3730 = EDGE_CURVE('',#3650,#3731,#3733,.T.);
#3731 = VERTEX_POINT('',#3732);
#3732 = CARTESIAN_POINT('',(-21.,-9.4,-1.5));
#3733 = LINE('',#3734,#3735);
#3734 = CARTESIAN_POINT('',(-21.,-9.4,-4.25));
#3735 = VECTOR('',#3736,1.);
#3736 = DIRECTION('',(0.,-0.,-1.));
#3737 = ORIENTED_EDGE('',*,*,#3738,.F.);
#3738 = EDGE_CURVE('',#3739,#3731,#3741,.T.);
#3739 = VERTEX_POINT('',#3740);
#3740 = CARTESIAN_POINT('',(-17.4,-13.,-1.5));
#3741 = LINE('',#3742,#3743);
#3742 = CARTESIAN_POINT('',(-22.40710678118,-7.992893218813,-1.5));
#3743 = VECTOR('',#3744,1.);
#3744 = DIRECTION('',(-0.707106781187,0.707106781187,-2.22044604925E-16)
  );
#3745 = ORIENTED_EDGE('',*,*,#3746,.T.);
#3746 = EDGE_CURVE('',#3739,#3658,#3747,.T.);
#3747 = LINE('',#3748,#3749);
#3748 = CARTESIAN_POINT('',(-17.4,-13.,-4.25));
#3749 = VECTOR('',#3750,1.);
#3750 = DIRECTION('',(0.,-0.,1.));
#3751 = ORIENTED_EDGE('',*,*,#3657,.F.);
#3752 = PLANE('',#3753);
#3753 = AXIS2_PLACEMENT_3D('',#3754,#3755,#3756);
#3754 = CARTESIAN_POINT('',(-22.40710678118,-7.992893218813,-3.5));
#3755 = DIRECTION('',(-0.707106781187,-0.707106781187,0.));
#3756 = DIRECTION('',(0.,0.,1.));
#3757 = ADVANCED_FACE('',(#3758),#3785,.T.);
#3758 = FACE_BOUND('',#3759,.F.);
#3759 = EDGE_LOOP('',(#3760,#3769,#3777,#3784));
#3760 = ORIENTED_EDGE('',*,*,#3761,.F.);
#3761 = EDGE_CURVE('',#3762,#3731,#3764,.T.);
#3762 = VERTEX_POINT('',#3763);
#3763 = CARTESIAN_POINT('',(-21.,-9.4,-3.5));
#3764 = ELLIPSE('',#3765,1.414213562373,1.);
#3765 = AXIS2_PLACEMENT_3D('',#3766,#3767,#3768);
#3766 = CARTESIAN_POINT('',(-21.,-9.4,-2.5));
#3767 = DIRECTION('',(1.,0.,0.));
#3768 = DIRECTION('',(0.,1.,-3.140184917368E-16));
#3769 = ORIENTED_EDGE('',*,*,#3770,.T.);
#3770 = EDGE_CURVE('',#3762,#3771,#3773,.T.);
#3771 = VERTEX_POINT('',#3772);
#3772 = CARTESIAN_POINT('',(-17.4,-13.,-3.5));
#3773 = LINE('',#3774,#3775);
#3774 = CARTESIAN_POINT('',(-22.40710678118,-7.992893218813,-3.5));
#3775 = VECTOR('',#3776,1.);
#3776 = DIRECTION('',(0.707106781187,-0.707106781187,0.));
#3777 = ORIENTED_EDGE('',*,*,#3778,.F.);
#3778 = EDGE_CURVE('',#3739,#3771,#3779,.T.);
#3779 = ELLIPSE('',#3780,1.414213562373,1.);
#3780 = AXIS2_PLACEMENT_3D('',#3781,#3782,#3783);
#3781 = CARTESIAN_POINT('',(-17.4,-13.,-2.5));
#3782 = DIRECTION('',(0.,1.,0.));
#3783 = DIRECTION('',(-1.,0.,-3.140184917368E-16));
#3784 = ORIENTED_EDGE('',*,*,#3738,.T.);
#3785 = CYLINDRICAL_SURFACE('',#3786,1.);
#3786 = AXIS2_PLACEMENT_3D('',#3787,#3788,#3789);
#3787 = CARTESIAN_POINT('',(-22.40710678118,-7.992893218813,-2.5));
#3788 = DIRECTION('',(-0.707106781187,0.707106781187,-2.22044604925E-16)
  );
#3789 = DIRECTION('',(-0.707106781187,-0.707106781187,0.));
#3790 = ADVANCED_FACE('',(#3791),#3817,.F.);
#3791 = FACE_BOUND('',#3792,.F.);
#3792 = EDGE_LOOP('',(#3793,#3794,#3802,#3811));
#3793 = ORIENTED_EDGE('',*,*,#3770,.F.);
#3794 = ORIENTED_EDGE('',*,*,#3795,.T.);
#3795 = EDGE_CURVE('',#3762,#3796,#3798,.T.);
#3796 = VERTEX_POINT('',#3797);
#3797 = CARTESIAN_POINT('',(-21.,-9.5,-3.5));
#3798 = LINE('',#3799,#3800);
#3799 = CARTESIAN_POINT('',(-21.,-10.4964466094,-3.5));
#3800 = VECTOR('',#3801,1.);
#3801 = DIRECTION('',(0.,-1.,0.));
#3802 = ORIENTED_EDGE('',*,*,#3803,.T.);
#3803 = EDGE_CURVE('',#3796,#3804,#3806,.T.);
#3804 = VERTEX_POINT('',#3805);
#3805 = CARTESIAN_POINT('',(-17.5,-13.,-3.5));
#3806 = CIRCLE('',#3807,3.5);
#3807 = AXIS2_PLACEMENT_3D('',#3808,#3809,#3810);
#3808 = CARTESIAN_POINT('',(-17.5,-9.5,-3.5));
#3809 = DIRECTION('',(0.,0.,1.));
#3810 = DIRECTION('',(-1.,0.,0.));
#3811 = ORIENTED_EDGE('',*,*,#3812,.T.);
#3812 = EDGE_CURVE('',#3804,#3771,#3813,.T.);
#3813 = LINE('',#3814,#3815);
#3814 = CARTESIAN_POINT('',(-21.70355339059,-13.,-3.5));
#3815 = VECTOR('',#3816,1.);
#3816 = DIRECTION('',(1.,0.,0.));
#3817 = PLANE('',#3818);
#3818 = AXIS2_PLACEMENT_3D('',#3819,#3820,#3821);
#3819 = CARTESIAN_POINT('',(-22.40710678118,-7.992893218813,-3.5));
#3820 = DIRECTION('',(0.,0.,1.));
#3821 = DIRECTION('',(-0.707106781187,-0.707106781187,0.));
#3822 = ADVANCED_FACE('',(#3823),#3849,.T.);
#3823 = FACE_BOUND('',#3824,.T.);
#3824 = EDGE_LOOP('',(#3825,#3833,#3834,#3842));
#3825 = ORIENTED_EDGE('',*,*,#3826,.F.);
#3826 = EDGE_CURVE('',#3796,#3827,#3829,.T.);
#3827 = VERTEX_POINT('',#3828);
#3828 = CARTESIAN_POINT('',(-21.,-9.5,6.));
#3829 = LINE('',#3830,#3831);
#3830 = CARTESIAN_POINT('',(-21.,-9.5,-5.));
#3831 = VECTOR('',#3832,1.);
#3832 = DIRECTION('',(0.,0.,1.));
#3833 = ORIENTED_EDGE('',*,*,#3803,.T.);
#3834 = ORIENTED_EDGE('',*,*,#3835,.T.);
#3835 = EDGE_CURVE('',#3804,#3836,#3838,.T.);
#3836 = VERTEX_POINT('',#3837);
#3837 = CARTESIAN_POINT('',(-17.5,-13.,6.));
#3838 = LINE('',#3839,#3840);
#3839 = CARTESIAN_POINT('',(-17.5,-13.,-5.));
#3840 = VECTOR('',#3841,1.);
#3841 = DIRECTION('',(0.,0.,1.));
#3842 = ORIENTED_EDGE('',*,*,#3843,.F.);
#3843 = EDGE_CURVE('',#3827,#3836,#3844,.T.);
#3844 = CIRCLE('',#3845,3.5);
#3845 = AXIS2_PLACEMENT_3D('',#3846,#3847,#3848);
#3846 = CARTESIAN_POINT('',(-17.5,-9.5,6.));
#3847 = DIRECTION('',(-0.,0.,1.));
#3848 = DIRECTION('',(0.,-1.,0.));
#3849 = CYLINDRICAL_SURFACE('',#3850,3.5);
#3850 = AXIS2_PLACEMENT_3D('',#3851,#3852,#3853);
#3851 = CARTESIAN_POINT('',(-17.5,-9.5,-5.));
#3852 = DIRECTION('',(0.,0.,1.));
#3853 = DIRECTION('',(-1.,0.,0.));
#3854 = ADVANCED_FACE('',(#3855),#3880,.F.);
#3855 = FACE_BOUND('',#3856,.F.);
#3856 = EDGE_LOOP('',(#3857,#3865,#3873,#3879));
#3857 = ORIENTED_EDGE('',*,*,#3858,.F.);
#3858 = EDGE_CURVE('',#3859,#3503,#3861,.T.);
#3859 = VERTEX_POINT('',#3860);
#3860 = CARTESIAN_POINT('',(-17.4,13.,-1.5));
#3861 = LINE('',#3862,#3863);
#3862 = CARTESIAN_POINT('',(-17.4,13.,-4.25));
#3863 = VECTOR('',#3864,1.);
#3864 = DIRECTION('',(0.,-0.,1.));
#3865 = ORIENTED_EDGE('',*,*,#3866,.F.);
#3866 = EDGE_CURVE('',#3867,#3859,#3869,.T.);
#3867 = VERTEX_POINT('',#3868);
#3868 = CARTESIAN_POINT('',(-21.,9.4,-1.5));
#3869 = LINE('',#3870,#3871);
#3870 = CARTESIAN_POINT('',(-15.99289321881,14.407106781187,-1.5));
#3871 = VECTOR('',#3872,1.);
#3872 = DIRECTION('',(0.707106781187,0.707106781187,-2.22044604925E-16)
  );
#3873 = ORIENTED_EDGE('',*,*,#3874,.T.);
#3874 = EDGE_CURVE('',#3867,#3379,#3875,.T.);
#3875 = LINE('',#3876,#3877);
#3876 = CARTESIAN_POINT('',(-21.,9.4,-4.25));
#3877 = VECTOR('',#3878,1.);
#3878 = DIRECTION('',(0.,-0.,1.));
#3879 = ORIENTED_EDGE('',*,*,#3510,.F.);
#3880 = PLANE('',#3881);
#3881 = AXIS2_PLACEMENT_3D('',#3882,#3883,#3884);
#3882 = CARTESIAN_POINT('',(-15.99289321881,14.407106781187,-3.5));
#3883 = DIRECTION('',(-0.707106781187,0.707106781187,0.));
#3884 = DIRECTION('',(0.,0.,1.));
#3885 = ADVANCED_FACE('',(#3886),#3922,.T.);
#3886 = FACE_BOUND('',#3887,.F.);
#3887 = EDGE_LOOP('',(#3888,#3898,#3907,#3915));
#3888 = ORIENTED_EDGE('',*,*,#3889,.F.);
#3889 = EDGE_CURVE('',#3890,#3892,#3894,.T.);
#3890 = VERTEX_POINT('',#3891);
#3891 = CARTESIAN_POINT('',(-21.,9.5,-3.5));
#3892 = VERTEX_POINT('',#3893);
#3893 = CARTESIAN_POINT('',(-21.,9.5,6.));
#3894 = LINE('',#3895,#3896);
#3895 = CARTESIAN_POINT('',(-21.,9.5,-5.));
#3896 = VECTOR('',#3897,1.);
#3897 = DIRECTION('',(0.,0.,1.));
#3898 = ORIENTED_EDGE('',*,*,#3899,.F.);
#3899 = EDGE_CURVE('',#3900,#3890,#3902,.T.);
#3900 = VERTEX_POINT('',#3901);
#3901 = CARTESIAN_POINT('',(-17.5,13.,-3.5));
#3902 = CIRCLE('',#3903,3.5);
#3903 = AXIS2_PLACEMENT_3D('',#3904,#3905,#3906);
#3904 = CARTESIAN_POINT('',(-17.5,9.5,-3.5));
#3905 = DIRECTION('',(0.,0.,1.));
#3906 = DIRECTION('',(-1.,0.,0.));
#3907 = ORIENTED_EDGE('',*,*,#3908,.T.);
#3908 = EDGE_CURVE('',#3900,#3909,#3911,.T.);
#3909 = VERTEX_POINT('',#3910);
#3910 = CARTESIAN_POINT('',(-17.5,13.,6.));
#3911 = LINE('',#3912,#3913);
#3912 = CARTESIAN_POINT('',(-17.5,13.,-5.));
#3913 = VECTOR('',#3914,1.);
#3914 = DIRECTION('',(0.,0.,1.));
#3915 = ORIENTED_EDGE('',*,*,#3916,.F.);
#3916 = EDGE_CURVE('',#3892,#3909,#3917,.T.);
#3917 = CIRCLE('',#3918,3.5);
#3918 = AXIS2_PLACEMENT_3D('',#3919,#3920,#3921);
#3919 = CARTESIAN_POINT('',(-17.5,9.5,6.));
#3920 = DIRECTION('',(-0.,-0.,-1.));
#3921 = DIRECTION('',(0.,-1.,0.));
#3922 = CYLINDRICAL_SURFACE('',#3923,3.5);
#3923 = AXIS2_PLACEMENT_3D('',#3924,#3925,#3926);
#3924 = CARTESIAN_POINT('',(-17.5,9.5,-5.));
#3925 = DIRECTION('',(0.,0.,1.));
#3926 = DIRECTION('',(-1.,0.,0.));
#3927 = ADVANCED_FACE('',(#3928),#3953,.F.);
#3928 = FACE_BOUND('',#3929,.F.);
#3929 = EDGE_LOOP('',(#3930,#3940,#3946,#3947));
#3930 = ORIENTED_EDGE('',*,*,#3931,.F.);
#3931 = EDGE_CURVE('',#3932,#3934,#3936,.T.);
#3932 = VERTEX_POINT('',#3933);
#3933 = CARTESIAN_POINT('',(-17.4,13.,-3.5));
#3934 = VERTEX_POINT('',#3935);
#3935 = CARTESIAN_POINT('',(-21.,9.4,-3.5));
#3936 = LINE('',#3937,#3938);
#3937 = CARTESIAN_POINT('',(-15.99289321881,14.407106781187,-3.5));
#3938 = VECTOR('',#3939,1.);
#3939 = DIRECTION('',(-0.707106781187,-0.707106781187,0.));
#3940 = ORIENTED_EDGE('',*,*,#3941,.F.);
#3941 = EDGE_CURVE('',#3900,#3932,#3942,.T.);
#3942 = LINE('',#3943,#3944);
#3943 = CARTESIAN_POINT('',(-18.4964466094,13.,-3.5));
#3944 = VECTOR('',#3945,1.);
#3945 = DIRECTION('',(1.,0.,0.));
#3946 = ORIENTED_EDGE('',*,*,#3899,.T.);
#3947 = ORIENTED_EDGE('',*,*,#3948,.T.);
#3948 = EDGE_CURVE('',#3890,#3934,#3949,.T.);
#3949 = LINE('',#3950,#3951);
#3950 = CARTESIAN_POINT('',(-21.,0.703553390593,-3.5));
#3951 = VECTOR('',#3952,1.);
#3952 = DIRECTION('',(0.,-1.,0.));
#3953 = PLANE('',#3954);
#3954 = AXIS2_PLACEMENT_3D('',#3955,#3956,#3957);
#3955 = CARTESIAN_POINT('',(-15.99289321881,14.407106781187,-3.5));
#3956 = DIRECTION('',(0.,0.,1.));
#3957 = DIRECTION('',(-0.707106781187,0.707106781187,0.));
#3958 = ADVANCED_FACE('',(#3959),#3977,.T.);
#3959 = FACE_BOUND('',#3960,.F.);
#3960 = EDGE_LOOP('',(#3961,#3968,#3969,#3976));
#3961 = ORIENTED_EDGE('',*,*,#3962,.T.);
#3962 = EDGE_CURVE('',#3859,#3932,#3963,.T.);
#3963 = ELLIPSE('',#3964,1.414213562373,1.);
#3964 = AXIS2_PLACEMENT_3D('',#3965,#3966,#3967);
#3965 = CARTESIAN_POINT('',(-17.4,13.,-2.5));
#3966 = DIRECTION('',(0.,1.,0.));
#3967 = DIRECTION('',(1.,0.,-3.140184917368E-16));
#3968 = ORIENTED_EDGE('',*,*,#3931,.T.);
#3969 = ORIENTED_EDGE('',*,*,#3970,.F.);
#3970 = EDGE_CURVE('',#3867,#3934,#3971,.T.);
#3971 = ELLIPSE('',#3972,1.414213562373,1.);
#3972 = AXIS2_PLACEMENT_3D('',#3973,#3974,#3975);
#3973 = CARTESIAN_POINT('',(-21.,9.4,-2.5));
#3974 = DIRECTION('',(1.,0.,0.));
#3975 = DIRECTION('',(0.,1.,-3.140184917368E-16));
#3976 = ORIENTED_EDGE('',*,*,#3866,.T.);
#3977 = CYLINDRICAL_SURFACE('',#3978,1.);
#3978 = AXIS2_PLACEMENT_3D('',#3979,#3980,#3981);
#3979 = CARTESIAN_POINT('',(-15.99289321881,14.407106781187,-2.5));
#3980 = DIRECTION('',(0.707106781187,0.707106781187,-2.22044604925E-16)
  );
#3981 = DIRECTION('',(-0.707106781187,0.707106781187,0.));
#3982 = ADVANCED_FACE('',(#3983),#4008,.F.);
#3983 = FACE_BOUND('',#3984,.F.);
#3984 = EDGE_LOOP('',(#3985,#3993,#4001,#4007));
#3985 = ORIENTED_EDGE('',*,*,#3986,.F.);
#3986 = EDGE_CURVE('',#3987,#3487,#3989,.T.);
#3987 = VERTEX_POINT('',#3988);
#3988 = CARTESIAN_POINT('',(21.,9.4,-1.5));
#3989 = LINE('',#3990,#3991);
#3990 = CARTESIAN_POINT('',(21.,9.4,-4.25));
#3991 = VECTOR('',#3992,1.);
#3992 = DIRECTION('',(0.,0.,1.));
#3993 = ORIENTED_EDGE('',*,*,#3994,.F.);
#3994 = EDGE_CURVE('',#3995,#3987,#3997,.T.);
#3995 = VERTEX_POINT('',#3996);
#3996 = CARTESIAN_POINT('',(17.4,13.,-1.5));
#3997 = LINE('',#3998,#3999);
#3998 = CARTESIAN_POINT('',(22.407106781187,7.992893218813,-1.5));
#3999 = VECTOR('',#4000,1.);
#4000 = DIRECTION('',(0.707106781187,-0.707106781187,-2.22044604925E-16)
  );
#4001 = ORIENTED_EDGE('',*,*,#4002,.F.);
#4002 = EDGE_CURVE('',#3495,#3995,#4003,.T.);
#4003 = LINE('',#4004,#4005);
#4004 = CARTESIAN_POINT('',(17.4,13.,-4.25));
#4005 = VECTOR('',#4006,1.);
#4006 = DIRECTION('',(0.,0.,-1.));
#4007 = ORIENTED_EDGE('',*,*,#3494,.F.);
#4008 = PLANE('',#4009);
#4009 = AXIS2_PLACEMENT_3D('',#4010,#4011,#4012);
#4010 = CARTESIAN_POINT('',(22.407106781187,7.992893218813,-3.5));
#4011 = DIRECTION('',(0.707106781187,0.707106781187,0.));
#4012 = DIRECTION('',(0.,0.,1.));
#4013 = ADVANCED_FACE('',(#4014),#4048,.F.);
#4014 = FACE_BOUND('',#4015,.F.);
#4015 = EDGE_LOOP('',(#4016,#4026,#4032,#4033,#4042));
#4016 = ORIENTED_EDGE('',*,*,#4017,.F.);
#4017 = EDGE_CURVE('',#4018,#4020,#4022,.T.);
#4018 = VERTEX_POINT('',#4019);
#4019 = CARTESIAN_POINT('',(21.,-9.4,-1.5));
#4020 = VERTEX_POINT('',#4021);
#4021 = CARTESIAN_POINT('',(17.4,-13.,-1.5));
#4022 = LINE('',#4023,#4024);
#4023 = CARTESIAN_POINT('',(15.992893218813,-14.40710678118,-1.5));
#4024 = VECTOR('',#4025,1.);
#4025 = DIRECTION('',(-0.707106781187,-0.707106781187,-2.22044604925E-16
    ));
#4026 = ORIENTED_EDGE('',*,*,#4027,.F.);
#4027 = EDGE_CURVE('',#3479,#4018,#4028,.T.);
#4028 = LINE('',#4029,#4030);
#4029 = CARTESIAN_POINT('',(21.,-9.4,-4.25));
#4030 = VECTOR('',#4031,1.);
#4031 = DIRECTION('',(0.,0.,-1.));
#4032 = ORIENTED_EDGE('',*,*,#3478,.F.);
#4033 = ORIENTED_EDGE('',*,*,#4034,.F.);
#4034 = EDGE_CURVE('',#4035,#3470,#4037,.T.);
#4035 = VERTEX_POINT('',#4036);
#4036 = CARTESIAN_POINT('',(17.4,-13.,2.53205655191E-02));
#4037 = CIRCLE('',#4038,4.975439679064);
#4038 = AXIS2_PLACEMENT_3D('',#4039,#4040,#4041);
#4039 = CARTESIAN_POINT('',(13.95,-16.45,1.));
#4040 = DIRECTION('',(0.707106781187,-0.707106781187,0.));
#4041 = DIRECTION('',(0.707106781187,0.707106781187,0.));
#4042 = ORIENTED_EDGE('',*,*,#4043,.T.);
#4043 = EDGE_CURVE('',#4035,#4020,#4044,.T.);
#4044 = LINE('',#4045,#4046);
#4045 = CARTESIAN_POINT('',(17.4,-13.,-4.25));
#4046 = VECTOR('',#4047,1.);
#4047 = DIRECTION('',(0.,0.,-1.));
#4048 = PLANE('',#4049);
#4049 = AXIS2_PLACEMENT_3D('',#4050,#4051,#4052);
#4050 = CARTESIAN_POINT('',(15.992893218813,-14.40710678118,-3.5));
#4051 = DIRECTION('',(0.707106781187,-0.707106781187,0.));
#4052 = DIRECTION('',(0.,0.,1.));
#4053 = ADVANCED_FACE('',(#4054),#4124,.F.);
#4054 = FACE_BOUND('',#4055,.F.);
#4055 = EDGE_LOOP('',(#4056,#4065,#4074,#4089,#4096,#4097,#4098,#4107,
    #4116,#4123));
#4056 = ORIENTED_EDGE('',*,*,#4057,.T.);
#4057 = EDGE_CURVE('',#3666,#4058,#4060,.T.);
#4058 = VERTEX_POINT('',#4059);
#4059 = CARTESIAN_POINT('',(17.4,-13.,1.974679434481));
#4060 = CIRCLE('',#4061,3.249615361854);
#4061 = AXIS2_PLACEMENT_3D('',#4062,#4063,#4064);
#4062 = CARTESIAN_POINT('',(14.3,-13.,1.));
#4063 = DIRECTION('',(0.,1.,0.));
#4064 = DIRECTION('',(0.,0.,1.));
#4065 = ORIENTED_EDGE('',*,*,#4066,.T.);
#4066 = EDGE_CURVE('',#4058,#4067,#4069,.T.);
#4067 = VERTEX_POINT('',#4068);
#4068 = CARTESIAN_POINT('',(17.5,-13.,1.565685424949));
#4069 = CIRCLE('',#4070,3.249615361854);
#4070 = AXIS2_PLACEMENT_3D('',#4071,#4072,#4073);
#4071 = CARTESIAN_POINT('',(14.3,-13.,1.));
#4072 = DIRECTION('',(0.,1.,0.));
#4073 = DIRECTION('',(0.,-0.,1.));
#4074 = ORIENTED_EDGE('',*,*,#4075,.T.);
#4075 = EDGE_CURVE('',#4067,#4076,#4078,.T.);
#4076 = VERTEX_POINT('',#4077);
#4077 = CARTESIAN_POINT('',(17.5,-13.,0.434314575051));
#4078 = B_SPLINE_CURVE_WITH_KNOTS('',5,(#4079,#4080,#4081,#4082,#4083,
    #4084,#4085,#4086,#4087,#4088),.UNSPECIFIED.,.F.,.F.,(6,4,6),(0.,
    0.446823417733,1.),.UNSPECIFIED.);
#4079 = CARTESIAN_POINT('',(17.5,-13.,1.565685424949));
#4080 = CARTESIAN_POINT('',(17.517766531512,-13.,1.465182745669));
#4081 = CARTESIAN_POINT('',(17.53140118401,-12.99988736956,
    1.364280246114));
#4082 = CARTESIAN_POINT('',(17.541054954521,-12.99976632504,
    1.263113436684));
#4083 = CARTESIAN_POINT('',(17.546801760476,-12.99968756312,
    1.161801298074));
#4084 = CARTESIAN_POINT('',(17.550954866286,-12.99962982052,
    0.934970373347));
#4085 = CARTESIAN_POINT('',(17.547290786018,-12.99967898139,
    0.80929484644));
#4086 = CARTESIAN_POINT('',(17.537660694646,-12.99982743795,
    0.683799250405));
#4087 = CARTESIAN_POINT('',(17.521997689409,-13.,0.558752297862));
#4088 = CARTESIAN_POINT('',(17.5,-13.,0.434314575051));
#4089 = ORIENTED_EDGE('',*,*,#4090,.T.);
#4090 = EDGE_CURVE('',#4076,#4035,#4091,.T.);
#4091 = CIRCLE('',#4092,3.249615361854);
#4092 = AXIS2_PLACEMENT_3D('',#4093,#4094,#4095);
#4093 = CARTESIAN_POINT('',(14.3,-13.,1.));
#4094 = DIRECTION('',(0.,1.,0.));
#4095 = DIRECTION('',(0.,-0.,1.));
#4096 = ORIENTED_EDGE('',*,*,#4034,.T.);
#4097 = ORIENTED_EDGE('',*,*,#3469,.T.);
#4098 = ORIENTED_EDGE('',*,*,#4099,.F.);
#4099 = EDGE_CURVE('',#4100,#3462,#4102,.T.);
#4100 = VERTEX_POINT('',#4101);
#4101 = CARTESIAN_POINT('',(15.112403840464,-12.1,2.5));
#4102 = CIRCLE('',#4103,1.705872210923);
#4103 = AXIS2_PLACEMENT_3D('',#4104,#4105,#4106);
#4104 = CARTESIAN_POINT('',(14.3,-12.1,1.));
#4105 = DIRECTION('',(0.,1.,0.));
#4106 = DIRECTION('',(0.,0.,1.));
#4107 = ORIENTED_EDGE('',*,*,#4108,.T.);
#4108 = EDGE_CURVE('',#4100,#4109,#4111,.T.);
#4109 = VERTEX_POINT('',#4110);
#4110 = CARTESIAN_POINT('',(13.487596159536,-12.1,2.5));
#4111 = CIRCLE('',#4112,4.769696007085);
#4112 = AXIS2_PLACEMENT_3D('',#4113,#4114,#4115);
#4113 = CARTESIAN_POINT('',(14.3,-16.8,2.5));
#4114 = DIRECTION('',(0.,0.,1.));
#4115 = DIRECTION('',(1.,0.,0.));
#4116 = ORIENTED_EDGE('',*,*,#4117,.F.);
#4117 = EDGE_CURVE('',#3674,#4109,#4118,.T.);
#4118 = CIRCLE('',#4119,1.705872210923);
#4119 = AXIS2_PLACEMENT_3D('',#4120,#4121,#4122);
#4120 = CARTESIAN_POINT('',(14.3,-12.1,1.));
#4121 = DIRECTION('',(0.,1.,0.));
#4122 = DIRECTION('',(0.,0.,1.));
#4123 = ORIENTED_EDGE('',*,*,#3673,.T.);
#4124 = SPHERICAL_SURFACE('',#4125,5.);
#4125 = AXIS2_PLACEMENT_3D('',#4126,#4127,#4128);
#4126 = CARTESIAN_POINT('',(14.3,-16.8,1.));
#4127 = DIRECTION('',(0.,0.,1.));
#4128 = DIRECTION('',(1.,0.,0.));
#4129 = ADVANCED_FACE('',(#4130),#4148,.F.);
#4130 = FACE_BOUND('',#4131,.F.);
#4131 = EDGE_LOOP('',(#4132,#4133,#4134,#4142));
#4132 = ORIENTED_EDGE('',*,*,#4099,.T.);
#4133 = ORIENTED_EDGE('',*,*,#3461,.T.);
#4134 = ORIENTED_EDGE('',*,*,#4135,.T.);
#4135 = EDGE_CURVE('',#3454,#4136,#4138,.T.);
#4136 = VERTEX_POINT('',#4137);
#4137 = CARTESIAN_POINT('',(16.78,-12.1,2.5));
#4138 = LINE('',#4139,#4140);
#4139 = CARTESIAN_POINT('',(16.78,-12.1,1.));
#4140 = VECTOR('',#4141,1.);
#4141 = DIRECTION('',(0.,0.,1.));
#4142 = ORIENTED_EDGE('',*,*,#4143,.F.);
#4143 = EDGE_CURVE('',#4100,#4136,#4144,.T.);
#4144 = LINE('',#4145,#4146);
#4145 = CARTESIAN_POINT('',(11.78,-12.1,2.5));
#4146 = VECTOR('',#4147,1.);
#4147 = DIRECTION('',(1.,0.,0.));
#4148 = PLANE('',#4149);
#4149 = AXIS2_PLACEMENT_3D('',#4150,#4151,#4152);
#4150 = CARTESIAN_POINT('',(16.012823082622,-12.1,1.087163080312));
#4151 = DIRECTION('',(-0.,-1.,-0.));
#4152 = DIRECTION('',(0.,0.,-1.));
#4153 = ADVANCED_FACE('',(#4154),#4188,.F.);
#4154 = FACE_BOUND('',#4155,.F.);
#4155 = EDGE_LOOP('',(#4156,#4157,#4158,#4166,#4174,#4182));
#4156 = ORIENTED_EDGE('',*,*,#4135,.F.);
#4157 = ORIENTED_EDGE('',*,*,#3453,.T.);
#4158 = ORIENTED_EDGE('',*,*,#4159,.F.);
#4159 = EDGE_CURVE('',#4160,#3446,#4162,.T.);
#4160 = VERTEX_POINT('',#4161);
#4161 = CARTESIAN_POINT('',(16.78,-12.,1.6));
#4162 = LINE('',#4163,#4164);
#4163 = CARTESIAN_POINT('',(16.78,-12.,0.5));
#4164 = VECTOR('',#4165,1.);
#4165 = DIRECTION('',(0.,0.,-1.));
#4166 = ORIENTED_EDGE('',*,*,#4167,.T.);
#4167 = EDGE_CURVE('',#4160,#4168,#4170,.T.);
#4168 = VERTEX_POINT('',#4169);
#4169 = CARTESIAN_POINT('',(16.78,-11.48690475241,1.6));
#4170 = LINE('',#4171,#4172);
#4171 = CARTESIAN_POINT('',(16.78,-12.05,1.6));
#4172 = VECTOR('',#4173,1.);
#4173 = DIRECTION('',(0.,1.,0.));
#4174 = ORIENTED_EDGE('',*,*,#4175,.T.);
#4175 = EDGE_CURVE('',#4168,#4176,#4178,.T.);
#4176 = VERTEX_POINT('',#4177);
#4177 = CARTESIAN_POINT('',(16.78,-11.48690475241,2.5));
#4178 = LINE('',#4179,#4180);
#4179 = CARTESIAN_POINT('',(16.78,-11.48690475241,1.));
#4180 = VECTOR('',#4181,1.);
#4181 = DIRECTION('',(0.,0.,1.));
#4182 = ORIENTED_EDGE('',*,*,#4183,.F.);
#4183 = EDGE_CURVE('',#4136,#4176,#4184,.T.);
#4184 = LINE('',#4185,#4186);
#4185 = CARTESIAN_POINT('',(16.78,-12.1,2.5));
#4186 = VECTOR('',#4187,1.);
#4187 = DIRECTION('',(0.,1.,0.));
#4188 = PLANE('',#4189);
#4189 = AXIS2_PLACEMENT_3D('',#4190,#4191,#4192);
#4190 = CARTESIAN_POINT('',(16.78,-12.1,1.));
#4191 = DIRECTION('',(1.,0.,0.));
#4192 = DIRECTION('',(0.,0.,1.));
#4193 = ADVANCED_FACE('',(#4194),#4212,.T.);
#4194 = FACE_BOUND('',#4195,.T.);
#4195 = EDGE_LOOP('',(#4196,#4204,#4205,#4206));
#4196 = ORIENTED_EDGE('',*,*,#4197,.F.);
#4197 = EDGE_CURVE('',#3437,#4198,#4200,.T.);
#4198 = VERTEX_POINT('',#4199);
#4199 = CARTESIAN_POINT('',(17.,-12.,1.6));
#4200 = LINE('',#4201,#4202);
#4201 = CARTESIAN_POINT('',(17.,-12.,0.));
#4202 = VECTOR('',#4203,1.);
#4203 = DIRECTION('',(0.,0.,1.));
#4204 = ORIENTED_EDGE('',*,*,#3445,.T.);
#4205 = ORIENTED_EDGE('',*,*,#4159,.F.);
#4206 = ORIENTED_EDGE('',*,*,#4207,.T.);
#4207 = EDGE_CURVE('',#4160,#4198,#4208,.T.);
#4208 = LINE('',#4209,#4210);
#4209 = CARTESIAN_POINT('',(-20.,-12.,1.6));
#4210 = VECTOR('',#4211,1.);
#4211 = DIRECTION('',(1.,0.,0.));
#4212 = PLANE('',#4213);
#4213 = AXIS2_PLACEMENT_3D('',#4214,#4215,#4216);
#4214 = CARTESIAN_POINT('',(-20.,-12.,0.));
#4215 = DIRECTION('',(0.,1.,0.));
#4216 = DIRECTION('',(0.,0.,1.));
#4217 = ADVANCED_FACE('',(#4218),#4237,.F.);
#4218 = FACE_BOUND('',#4219,.T.);
#4219 = EDGE_LOOP('',(#4220,#4228,#4229,#4230));
#4220 = ORIENTED_EDGE('',*,*,#4221,.F.);
#4221 = EDGE_CURVE('',#3429,#4222,#4224,.T.);
#4222 = VERTEX_POINT('',#4223);
#4223 = CARTESIAN_POINT('',(20.,-9.,1.6));
#4224 = LINE('',#4225,#4226);
#4225 = CARTESIAN_POINT('',(20.,-9.,0.));
#4226 = VECTOR('',#4227,1.);
#4227 = DIRECTION('',(0.,0.,1.));
#4228 = ORIENTED_EDGE('',*,*,#3436,.F.);
#4229 = ORIENTED_EDGE('',*,*,#4197,.T.);
#4230 = ORIENTED_EDGE('',*,*,#4231,.F.);
#4231 = EDGE_CURVE('',#4222,#4198,#4232,.T.);
#4232 = CIRCLE('',#4233,3.);
#4233 = AXIS2_PLACEMENT_3D('',#4234,#4235,#4236);
#4234 = CARTESIAN_POINT('',(17.,-9.,1.6));
#4235 = DIRECTION('',(-0.,-0.,-1.));
#4236 = DIRECTION('',(0.,-1.,0.));
#4237 = CYLINDRICAL_SURFACE('',#4238,3.);
#4238 = AXIS2_PLACEMENT_3D('',#4239,#4240,#4241);
#4239 = CARTESIAN_POINT('',(17.,-9.,0.));
#4240 = DIRECTION('',(0.,0.,1.));
#4241 = DIRECTION('',(1.,0.,0.));
#4242 = ADVANCED_FACE('',(#4243),#4345,.T.);
#4243 = FACE_BOUND('',#4244,.T.);
#4244 = EDGE_LOOP('',(#4245,#4253,#4261,#4270,#4279,#4287,#4295,#4303,
    #4312,#4321,#4329,#4337,#4343,#4344));
#4245 = ORIENTED_EDGE('',*,*,#4246,.T.);
#4246 = EDGE_CURVE('',#4222,#4247,#4249,.T.);
#4247 = VERTEX_POINT('',#4248);
#4248 = CARTESIAN_POINT('',(20.,-4.24,1.6));
#4249 = LINE('',#4250,#4251);
#4250 = CARTESIAN_POINT('',(20.,-12.,1.6));
#4251 = VECTOR('',#4252,1.);
#4252 = DIRECTION('',(0.,1.,0.));
#4253 = ORIENTED_EDGE('',*,*,#4254,.T.);
#4254 = EDGE_CURVE('',#4247,#4255,#4257,.T.);
#4255 = VERTEX_POINT('',#4256);
#4256 = CARTESIAN_POINT('',(20.,-4.24,2.692202661619));
#4257 = LINE('',#4258,#4259);
#4258 = CARTESIAN_POINT('',(20.,-4.24,1.6));
#4259 = VECTOR('',#4260,1.);
#4260 = DIRECTION('',(0.,0.,1.));
#4261 = ORIENTED_EDGE('',*,*,#4262,.F.);
#4262 = EDGE_CURVE('',#4263,#4255,#4265,.T.);
#4263 = VERTEX_POINT('',#4264);
#4264 = CARTESIAN_POINT('',(20.,-3.,1.6));
#4265 = CIRCLE('',#4266,1.25);
#4266 = AXIS2_PLACEMENT_3D('',#4267,#4268,#4269);
#4267 = CARTESIAN_POINT('',(20.,-3.,2.85));
#4268 = DIRECTION('',(-1.,-0.,-2.22044604925E-16));
#4269 = DIRECTION('',(2.22044604925E-16,0.,-1.));
#4270 = ORIENTED_EDGE('',*,*,#4271,.F.);
#4271 = EDGE_CURVE('',#4272,#4263,#4274,.T.);
#4272 = VERTEX_POINT('',#4273);
#4273 = CARTESIAN_POINT('',(20.,-2.9,1.604006420562));
#4274 = CIRCLE('',#4275,1.25);
#4275 = AXIS2_PLACEMENT_3D('',#4276,#4277,#4278);
#4276 = CARTESIAN_POINT('',(20.,-3.,2.85));
#4277 = DIRECTION('',(-1.,-0.,-2.22044604925E-16));
#4278 = DIRECTION('',(2.22044604925E-16,0.,-1.));
#4279 = ORIENTED_EDGE('',*,*,#4280,.T.);
#4280 = EDGE_CURVE('',#4272,#4281,#4283,.T.);
#4281 = VERTEX_POINT('',#4282);
#4282 = CARTESIAN_POINT('',(20.,-2.9,1.6));
#4283 = LINE('',#4284,#4285);
#4284 = CARTESIAN_POINT('',(20.,-2.9,1.6));
#4285 = VECTOR('',#4286,1.);
#4286 = DIRECTION('',(0.,0.,-1.));
#4287 = ORIENTED_EDGE('',*,*,#4288,.T.);
#4288 = EDGE_CURVE('',#4281,#4289,#4291,.T.);
#4289 = VERTEX_POINT('',#4290);
#4290 = CARTESIAN_POINT('',(20.,2.9,1.6));
#4291 = LINE('',#4292,#4293);
#4292 = CARTESIAN_POINT('',(20.,-12.,1.6));
#4293 = VECTOR('',#4294,1.);
#4294 = DIRECTION('',(0.,1.,0.));
#4295 = ORIENTED_EDGE('',*,*,#4296,.F.);
#4296 = EDGE_CURVE('',#4297,#4289,#4299,.T.);
#4297 = VERTEX_POINT('',#4298);
#4298 = CARTESIAN_POINT('',(20.,2.9,1.604006420562));
#4299 = LINE('',#4300,#4301);
#4300 = CARTESIAN_POINT('',(20.,2.9,1.6));
#4301 = VECTOR('',#4302,1.);
#4302 = DIRECTION('',(0.,0.,-1.));
#4303 = ORIENTED_EDGE('',*,*,#4304,.F.);
#4304 = EDGE_CURVE('',#4305,#4297,#4307,.T.);
#4305 = VERTEX_POINT('',#4306);
#4306 = CARTESIAN_POINT('',(20.,3.,1.6));
#4307 = CIRCLE('',#4308,1.25);
#4308 = AXIS2_PLACEMENT_3D('',#4309,#4310,#4311);
#4309 = CARTESIAN_POINT('',(20.,3.,2.85));
#4310 = DIRECTION('',(-1.,-0.,-2.22044604925E-16));
#4311 = DIRECTION('',(2.22044604925E-16,0.,-1.));
#4312 = ORIENTED_EDGE('',*,*,#4313,.F.);
#4313 = EDGE_CURVE('',#4314,#4305,#4316,.T.);
#4314 = VERTEX_POINT('',#4315);
#4315 = CARTESIAN_POINT('',(20.,4.24,2.692202661619));
#4316 = CIRCLE('',#4317,1.25);
#4317 = AXIS2_PLACEMENT_3D('',#4318,#4319,#4320);
#4318 = CARTESIAN_POINT('',(20.,3.,2.85));
#4319 = DIRECTION('',(-1.,-0.,-2.22044604925E-16));
#4320 = DIRECTION('',(2.22044604925E-16,0.,-1.));
#4321 = ORIENTED_EDGE('',*,*,#4322,.F.);
#4322 = EDGE_CURVE('',#4323,#4314,#4325,.T.);
#4323 = VERTEX_POINT('',#4324);
#4324 = CARTESIAN_POINT('',(20.,4.24,1.6));
#4325 = LINE('',#4326,#4327);
#4326 = CARTESIAN_POINT('',(20.,4.24,1.6));
#4327 = VECTOR('',#4328,1.);
#4328 = DIRECTION('',(0.,0.,1.));
#4329 = ORIENTED_EDGE('',*,*,#4330,.T.);
#4330 = EDGE_CURVE('',#4323,#4331,#4333,.T.);
#4331 = VERTEX_POINT('',#4332);
#4332 = CARTESIAN_POINT('',(20.,9.,1.6));
#4333 = LINE('',#4334,#4335);
#4334 = CARTESIAN_POINT('',(20.,-12.,1.6));
#4335 = VECTOR('',#4336,1.);
#4336 = DIRECTION('',(0.,1.,0.));
#4337 = ORIENTED_EDGE('',*,*,#4338,.F.);
#4338 = EDGE_CURVE('',#3420,#4331,#4339,.T.);
#4339 = LINE('',#4340,#4341);
#4340 = CARTESIAN_POINT('',(20.,9.,0.));
#4341 = VECTOR('',#4342,1.);
#4342 = DIRECTION('',(0.,0.,1.));
#4343 = ORIENTED_EDGE('',*,*,#3428,.F.);
#4344 = ORIENTED_EDGE('',*,*,#4221,.T.);
#4345 = PLANE('',#4346);
#4346 = AXIS2_PLACEMENT_3D('',#4347,#4348,#4349);
#4347 = CARTESIAN_POINT('',(20.,-5.703517765991E-16,1.389873500522));
#4348 = DIRECTION('',(-1.,-0.,-0.));
#4349 = DIRECTION('',(0.,0.,-1.));
#4350 = ADVANCED_FACE('',(#4351),#4370,.F.);
#4351 = FACE_BOUND('',#4352,.F.);
#4352 = EDGE_LOOP('',(#4353,#4354,#4355,#4363));
#4353 = ORIENTED_EDGE('',*,*,#4338,.F.);
#4354 = ORIENTED_EDGE('',*,*,#3419,.T.);
#4355 = ORIENTED_EDGE('',*,*,#4356,.T.);
#4356 = EDGE_CURVE('',#3412,#4357,#4359,.T.);
#4357 = VERTEX_POINT('',#4358);
#4358 = CARTESIAN_POINT('',(17.,12.,1.6));
#4359 = LINE('',#4360,#4361);
#4360 = CARTESIAN_POINT('',(17.,12.,0.));
#4361 = VECTOR('',#4362,1.);
#4362 = DIRECTION('',(0.,0.,1.));
#4363 = ORIENTED_EDGE('',*,*,#4364,.F.);
#4364 = EDGE_CURVE('',#4331,#4357,#4365,.T.);
#4365 = CIRCLE('',#4366,3.);
#4366 = AXIS2_PLACEMENT_3D('',#4367,#4368,#4369);
#4367 = CARTESIAN_POINT('',(17.,9.,1.6));
#4368 = DIRECTION('',(-0.,0.,1.));
#4369 = DIRECTION('',(0.,-1.,0.));
#4370 = CYLINDRICAL_SURFACE('',#4371,3.);
#4371 = AXIS2_PLACEMENT_3D('',#4372,#4373,#4374);
#4372 = CARTESIAN_POINT('',(17.,9.,0.));
#4373 = DIRECTION('',(0.,0.,1.));
#4374 = DIRECTION('',(1.,0.,0.));
#4375 = ADVANCED_FACE('',(#4376),#4394,.F.);
#4376 = FACE_BOUND('',#4377,.F.);
#4377 = EDGE_LOOP('',(#4378,#4379,#4387,#4393));
#4378 = ORIENTED_EDGE('',*,*,#3411,.T.);
#4379 = ORIENTED_EDGE('',*,*,#4380,.T.);
#4380 = EDGE_CURVE('',#3403,#4381,#4383,.T.);
#4381 = VERTEX_POINT('',#4382);
#4382 = CARTESIAN_POINT('',(-17.,12.,1.6));
#4383 = LINE('',#4384,#4385);
#4384 = CARTESIAN_POINT('',(-17.,12.,0.));
#4385 = VECTOR('',#4386,1.);
#4386 = DIRECTION('',(0.,0.,1.));
#4387 = ORIENTED_EDGE('',*,*,#4388,.T.);
#4388 = EDGE_CURVE('',#4381,#4357,#4389,.T.);
#4389 = LINE('',#4390,#4391);
#4390 = CARTESIAN_POINT('',(-20.,12.,1.6));
#4391 = VECTOR('',#4392,1.);
#4392 = DIRECTION('',(1.,0.,0.));
#4393 = ORIENTED_EDGE('',*,*,#4356,.F.);
#4394 = PLANE('',#4395);
#4395 = AXIS2_PLACEMENT_3D('',#4396,#4397,#4398);
#4396 = CARTESIAN_POINT('',(-20.,12.,0.));
#4397 = DIRECTION('',(0.,1.,0.));
#4398 = DIRECTION('',(0.,0.,1.));
#4399 = ADVANCED_FACE('',(#4400),#4419,.F.);
#4400 = FACE_BOUND('',#4401,.T.);
#4401 = EDGE_LOOP('',(#4402,#4410,#4411,#4412));
#4402 = ORIENTED_EDGE('',*,*,#4403,.F.);
#4403 = EDGE_CURVE('',#3395,#4404,#4406,.T.);
#4404 = VERTEX_POINT('',#4405);
#4405 = CARTESIAN_POINT('',(-20.,9.,1.6));
#4406 = LINE('',#4407,#4408);
#4407 = CARTESIAN_POINT('',(-20.,9.,0.));
#4408 = VECTOR('',#4409,1.);
#4409 = DIRECTION('',(0.,0.,1.));
#4410 = ORIENTED_EDGE('',*,*,#3402,.F.);
#4411 = ORIENTED_EDGE('',*,*,#4380,.T.);
#4412 = ORIENTED_EDGE('',*,*,#4413,.F.);
#4413 = EDGE_CURVE('',#4404,#4381,#4414,.T.);
#4414 = CIRCLE('',#4415,3.);
#4415 = AXIS2_PLACEMENT_3D('',#4416,#4417,#4418);
#4416 = CARTESIAN_POINT('',(-17.,9.,1.6));
#4417 = DIRECTION('',(-0.,-0.,-1.));
#4418 = DIRECTION('',(0.,-1.,0.));
#4419 = CYLINDRICAL_SURFACE('',#4420,3.);
#4420 = AXIS2_PLACEMENT_3D('',#4421,#4422,#4423);
#4421 = CARTESIAN_POINT('',(-17.,9.,0.));
#4422 = DIRECTION('',(0.,0.,1.));
#4423 = DIRECTION('',(-1.,0.,0.));
#4424 = ADVANCED_FACE('',(#4425),#4436,.T.);
#4425 = FACE_BOUND('',#4426,.T.);
#4426 = EDGE_LOOP('',(#4427,#4433,#4434,#4435));
#4427 = ORIENTED_EDGE('',*,*,#4428,.F.);
#4428 = EDGE_CURVE('',#3543,#4404,#4429,.T.);
#4429 = LINE('',#4430,#4431);
#4430 = CARTESIAN_POINT('',(-20.,-12.,1.6));
#4431 = VECTOR('',#4432,1.);
#4432 = DIRECTION('',(0.,1.,0.));
#4433 = ORIENTED_EDGE('',*,*,#3550,.F.);
#4434 = ORIENTED_EDGE('',*,*,#3394,.T.);
#4435 = ORIENTED_EDGE('',*,*,#4403,.T.);
#4436 = PLANE('',#4437);
#4437 = AXIS2_PLACEMENT_3D('',#4438,#4439,#4440);
#4438 = CARTESIAN_POINT('',(-20.,-12.,0.));
#4439 = DIRECTION('',(1.,0.,0.));
#4440 = DIRECTION('',(0.,0.,1.));
#4441 = ADVANCED_FACE('',(#4442),#4498,.F.);
#4442 = FACE_BOUND('',#4443,.F.);
#4443 = EDGE_LOOP('',(#4444,#4445,#4446,#4454,#4463,#4471,#4480,#4488,
    #4494,#4495,#4496,#4497));
#4444 = ORIENTED_EDGE('',*,*,#4428,.F.);
#4445 = ORIENTED_EDGE('',*,*,#3542,.F.);
#4446 = ORIENTED_EDGE('',*,*,#4447,.F.);
#4447 = EDGE_CURVE('',#4448,#3535,#4450,.T.);
#4448 = VERTEX_POINT('',#4449);
#4449 = CARTESIAN_POINT('',(-19.5,8.5,1.6));
#4450 = LINE('',#4451,#4452);
#4451 = CARTESIAN_POINT('',(-19.5,-11.75,1.6));
#4452 = VECTOR('',#4453,1.);
#4453 = DIRECTION('',(0.,-1.,0.));
#4454 = ORIENTED_EDGE('',*,*,#4455,.F.);
#4455 = EDGE_CURVE('',#4456,#4448,#4458,.T.);
#4456 = VERTEX_POINT('',#4457);
#4457 = CARTESIAN_POINT('',(-16.5,11.5,1.6));
#4458 = CIRCLE('',#4459,3.);
#4459 = AXIS2_PLACEMENT_3D('',#4460,#4461,#4462);
#4460 = CARTESIAN_POINT('',(-16.5,8.5,1.6));
#4461 = DIRECTION('',(0.,0.,1.));
#4462 = DIRECTION('',(-1.,0.,0.));
#4463 = ORIENTED_EDGE('',*,*,#4464,.T.);
#4464 = EDGE_CURVE('',#4456,#4465,#4467,.T.);
#4465 = VERTEX_POINT('',#4466);
#4466 = CARTESIAN_POINT('',(16.5,11.5,1.6));
#4467 = LINE('',#4468,#4469);
#4468 = CARTESIAN_POINT('',(-19.75,11.5,1.6));
#4469 = VECTOR('',#4470,1.);
#4470 = DIRECTION('',(1.,0.,0.));
#4471 = ORIENTED_EDGE('',*,*,#4472,.F.);
#4472 = EDGE_CURVE('',#4473,#4465,#4475,.T.);
#4473 = VERTEX_POINT('',#4474);
#4474 = CARTESIAN_POINT('',(19.5,8.5,1.6));
#4475 = CIRCLE('',#4476,3.);
#4476 = AXIS2_PLACEMENT_3D('',#4477,#4478,#4479);
#4477 = CARTESIAN_POINT('',(16.5,8.5,1.6));
#4478 = DIRECTION('',(0.,0.,1.));
#4479 = DIRECTION('',(1.,0.,0.));
#4480 = ORIENTED_EDGE('',*,*,#4481,.T.);
#4481 = EDGE_CURVE('',#4473,#4482,#4484,.T.);
#4482 = VERTEX_POINT('',#4483);
#4483 = CARTESIAN_POINT('',(19.5,4.24,1.6));
#4484 = LINE('',#4485,#4486);
#4485 = CARTESIAN_POINT('',(19.5,-11.75,1.6));
#4486 = VECTOR('',#4487,1.);
#4487 = DIRECTION('',(0.,-1.,0.));
#4488 = ORIENTED_EDGE('',*,*,#4489,.T.);
#4489 = EDGE_CURVE('',#4482,#4323,#4490,.T.);
#4490 = LINE('',#4491,#4492);
#4491 = CARTESIAN_POINT('',(19.,4.24,1.6));
#4492 = VECTOR('',#4493,1.);
#4493 = DIRECTION('',(1.,0.,0.));
#4494 = ORIENTED_EDGE('',*,*,#4330,.T.);
#4495 = ORIENTED_EDGE('',*,*,#4364,.T.);
#4496 = ORIENTED_EDGE('',*,*,#4388,.F.);
#4497 = ORIENTED_EDGE('',*,*,#4413,.F.);
#4498 = PLANE('',#4499);
#4499 = AXIS2_PLACEMENT_3D('',#4500,#4501,#4502);
#4500 = CARTESIAN_POINT('',(-20.,-12.,1.6));
#4501 = DIRECTION('',(0.,0.,1.));
#4502 = DIRECTION('',(1.,0.,0.));
#4503 = ADVANCED_FACE('',(#4504),#4540,.T.);
#4504 = FACE_BOUND('',#4505,.T.);
#4505 = EDGE_LOOP('',(#4506,#4516,#4524,#4530,#4531,#4532,#4533,#4534));
#4506 = ORIENTED_EDGE('',*,*,#4507,.F.);
#4507 = EDGE_CURVE('',#4508,#4510,#4512,.T.);
#4508 = VERTEX_POINT('',#4509);
#4509 = CARTESIAN_POINT('',(-19.5,-8.5,5.));
#4510 = VERTEX_POINT('',#4511);
#4511 = CARTESIAN_POINT('',(-19.5,8.5,5.));
#4512 = LINE('',#4513,#4514);
#4513 = CARTESIAN_POINT('',(-19.5,-11.5,5.));
#4514 = VECTOR('',#4515,1.);
#4515 = DIRECTION('',(0.,1.,0.));
#4516 = ORIENTED_EDGE('',*,*,#4517,.F.);
#4517 = EDGE_CURVE('',#4518,#4508,#4520,.T.);
#4518 = VERTEX_POINT('',#4519);
#4519 = CARTESIAN_POINT('',(-19.5,-8.5,1.6));
#4520 = LINE('',#4521,#4522);
#4521 = CARTESIAN_POINT('',(-19.5,-8.5,1.));
#4522 = VECTOR('',#4523,1.);
#4523 = DIRECTION('',(0.,0.,1.));
#4524 = ORIENTED_EDGE('',*,*,#4525,.F.);
#4525 = EDGE_CURVE('',#3604,#4518,#4526,.T.);
#4526 = LINE('',#4527,#4528);
#4527 = CARTESIAN_POINT('',(-19.5,-11.75,1.6));
#4528 = VECTOR('',#4529,1.);
#4529 = DIRECTION('',(0.,-1.,0.));
#4530 = ORIENTED_EDGE('',*,*,#3603,.T.);
#4531 = ORIENTED_EDGE('',*,*,#3581,.F.);
#4532 = ORIENTED_EDGE('',*,*,#3534,.F.);
#4533 = ORIENTED_EDGE('',*,*,#4447,.F.);
#4534 = ORIENTED_EDGE('',*,*,#4535,.T.);
#4535 = EDGE_CURVE('',#4448,#4510,#4536,.T.);
#4536 = LINE('',#4537,#4538);
#4537 = CARTESIAN_POINT('',(-19.5,8.5,1.));
#4538 = VECTOR('',#4539,1.);
#4539 = DIRECTION('',(0.,0.,1.));
#4540 = PLANE('',#4541);
#4541 = AXIS2_PLACEMENT_3D('',#4542,#4543,#4544);
#4542 = CARTESIAN_POINT('',(-19.5,-11.5,1.));
#4543 = DIRECTION('',(1.,0.,0.));
#4544 = DIRECTION('',(0.,0.,1.));
#4545 = ADVANCED_FACE('',(#4546),#4564,.T.);
#4546 = FACE_BOUND('',#4547,.T.);
#4547 = EDGE_LOOP('',(#4548,#4556,#4562,#4563));
#4548 = ORIENTED_EDGE('',*,*,#4549,.F.);
#4549 = EDGE_CURVE('',#4550,#3612,#4552,.T.);
#4550 = VERTEX_POINT('',#4551);
#4551 = CARTESIAN_POINT('',(-20.,-9.,1.6));
#4552 = LINE('',#4553,#4554);
#4553 = CARTESIAN_POINT('',(-20.,-12.,1.6));
#4554 = VECTOR('',#4555,1.);
#4555 = DIRECTION('',(0.,1.,0.));
#4556 = ORIENTED_EDGE('',*,*,#4557,.F.);
#4557 = EDGE_CURVE('',#3707,#4550,#4558,.T.);
#4558 = LINE('',#4559,#4560);
#4559 = CARTESIAN_POINT('',(-20.,-9.,0.));
#4560 = VECTOR('',#4561,1.);
#4561 = DIRECTION('',(0.,0.,1.));
#4562 = ORIENTED_EDGE('',*,*,#3715,.T.);
#4563 = ORIENTED_EDGE('',*,*,#3619,.T.);
#4564 = PLANE('',#4565);
#4565 = AXIS2_PLACEMENT_3D('',#4566,#4567,#4568);
#4566 = CARTESIAN_POINT('',(-20.,-12.,0.));
#4567 = DIRECTION('',(1.,0.,0.));
#4568 = DIRECTION('',(0.,0.,1.));
#4569 = ADVANCED_FACE('',(#4570),#4615,.F.);
#4570 = FACE_BOUND('',#4571,.F.);
#4571 = EDGE_LOOP('',(#4572,#4573,#4582,#4590,#4598,#4606,#4613,#4614));
#4572 = ORIENTED_EDGE('',*,*,#4549,.F.);
#4573 = ORIENTED_EDGE('',*,*,#4574,.T.);
#4574 = EDGE_CURVE('',#4550,#4575,#4577,.T.);
#4575 = VERTEX_POINT('',#4576);
#4576 = CARTESIAN_POINT('',(-17.,-12.,1.6));
#4577 = CIRCLE('',#4578,3.);
#4578 = AXIS2_PLACEMENT_3D('',#4579,#4580,#4581);
#4579 = CARTESIAN_POINT('',(-17.,-9.,1.6));
#4580 = DIRECTION('',(-0.,0.,1.));
#4581 = DIRECTION('',(0.,-1.,0.));
#4582 = ORIENTED_EDGE('',*,*,#4583,.T.);
#4583 = EDGE_CURVE('',#4575,#4584,#4586,.T.);
#4584 = VERTEX_POINT('',#4585);
#4585 = CARTESIAN_POINT('',(11.78,-12.,1.6));
#4586 = LINE('',#4587,#4588);
#4587 = CARTESIAN_POINT('',(-20.,-12.,1.6));
#4588 = VECTOR('',#4589,1.);
#4589 = DIRECTION('',(1.,0.,0.));
#4590 = ORIENTED_EDGE('',*,*,#4591,.T.);
#4591 = EDGE_CURVE('',#4584,#4592,#4594,.T.);
#4592 = VERTEX_POINT('',#4593);
#4593 = CARTESIAN_POINT('',(11.78,-11.5,1.6));
#4594 = LINE('',#4595,#4596);
#4595 = CARTESIAN_POINT('',(11.78,-12.05,1.6));
#4596 = VECTOR('',#4597,1.);
#4597 = DIRECTION('',(0.,1.,0.));
#4598 = ORIENTED_EDGE('',*,*,#4599,.F.);
#4599 = EDGE_CURVE('',#4600,#4592,#4602,.T.);
#4600 = VERTEX_POINT('',#4601);
#4601 = CARTESIAN_POINT('',(-16.5,-11.5,1.6));
#4602 = LINE('',#4603,#4604);
#4603 = CARTESIAN_POINT('',(-19.75,-11.5,1.6));
#4604 = VECTOR('',#4605,1.);
#4605 = DIRECTION('',(1.,0.,0.));
#4606 = ORIENTED_EDGE('',*,*,#4607,.F.);
#4607 = EDGE_CURVE('',#4518,#4600,#4608,.T.);
#4608 = CIRCLE('',#4609,3.);
#4609 = AXIS2_PLACEMENT_3D('',#4610,#4611,#4612);
#4610 = CARTESIAN_POINT('',(-16.5,-8.5,1.6));
#4611 = DIRECTION('',(0.,0.,1.));
#4612 = DIRECTION('',(-1.,0.,0.));
#4613 = ORIENTED_EDGE('',*,*,#4525,.F.);
#4614 = ORIENTED_EDGE('',*,*,#3611,.T.);
#4615 = PLANE('',#4616);
#4616 = AXIS2_PLACEMENT_3D('',#4617,#4618,#4619);
#4617 = CARTESIAN_POINT('',(-20.,-12.,1.6));
#4618 = DIRECTION('',(0.,0.,1.));
#4619 = DIRECTION('',(1.,0.,0.));
#4620 = ADVANCED_FACE('',(#4621),#4632,.F.);
#4621 = FACE_BOUND('',#4622,.F.);
#4622 = EDGE_LOOP('',(#4623,#4624,#4625,#4631));
#4623 = ORIENTED_EDGE('',*,*,#4557,.F.);
#4624 = ORIENTED_EDGE('',*,*,#3706,.T.);
#4625 = ORIENTED_EDGE('',*,*,#4626,.T.);
#4626 = EDGE_CURVE('',#3699,#4575,#4627,.T.);
#4627 = LINE('',#4628,#4629);
#4628 = CARTESIAN_POINT('',(-17.,-12.,0.));
#4629 = VECTOR('',#4630,1.);
#4630 = DIRECTION('',(0.,0.,1.));
#4631 = ORIENTED_EDGE('',*,*,#4574,.F.);
#4632 = CYLINDRICAL_SURFACE('',#4633,3.);
#4633 = AXIS2_PLACEMENT_3D('',#4634,#4635,#4636);
#4634 = CARTESIAN_POINT('',(-17.,-9.,0.));
#4635 = DIRECTION('',(0.,0.,1.));
#4636 = DIRECTION('',(-1.,0.,0.));
#4637 = ADVANCED_FACE('',(#4638),#4649,.T.);
#4638 = FACE_BOUND('',#4639,.T.);
#4639 = EDGE_LOOP('',(#4640,#4641,#4647,#4648));
#4640 = ORIENTED_EDGE('',*,*,#4583,.T.);
#4641 = ORIENTED_EDGE('',*,*,#4642,.T.);
#4642 = EDGE_CURVE('',#4584,#3691,#4643,.T.);
#4643 = LINE('',#4644,#4645);
#4644 = CARTESIAN_POINT('',(11.78,-12.,0.5));
#4645 = VECTOR('',#4646,1.);
#4646 = DIRECTION('',(0.,0.,-1.));
#4647 = ORIENTED_EDGE('',*,*,#3698,.T.);
#4648 = ORIENTED_EDGE('',*,*,#4626,.T.);
#4649 = PLANE('',#4650);
#4650 = AXIS2_PLACEMENT_3D('',#4651,#4652,#4653);
#4651 = CARTESIAN_POINT('',(-20.,-12.,0.));
#4652 = DIRECTION('',(0.,1.,0.));
#4653 = DIRECTION('',(0.,0.,1.));
#4654 = ADVANCED_FACE('',(#4655),#4682,.T.);
#4655 = FACE_BOUND('',#4656,.T.);
#4656 = EDGE_LOOP('',(#4657,#4665,#4666,#4667,#4668,#4676));
#4657 = ORIENTED_EDGE('',*,*,#4658,.F.);
#4658 = EDGE_CURVE('',#3683,#4659,#4661,.T.);
#4659 = VERTEX_POINT('',#4660);
#4660 = CARTESIAN_POINT('',(11.78,-12.1,2.5));
#4661 = LINE('',#4662,#4663);
#4662 = CARTESIAN_POINT('',(11.78,-12.1,1.));
#4663 = VECTOR('',#4664,1.);
#4664 = DIRECTION('',(0.,0.,1.));
#4665 = ORIENTED_EDGE('',*,*,#3690,.T.);
#4666 = ORIENTED_EDGE('',*,*,#4642,.F.);
#4667 = ORIENTED_EDGE('',*,*,#4591,.T.);
#4668 = ORIENTED_EDGE('',*,*,#4669,.F.);
#4669 = EDGE_CURVE('',#4670,#4592,#4672,.T.);
#4670 = VERTEX_POINT('',#4671);
#4671 = CARTESIAN_POINT('',(11.78,-11.5,2.5));
#4672 = LINE('',#4673,#4674);
#4673 = CARTESIAN_POINT('',(11.78,-11.5,1.));
#4674 = VECTOR('',#4675,1.);
#4675 = DIRECTION('',(0.,0.,-1.));
#4676 = ORIENTED_EDGE('',*,*,#4677,.F.);
#4677 = EDGE_CURVE('',#4659,#4670,#4678,.T.);
#4678 = LINE('',#4679,#4680);
#4679 = CARTESIAN_POINT('',(11.78,-12.1,2.5));
#4680 = VECTOR('',#4681,1.);
#4681 = DIRECTION('',(0.,1.,0.));
#4682 = PLANE('',#4683);
#4683 = AXIS2_PLACEMENT_3D('',#4684,#4685,#4686);
#4684 = CARTESIAN_POINT('',(11.78,-12.1,1.));
#4685 = DIRECTION('',(1.,0.,0.));
#4686 = DIRECTION('',(0.,0.,1.));
#4687 = ADVANCED_FACE('',(#4688),#4699,.F.);
#4688 = FACE_BOUND('',#4689,.F.);
#4689 = EDGE_LOOP('',(#4690,#4691,#4692,#4698));
#4690 = ORIENTED_EDGE('',*,*,#3682,.T.);
#4691 = ORIENTED_EDGE('',*,*,#4117,.T.);
#4692 = ORIENTED_EDGE('',*,*,#4693,.F.);
#4693 = EDGE_CURVE('',#4659,#4109,#4694,.T.);
#4694 = LINE('',#4695,#4696);
#4695 = CARTESIAN_POINT('',(11.78,-12.1,2.5));
#4696 = VECTOR('',#4697,1.);
#4697 = DIRECTION('',(1.,0.,0.));
#4698 = ORIENTED_EDGE('',*,*,#4658,.F.);
#4699 = PLANE('',#4700);
#4700 = AXIS2_PLACEMENT_3D('',#4701,#4702,#4703);
#4701 = CARTESIAN_POINT('',(12.574954414016,-12.1,1.092433473321));
#4702 = DIRECTION('',(-0.,-1.,-0.));
#4703 = DIRECTION('',(0.,0.,-1.));
#4704 = ADVANCED_FACE('',(#4705),#4730,.T.);
#4705 = FACE_BOUND('',#4706,.T.);
#4706 = EDGE_LOOP('',(#4707,#4715,#4716,#4724));
#4707 = ORIENTED_EDGE('',*,*,#4708,.F.);
#4708 = EDGE_CURVE('',#4281,#4709,#4711,.T.);
#4709 = VERTEX_POINT('',#4710);
#4710 = CARTESIAN_POINT('',(21.,-2.9,1.6));
#4711 = LINE('',#4712,#4713);
#4712 = CARTESIAN_POINT('',(14.,-2.9,1.6));
#4713 = VECTOR('',#4714,1.);
#4714 = DIRECTION('',(1.,0.,0.));
#4715 = ORIENTED_EDGE('',*,*,#4280,.F.);
#4716 = ORIENTED_EDGE('',*,*,#4717,.F.);
#4717 = EDGE_CURVE('',#4718,#4272,#4720,.T.);
#4718 = VERTEX_POINT('',#4719);
#4719 = CARTESIAN_POINT('',(21.,-2.9,1.604006420562));
#4720 = LINE('',#4721,#4722);
#4721 = CARTESIAN_POINT('',(14.,-2.9,1.604006420562));
#4722 = VECTOR('',#4723,1.);
#4723 = DIRECTION('',(-1.,-0.,-2.22044604925E-16));
#4724 = ORIENTED_EDGE('',*,*,#4725,.F.);
#4725 = EDGE_CURVE('',#4709,#4718,#4726,.T.);
#4726 = LINE('',#4727,#4728);
#4727 = CARTESIAN_POINT('',(21.,-2.9,1.3));
#4728 = VECTOR('',#4729,1.);
#4729 = DIRECTION('',(0.,0.,1.));
#4730 = PLANE('',#4731);
#4731 = AXIS2_PLACEMENT_3D('',#4732,#4733,#4734);
#4732 = CARTESIAN_POINT('',(14.,-2.9,1.6));
#4733 = DIRECTION('',(0.,1.,0.));
#4734 = DIRECTION('',(0.,0.,1.));
#4735 = ADVANCED_FACE('',(#4736),#4754,.F.);
#4736 = FACE_BOUND('',#4737,.F.);
#4737 = EDGE_LOOP('',(#4738,#4739,#4747,#4753));
#4738 = ORIENTED_EDGE('',*,*,#4288,.T.);
#4739 = ORIENTED_EDGE('',*,*,#4740,.T.);
#4740 = EDGE_CURVE('',#4289,#4741,#4743,.T.);
#4741 = VERTEX_POINT('',#4742);
#4742 = CARTESIAN_POINT('',(21.,2.9,1.6));
#4743 = LINE('',#4744,#4745);
#4744 = CARTESIAN_POINT('',(14.,2.9,1.6));
#4745 = VECTOR('',#4746,1.);
#4746 = DIRECTION('',(1.,0.,0.));
#4747 = ORIENTED_EDGE('',*,*,#4748,.F.);
#4748 = EDGE_CURVE('',#4709,#4741,#4749,.T.);
#4749 = LINE('',#4750,#4751);
#4750 = CARTESIAN_POINT('',(21.,-6.5,1.6));
#4751 = VECTOR('',#4752,1.);
#4752 = DIRECTION('',(0.,1.,0.));
#4753 = ORIENTED_EDGE('',*,*,#4708,.F.);
#4754 = PLANE('',#4755);
#4755 = AXIS2_PLACEMENT_3D('',#4756,#4757,#4758);
#4756 = CARTESIAN_POINT('',(20.553016453382,-8.118632721208E-17,1.6));
#4757 = DIRECTION('',(-0.,-0.,-1.));
#4758 = DIRECTION('',(-1.,0.,0.));
#4759 = ADVANCED_FACE('',(#4760),#4778,.F.);
#4760 = FACE_BOUND('',#4761,.F.);
#4761 = EDGE_LOOP('',(#4762,#4763,#4764,#4772));
#4762 = ORIENTED_EDGE('',*,*,#4740,.F.);
#4763 = ORIENTED_EDGE('',*,*,#4296,.F.);
#4764 = ORIENTED_EDGE('',*,*,#4765,.F.);
#4765 = EDGE_CURVE('',#4766,#4297,#4768,.T.);
#4766 = VERTEX_POINT('',#4767);
#4767 = CARTESIAN_POINT('',(21.,2.9,1.604006420562));
#4768 = LINE('',#4769,#4770);
#4769 = CARTESIAN_POINT('',(14.,2.9,1.604006420562));
#4770 = VECTOR('',#4771,1.);
#4771 = DIRECTION('',(-1.,-0.,-2.22044604925E-16));
#4772 = ORIENTED_EDGE('',*,*,#4773,.F.);
#4773 = EDGE_CURVE('',#4741,#4766,#4774,.T.);
#4774 = LINE('',#4775,#4776);
#4775 = CARTESIAN_POINT('',(21.,2.9,1.3));
#4776 = VECTOR('',#4777,1.);
#4777 = DIRECTION('',(0.,0.,1.));
#4778 = PLANE('',#4779);
#4779 = AXIS2_PLACEMENT_3D('',#4780,#4781,#4782);
#4780 = CARTESIAN_POINT('',(14.,2.9,1.6));
#4781 = DIRECTION('',(0.,1.,0.));
#4782 = DIRECTION('',(0.,0.,1.));
#4783 = ADVANCED_FACE('',(#4784),#4821,.F.);
#4784 = FACE_BOUND('',#4785,.T.);
#4785 = EDGE_LOOP('',(#4786,#4797,#4803,#4804,#4805,#4806,#4815));
#4786 = ORIENTED_EDGE('',*,*,#4787,.T.);
#4787 = EDGE_CURVE('',#4788,#4790,#4792,.T.);
#4788 = VERTEX_POINT('',#4789);
#4789 = CARTESIAN_POINT('',(19.5,2.9,4.095993579438));
#4790 = VERTEX_POINT('',#4791);
#4791 = CARTESIAN_POINT('',(19.5,4.24,2.692202661619));
#4792 = CIRCLE('',#4793,1.25);
#4793 = AXIS2_PLACEMENT_3D('',#4794,#4795,#4796);
#4794 = CARTESIAN_POINT('',(19.5,3.,2.85));
#4795 = DIRECTION('',(-1.,-0.,-2.22044604925E-16));
#4796 = DIRECTION('',(2.22044604925E-16,0.,-1.));
#4797 = ORIENTED_EDGE('',*,*,#4798,.F.);
#4798 = EDGE_CURVE('',#4314,#4790,#4799,.T.);
#4799 = LINE('',#4800,#4801);
#4800 = CARTESIAN_POINT('',(14.,4.24,2.692202661619));
#4801 = VECTOR('',#4802,1.);
#4802 = DIRECTION('',(-1.,-0.,-2.22044604925E-16));
#4803 = ORIENTED_EDGE('',*,*,#4313,.T.);
#4804 = ORIENTED_EDGE('',*,*,#4304,.T.);
#4805 = ORIENTED_EDGE('',*,*,#4765,.F.);
#4806 = ORIENTED_EDGE('',*,*,#4807,.F.);
#4807 = EDGE_CURVE('',#4808,#4766,#4810,.T.);
#4808 = VERTEX_POINT('',#4809);
#4809 = CARTESIAN_POINT('',(21.,2.9,4.095993579438));
#4810 = CIRCLE('',#4811,1.25);
#4811 = AXIS2_PLACEMENT_3D('',#4812,#4813,#4814);
#4812 = CARTESIAN_POINT('',(21.,3.,2.85));
#4813 = DIRECTION('',(-1.,-0.,-2.22044604925E-16));
#4814 = DIRECTION('',(2.22044604925E-16,0.,-1.));
#4815 = ORIENTED_EDGE('',*,*,#4816,.T.);
#4816 = EDGE_CURVE('',#4808,#4788,#4817,.T.);
#4817 = LINE('',#4818,#4819);
#4818 = CARTESIAN_POINT('',(14.,2.9,4.095993579438));
#4819 = VECTOR('',#4820,1.);
#4820 = DIRECTION('',(-1.,-0.,-2.22044604925E-16));
#4821 = CYLINDRICAL_SURFACE('',#4822,1.25);
#4822 = AXIS2_PLACEMENT_3D('',#4823,#4824,#4825);
#4823 = CARTESIAN_POINT('',(14.,3.,2.85));
#4824 = DIRECTION('',(-1.,-0.,-2.22044604925E-16));
#4825 = DIRECTION('',(2.22044604925E-16,0.,-1.));
#4826 = ADVANCED_FACE('',(#4827),#4852,.F.);
#4827 = FACE_BOUND('',#4828,.F.);
#4828 = EDGE_LOOP('',(#4829,#4837,#4838,#4846));
#4829 = ORIENTED_EDGE('',*,*,#4830,.F.);
#4830 = EDGE_CURVE('',#4808,#4831,#4833,.T.);
#4831 = VERTEX_POINT('',#4832);
#4832 = CARTESIAN_POINT('',(21.,2.9,4.1));
#4833 = LINE('',#4834,#4835);
#4834 = CARTESIAN_POINT('',(21.,2.9,1.3));
#4835 = VECTOR('',#4836,1.);
#4836 = DIRECTION('',(0.,0.,1.));
#4837 = ORIENTED_EDGE('',*,*,#4816,.T.);
#4838 = ORIENTED_EDGE('',*,*,#4839,.T.);
#4839 = EDGE_CURVE('',#4788,#4840,#4842,.T.);
#4840 = VERTEX_POINT('',#4841);
#4841 = CARTESIAN_POINT('',(19.5,2.9,4.1));
#4842 = LINE('',#4843,#4844);
#4843 = CARTESIAN_POINT('',(19.5,2.9,1.3));
#4844 = VECTOR('',#4845,1.);
#4845 = DIRECTION('',(0.,0.,1.));
#4846 = ORIENTED_EDGE('',*,*,#4847,.T.);
#4847 = EDGE_CURVE('',#4840,#4831,#4848,.T.);
#4848 = LINE('',#4849,#4850);
#4849 = CARTESIAN_POINT('',(14.,2.9,4.1));
#4850 = VECTOR('',#4851,1.);
#4851 = DIRECTION('',(1.,0.,0.));
#4852 = PLANE('',#4853);
#4853 = AXIS2_PLACEMENT_3D('',#4854,#4855,#4856);
#4854 = CARTESIAN_POINT('',(14.,2.9,1.6));
#4855 = DIRECTION('',(0.,1.,0.));
#4856 = DIRECTION('',(0.,0.,1.));
#4857 = ADVANCED_FACE('',(#4858),#4883,.F.);
#4858 = FACE_BOUND('',#4859,.F.);
#4859 = EDGE_LOOP('',(#4860,#4861,#4869,#4877));
#4860 = ORIENTED_EDGE('',*,*,#4847,.F.);
#4861 = ORIENTED_EDGE('',*,*,#4862,.T.);
#4862 = EDGE_CURVE('',#4840,#4863,#4865,.T.);
#4863 = VERTEX_POINT('',#4864);
#4864 = CARTESIAN_POINT('',(19.5,-2.9,4.1));
#4865 = LINE('',#4866,#4867);
#4866 = CARTESIAN_POINT('',(19.5,-7.2,4.1));
#4867 = VECTOR('',#4868,1.);
#4868 = DIRECTION('',(0.,-1.,0.));
#4869 = ORIENTED_EDGE('',*,*,#4870,.T.);
#4870 = EDGE_CURVE('',#4863,#4871,#4873,.T.);
#4871 = VERTEX_POINT('',#4872);
#4872 = CARTESIAN_POINT('',(21.,-2.9,4.1));
#4873 = LINE('',#4874,#4875);
#4874 = CARTESIAN_POINT('',(14.,-2.9,4.1));
#4875 = VECTOR('',#4876,1.);
#4876 = DIRECTION('',(1.,0.,0.));
#4877 = ORIENTED_EDGE('',*,*,#4878,.F.);
#4878 = EDGE_CURVE('',#4831,#4871,#4879,.T.);
#4879 = LINE('',#4880,#4881);
#4880 = CARTESIAN_POINT('',(21.,-7.95,4.1));
#4881 = VECTOR('',#4882,1.);
#4882 = DIRECTION('',(0.,-1.,0.));
#4883 = PLANE('',#4884);
#4884 = AXIS2_PLACEMENT_3D('',#4885,#4886,#4887);
#4885 = CARTESIAN_POINT('',(14.,-2.9,4.1));
#4886 = DIRECTION('',(0.,0.,1.));
#4887 = DIRECTION('',(1.,0.,0.));
#4888 = ADVANCED_FACE('',(#4889),#4914,.T.);
#4889 = FACE_BOUND('',#4890,.T.);
#4890 = EDGE_LOOP('',(#4891,#4899,#4907,#4913));
#4891 = ORIENTED_EDGE('',*,*,#4892,.F.);
#4892 = EDGE_CURVE('',#4893,#4871,#4895,.T.);
#4893 = VERTEX_POINT('',#4894);
#4894 = CARTESIAN_POINT('',(21.,-2.9,4.095993579438));
#4895 = LINE('',#4896,#4897);
#4896 = CARTESIAN_POINT('',(21.,-2.9,1.3));
#4897 = VECTOR('',#4898,1.);
#4898 = DIRECTION('',(0.,0.,1.));
#4899 = ORIENTED_EDGE('',*,*,#4900,.T.);
#4900 = EDGE_CURVE('',#4893,#4901,#4903,.T.);
#4901 = VERTEX_POINT('',#4902);
#4902 = CARTESIAN_POINT('',(19.5,-2.9,4.095993579438));
#4903 = LINE('',#4904,#4905);
#4904 = CARTESIAN_POINT('',(14.,-2.9,4.095993579438));
#4905 = VECTOR('',#4906,1.);
#4906 = DIRECTION('',(-1.,-0.,-2.22044604925E-16));
#4907 = ORIENTED_EDGE('',*,*,#4908,.T.);
#4908 = EDGE_CURVE('',#4901,#4863,#4909,.T.);
#4909 = LINE('',#4910,#4911);
#4910 = CARTESIAN_POINT('',(19.5,-2.9,1.3));
#4911 = VECTOR('',#4912,1.);
#4912 = DIRECTION('',(0.,0.,1.));
#4913 = ORIENTED_EDGE('',*,*,#4870,.T.);
#4914 = PLANE('',#4915);
#4915 = AXIS2_PLACEMENT_3D('',#4916,#4917,#4918);
#4916 = CARTESIAN_POINT('',(14.,-2.9,1.6));
#4917 = DIRECTION('',(0.,1.,0.));
#4918 = DIRECTION('',(0.,0.,1.));
#4919 = ADVANCED_FACE('',(#4920),#4948,.F.);
#4920 = FACE_BOUND('',#4921,.T.);
#4921 = EDGE_LOOP('',(#4922,#4929,#4930,#4931,#4932,#4940,#4947));
#4922 = ORIENTED_EDGE('',*,*,#4923,.F.);
#4923 = EDGE_CURVE('',#4718,#4893,#4924,.T.);
#4924 = CIRCLE('',#4925,1.25);
#4925 = AXIS2_PLACEMENT_3D('',#4926,#4927,#4928);
#4926 = CARTESIAN_POINT('',(21.,-3.,2.85));
#4927 = DIRECTION('',(-1.,-0.,-2.22044604925E-16));
#4928 = DIRECTION('',(2.22044604925E-16,0.,-1.));
#4929 = ORIENTED_EDGE('',*,*,#4717,.T.);
#4930 = ORIENTED_EDGE('',*,*,#4271,.T.);
#4931 = ORIENTED_EDGE('',*,*,#4262,.T.);
#4932 = ORIENTED_EDGE('',*,*,#4933,.T.);
#4933 = EDGE_CURVE('',#4255,#4934,#4936,.T.);
#4934 = VERTEX_POINT('',#4935);
#4935 = CARTESIAN_POINT('',(19.5,-4.24,2.692202661619));
#4936 = LINE('',#4937,#4938);
#4937 = CARTESIAN_POINT('',(14.,-4.24,2.692202661619));
#4938 = VECTOR('',#4939,1.);
#4939 = DIRECTION('',(-1.,-0.,-2.22044604925E-16));
#4940 = ORIENTED_EDGE('',*,*,#4941,.T.);
#4941 = EDGE_CURVE('',#4934,#4901,#4942,.T.);
#4942 = CIRCLE('',#4943,1.25);
#4943 = AXIS2_PLACEMENT_3D('',#4944,#4945,#4946);
#4944 = CARTESIAN_POINT('',(19.5,-3.,2.85));
#4945 = DIRECTION('',(-1.,-0.,-2.22044604925E-16));
#4946 = DIRECTION('',(2.22044604925E-16,0.,-1.));
#4947 = ORIENTED_EDGE('',*,*,#4900,.F.);
#4948 = CYLINDRICAL_SURFACE('',#4949,1.25);
#4949 = AXIS2_PLACEMENT_3D('',#4950,#4951,#4952);
#4950 = CARTESIAN_POINT('',(14.,-3.,2.85));
#4951 = DIRECTION('',(-1.,-0.,-2.22044604925E-16));
#4952 = DIRECTION('',(2.22044604925E-16,0.,-1.));
#4953 = ADVANCED_FACE('',(#4954),#4997,.T.);
#4954 = FACE_BOUND('',#4955,.F.);
#4955 = EDGE_LOOP('',(#4956,#4966,#4975,#4981,#4982,#4990));
#4956 = ORIENTED_EDGE('',*,*,#4957,.F.);
#4957 = EDGE_CURVE('',#4958,#4960,#4962,.T.);
#4958 = VERTEX_POINT('',#4959);
#4959 = CARTESIAN_POINT('',(21.,-9.5,-3.5));
#4960 = VERTEX_POINT('',#4961);
#4961 = CARTESIAN_POINT('',(21.,-9.5,6.));
#4962 = LINE('',#4963,#4964);
#4963 = CARTESIAN_POINT('',(21.,-9.5,-5.));
#4964 = VECTOR('',#4965,1.);
#4965 = DIRECTION('',(0.,0.,1.));
#4966 = ORIENTED_EDGE('',*,*,#4967,.F.);
#4967 = EDGE_CURVE('',#4968,#4958,#4970,.T.);
#4968 = VERTEX_POINT('',#4969);
#4969 = CARTESIAN_POINT('',(17.5,-13.,-3.5));
#4970 = CIRCLE('',#4971,3.5);
#4971 = AXIS2_PLACEMENT_3D('',#4972,#4973,#4974);
#4972 = CARTESIAN_POINT('',(17.5,-9.5,-3.5));
#4973 = DIRECTION('',(0.,0.,1.));
#4974 = DIRECTION('',(1.,0.,-0.));
#4975 = ORIENTED_EDGE('',*,*,#4976,.T.);
#4976 = EDGE_CURVE('',#4968,#4076,#4977,.T.);
#4977 = LINE('',#4978,#4979);
#4978 = CARTESIAN_POINT('',(17.5,-13.,-5.));
#4979 = VECTOR('',#4980,1.);
#4980 = DIRECTION('',(0.,0.,1.));
#4981 = ORIENTED_EDGE('',*,*,#4075,.F.);
#4982 = ORIENTED_EDGE('',*,*,#4983,.T.);
#4983 = EDGE_CURVE('',#4067,#4984,#4986,.T.);
#4984 = VERTEX_POINT('',#4985);
#4985 = CARTESIAN_POINT('',(17.5,-13.,6.));
#4986 = LINE('',#4987,#4988);
#4987 = CARTESIAN_POINT('',(17.5,-13.,-5.));
#4988 = VECTOR('',#4989,1.);
#4989 = DIRECTION('',(0.,0.,1.));
#4990 = ORIENTED_EDGE('',*,*,#4991,.F.);
#4991 = EDGE_CURVE('',#4960,#4984,#4992,.T.);
#4992 = CIRCLE('',#4993,3.5);
#4993 = AXIS2_PLACEMENT_3D('',#4994,#4995,#4996);
#4994 = CARTESIAN_POINT('',(17.5,-9.5,6.));
#4995 = DIRECTION('',(-0.,-0.,-1.));
#4996 = DIRECTION('',(0.,-1.,0.));
#4997 = CYLINDRICAL_SURFACE('',#4998,3.5);
#4998 = AXIS2_PLACEMENT_3D('',#4999,#5000,#5001);
#4999 = CARTESIAN_POINT('',(17.5,-9.5,-5.));
#5000 = DIRECTION('',(0.,0.,1.));
#5001 = DIRECTION('',(1.,0.,0.));
#5002 = ADVANCED_FACE('',(#5003,#5064),#5075,.F.);
#5003 = FACE_BOUND('',#5004,.F.);
#5004 = EDGE_LOOP('',(#5005,#5006,#5015,#5023,#5032,#5040,#5049,#5057));
#5005 = ORIENTED_EDGE('',*,*,#4507,.F.);
#5006 = ORIENTED_EDGE('',*,*,#5007,.T.);
#5007 = EDGE_CURVE('',#4508,#5008,#5010,.T.);
#5008 = VERTEX_POINT('',#5009);
#5009 = CARTESIAN_POINT('',(-16.5,-11.5,5.));
#5010 = CIRCLE('',#5011,3.);
#5011 = AXIS2_PLACEMENT_3D('',#5012,#5013,#5014);
#5012 = CARTESIAN_POINT('',(-16.5,-8.5,5.));
#5013 = DIRECTION('',(-0.,0.,1.));
#5014 = DIRECTION('',(0.,-1.,0.));
#5015 = ORIENTED_EDGE('',*,*,#5016,.T.);
#5016 = EDGE_CURVE('',#5008,#5017,#5019,.T.);
#5017 = VERTEX_POINT('',#5018);
#5018 = CARTESIAN_POINT('',(16.5,-11.5,5.));
#5019 = LINE('',#5020,#5021);
#5020 = CARTESIAN_POINT('',(-19.5,-11.5,5.));
#5021 = VECTOR('',#5022,1.);
#5022 = DIRECTION('',(1.,0.,0.));
#5023 = ORIENTED_EDGE('',*,*,#5024,.F.);
#5024 = EDGE_CURVE('',#5025,#5017,#5027,.T.);
#5025 = VERTEX_POINT('',#5026);
#5026 = CARTESIAN_POINT('',(19.5,-8.5,5.));
#5027 = CIRCLE('',#5028,3.);
#5028 = AXIS2_PLACEMENT_3D('',#5029,#5030,#5031);
#5029 = CARTESIAN_POINT('',(16.5,-8.5,5.));
#5030 = DIRECTION('',(-0.,-0.,-1.));
#5031 = DIRECTION('',(0.,-1.,0.));
#5032 = ORIENTED_EDGE('',*,*,#5033,.T.);
#5033 = EDGE_CURVE('',#5025,#5034,#5036,.T.);
#5034 = VERTEX_POINT('',#5035);
#5035 = CARTESIAN_POINT('',(19.5,8.5,5.));
#5036 = LINE('',#5037,#5038);
#5037 = CARTESIAN_POINT('',(19.5,-11.5,5.));
#5038 = VECTOR('',#5039,1.);
#5039 = DIRECTION('',(0.,1.,0.));
#5040 = ORIENTED_EDGE('',*,*,#5041,.T.);
#5041 = EDGE_CURVE('',#5034,#5042,#5044,.T.);
#5042 = VERTEX_POINT('',#5043);
#5043 = CARTESIAN_POINT('',(16.5,11.5,5.));
#5044 = CIRCLE('',#5045,3.);
#5045 = AXIS2_PLACEMENT_3D('',#5046,#5047,#5048);
#5046 = CARTESIAN_POINT('',(16.5,8.5,5.));
#5047 = DIRECTION('',(-0.,0.,1.));
#5048 = DIRECTION('',(0.,-1.,0.));
#5049 = ORIENTED_EDGE('',*,*,#5050,.F.);
#5050 = EDGE_CURVE('',#5051,#5042,#5053,.T.);
#5051 = VERTEX_POINT('',#5052);
#5052 = CARTESIAN_POINT('',(-16.5,11.5,5.));
#5053 = LINE('',#5054,#5055);
#5054 = CARTESIAN_POINT('',(-19.5,11.5,5.));
#5055 = VECTOR('',#5056,1.);
#5056 = DIRECTION('',(1.,0.,0.));
#5057 = ORIENTED_EDGE('',*,*,#5058,.F.);
#5058 = EDGE_CURVE('',#4510,#5051,#5059,.T.);
#5059 = CIRCLE('',#5060,3.);
#5060 = AXIS2_PLACEMENT_3D('',#5061,#5062,#5063);
#5061 = CARTESIAN_POINT('',(-16.5,8.5,5.));
#5062 = DIRECTION('',(-0.,-0.,-1.));
#5063 = DIRECTION('',(0.,-1.,0.));
#5064 = FACE_BOUND('',#5065,.F.);
#5065 = EDGE_LOOP('',(#5066));
#5066 = ORIENTED_EDGE('',*,*,#5067,.F.);
#5067 = EDGE_CURVE('',#5068,#5068,#5070,.T.);
#5068 = VERTEX_POINT('',#5069);
#5069 = CARTESIAN_POINT('',(18.107878402834,9.,5.));
#5070 = CIRCLE('',#5071,1.907878402834);
#5071 = AXIS2_PLACEMENT_3D('',#5072,#5073,#5074);
#5072 = CARTESIAN_POINT('',(16.2,9.,5.));
#5073 = DIRECTION('',(0.,0.,1.));
#5074 = DIRECTION('',(1.,0.,0.));
#5075 = PLANE('',#5076);
#5076 = AXIS2_PLACEMENT_3D('',#5077,#5078,#5079);
#5077 = CARTESIAN_POINT('',(-19.5,-11.5,5.));
#5078 = DIRECTION('',(0.,0.,1.));
#5079 = DIRECTION('',(1.,0.,0.));
#5080 = ADVANCED_FACE('',(#5081),#5101,.F.);
#5081 = FACE_BOUND('',#5082,.F.);
#5082 = EDGE_LOOP('',(#5083,#5092,#5093,#5094));
#5083 = ORIENTED_EDGE('',*,*,#5084,.F.);
#5084 = EDGE_CURVE('',#5068,#5085,#5087,.T.);
#5085 = VERTEX_POINT('',#5086);
#5086 = CARTESIAN_POINT('',(17.4,9.,6.));
#5087 = CIRCLE('',#5088,2.);
#5088 = AXIS2_PLACEMENT_3D('',#5089,#5090,#5091);
#5089 = CARTESIAN_POINT('',(16.2,9.,4.4));
#5090 = DIRECTION('',(-2.449293598295E-16,-1.,0.));
#5091 = DIRECTION('',(1.,-2.449293598295E-16,0.));
#5092 = ORIENTED_EDGE('',*,*,#5067,.T.);
#5093 = ORIENTED_EDGE('',*,*,#5084,.T.);
#5094 = ORIENTED_EDGE('',*,*,#5095,.F.);
#5095 = EDGE_CURVE('',#5085,#5085,#5096,.T.);
#5096 = CIRCLE('',#5097,1.2);
#5097 = AXIS2_PLACEMENT_3D('',#5098,#5099,#5100);
#5098 = CARTESIAN_POINT('',(16.2,9.,6.));
#5099 = DIRECTION('',(0.,0.,1.));
#5100 = DIRECTION('',(1.,0.,0.));
#5101 = SPHERICAL_SURFACE('',#5102,2.);
#5102 = AXIS2_PLACEMENT_3D('',#5103,#5104,#5105);
#5103 = CARTESIAN_POINT('',(16.2,9.,4.4));
#5104 = DIRECTION('',(0.,0.,1.));
#5105 = DIRECTION('',(1.,0.,0.));
#5106 = ADVANCED_FACE('',(#5107),#5134,.T.);
#5107 = FACE_BOUND('',#5108,.F.);
#5108 = EDGE_LOOP('',(#5109,#5118,#5126,#5133));
#5109 = ORIENTED_EDGE('',*,*,#5110,.T.);
#5110 = EDGE_CURVE('',#3987,#5111,#5113,.T.);
#5111 = VERTEX_POINT('',#5112);
#5112 = CARTESIAN_POINT('',(21.,9.4,-3.5));
#5113 = ELLIPSE('',#5114,1.414213562373,1.);
#5114 = AXIS2_PLACEMENT_3D('',#5115,#5116,#5117);
#5115 = CARTESIAN_POINT('',(21.,9.4,-2.5));
#5116 = DIRECTION('',(1.,0.,0.));
#5117 = DIRECTION('',(0.,-1.,-3.140184917368E-16));
#5118 = ORIENTED_EDGE('',*,*,#5119,.T.);
#5119 = EDGE_CURVE('',#5111,#5120,#5122,.T.);
#5120 = VERTEX_POINT('',#5121);
#5121 = CARTESIAN_POINT('',(17.4,13.,-3.5));
#5122 = LINE('',#5123,#5124);
#5123 = CARTESIAN_POINT('',(22.407106781187,7.992893218813,-3.5));
#5124 = VECTOR('',#5125,1.);
#5125 = DIRECTION('',(-0.707106781187,0.707106781187,0.));
#5126 = ORIENTED_EDGE('',*,*,#5127,.T.);
#5127 = EDGE_CURVE('',#5120,#3995,#5128,.T.);
#5128 = ELLIPSE('',#5129,1.414213562373,1.);
#5129 = AXIS2_PLACEMENT_3D('',#5130,#5131,#5132);
#5130 = CARTESIAN_POINT('',(17.4,13.,-2.5));
#5131 = DIRECTION('',(0.,1.,0.));
#5132 = DIRECTION('',(1.,0.,-3.140184917368E-16));
#5133 = ORIENTED_EDGE('',*,*,#3994,.T.);
#5134 = CYLINDRICAL_SURFACE('',#5135,1.);
#5135 = AXIS2_PLACEMENT_3D('',#5136,#5137,#5138);
#5136 = CARTESIAN_POINT('',(22.407106781187,7.992893218813,-2.5));
#5137 = DIRECTION('',(0.707106781187,-0.707106781187,-2.22044604925E-16)
  );
#5138 = DIRECTION('',(0.707106781187,0.707106781187,0.));
#5139 = ADVANCED_FACE('',(#5140),#5167,.T.);
#5140 = FACE_BOUND('',#5141,.F.);
#5141 = EDGE_LOOP('',(#5142,#5151,#5159,#5166));
#5142 = ORIENTED_EDGE('',*,*,#5143,.F.);
#5143 = EDGE_CURVE('',#5144,#4020,#5146,.T.);
#5144 = VERTEX_POINT('',#5145);
#5145 = CARTESIAN_POINT('',(17.4,-13.,-3.5));
#5146 = ELLIPSE('',#5147,1.414213562373,1.);
#5147 = AXIS2_PLACEMENT_3D('',#5148,#5149,#5150);
#5148 = CARTESIAN_POINT('',(17.4,-13.,-2.5));
#5149 = DIRECTION('',(0.,1.,0.));
#5150 = DIRECTION('',(-1.,0.,-3.140184917368E-16));
#5151 = ORIENTED_EDGE('',*,*,#5152,.T.);
#5152 = EDGE_CURVE('',#5144,#5153,#5155,.T.);
#5153 = VERTEX_POINT('',#5154);
#5154 = CARTESIAN_POINT('',(21.,-9.4,-3.5));
#5155 = LINE('',#5156,#5157);
#5156 = CARTESIAN_POINT('',(15.992893218813,-14.40710678118,-3.5));
#5157 = VECTOR('',#5158,1.);
#5158 = DIRECTION('',(0.707106781187,0.707106781187,0.));
#5159 = ORIENTED_EDGE('',*,*,#5160,.T.);
#5160 = EDGE_CURVE('',#5153,#4018,#5161,.T.);
#5161 = ELLIPSE('',#5162,1.414213562373,1.);
#5162 = AXIS2_PLACEMENT_3D('',#5163,#5164,#5165);
#5163 = CARTESIAN_POINT('',(21.,-9.4,-2.5));
#5164 = DIRECTION('',(1.,0.,0.));
#5165 = DIRECTION('',(0.,-1.,-3.140184917368E-16));
#5166 = ORIENTED_EDGE('',*,*,#4017,.T.);
#5167 = CYLINDRICAL_SURFACE('',#5168,1.);
#5168 = AXIS2_PLACEMENT_3D('',#5169,#5170,#5171);
#5169 = CARTESIAN_POINT('',(15.992893218813,-14.40710678118,-2.5));
#5170 = DIRECTION('',(-0.707106781187,-0.707106781187,-2.22044604925E-16
    ));
#5171 = DIRECTION('',(0.707106781187,-0.707106781187,0.));
#5172 = ADVANCED_FACE('',(#5173),#5185,.F.);
#5173 = FACE_BOUND('',#5174,.F.);
#5174 = EDGE_LOOP('',(#5175,#5176,#5182,#5183,#5184));
#5175 = ORIENTED_EDGE('',*,*,#4976,.F.);
#5176 = ORIENTED_EDGE('',*,*,#5177,.F.);
#5177 = EDGE_CURVE('',#5144,#4968,#5178,.T.);
#5178 = LINE('',#5179,#5180);
#5179 = CARTESIAN_POINT('',(-2.503553390593,-13.,-3.5));
#5180 = VECTOR('',#5181,1.);
#5181 = DIRECTION('',(1.,0.,0.));
#5182 = ORIENTED_EDGE('',*,*,#5143,.T.);
#5183 = ORIENTED_EDGE('',*,*,#4043,.F.);
#5184 = ORIENTED_EDGE('',*,*,#4090,.F.);
#5185 = PLANE('',#5186);
#5186 = AXIS2_PLACEMENT_3D('',#5187,#5188,#5189);
#5187 = CARTESIAN_POINT('',(-21.,-13.,-5.));
#5188 = DIRECTION('',(0.,1.,0.));
#5189 = DIRECTION('',(0.,0.,1.));
#5190 = ADVANCED_FACE('',(#5191),#5213,.F.);
#5191 = FACE_BOUND('',#5192,.F.);
#5192 = EDGE_LOOP('',(#5193,#5194,#5203,#5209,#5210,#5211,#5212));
#5193 = ORIENTED_EDGE('',*,*,#4183,.T.);
#5194 = ORIENTED_EDGE('',*,*,#5195,.F.);
#5195 = EDGE_CURVE('',#5196,#4176,#5198,.T.);
#5196 = VERTEX_POINT('',#5197);
#5197 = CARTESIAN_POINT('',(16.5,-11.5,2.5));
#5198 = CIRCLE('',#5199,3.);
#5199 = AXIS2_PLACEMENT_3D('',#5200,#5201,#5202);
#5200 = CARTESIAN_POINT('',(16.5,-8.5,2.5));
#5201 = DIRECTION('',(0.,0.,1.));
#5202 = DIRECTION('',(1.,0.,0.));
#5203 = ORIENTED_EDGE('',*,*,#5204,.F.);
#5204 = EDGE_CURVE('',#4670,#5196,#5205,.T.);
#5205 = LINE('',#5206,#5207);
#5206 = CARTESIAN_POINT('',(-3.86,-11.5,2.5));
#5207 = VECTOR('',#5208,1.);
#5208 = DIRECTION('',(1.,0.,0.));
#5209 = ORIENTED_EDGE('',*,*,#4677,.F.);
#5210 = ORIENTED_EDGE('',*,*,#4693,.T.);
#5211 = ORIENTED_EDGE('',*,*,#4108,.F.);
#5212 = ORIENTED_EDGE('',*,*,#4143,.T.);
#5213 = PLANE('',#5214);
#5214 = AXIS2_PLACEMENT_3D('',#5215,#5216,#5217);
#5215 = CARTESIAN_POINT('',(11.78,-12.1,2.5));
#5216 = DIRECTION('',(0.,0.,1.));
#5217 = DIRECTION('',(1.,0.,0.));
#5218 = ADVANCED_FACE('',(#5219),#5245,.F.);
#5219 = FACE_BOUND('',#5220,.T.);
#5220 = EDGE_LOOP('',(#5221,#5229,#5236,#5237,#5238,#5244));
#5221 = ORIENTED_EDGE('',*,*,#5222,.F.);
#5222 = EDGE_CURVE('',#5223,#5025,#5225,.T.);
#5223 = VERTEX_POINT('',#5224);
#5224 = CARTESIAN_POINT('',(19.5,-8.5,1.6));
#5225 = LINE('',#5226,#5227);
#5226 = CARTESIAN_POINT('',(19.5,-8.5,1.));
#5227 = VECTOR('',#5228,1.);
#5228 = DIRECTION('',(0.,0.,1.));
#5229 = ORIENTED_EDGE('',*,*,#5230,.F.);
#5230 = EDGE_CURVE('',#4168,#5223,#5231,.T.);
#5231 = CIRCLE('',#5232,3.);
#5232 = AXIS2_PLACEMENT_3D('',#5233,#5234,#5235);
#5233 = CARTESIAN_POINT('',(16.5,-8.5,1.6));
#5234 = DIRECTION('',(0.,0.,1.));
#5235 = DIRECTION('',(1.,0.,0.));
#5236 = ORIENTED_EDGE('',*,*,#4175,.T.);
#5237 = ORIENTED_EDGE('',*,*,#5195,.F.);
#5238 = ORIENTED_EDGE('',*,*,#5239,.T.);
#5239 = EDGE_CURVE('',#5196,#5017,#5240,.T.);
#5240 = LINE('',#5241,#5242);
#5241 = CARTESIAN_POINT('',(16.5,-11.5,1.));
#5242 = VECTOR('',#5243,1.);
#5243 = DIRECTION('',(0.,0.,1.));
#5244 = ORIENTED_EDGE('',*,*,#5024,.F.);
#5245 = CYLINDRICAL_SURFACE('',#5246,3.);
#5246 = AXIS2_PLACEMENT_3D('',#5247,#5248,#5249);
#5247 = CARTESIAN_POINT('',(16.5,-8.5,1.));
#5248 = DIRECTION('',(0.,0.,1.));
#5249 = DIRECTION('',(1.,0.,0.));
#5250 = ADVANCED_FACE('',(#5251),#5272,.F.);
#5251 = FACE_BOUND('',#5252,.F.);
#5252 = EDGE_LOOP('',(#5253,#5254,#5255,#5256,#5257,#5265,#5271));
#5253 = ORIENTED_EDGE('',*,*,#4167,.F.);
#5254 = ORIENTED_EDGE('',*,*,#4207,.T.);
#5255 = ORIENTED_EDGE('',*,*,#4231,.F.);
#5256 = ORIENTED_EDGE('',*,*,#4246,.T.);
#5257 = ORIENTED_EDGE('',*,*,#5258,.F.);
#5258 = EDGE_CURVE('',#5259,#4247,#5261,.T.);
#5259 = VERTEX_POINT('',#5260);
#5260 = CARTESIAN_POINT('',(19.5,-4.24,1.6));
#5261 = LINE('',#5262,#5263);
#5262 = CARTESIAN_POINT('',(19.,-4.24,1.6));
#5263 = VECTOR('',#5264,1.);
#5264 = DIRECTION('',(1.,0.,0.));
#5265 = ORIENTED_EDGE('',*,*,#5266,.T.);
#5266 = EDGE_CURVE('',#5259,#5223,#5267,.T.);
#5267 = LINE('',#5268,#5269);
#5268 = CARTESIAN_POINT('',(19.5,-11.75,1.6));
#5269 = VECTOR('',#5270,1.);
#5270 = DIRECTION('',(0.,-1.,0.));
#5271 = ORIENTED_EDGE('',*,*,#5230,.F.);
#5272 = PLANE('',#5273);
#5273 = AXIS2_PLACEMENT_3D('',#5274,#5275,#5276);
#5274 = CARTESIAN_POINT('',(-20.,-12.,1.6));
#5275 = DIRECTION('',(0.,0.,1.));
#5276 = DIRECTION('',(1.,0.,0.));
#5277 = ADVANCED_FACE('',(#5278),#5289,.T.);
#5278 = FACE_BOUND('',#5279,.T.);
#5279 = EDGE_LOOP('',(#5280,#5281,#5282,#5288));
#5280 = ORIENTED_EDGE('',*,*,#4254,.F.);
#5281 = ORIENTED_EDGE('',*,*,#5258,.F.);
#5282 = ORIENTED_EDGE('',*,*,#5283,.T.);
#5283 = EDGE_CURVE('',#5259,#4934,#5284,.T.);
#5284 = LINE('',#5285,#5286);
#5285 = CARTESIAN_POINT('',(19.5,-4.24,1.3));
#5286 = VECTOR('',#5287,1.);
#5287 = DIRECTION('',(0.,0.,1.));
#5288 = ORIENTED_EDGE('',*,*,#4933,.F.);
#5289 = PLANE('',#5290);
#5290 = AXIS2_PLACEMENT_3D('',#5291,#5292,#5293);
#5291 = CARTESIAN_POINT('',(19.,-4.24,1.6));
#5292 = DIRECTION('',(0.,1.,0.));
#5293 = DIRECTION('',(0.,0.,1.));
#5294 = ADVANCED_FACE('',(#5295),#5306,.F.);
#5295 = FACE_BOUND('',#5296,.F.);
#5296 = EDGE_LOOP('',(#5297,#5298,#5299,#5305));
#5297 = ORIENTED_EDGE('',*,*,#4322,.F.);
#5298 = ORIENTED_EDGE('',*,*,#4489,.F.);
#5299 = ORIENTED_EDGE('',*,*,#5300,.T.);
#5300 = EDGE_CURVE('',#4482,#4790,#5301,.T.);
#5301 = LINE('',#5302,#5303);
#5302 = CARTESIAN_POINT('',(19.5,4.24,1.3));
#5303 = VECTOR('',#5304,1.);
#5304 = DIRECTION('',(0.,0.,1.));
#5305 = ORIENTED_EDGE('',*,*,#4798,.F.);
#5306 = PLANE('',#5307);
#5307 = AXIS2_PLACEMENT_3D('',#5308,#5309,#5310);
#5308 = CARTESIAN_POINT('',(19.,4.24,1.6));
#5309 = DIRECTION('',(0.,1.,0.));
#5310 = DIRECTION('',(0.,0.,1.));
#5311 = ADVANCED_FACE('',(#5312),#5331,.F.);
#5312 = FACE_BOUND('',#5313,.F.);
#5313 = EDGE_LOOP('',(#5314,#5315,#5316,#5317,#5318,#5319,#5320,#5321,
    #5322,#5323,#5324,#5325));
#5314 = ORIENTED_EDGE('',*,*,#5033,.F.);
#5315 = ORIENTED_EDGE('',*,*,#5222,.F.);
#5316 = ORIENTED_EDGE('',*,*,#5266,.F.);
#5317 = ORIENTED_EDGE('',*,*,#5283,.T.);
#5318 = ORIENTED_EDGE('',*,*,#4941,.T.);
#5319 = ORIENTED_EDGE('',*,*,#4908,.T.);
#5320 = ORIENTED_EDGE('',*,*,#4862,.F.);
#5321 = ORIENTED_EDGE('',*,*,#4839,.F.);
#5322 = ORIENTED_EDGE('',*,*,#4787,.T.);
#5323 = ORIENTED_EDGE('',*,*,#5300,.F.);
#5324 = ORIENTED_EDGE('',*,*,#4481,.F.);
#5325 = ORIENTED_EDGE('',*,*,#5326,.T.);
#5326 = EDGE_CURVE('',#4473,#5034,#5327,.T.);
#5327 = LINE('',#5328,#5329);
#5328 = CARTESIAN_POINT('',(19.5,8.5,1.));
#5329 = VECTOR('',#5330,1.);
#5330 = DIRECTION('',(0.,0.,1.));
#5331 = PLANE('',#5332);
#5332 = AXIS2_PLACEMENT_3D('',#5333,#5334,#5335);
#5333 = CARTESIAN_POINT('',(19.5,-11.5,1.));
#5334 = DIRECTION('',(1.,0.,0.));
#5335 = DIRECTION('',(0.,0.,1.));
#5336 = ADVANCED_FACE('',(#5337),#5450,.F.);
#5337 = FACE_BOUND('',#5338,.F.);
#5338 = EDGE_LOOP('',(#5339,#5340,#5341,#5349,#5364,#5373,#5392,#5400,
    #5419,#5428,#5443,#5449));
#5339 = ORIENTED_EDGE('',*,*,#5326,.F.);
#5340 = ORIENTED_EDGE('',*,*,#4472,.T.);
#5341 = ORIENTED_EDGE('',*,*,#5342,.T.);
#5342 = EDGE_CURVE('',#4465,#5343,#5345,.T.);
#5343 = VERTEX_POINT('',#5344);
#5344 = CARTESIAN_POINT('',(16.5,11.5,3.63733241043));
#5345 = LINE('',#5346,#5347);
#5346 = CARTESIAN_POINT('',(16.5,11.5,1.));
#5347 = VECTOR('',#5348,1.);
#5348 = DIRECTION('',(0.,0.,1.));
#5349 = ORIENTED_EDGE('',*,*,#5350,.T.);
#5350 = EDGE_CURVE('',#5343,#5351,#5353,.T.);
#5351 = VERTEX_POINT('',#5352);
#5352 = CARTESIAN_POINT('',(17.026577127644,11.453424542568,3.5));
#5353 = B_SPLINE_CURVE_WITH_KNOTS('',5,(#5354,#5355,#5356,#5357,#5358,
    #5359,#5360,#5361,#5362,#5363),.UNSPECIFIED.,.F.,.F.,(6,4,6),(0.,
    0.32079368476,1.),.UNSPECIFIED.);
#5354 = CARTESIAN_POINT('',(16.5,11.5,3.63733241043));
#5355 = CARTESIAN_POINT('',(16.530141430623,11.5,3.62065593453));
#5356 = CARTESIAN_POINT('',(16.561358745116,11.499621465516,
    3.605130169191));
#5357 = CARTESIAN_POINT('',(16.593449208752,11.498810283423,
    3.590779939809));
#5358 = CARTESIAN_POINT('',(16.626253999668,11.497528693273,
    3.577632637916));
#5359 = CARTESIAN_POINT('',(16.730352670898,11.491981110778,
    3.540509575343));
#5360 = CARTESIAN_POINT('',(16.803797180132,11.485975110401,
    3.520811724449));
#5361 = CARTESIAN_POINT('',(16.878467952393,11.477475324218,
    3.507126475192));
#5362 = CARTESIAN_POINT('',(16.953127180343,11.466520209363,
    3.499999998525));
#5363 = CARTESIAN_POINT('',(17.02657714665,11.453424539179,3.5));
#5364 = ORIENTED_EDGE('',*,*,#5365,.F.);
#5365 = EDGE_CURVE('',#5366,#5351,#5368,.T.);
#5366 = VERTEX_POINT('',#5367);
#5367 = CARTESIAN_POINT('',(19.361343466926,9.401506275232,3.5));
#5368 = CIRCLE('',#5369,3.);
#5369 = AXIS2_PLACEMENT_3D('',#5370,#5371,#5372);
#5370 = CARTESIAN_POINT('',(16.5,8.5,3.5));
#5371 = DIRECTION('',(0.,0.,1.));
#5372 = DIRECTION('',(1.,0.,0.));
#5373 = ORIENTED_EDGE('',*,*,#5374,.F.);
#5374 = EDGE_CURVE('',#5375,#5366,#5377,.T.);
#5375 = VERTEX_POINT('',#5376);
#5376 = CARTESIAN_POINT('',(19.475424707065,8.883207271053,3.99));
#5377 = B_SPLINE_CURVE_WITH_KNOTS('',5,(#5378,#5379,#5380,#5381,#5382,
    #5383,#5384,#5385,#5386,#5387,#5388,#5389,#5390,#5391),
  .UNSPECIFIED.,.F.,.F.,(6,4,4,6),(0.,0.286049743334,0.717730116078,1.),
  .UNSPECIFIED.);
#5378 = CARTESIAN_POINT('',(19.475424707065,8.883207271053,3.99));
#5379 = CARTESIAN_POINT('',(19.475424707065,8.883207271053,
    3.946966079855));
#5380 = CARTESIAN_POINT('',(19.474743026055,8.88849738505,3.903943458216
    ));
#5381 = CARTESIAN_POINT('',(19.473382573486,8.899072721906,
    3.861573298307));
#5382 = CARTESIAN_POINT('',(19.471264511713,8.914743100841,3.82050395825
    ));
#5383 = CARTESIAN_POINT('',(19.46376507095,8.96590093391,3.722307924482)
  );
#5384 = CARTESIAN_POINT('',(19.457267860609,9.007442373824,
    3.667599314169));
#5385 = CARTESIAN_POINT('',(19.448391670392,9.058535866449,
    3.619370258008));
#5386 = CARTESIAN_POINT('',(19.436571905427,9.117093440463,3.57963277264
    ));
#5387 = CARTESIAN_POINT('',(19.412083728412,9.222211404139,
    3.530568110548));
#5388 = CARTESIAN_POINT('',(19.401122197723,9.265922644786,
    3.515469779759));
#5389 = CARTESIAN_POINT('',(19.388896233006,9.310959437198,
    3.505181986894));
#5390 = CARTESIAN_POINT('',(19.375545374644,9.356430010115,3.5));
#5391 = CARTESIAN_POINT('',(19.361343466926,9.401506275232,3.5));
#5392 = ORIENTED_EDGE('',*,*,#5393,.T.);
#5393 = EDGE_CURVE('',#5375,#5394,#5396,.T.);
#5394 = VERTEX_POINT('',#5395);
#5395 = CARTESIAN_POINT('',(19.475424707065,8.883207271053,4.01));
#5396 = LINE('',#5397,#5398);
#5397 = CARTESIAN_POINT('',(19.475424707065,8.883207271053,1.));
#5398 = VECTOR('',#5399,1.);
#5399 = DIRECTION('',(0.,0.,1.));
#5400 = ORIENTED_EDGE('',*,*,#5401,.T.);
#5401 = EDGE_CURVE('',#5394,#5402,#5404,.T.);
#5402 = VERTEX_POINT('',#5403);
#5403 = CARTESIAN_POINT('',(19.361343466926,9.401506275232,4.5));
#5404 = B_SPLINE_CURVE_WITH_KNOTS('',5,(#5405,#5406,#5407,#5408,#5409,
    #5410,#5411,#5412,#5413,#5414,#5415,#5416,#5417,#5418),
  .UNSPECIFIED.,.F.,.F.,(6,4,4,6),(0.,0.286049939414,0.71773180919,1.),
  .UNSPECIFIED.);
#5405 = CARTESIAN_POINT('',(19.475424707065,8.883207271053,4.01));
#5406 = CARTESIAN_POINT('',(19.475424707065,8.883207271053,
    4.053034092425));
#5407 = CARTESIAN_POINT('',(19.47474301471,8.888497425377,4.096056554633
    ));
#5408 = CARTESIAN_POINT('',(19.473382580648,8.899072688635,
    4.138426505889));
#5409 = CARTESIAN_POINT('',(19.47126452958,8.914742978965,4.179495807813
    ));
#5410 = CARTESIAN_POINT('',(19.463765031437,8.965901203447,
    4.277692592887));
#5411 = CARTESIAN_POINT('',(19.457267845091,9.007442321476,
    4.332400160517));
#5412 = CARTESIAN_POINT('',(19.448391852535,9.058534910678,
    4.380629043273));
#5413 = CARTESIAN_POINT('',(19.436572045588,9.11709283881,4.420366946534
    ));
#5414 = CARTESIAN_POINT('',(19.412083728412,9.222211404139,
    4.469431889452));
#5415 = CARTESIAN_POINT('',(19.401122197723,9.265922644786,
    4.484530220241));
#5416 = CARTESIAN_POINT('',(19.388896233006,9.310959437198,
    4.494818013106));
#5417 = CARTESIAN_POINT('',(19.375545374644,9.356430010115,4.5));
#5418 = CARTESIAN_POINT('',(19.361343466926,9.401506275232,4.5));
#5419 = ORIENTED_EDGE('',*,*,#5420,.T.);
#5420 = EDGE_CURVE('',#5402,#5421,#5423,.T.);
#5421 = VERTEX_POINT('',#5422);
#5422 = CARTESIAN_POINT('',(17.026577127644,11.453424542568,4.5));
#5423 = CIRCLE('',#5424,3.);
#5424 = AXIS2_PLACEMENT_3D('',#5425,#5426,#5427);
#5425 = CARTESIAN_POINT('',(16.5,8.5,4.5));
#5426 = DIRECTION('',(0.,0.,1.));
#5427 = DIRECTION('',(1.,0.,0.));
#5428 = ORIENTED_EDGE('',*,*,#5429,.F.);
#5429 = EDGE_CURVE('',#5430,#5421,#5432,.T.);
#5430 = VERTEX_POINT('',#5431);
#5431 = CARTESIAN_POINT('',(16.5,11.5,4.36266758957));
#5432 = B_SPLINE_CURVE_WITH_KNOTS('',5,(#5433,#5434,#5435,#5436,#5437,
    #5438,#5439,#5440,#5441,#5442),.UNSPECIFIED.,.F.,.F.,(6,4,6),(0.,
    0.320793690308,1.),.UNSPECIFIED.);
#5433 = CARTESIAN_POINT('',(16.5,11.5,4.36266758957));
#5434 = CARTESIAN_POINT('',(16.530141430086,11.5,4.379344065173));
#5435 = CARTESIAN_POINT('',(16.561358744004,11.499621465529,
    4.394869830256));
#5436 = CARTESIAN_POINT('',(16.593449207037,11.498810283467,
    4.409220059424));
#5437 = CARTESIAN_POINT('',(16.62625399733,11.497528693365,
    4.422367361147));
#5438 = CARTESIAN_POINT('',(16.730352664777,11.491981111175,
    4.459490422692));
#5439 = CARTESIAN_POINT('',(16.803797170644,11.485975111237,
    4.479188273165));
#5440 = CARTESIAN_POINT('',(16.878467939524,11.477475325724,
    4.49287352256));
#5441 = CARTESIAN_POINT('',(16.953127164247,11.466520211746,4.5));
#5442 = CARTESIAN_POINT('',(17.026577127644,11.453424542568,4.5));
#5443 = ORIENTED_EDGE('',*,*,#5444,.T.);
#5444 = EDGE_CURVE('',#5430,#5042,#5445,.T.);
#5445 = LINE('',#5446,#5447);
#5446 = CARTESIAN_POINT('',(16.5,11.5,1.));
#5447 = VECTOR('',#5448,1.);
#5448 = DIRECTION('',(0.,0.,1.));
#5449 = ORIENTED_EDGE('',*,*,#5041,.F.);
#5450 = CYLINDRICAL_SURFACE('',#5451,3.);
#5451 = AXIS2_PLACEMENT_3D('',#5452,#5453,#5454);
#5452 = CARTESIAN_POINT('',(16.5,8.5,1.));
#5453 = DIRECTION('',(0.,0.,1.));
#5454 = DIRECTION('',(1.,0.,0.));
#5455 = ADVANCED_FACE('',(#5456),#5492,.F.);
#5456 = FACE_BOUND('',#5457,.F.);
#5457 = EDGE_LOOP('',(#5458,#5459,#5465,#5466,#5467,#5476,#5484,#5491));
#5458 = ORIENTED_EDGE('',*,*,#4464,.F.);
#5459 = ORIENTED_EDGE('',*,*,#5460,.T.);
#5460 = EDGE_CURVE('',#4456,#5051,#5461,.T.);
#5461 = LINE('',#5462,#5463);
#5462 = CARTESIAN_POINT('',(-16.5,11.5,1.));
#5463 = VECTOR('',#5464,1.);
#5464 = DIRECTION('',(0.,0.,1.));
#5465 = ORIENTED_EDGE('',*,*,#5050,.T.);
#5466 = ORIENTED_EDGE('',*,*,#5444,.F.);
#5467 = ORIENTED_EDGE('',*,*,#5468,.F.);
#5468 = EDGE_CURVE('',#5469,#5430,#5471,.T.);
#5469 = VERTEX_POINT('',#5470);
#5470 = CARTESIAN_POINT('',(16.238804844484,11.5,4.01));
#5471 = ELLIPSE('',#5472,0.854288929854,0.49);
#5472 = AXIS2_PLACEMENT_3D('',#5473,#5474,#5475);
#5473 = CARTESIAN_POINT('',(17.093093774338,11.5,4.01));
#5474 = DIRECTION('',(-0.,1.,0.));
#5475 = DIRECTION('',(1.,0.,0.));
#5476 = ORIENTED_EDGE('',*,*,#5477,.F.);
#5477 = EDGE_CURVE('',#5478,#5469,#5480,.T.);
#5478 = VERTEX_POINT('',#5479);
#5479 = CARTESIAN_POINT('',(16.238804844484,11.5,3.99));
#5480 = LINE('',#5481,#5482);
#5481 = CARTESIAN_POINT('',(16.238804844484,11.5,2.25));
#5482 = VECTOR('',#5483,1.);
#5483 = DIRECTION('',(0.,0.,1.));
#5484 = ORIENTED_EDGE('',*,*,#5485,.F.);
#5485 = EDGE_CURVE('',#5343,#5478,#5486,.T.);
#5486 = ELLIPSE('',#5487,0.854288929854,0.49);
#5487 = AXIS2_PLACEMENT_3D('',#5488,#5489,#5490);
#5488 = CARTESIAN_POINT('',(17.093093774338,11.5,3.99));
#5489 = DIRECTION('',(-0.,1.,0.));
#5490 = DIRECTION('',(1.,0.,0.));
#5491 = ORIENTED_EDGE('',*,*,#5342,.F.);
#5492 = PLANE('',#5493);
#5493 = AXIS2_PLACEMENT_3D('',#5494,#5495,#5496);
#5494 = CARTESIAN_POINT('',(-19.5,11.5,1.));
#5495 = DIRECTION('',(0.,1.,0.));
#5496 = DIRECTION('',(0.,0.,1.));
#5497 = ADVANCED_FACE('',(#5498),#5504,.F.);
#5498 = FACE_BOUND('',#5499,.T.);
#5499 = EDGE_LOOP('',(#5500,#5501,#5502,#5503));
#5500 = ORIENTED_EDGE('',*,*,#4535,.F.);
#5501 = ORIENTED_EDGE('',*,*,#4455,.F.);
#5502 = ORIENTED_EDGE('',*,*,#5460,.T.);
#5503 = ORIENTED_EDGE('',*,*,#5058,.F.);
#5504 = CYLINDRICAL_SURFACE('',#5505,3.);
#5505 = AXIS2_PLACEMENT_3D('',#5506,#5507,#5508);
#5506 = CARTESIAN_POINT('',(-16.5,8.5,1.));
#5507 = DIRECTION('',(0.,0.,1.));
#5508 = DIRECTION('',(-1.,0.,0.));
#5509 = ADVANCED_FACE('',(#5510),#5521,.F.);
#5510 = FACE_BOUND('',#5511,.F.);
#5511 = EDGE_LOOP('',(#5512,#5513,#5514,#5520));
#5512 = ORIENTED_EDGE('',*,*,#4517,.F.);
#5513 = ORIENTED_EDGE('',*,*,#4607,.T.);
#5514 = ORIENTED_EDGE('',*,*,#5515,.T.);
#5515 = EDGE_CURVE('',#4600,#5008,#5516,.T.);
#5516 = LINE('',#5517,#5518);
#5517 = CARTESIAN_POINT('',(-16.5,-11.5,1.));
#5518 = VECTOR('',#5519,1.);
#5519 = DIRECTION('',(0.,0.,1.));
#5520 = ORIENTED_EDGE('',*,*,#5007,.F.);
#5521 = CYLINDRICAL_SURFACE('',#5522,3.);
#5522 = AXIS2_PLACEMENT_3D('',#5523,#5524,#5525);
#5523 = CARTESIAN_POINT('',(-16.5,-8.5,1.));
#5524 = DIRECTION('',(0.,0.,1.));
#5525 = DIRECTION('',(-1.,0.,0.));
#5526 = ADVANCED_FACE('',(#5527),#5535,.T.);
#5527 = FACE_BOUND('',#5528,.T.);
#5528 = EDGE_LOOP('',(#5529,#5530,#5531,#5532,#5533,#5534));
#5529 = ORIENTED_EDGE('',*,*,#4599,.F.);
#5530 = ORIENTED_EDGE('',*,*,#5515,.T.);
#5531 = ORIENTED_EDGE('',*,*,#5016,.T.);
#5532 = ORIENTED_EDGE('',*,*,#5239,.F.);
#5533 = ORIENTED_EDGE('',*,*,#5204,.F.);
#5534 = ORIENTED_EDGE('',*,*,#4669,.T.);
#5535 = PLANE('',#5536);
#5536 = AXIS2_PLACEMENT_3D('',#5537,#5538,#5539);
#5537 = CARTESIAN_POINT('',(-19.5,-11.5,1.));
#5538 = DIRECTION('',(0.,1.,0.));
#5539 = DIRECTION('',(0.,0.,1.));
#5540 = ADVANCED_FACE('',(#5541),#5567,.F.);
#5541 = FACE_BOUND('',#5542,.F.);
#5542 = EDGE_LOOP('',(#5543,#5544,#5552,#5561));
#5543 = ORIENTED_EDGE('',*,*,#5119,.F.);
#5544 = ORIENTED_EDGE('',*,*,#5545,.F.);
#5545 = EDGE_CURVE('',#5546,#5111,#5548,.T.);
#5546 = VERTEX_POINT('',#5547);
#5547 = CARTESIAN_POINT('',(21.,9.5,-3.5));
#5548 = LINE('',#5549,#5550);
#5549 = CARTESIAN_POINT('',(21.,-2.503553390593,-3.5));
#5550 = VECTOR('',#5551,1.);
#5551 = DIRECTION('',(0.,-1.,0.));
#5552 = ORIENTED_EDGE('',*,*,#5553,.T.);
#5553 = EDGE_CURVE('',#5546,#5554,#5556,.T.);
#5554 = VERTEX_POINT('',#5555);
#5555 = CARTESIAN_POINT('',(17.5,13.,-3.5));
#5556 = CIRCLE('',#5557,3.5);
#5557 = AXIS2_PLACEMENT_3D('',#5558,#5559,#5560);
#5558 = CARTESIAN_POINT('',(17.5,9.5,-3.5));
#5559 = DIRECTION('',(0.,0.,1.));
#5560 = DIRECTION('',(1.,0.,-0.));
#5561 = ORIENTED_EDGE('',*,*,#5562,.F.);
#5562 = EDGE_CURVE('',#5120,#5554,#5563,.T.);
#5563 = LINE('',#5564,#5565);
#5564 = CARTESIAN_POINT('',(0.703553390593,13.,-3.5));
#5565 = VECTOR('',#5566,1.);
#5566 = DIRECTION('',(1.,0.,0.));
#5567 = PLANE('',#5568);
#5568 = AXIS2_PLACEMENT_3D('',#5569,#5570,#5571);
#5569 = CARTESIAN_POINT('',(22.407106781187,7.992893218813,-3.5));
#5570 = DIRECTION('',(0.,0.,1.));
#5571 = DIRECTION('',(0.707106781187,0.707106781187,0.));
#5572 = ADVANCED_FACE('',(#5573,#5599),#5720,.T.);
#5573 = FACE_BOUND('',#5574,.T.);
#5574 = EDGE_LOOP('',(#5575,#5583,#5584,#5592));
#5575 = ORIENTED_EDGE('',*,*,#5576,.F.);
#5576 = EDGE_CURVE('',#5546,#5577,#5579,.T.);
#5577 = VERTEX_POINT('',#5578);
#5578 = CARTESIAN_POINT('',(21.,9.5,6.));
#5579 = LINE('',#5580,#5581);
#5580 = CARTESIAN_POINT('',(21.,9.5,-5.));
#5581 = VECTOR('',#5582,1.);
#5582 = DIRECTION('',(0.,0.,1.));
#5583 = ORIENTED_EDGE('',*,*,#5553,.T.);
#5584 = ORIENTED_EDGE('',*,*,#5585,.T.);
#5585 = EDGE_CURVE('',#5554,#5586,#5588,.T.);
#5586 = VERTEX_POINT('',#5587);
#5587 = CARTESIAN_POINT('',(17.5,13.,6.));
#5588 = LINE('',#5589,#5590);
#5589 = CARTESIAN_POINT('',(17.5,13.,-5.));
#5590 = VECTOR('',#5591,1.);
#5591 = DIRECTION('',(0.,0.,1.));
#5592 = ORIENTED_EDGE('',*,*,#5593,.F.);
#5593 = EDGE_CURVE('',#5577,#5586,#5594,.T.);
#5594 = CIRCLE('',#5595,3.5);
#5595 = AXIS2_PLACEMENT_3D('',#5596,#5597,#5598);
#5596 = CARTESIAN_POINT('',(17.5,9.5,6.));
#5597 = DIRECTION('',(-0.,0.,1.));
#5598 = DIRECTION('',(0.,-1.,0.));
#5599 = FACE_BOUND('',#5600,.T.);
#5600 = EDGE_LOOP('',(#5601,#5625,#5633,#5655,#5664,#5683,#5691,#5713));
#5601 = ORIENTED_EDGE('',*,*,#5602,.F.);
#5602 = EDGE_CURVE('',#5603,#5605,#5607,.T.);
#5603 = VERTEX_POINT('',#5604);
#5604 = CARTESIAN_POINT('',(18.261336429892,12.91619186237,4.01));
#5605 = VERTEX_POINT('',#5606);
#5606 = CARTESIAN_POINT('',(18.849074321705,12.729550816215,4.5));
#5607 = B_SPLINE_CURVE_WITH_KNOTS('',6,(#5608,#5609,#5610,#5611,#5612,
    #5613,#5614,#5615,#5616,#5617,#5618,#5619,#5620,#5621,#5622,#5623,
    #5624),.UNSPECIFIED.,.F.,.F.,(7,5,5,7),(0.,0.295625782274,
    0.625731739223,1.),.UNSPECIFIED.);
#5608 = CARTESIAN_POINT('',(18.261336429892,12.91619186237,4.01));
#5609 = CARTESIAN_POINT('',(18.261336429892,12.91619186237,
    4.048345168481));
#5610 = CARTESIAN_POINT('',(18.266098628136,12.915130538253,
    4.086644494503));
#5611 = CARTESIAN_POINT('',(18.27560168726,12.913012745989,
    4.124463227841));
#5612 = CARTESIAN_POINT('',(18.289670328501,12.909824961749,
    4.161369042508));
#5613 = CARTESIAN_POINT('',(18.307973937636,12.905538648207,
    4.196929797081));
#5614 = CARTESIAN_POINT('',(18.354654426948,12.894143251129,
    4.268491812466));
#5615 = CARTESIAN_POINT('',(18.383969619619,12.886760393264,
    4.30407997431));
#5616 = CARTESIAN_POINT('',(18.41743261137,12.877973754437,
    4.337124026577));
#5617 = CARTESIAN_POINT('',(18.454439700956,12.867746800992,
    4.367251863638));
#5618 = CARTESIAN_POINT('',(18.494346220044,12.856072446485,
    4.394117568239));
#5619 = CARTESIAN_POINT('',(18.584268141857,12.828192447683,
    4.443840117312));
#5620 = CARTESIAN_POINT('',(18.635040660098,12.811552374403,
    4.465745669377));
#5621 = CARTESIAN_POINT('',(18.687848326866,12.793154016101,
    4.482647603925));
#5622 = CARTESIAN_POINT('',(18.741720754295,12.773154258027,
    4.494159217219));
#5623 = CARTESIAN_POINT('',(18.795745298019,12.751827851181,4.5));
#5624 = CARTESIAN_POINT('',(18.849074321705,12.729550816215,4.5));
#5625 = ORIENTED_EDGE('',*,*,#5626,.F.);
#5626 = EDGE_CURVE('',#5627,#5603,#5629,.T.);
#5627 = VERTEX_POINT('',#5628);
#5628 = CARTESIAN_POINT('',(18.261336429892,12.91619186237,3.99));
#5629 = LINE('',#5630,#5631);
#5630 = CARTESIAN_POINT('',(18.261336429892,12.91619186237,3.5));
#5631 = VECTOR('',#5632,1.);
#5632 = DIRECTION('',(0.,0.,1.));
#5633 = ORIENTED_EDGE('',*,*,#5634,.T.);
#5634 = EDGE_CURVE('',#5627,#5635,#5637,.T.);
#5635 = VERTEX_POINT('',#5636);
#5636 = CARTESIAN_POINT('',(18.849074321705,12.729550816215,3.5));
#5637 = B_SPLINE_CURVE_WITH_KNOTS('',6,(#5638,#5639,#5640,#5641,#5642,
    #5643,#5644,#5645,#5646,#5647,#5648,#5649,#5650,#5651,#5652,#5653,
    #5654),.UNSPECIFIED.,.F.,.F.,(7,5,5,7),(0.,0.295625782396,
    0.625731739501,1.),.UNSPECIFIED.);
#5638 = CARTESIAN_POINT('',(18.261336429892,12.91619186237,3.99));
#5639 = CARTESIAN_POINT('',(18.261336429892,12.91619186237,
    3.951654830831));
#5640 = CARTESIAN_POINT('',(18.266098628307,12.915130538215,
    3.913355504126));
#5641 = CARTESIAN_POINT('',(18.275601687771,12.913012745876,
    3.87553677013));
#5642 = CARTESIAN_POINT('',(18.289670329508,12.909824961521,
    3.838630954853));
#5643 = CARTESIAN_POINT('',(18.307973939273,12.905538647823,
    3.803070199739));
#5644 = CARTESIAN_POINT('',(18.354654430137,12.894143250332,
    3.731508183394));
#5645 = CARTESIAN_POINT('',(18.38396962376,12.886760392199,
    3.695920021151));
#5646 = CARTESIAN_POINT('',(18.41743261656,12.877973753049,
    3.662875968607));
#5647 = CARTESIAN_POINT('',(18.45443970726,12.867746799229,3.63274813141
    ));
#5648 = CARTESIAN_POINT('',(18.494346227492,12.856072444294,
    3.605882426828));
#5649 = CARTESIAN_POINT('',(18.584268151682,12.828192444502,
    3.556159878179));
#5650 = CARTESIAN_POINT('',(18.635040671159,12.811552370647,
    3.534254326554));
#5651 = CARTESIAN_POINT('',(18.687848339107,12.793154011726,
    3.51735239267));
#5652 = CARTESIAN_POINT('',(18.741720767605,12.77315425301,
    3.505840780279));
#5653 = CARTESIAN_POINT('',(18.79574531224,12.75182784553,3.499999998637
    ));
#5654 = CARTESIAN_POINT('',(18.84907433664,12.729550809976,3.5));
#5655 = ORIENTED_EDGE('',*,*,#5656,.F.);
#5656 = EDGE_CURVE('',#5657,#5635,#5659,.T.);
#5657 = VERTEX_POINT('',#5658);
#5658 = CARTESIAN_POINT('',(20.866975073808,10.455760876138,3.5));
#5659 = CIRCLE('',#5660,3.5);
#5660 = AXIS2_PLACEMENT_3D('',#5661,#5662,#5663);
#5661 = CARTESIAN_POINT('',(17.5,9.5,3.5));
#5662 = DIRECTION('',(-0.,0.,1.));
#5663 = DIRECTION('',(0.,-1.,0.));
#5664 = ORIENTED_EDGE('',*,*,#5665,.F.);
#5665 = EDGE_CURVE('',#5666,#5657,#5668,.T.);
#5666 = VERTEX_POINT('',#5667);
#5667 = CARTESIAN_POINT('',(20.973238616575,9.931987861327,3.99));
#5668 = B_SPLINE_CURVE_WITH_KNOTS('',7,(#5669,#5670,#5671,#5672,#5673,
    #5674,#5675,#5676,#5677,#5678,#5679,#5680,#5681,#5682),
  .UNSPECIFIED.,.F.,.F.,(8,6,8),(0.,0.717500184208,1.),.UNSPECIFIED.);
#5669 = CARTESIAN_POINT('',(20.973238616575,9.931987861327,3.99));
#5670 = CARTESIAN_POINT('',(20.973238616575,9.931987861327,
    3.912761541247));
#5671 = CARTESIAN_POINT('',(20.971255090809,9.94793901492,3.835740793264
    ));
#5672 = CARTESIAN_POINT('',(20.967305316055,9.979678326084,
    3.761701370793));
#5673 = CARTESIAN_POINT('',(20.961052091112,10.026236311758,
    3.693408939706));
#5674 = CARTESIAN_POINT('',(20.951792726962,10.085706471933,
    3.633677140565));
#5675 = CARTESIAN_POINT('',(20.93899510347,10.155288472238,
    3.585175914923));
#5676 = CARTESIAN_POINT('',(20.916259524839,10.261652799994,
    3.536103555333));
#5677 = CARTESIAN_POINT('',(20.909288247109,10.29276196259,
    3.524293274281));
#5678 = CARTESIAN_POINT('',(20.901774546495,10.324697475965,
    3.514679596582));
#5679 = CARTESIAN_POINT('',(20.893740161783,10.357213831108,
    3.507376074027));
#5680 = CARTESIAN_POINT('',(20.88522296829,10.39006096748,3.502465574811
    ));
#5681 = CARTESIAN_POINT('',(20.876277433685,10.422990321687,3.5));
#5682 = CARTESIAN_POINT('',(20.866975073808,10.455760876138,3.5));
#5683 = ORIENTED_EDGE('',*,*,#5684,.T.);
#5684 = EDGE_CURVE('',#5666,#5685,#5687,.T.);
#5685 = VERTEX_POINT('',#5686);
#5686 = CARTESIAN_POINT('',(20.973238616575,9.931987861327,4.01));
#5687 = LINE('',#5688,#5689);
#5688 = CARTESIAN_POINT('',(20.973238616575,9.931987861327,3.5));
#5689 = VECTOR('',#5690,1.);
#5690 = DIRECTION('',(0.,0.,1.));
#5691 = ORIENTED_EDGE('',*,*,#5692,.T.);
#5692 = EDGE_CURVE('',#5685,#5693,#5695,.T.);
#5693 = VERTEX_POINT('',#5694);
#5694 = CARTESIAN_POINT('',(20.866975073808,10.455760876138,4.5));
#5695 = B_SPLINE_CURVE_WITH_KNOTS('',6,(#5696,#5697,#5698,#5699,#5700,
    #5701,#5702,#5703,#5704,#5705,#5706,#5707,#5708,#5709,#5710,#5711,
    #5712),.UNSPECIFIED.,.F.,.F.,(7,5,5,7),(0.,0.224893084347,
    0.7175792951,1.),.UNSPECIFIED.);
#5696 = CARTESIAN_POINT('',(20.973238616575,9.931987861327,4.01));
#5697 = CARTESIAN_POINT('',(20.973238616575,9.931987861327,
    4.038191909712));
#5698 = CARTESIAN_POINT('',(20.972966711555,9.934173620449,
    4.066381869973));
#5699 = CARTESIAN_POINT('',(20.97242319304,9.938544627565,4.094412912635
    ));
#5700 = CARTESIAN_POINT('',(20.971600063962,9.945077427082,
    4.122127564326));
#5701 = CARTESIAN_POINT('',(20.970482606439,9.953725565879,
    4.149368897407));
#5702 = CARTESIAN_POINT('',(20.965914536514,9.987847444781,
    4.234283516865));
#5703 = CARTESIAN_POINT('',(20.961268573363,10.021104517579,
    4.289594800363));
#5704 = CARTESIAN_POINT('',(20.954904818706,10.063489802213,
    4.340303821485));
#5705 = CARTESIAN_POINT('',(20.946492140893,10.113802141325,
    4.38485236684));
#5706 = CARTESIAN_POINT('',(20.93575440607,10.170449493912,
    4.421818790192));
#5707 = CARTESIAN_POINT('',(20.91518905871,10.266660783827,
    4.466206933425));
#5708 = CARTESIAN_POINT('',(20.906927922468,10.303202434095,
    4.479506642637));
#5709 = CARTESIAN_POINT('',(20.897909514515,10.340818757368,
    4.489680724004));
#5710 = CARTESIAN_POINT('',(20.888181024806,10.379073929428,
    4.496548195264));
#5711 = CARTESIAN_POINT('',(20.877827826998,10.417528562612,4.5));
#5712 = CARTESIAN_POINT('',(20.866975073808,10.455760876138,4.5));
#5713 = ORIENTED_EDGE('',*,*,#5714,.T.);
#5714 = EDGE_CURVE('',#5693,#5605,#5715,.T.);
#5715 = CIRCLE('',#5716,3.5);
#5716 = AXIS2_PLACEMENT_3D('',#5717,#5718,#5719);
#5717 = CARTESIAN_POINT('',(17.5,9.5,4.5));
#5718 = DIRECTION('',(0.,0.,1.));
#5719 = DIRECTION('',(1.,0.,0.));
#5720 = CYLINDRICAL_SURFACE('',#5721,3.5);
#5721 = AXIS2_PLACEMENT_3D('',#5722,#5723,#5724);
#5722 = CARTESIAN_POINT('',(17.5,9.5,-5.));
#5723 = DIRECTION('',(0.,0.,1.));
#5724 = DIRECTION('',(1.,0.,0.));
#5725 = ADVANCED_FACE('',(#5726),#5743,.F.);
#5726 = FACE_BOUND('',#5727,.F.);
#5727 = EDGE_LOOP('',(#5728,#5734,#5735,#5736,#5742));
#5728 = ORIENTED_EDGE('',*,*,#5729,.F.);
#5729 = EDGE_CURVE('',#5469,#5603,#5730,.T.);
#5730 = LINE('',#5731,#5732);
#5731 = CARTESIAN_POINT('',(15.205694254596,10.776608177156,4.01));
#5732 = VECTOR('',#5733,1.);
#5733 = DIRECTION('',(0.819152044289,0.573576436351,0.));
#5734 = ORIENTED_EDGE('',*,*,#5468,.T.);
#5735 = ORIENTED_EDGE('',*,*,#5429,.T.);
#5736 = ORIENTED_EDGE('',*,*,#5737,.T.);
#5737 = EDGE_CURVE('',#5421,#5605,#5738,.T.);
#5738 = LINE('',#5739,#5740);
#5739 = CARTESIAN_POINT('',(15.486746708408,10.375223675454,4.5));
#5740 = VECTOR('',#5741,1.);
#5741 = DIRECTION('',(0.819152044289,0.573576436351,0.));
#5742 = ORIENTED_EDGE('',*,*,#5602,.F.);
#5743 = CYLINDRICAL_SURFACE('',#5744,0.49);
#5744 = AXIS2_PLACEMENT_3D('',#5745,#5746,#5747);
#5745 = CARTESIAN_POINT('',(15.486746708408,10.375223675454,4.01));
#5746 = DIRECTION('',(0.819152044289,0.573576436351,0.));
#5747 = DIRECTION('',(-0.573576436351,0.819152044289,0.));
#5748 = ADVANCED_FACE('',(#5749),#5760,.F.);
#5749 = FACE_BOUND('',#5750,.F.);
#5750 = EDGE_LOOP('',(#5751,#5752,#5758,#5759));
#5751 = ORIENTED_EDGE('',*,*,#5420,.F.);
#5752 = ORIENTED_EDGE('',*,*,#5753,.T.);
#5753 = EDGE_CURVE('',#5402,#5693,#5754,.T.);
#5754 = LINE('',#5755,#5756);
#5755 = CARTESIAN_POINT('',(17.218947546188,7.901384501702,4.5));
#5756 = VECTOR('',#5757,1.);
#5757 = DIRECTION('',(0.819152044289,0.573576436351,0.));
#5758 = ORIENTED_EDGE('',*,*,#5714,.T.);
#5759 = ORIENTED_EDGE('',*,*,#5737,.F.);
#5760 = PLANE('',#5761);
#5761 = AXIS2_PLACEMENT_3D('',#5762,#5763,#5764);
#5762 = CARTESIAN_POINT('',(17.5,7.5,4.5));
#5763 = DIRECTION('',(0.,0.,1.));
#5764 = DIRECTION('',(0.819152044289,0.573576436351,0.));
#5765 = ADVANCED_FACE('',(#5766),#5777,.F.);
#5766 = FACE_BOUND('',#5767,.T.);
#5767 = EDGE_LOOP('',(#5768,#5774,#5775,#5776));
#5768 = ORIENTED_EDGE('',*,*,#5769,.F.);
#5769 = EDGE_CURVE('',#5394,#5685,#5770,.T.);
#5770 = LINE('',#5771,#5772);
#5771 = CARTESIAN_POINT('',(17.5,7.5,4.01));
#5772 = VECTOR('',#5773,1.);
#5773 = DIRECTION('',(0.819152044289,0.573576436351,0.));
#5774 = ORIENTED_EDGE('',*,*,#5401,.T.);
#5775 = ORIENTED_EDGE('',*,*,#5753,.T.);
#5776 = ORIENTED_EDGE('',*,*,#5692,.F.);
#5777 = CYLINDRICAL_SURFACE('',#5778,0.49);
#5778 = AXIS2_PLACEMENT_3D('',#5779,#5780,#5781);
#5779 = CARTESIAN_POINT('',(17.218947546188,7.901384501702,4.01));
#5780 = DIRECTION('',(0.819152044289,0.573576436351,0.));
#5781 = DIRECTION('',(0.573576436351,-0.819152044289,0.));
#5782 = ADVANCED_FACE('',(#5783),#5794,.T.);
#5783 = FACE_BOUND('',#5784,.T.);
#5784 = EDGE_LOOP('',(#5785,#5786,#5792,#5793));
#5785 = ORIENTED_EDGE('',*,*,#5684,.F.);
#5786 = ORIENTED_EDGE('',*,*,#5787,.F.);
#5787 = EDGE_CURVE('',#5375,#5666,#5788,.T.);
#5788 = LINE('',#5789,#5790);
#5789 = CARTESIAN_POINT('',(17.5,7.5,3.99));
#5790 = VECTOR('',#5791,1.);
#5791 = DIRECTION('',(0.819152044289,0.573576436351,0.));
#5792 = ORIENTED_EDGE('',*,*,#5393,.T.);
#5793 = ORIENTED_EDGE('',*,*,#5769,.T.);
#5794 = PLANE('',#5795);
#5795 = AXIS2_PLACEMENT_3D('',#5796,#5797,#5798);
#5796 = CARTESIAN_POINT('',(17.5,7.5,3.5));
#5797 = DIRECTION('',(-0.573576436351,0.819152044289,0.));
#5798 = DIRECTION('',(0.,0.,1.));
#5799 = ADVANCED_FACE('',(#5800),#5811,.F.);
#5800 = FACE_BOUND('',#5801,.F.);
#5801 = EDGE_LOOP('',(#5802,#5803,#5804,#5810));
#5802 = ORIENTED_EDGE('',*,*,#5787,.F.);
#5803 = ORIENTED_EDGE('',*,*,#5374,.T.);
#5804 = ORIENTED_EDGE('',*,*,#5805,.T.);
#5805 = EDGE_CURVE('',#5366,#5657,#5806,.T.);
#5806 = LINE('',#5807,#5808);
#5807 = CARTESIAN_POINT('',(17.218947546188,7.901384501702,3.5));
#5808 = VECTOR('',#5809,1.);
#5809 = DIRECTION('',(0.819152044289,0.573576436351,0.));
#5810 = ORIENTED_EDGE('',*,*,#5665,.F.);
#5811 = CYLINDRICAL_SURFACE('',#5812,0.49);
#5812 = AXIS2_PLACEMENT_3D('',#5813,#5814,#5815);
#5813 = CARTESIAN_POINT('',(17.218947546188,7.901384501702,3.99));
#5814 = DIRECTION('',(0.819152044289,0.573576436351,0.));
#5815 = DIRECTION('',(0.573576436351,-0.819152044289,0.));
#5816 = ADVANCED_FACE('',(#5817),#5828,.F.);
#5817 = FACE_BOUND('',#5818,.F.);
#5818 = EDGE_LOOP('',(#5819,#5820,#5826,#5827));
#5819 = ORIENTED_EDGE('',*,*,#5365,.T.);
#5820 = ORIENTED_EDGE('',*,*,#5821,.T.);
#5821 = EDGE_CURVE('',#5351,#5635,#5822,.T.);
#5822 = LINE('',#5823,#5824);
#5823 = CARTESIAN_POINT('',(15.486746708408,10.375223675454,3.5));
#5824 = VECTOR('',#5825,1.);
#5825 = DIRECTION('',(0.819152044289,0.573576436351,0.));
#5826 = ORIENTED_EDGE('',*,*,#5656,.F.);
#5827 = ORIENTED_EDGE('',*,*,#5805,.F.);
#5828 = PLANE('',#5829);
#5829 = AXIS2_PLACEMENT_3D('',#5830,#5831,#5832);
#5830 = CARTESIAN_POINT('',(17.862898745321,10.184678733225,3.5));
#5831 = DIRECTION('',(-0.,-0.,-1.));
#5832 = DIRECTION('',(-1.,0.,0.));
#5833 = ADVANCED_FACE('',(#5834),#5846,.F.);
#5834 = FACE_BOUND('',#5835,.T.);
#5835 = EDGE_LOOP('',(#5836,#5842,#5843,#5844,#5845));
#5836 = ORIENTED_EDGE('',*,*,#5837,.F.);
#5837 = EDGE_CURVE('',#5478,#5627,#5838,.T.);
#5838 = LINE('',#5839,#5840);
#5839 = CARTESIAN_POINT('',(15.205694254596,10.776608177156,3.99));
#5840 = VECTOR('',#5841,1.);
#5841 = DIRECTION('',(0.819152044289,0.573576436351,0.));
#5842 = ORIENTED_EDGE('',*,*,#5485,.F.);
#5843 = ORIENTED_EDGE('',*,*,#5350,.T.);
#5844 = ORIENTED_EDGE('',*,*,#5821,.T.);
#5845 = ORIENTED_EDGE('',*,*,#5634,.F.);
#5846 = CYLINDRICAL_SURFACE('',#5847,0.49);
#5847 = AXIS2_PLACEMENT_3D('',#5848,#5849,#5850);
#5848 = CARTESIAN_POINT('',(15.486746708408,10.375223675454,3.99));
#5849 = DIRECTION('',(0.819152044289,0.573576436351,0.));
#5850 = DIRECTION('',(-0.573576436351,0.819152044289,0.));
#5851 = ADVANCED_FACE('',(#5852),#5858,.F.);
#5852 = FACE_BOUND('',#5853,.F.);
#5853 = EDGE_LOOP('',(#5854,#5855,#5856,#5857));
#5854 = ORIENTED_EDGE('',*,*,#5626,.F.);
#5855 = ORIENTED_EDGE('',*,*,#5837,.F.);
#5856 = ORIENTED_EDGE('',*,*,#5477,.T.);
#5857 = ORIENTED_EDGE('',*,*,#5729,.T.);
#5858 = PLANE('',#5859);
#5859 = AXIS2_PLACEMENT_3D('',#5860,#5861,#5862);
#5860 = CARTESIAN_POINT('',(15.205694254596,10.776608177156,3.5));
#5861 = DIRECTION('',(-0.573576436351,0.819152044289,0.));
#5862 = DIRECTION('',(0.,0.,1.));
#5863 = ADVANCED_FACE('',(#5864),#5875,.F.);
#5864 = FACE_BOUND('',#5865,.F.);
#5865 = EDGE_LOOP('',(#5866,#5867,#5868,#5869));
#5866 = ORIENTED_EDGE('',*,*,#5152,.F.);
#5867 = ORIENTED_EDGE('',*,*,#5177,.T.);
#5868 = ORIENTED_EDGE('',*,*,#4967,.T.);
#5869 = ORIENTED_EDGE('',*,*,#5870,.F.);
#5870 = EDGE_CURVE('',#5153,#4958,#5871,.T.);
#5871 = LINE('',#5872,#5873);
#5872 = CARTESIAN_POINT('',(21.,-13.70355339059,-3.5));
#5873 = VECTOR('',#5874,1.);
#5874 = DIRECTION('',(0.,-1.,0.));
#5875 = PLANE('',#5876);
#5876 = AXIS2_PLACEMENT_3D('',#5877,#5878,#5879);
#5877 = CARTESIAN_POINT('',(15.992893218813,-14.40710678118,-3.5));
#5878 = DIRECTION('',(0.,0.,1.));
#5879 = DIRECTION('',(0.707106781187,-0.707106781187,0.));
#5880 = ADVANCED_FACE('',(#5881),#5902,.T.);
#5881 = FACE_BOUND('',#5882,.T.);
#5882 = EDGE_LOOP('',(#5883,#5889,#5890,#5891,#5892,#5893,#5894,#5895,
    #5896,#5897,#5898,#5899,#5900,#5901));
#5883 = ORIENTED_EDGE('',*,*,#5884,.T.);
#5884 = EDGE_CURVE('',#3827,#3892,#5885,.T.);
#5885 = LINE('',#5886,#5887);
#5886 = CARTESIAN_POINT('',(-21.,-13.,6.));
#5887 = VECTOR('',#5888,1.);
#5888 = DIRECTION('',(0.,1.,0.));
#5889 = ORIENTED_EDGE('',*,*,#3889,.F.);
#5890 = ORIENTED_EDGE('',*,*,#3948,.T.);
#5891 = ORIENTED_EDGE('',*,*,#3970,.F.);
#5892 = ORIENTED_EDGE('',*,*,#3874,.T.);
#5893 = ORIENTED_EDGE('',*,*,#3376,.F.);
#5894 = ORIENTED_EDGE('',*,*,#3557,.T.);
#5895 = ORIENTED_EDGE('',*,*,#3588,.T.);
#5896 = ORIENTED_EDGE('',*,*,#3635,.F.);
#5897 = ORIENTED_EDGE('',*,*,#3649,.F.);
#5898 = ORIENTED_EDGE('',*,*,#3730,.T.);
#5899 = ORIENTED_EDGE('',*,*,#3761,.F.);
#5900 = ORIENTED_EDGE('',*,*,#3795,.T.);
#5901 = ORIENTED_EDGE('',*,*,#3826,.T.);
#5902 = PLANE('',#5903);
#5903 = AXIS2_PLACEMENT_3D('',#5904,#5905,#5906);
#5904 = CARTESIAN_POINT('',(-21.,9.216874903099E-16,2.674500255304));
#5905 = DIRECTION('',(-1.,-0.,-0.));
#5906 = DIRECTION('',(0.,0.,-1.));
#5907 = ADVANCED_FACE('',(#5908,#5933),#5936,.T.);
#5908 = FACE_BOUND('',#5909,.T.);
#5909 = EDGE_LOOP('',(#5910,#5911,#5912,#5918,#5919,#5925,#5926,#5932));
#5910 = ORIENTED_EDGE('',*,*,#5884,.F.);
#5911 = ORIENTED_EDGE('',*,*,#3843,.T.);
#5912 = ORIENTED_EDGE('',*,*,#5913,.T.);
#5913 = EDGE_CURVE('',#3836,#4984,#5914,.T.);
#5914 = LINE('',#5915,#5916);
#5915 = CARTESIAN_POINT('',(-21.,-13.,6.));
#5916 = VECTOR('',#5917,1.);
#5917 = DIRECTION('',(1.,0.,0.));
#5918 = ORIENTED_EDGE('',*,*,#4991,.F.);
#5919 = ORIENTED_EDGE('',*,*,#5920,.T.);
#5920 = EDGE_CURVE('',#4960,#5577,#5921,.T.);
#5921 = LINE('',#5922,#5923);
#5922 = CARTESIAN_POINT('',(21.,-13.,6.));
#5923 = VECTOR('',#5924,1.);
#5924 = DIRECTION('',(0.,1.,0.));
#5925 = ORIENTED_EDGE('',*,*,#5593,.T.);
#5926 = ORIENTED_EDGE('',*,*,#5927,.F.);
#5927 = EDGE_CURVE('',#3909,#5586,#5928,.T.);
#5928 = LINE('',#5929,#5930);
#5929 = CARTESIAN_POINT('',(-21.,13.,6.));
#5930 = VECTOR('',#5931,1.);
#5931 = DIRECTION('',(1.,0.,0.));
#5932 = ORIENTED_EDGE('',*,*,#3916,.F.);
#5933 = FACE_BOUND('',#5934,.T.);
#5934 = EDGE_LOOP('',(#5935));
#5935 = ORIENTED_EDGE('',*,*,#5095,.F.);
#5936 = PLANE('',#5937);
#5937 = AXIS2_PLACEMENT_3D('',#5938,#5939,#5940);
#5938 = CARTESIAN_POINT('',(-21.,-13.,6.));
#5939 = DIRECTION('',(0.,0.,1.));
#5940 = DIRECTION('',(1.,0.,0.));
#5941 = ADVANCED_FACE('',(#5942),#5953,.T.);
#5942 = FACE_BOUND('',#5943,.T.);
#5943 = EDGE_LOOP('',(#5944,#5945,#5946,#5947,#5948,#5949,#5950,#5951,
    #5952));
#5944 = ORIENTED_EDGE('',*,*,#3812,.T.);
#5945 = ORIENTED_EDGE('',*,*,#3778,.F.);
#5946 = ORIENTED_EDGE('',*,*,#3746,.T.);
#5947 = ORIENTED_EDGE('',*,*,#3665,.T.);
#5948 = ORIENTED_EDGE('',*,*,#4057,.T.);
#5949 = ORIENTED_EDGE('',*,*,#4066,.T.);
#5950 = ORIENTED_EDGE('',*,*,#4983,.T.);
#5951 = ORIENTED_EDGE('',*,*,#5913,.F.);
#5952 = ORIENTED_EDGE('',*,*,#3835,.F.);
#5953 = PLANE('',#5954);
#5954 = AXIS2_PLACEMENT_3D('',#5955,#5956,#5957);
#5955 = CARTESIAN_POINT('',(-1.649627783061,-13.,3.06685041327));
#5956 = DIRECTION('',(-0.,-1.,-0.));
#5957 = DIRECTION('',(0.,0.,-1.));
#5958 = ADVANCED_FACE('',(#5959),#5971,.T.);
#5959 = FACE_BOUND('',#5960,.T.);
#5960 = EDGE_LOOP('',(#5961,#5962,#5963,#5964,#5965,#5966,#5967,#5968,
    #5969,#5970));
#5961 = ORIENTED_EDGE('',*,*,#3502,.F.);
#5962 = ORIENTED_EDGE('',*,*,#3858,.F.);
#5963 = ORIENTED_EDGE('',*,*,#3962,.T.);
#5964 = ORIENTED_EDGE('',*,*,#3941,.F.);
#5965 = ORIENTED_EDGE('',*,*,#3908,.T.);
#5966 = ORIENTED_EDGE('',*,*,#5927,.T.);
#5967 = ORIENTED_EDGE('',*,*,#5585,.F.);
#5968 = ORIENTED_EDGE('',*,*,#5562,.F.);
#5969 = ORIENTED_EDGE('',*,*,#5127,.T.);
#5970 = ORIENTED_EDGE('',*,*,#4002,.F.);
#5971 = PLANE('',#5972);
#5972 = AXIS2_PLACEMENT_3D('',#5973,#5974,#5975);
#5973 = CARTESIAN_POINT('',(9.119279826799E-16,13.,2.452044219062));
#5974 = DIRECTION('',(0.,1.,0.));
#5975 = DIRECTION('',(0.,-0.,1.));
#5976 = ADVANCED_FACE('',(#5977,#5989),#5999,.T.);
#5977 = FACE_BOUND('',#5978,.T.);
#5978 = EDGE_LOOP('',(#5979,#5980,#5981,#5982,#5983,#5984,#5985,#5986,
    #5987,#5988));
#5979 = ORIENTED_EDGE('',*,*,#5920,.F.);
#5980 = ORIENTED_EDGE('',*,*,#4957,.F.);
#5981 = ORIENTED_EDGE('',*,*,#5870,.F.);
#5982 = ORIENTED_EDGE('',*,*,#5160,.T.);
#5983 = ORIENTED_EDGE('',*,*,#4027,.F.);
#5984 = ORIENTED_EDGE('',*,*,#3486,.T.);
#5985 = ORIENTED_EDGE('',*,*,#3986,.F.);
#5986 = ORIENTED_EDGE('',*,*,#5110,.T.);
#5987 = ORIENTED_EDGE('',*,*,#5545,.F.);
#5988 = ORIENTED_EDGE('',*,*,#5576,.T.);
#5989 = FACE_BOUND('',#5990,.T.);
#5990 = EDGE_LOOP('',(#5991,#5992,#5993,#5994,#5995,#5996,#5997,#5998));
#5991 = ORIENTED_EDGE('',*,*,#4725,.T.);
#5992 = ORIENTED_EDGE('',*,*,#4923,.T.);
#5993 = ORIENTED_EDGE('',*,*,#4892,.T.);
#5994 = ORIENTED_EDGE('',*,*,#4878,.F.);
#5995 = ORIENTED_EDGE('',*,*,#4830,.F.);
#5996 = ORIENTED_EDGE('',*,*,#4807,.T.);
#5997 = ORIENTED_EDGE('',*,*,#4773,.F.);
#5998 = ORIENTED_EDGE('',*,*,#4748,.F.);
#5999 = PLANE('',#6000);
#6000 = AXIS2_PLACEMENT_3D('',#6001,#6002,#6003);
#6001 = CARTESIAN_POINT('',(21.,7.017854518723E-16,1.968080331413));
#6002 = DIRECTION('',(1.,0.,0.));
#6003 = DIRECTION('',(-0.,0.,1.));
#6004 = ( GEOMETRIC_REPRESENTATION_CONTEXT(3) 
GLOBAL_UNCERTAINTY_ASSIGNED_CONTEXT((#6008)) 
GLOBAL_UNIT_ASSIGNED_CONTEXT((#6005,#6006,#6007)) REPRESENTATION_CONTEXT
('Context #1','3D Context with UNIT and UNCERTAINTY') );
#6005 = ( LENGTH_UNIT() NAMED_UNIT(*) SI_UNIT(.MILLI.,.METRE.) );
#6006 = ( NAMED_UNIT(*) PLANE_ANGLE_UNIT() SI_UNIT($,.RADIAN.) );
#6007 = ( NAMED_UNIT(*) SI_UNIT($,.STERADIAN.) SOLID_ANGLE_UNIT() );
#6008 = UNCERTAINTY_MEASURE_WITH_UNIT(LENGTH_MEASURE(2.E-05),#6005,
  'distance_accuracy_value','confusion accuracy');
#6009 = CONTEXT_DEPENDENT_SHAPE_REPRESENTATION(#6010,#6012);
#6010 = ( REPRESENTATION_RELATIONSHIP('','',#3369,#10) 
REPRESENTATION_RELATIONSHIP_WITH_TRANSFORMATION(#6011) 
SHAPE_REPRESENTATION_RELATIONSHIP() );
#6011 = ITEM_DEFINED_TRANSFORMATION('','',#11,#19);
#6012 = PRODUCT_DEFINITION_SHAPE('Placement','Placement of an item',
  #6013);
#6013 = NEXT_ASSEMBLY_USAGE_OCCURRENCE('6','Corner Clips Top','',#5,
  #3364,$);
#6014 = PRODUCT_RELATED_PRODUCT_CATEGORY('part',$,(#3366));
#6015 = MECHANICAL_DESIGN_GEOMETRIC_PRESENTATION_REPRESENTATION('',(
    #6016),#6004);
#6016 = STYLED_ITEM('color',(#6017),#3370);
#6017 = PRESENTATION_STYLE_ASSIGNMENT((#6018,#6026));
#6018 = SURFACE_STYLE_USAGE(.BOTH.,#6019);
#6019 = SURFACE_SIDE_STYLE('',(#6020,#6024));
#6020 = SURFACE_STYLE_FILL_AREA(#6021);
#6021 = FILL_AREA_STYLE('',(#6022));
#6022 = FILL_AREA_STYLE_COLOUR('',#6023);
#6023 = COLOUR_RGB('',0.447058818107,0.474509808674,0.501960817233);
#6024 = SURFACE_STYLE_RENDERING_WITH_PROPERTIES(.NORMAL_SHADING.,#6023,(
    #6025));
#6025 = SURFACE_STYLE_TRANSPARENT(0.199999988079);
#6026 = CURVE_STYLE('',#6027,POSITIVE_LENGTH_MEASURE(0.1),#6028);
#6027 = DRAUGHTING_PRE_DEFINED_CURVE_FONT('continuous');
#6028 = COLOUR_RGB('',9.803921802644E-02,9.803921802644E-02,
  9.803921802644E-02);
#6029 = MECHANICAL_DESIGN_GEOMETRIC_PRESENTATION_REPRESENTATION('',(
    #6030),#3351);
#6030 = STYLED_ITEM('color',(#6031),#37);
#6031 = PRESENTATION_STYLE_ASSIGNMENT((#6032,#6039));
#6032 = SURFACE_STYLE_USAGE(.BOTH.,#6033);
#6033 = SURFACE_SIDE_STYLE('',(#6034,#6037));
#6034 = SURFACE_STYLE_FILL_AREA(#6035);
#6035 = FILL_AREA_STYLE('',(#6036));
#6036 = FILL_AREA_STYLE_COLOUR('',#6023);
#6037 = SURFACE_STYLE_RENDERING_WITH_PROPERTIES(.NORMAL_SHADING.,#6023,(
    #6038));
#6038 = SURFACE_STYLE_TRANSPARENT(0.399999976158);
#6039 = CURVE_STYLE('',#6040,POSITIVE_LENGTH_MEASURE(0.1),#6028);
#6040 = DRAUGHTING_PRE_DEFINED_CURVE_FONT('continuous');
ENDSEC;
END-ISO-10303-21;
