ISO-10303-21;
HEADER;
FILE_DESCRIPTION(('FreeCAD Model'),'2;1');
FILE_NAME('Open CASCADE Shape Model','2026-10-07T15:30:20',(''),(''),
  'Open CASCADE STEP processor 7.8','FreeCAD','Unknown');
FILE_SCHEMA((
'AP242_MANAGED_MODEL_BASED_3D_ENGINEERING_MIM_LF. {1 0 10303 442 1 1 4 
}'));
ENDSEC;
DATA;
#1 = APPLICATION_PROTOCOL_DEFINITION('international standard',
  'ap242_managed_model_based_3d_engineering',2013,#2);
#2 = APPLICATION_CONTEXT('Managed model based 3d engineering');
#3 = SHAPE_DEFINITION_REPRESENTATION(#4,#10);
#4 = PRODUCT_DEFINITION_SHAPE('','',#5);
#5 = PRODUCT_DEFINITION('design','',#6,#9);
#6 = PRODUCT_DEFINITION_FORMATION('','',#7);
#7 = PRODUCT('Corner Clips Top','Corner Clips Top','',(#8));
#8 = PRODUCT_CONTEXT('',#2,'mechanical');
#9 = PRODUCT_DEFINITION_CONTEXT('part definition',#2,'design');
#10 = ADVANCED_BREP_SHAPE_REPRESENTATION('',(#11,#15),#2649);
#11 = AXIS2_PLACEMENT_3D('',#12,#13,#14);
#12 = CARTESIAN_POINT('',(0.,0.,0.));
#13 = DIRECTION('',(0.,0.,1.));
#14 = DIRECTION('',(1.,0.,-0.));
#15 = MANIFOLD_SOLID_BREP('',#16);
#16 = CLOSED_SHELL('',(#17,#165,#212,#243,#290,#371,#402,#435,#467,#499,
    #530,#572,#603,#627,#658,#698,#774,#798,#838,#862,#887,#995,#1020,
    #1044,#1069,#1086,#1148,#1190,#1214,#1265,#1282,#1299,#1332,#1349,
    #1380,#1404,#1428,#1471,#1502,#1533,#1564,#1598,#1647,#1725,#1751,
    #1784,#1817,#1835,#1863,#1895,#1922,#1939,#1956,#1981,#2100,#2142,
    #2154,#2171,#2185,#2217,#2370,#2393,#2410,#2427,#2444,#2461,#2478,
    #2496,#2508,#2525,#2552,#2586,#2603,#2621));
#17 = ADVANCED_FACE('',(#18),#160,.F.);
#18 = FACE_BOUND('',#19,.F.);
#19 = EDGE_LOOP('',(#20,#30,#38,#46,#55,#63,#72,#80,#89,#97,#105,#113,
    #122,#130,#138,#146,#154));
#20 = ORIENTED_EDGE('',*,*,#21,.F.);
#21 = EDGE_CURVE('',#22,#24,#26,.T.);
#22 = VERTEX_POINT('',#23);
#23 = CARTESIAN_POINT('',(-21.,6.,1.));
#24 = VERTEX_POINT('',#25);
#25 = CARTESIAN_POINT('',(-21.,9.4,1.));
#26 = LINE('',#27,#28);
#27 = CARTESIAN_POINT('',(-21.,-13.,1.));
#28 = VECTOR('',#29,1.);
#29 = DIRECTION('',(0.,1.,0.));
#30 = ORIENTED_EDGE('',*,*,#31,.F.);
#31 = EDGE_CURVE('',#32,#22,#34,.T.);
#32 = VERTEX_POINT('',#33);
#33 = CARTESIAN_POINT('',(-20.,6.,1.));
#34 = LINE('',#35,#36);
#35 = CARTESIAN_POINT('',(-18.5,6.,1.));
#36 = VECTOR('',#37,1.);
#37 = DIRECTION('',(-1.,2.22044604925E-16,0.));
#38 = ORIENTED_EDGE('',*,*,#39,.T.);
#39 = EDGE_CURVE('',#32,#40,#42,.T.);
#40 = VERTEX_POINT('',#41);
#41 = CARTESIAN_POINT('',(-20.,9.,1.));
#42 = LINE('',#43,#44);
#43 = CARTESIAN_POINT('',(-20.,-12.5,1.));
#44 = VECTOR('',#45,1.);
#45 = DIRECTION('',(0.,1.,0.));
#46 = ORIENTED_EDGE('',*,*,#47,.F.);
#47 = EDGE_CURVE('',#48,#40,#50,.T.);
#48 = VERTEX_POINT('',#49);
#49 = CARTESIAN_POINT('',(-17.,12.,1.));
#50 = CIRCLE('',#51,3.);
#51 = AXIS2_PLACEMENT_3D('',#52,#53,#54);
#52 = CARTESIAN_POINT('',(-17.,9.,1.));
#53 = DIRECTION('',(0.,0.,1.));
#54 = DIRECTION('',(-1.,0.,0.));
#55 = ORIENTED_EDGE('',*,*,#56,.F.);
#56 = EDGE_CURVE('',#57,#48,#59,.T.);
#57 = VERTEX_POINT('',#58);
#58 = CARTESIAN_POINT('',(17.,12.,1.));
#59 = LINE('',#60,#61);
#60 = CARTESIAN_POINT('',(-20.5,12.,1.));
#61 = VECTOR('',#62,1.);
#62 = DIRECTION('',(-1.,0.,0.));
#63 = ORIENTED_EDGE('',*,*,#64,.F.);
#64 = EDGE_CURVE('',#65,#57,#67,.T.);
#65 = VERTEX_POINT('',#66);
#66 = CARTESIAN_POINT('',(20.,9.,1.));
#67 = CIRCLE('',#68,3.);
#68 = AXIS2_PLACEMENT_3D('',#69,#70,#71);
#69 = CARTESIAN_POINT('',(17.,9.,1.));
#70 = DIRECTION('',(0.,0.,1.));
#71 = DIRECTION('',(1.,0.,0.));
#72 = ORIENTED_EDGE('',*,*,#73,.F.);
#73 = EDGE_CURVE('',#74,#65,#76,.T.);
#74 = VERTEX_POINT('',#75);
#75 = CARTESIAN_POINT('',(20.,-9.,1.));
#76 = LINE('',#77,#78);
#77 = CARTESIAN_POINT('',(20.,-12.5,1.));
#78 = VECTOR('',#79,1.);
#79 = DIRECTION('',(0.,1.,0.));
#80 = ORIENTED_EDGE('',*,*,#81,.F.);
#81 = EDGE_CURVE('',#82,#74,#84,.T.);
#82 = VERTEX_POINT('',#83);
#83 = CARTESIAN_POINT('',(17.,-12.,1.));
#84 = CIRCLE('',#85,3.);
#85 = AXIS2_PLACEMENT_3D('',#86,#87,#88);
#86 = CARTESIAN_POINT('',(17.,-9.,1.));
#87 = DIRECTION('',(0.,0.,1.));
#88 = DIRECTION('',(1.,0.,0.));
#89 = ORIENTED_EDGE('',*,*,#90,.T.);
#90 = EDGE_CURVE('',#82,#91,#93,.T.);
#91 = VERTEX_POINT('',#92);
#92 = CARTESIAN_POINT('',(16.78,-12.,1.));
#93 = LINE('',#94,#95);
#94 = CARTESIAN_POINT('',(-20.5,-12.,1.));
#95 = VECTOR('',#96,1.);
#96 = DIRECTION('',(-1.,0.,0.));
#97 = ORIENTED_EDGE('',*,*,#98,.F.);
#98 = EDGE_CURVE('',#99,#91,#101,.T.);
#99 = VERTEX_POINT('',#100);
#100 = CARTESIAN_POINT('',(16.78,-12.1,1.));
#101 = LINE('',#102,#103);
#102 = CARTESIAN_POINT('',(16.78,-12.1,1.));
#103 = VECTOR('',#104,1.);
#104 = DIRECTION('',(0.,1.,0.));
#105 = ORIENTED_EDGE('',*,*,#106,.F.);
#106 = EDGE_CURVE('',#107,#99,#109,.T.);
#107 = VERTEX_POINT('',#108);
#108 = CARTESIAN_POINT('',(16.005872210923,-12.1,1.));
#109 = LINE('',#110,#111);
#110 = CARTESIAN_POINT('',(-2.493588458689,-12.1,1.));
#111 = VECTOR('',#112,1.);
#112 = DIRECTION('',(1.,0.,0.));
#113 = ORIENTED_EDGE('',*,*,#114,.F.);
#114 = EDGE_CURVE('',#115,#107,#117,.T.);
#115 = VERTEX_POINT('',#116);
#116 = CARTESIAN_POINT('',(17.46816713645,-12.93183286355,1.));
#117 = CIRCLE('',#118,5.);
#118 = AXIS2_PLACEMENT_3D('',#119,#120,#121);
#119 = CARTESIAN_POINT('',(14.3,-16.8,1.));
#120 = DIRECTION('',(0.,0.,1.));
#121 = DIRECTION('',(1.,0.,0.));
#122 = ORIENTED_EDGE('',*,*,#123,.T.);
#123 = EDGE_CURVE('',#115,#124,#126,.T.);
#124 = VERTEX_POINT('',#125);
#125 = CARTESIAN_POINT('',(21.,-9.4,1.));
#126 = LINE('',#127,#128);
#127 = CARTESIAN_POINT('',(7.096446609407,-23.30355339059,1.));
#128 = VECTOR('',#129,1.);
#129 = DIRECTION('',(0.707106781187,0.707106781187,0.));
#130 = ORIENTED_EDGE('',*,*,#131,.T.);
#131 = EDGE_CURVE('',#124,#132,#134,.T.);
#132 = VERTEX_POINT('',#133);
#133 = CARTESIAN_POINT('',(21.,9.4,1.));
#134 = LINE('',#135,#136);
#135 = CARTESIAN_POINT('',(21.,-13.,1.));
#136 = VECTOR('',#137,1.);
#137 = DIRECTION('',(0.,1.,0.));
#138 = ORIENTED_EDGE('',*,*,#139,.T.);
#139 = EDGE_CURVE('',#132,#140,#142,.T.);
#140 = VERTEX_POINT('',#141);
#141 = CARTESIAN_POINT('',(17.4,13.,1.));
#142 = LINE('',#143,#144);
#143 = CARTESIAN_POINT('',(16.803553390593,13.596446609407,1.));
#144 = VECTOR('',#145,1.);
#145 = DIRECTION('',(-0.707106781187,0.707106781187,0.));
#146 = ORIENTED_EDGE('',*,*,#147,.F.);
#147 = EDGE_CURVE('',#148,#140,#150,.T.);
#148 = VERTEX_POINT('',#149);
#149 = CARTESIAN_POINT('',(-17.4,13.,1.));
#150 = LINE('',#151,#152);
#151 = CARTESIAN_POINT('',(-21.,13.,1.));
#152 = VECTOR('',#153,1.);
#153 = DIRECTION('',(1.,0.,0.));
#154 = ORIENTED_EDGE('',*,*,#155,.T.);
#155 = EDGE_CURVE('',#148,#24,#156,.T.);
#156 = LINE('',#157,#158);
#157 = CARTESIAN_POINT('',(-24.0964466094,6.303553390593,1.));
#158 = VECTOR('',#159,1.);
#159 = DIRECTION('',(-0.707106781187,-0.707106781187,0.));
#160 = PLANE('',#161);
#161 = AXIS2_PLACEMENT_3D('',#162,#163,#164);
#162 = CARTESIAN_POINT('',(-21.,-13.,1.));
#163 = DIRECTION('',(0.,0.,1.));
#164 = DIRECTION('',(1.,0.,0.));
#165 = ADVANCED_FACE('',(#166),#207,.F.);
#166 = FACE_BOUND('',#167,.F.);
#167 = EDGE_LOOP('',(#168,#178,#186,#194,#200,#201));
#168 = ORIENTED_EDGE('',*,*,#169,.F.);
#169 = EDGE_CURVE('',#170,#172,#174,.T.);
#170 = VERTEX_POINT('',#171);
#171 = CARTESIAN_POINT('',(-19.5,6.,4.9));
#172 = VERTEX_POINT('',#173);
#173 = CARTESIAN_POINT('',(-21.,6.,4.9));
#174 = LINE('',#175,#176);
#175 = CARTESIAN_POINT('',(-16.,6.,4.9));
#176 = VECTOR('',#177,1.);
#177 = DIRECTION('',(-1.,2.22044604925E-16,0.));
#178 = ORIENTED_EDGE('',*,*,#179,.F.);
#179 = EDGE_CURVE('',#180,#170,#182,.T.);
#180 = VERTEX_POINT('',#181);
#181 = CARTESIAN_POINT('',(-19.5,6.,1.6));
#182 = LINE('',#183,#184);
#183 = CARTESIAN_POINT('',(-19.5,6.,0.65));
#184 = VECTOR('',#185,1.);
#185 = DIRECTION('',(0.,0.,1.));
#186 = ORIENTED_EDGE('',*,*,#187,.T.);
#187 = EDGE_CURVE('',#180,#188,#190,.T.);
#188 = VERTEX_POINT('',#189);
#189 = CARTESIAN_POINT('',(-20.,6.,1.6));
#190 = LINE('',#191,#192);
#191 = CARTESIAN_POINT('',(-18.,6.,1.6));
#192 = VECTOR('',#193,1.);
#193 = DIRECTION('',(-1.,2.22044604925E-16,0.));
#194 = ORIENTED_EDGE('',*,*,#195,.F.);
#195 = EDGE_CURVE('',#32,#188,#196,.T.);
#196 = LINE('',#197,#198);
#197 = CARTESIAN_POINT('',(-20.,6.,0.15));
#198 = VECTOR('',#199,1.);
#199 = DIRECTION('',(0.,0.,1.));
#200 = ORIENTED_EDGE('',*,*,#31,.T.);
#201 = ORIENTED_EDGE('',*,*,#202,.T.);
#202 = EDGE_CURVE('',#22,#172,#203,.T.);
#203 = LINE('',#204,#205);
#204 = CARTESIAN_POINT('',(-21.,6.,0.65));
#205 = VECTOR('',#206,1.);
#206 = DIRECTION('',(0.,0.,1.));
#207 = PLANE('',#208);
#208 = AXIS2_PLACEMENT_3D('',#209,#210,#211);
#209 = CARTESIAN_POINT('',(-16.,6.,0.3));
#210 = DIRECTION('',(2.22044604925E-16,1.,0.));
#211 = DIRECTION('',(0.,0.,1.));
#212 = ADVANCED_FACE('',(#213),#238,.F.);
#213 = FACE_BOUND('',#214,.F.);
#214 = EDGE_LOOP('',(#215,#225,#231,#232));
#215 = ORIENTED_EDGE('',*,*,#216,.F.);
#216 = EDGE_CURVE('',#217,#219,#221,.T.);
#217 = VERTEX_POINT('',#218);
#218 = CARTESIAN_POINT('',(-19.5,-6.,4.9));
#219 = VERTEX_POINT('',#220);
#220 = CARTESIAN_POINT('',(-21.,-6.,4.9));
#221 = LINE('',#222,#223);
#222 = CARTESIAN_POINT('',(-16.,-6.,4.9));
#223 = VECTOR('',#224,1.);
#224 = DIRECTION('',(-1.,2.22044604925E-16,0.));
#225 = ORIENTED_EDGE('',*,*,#226,.F.);
#226 = EDGE_CURVE('',#170,#217,#227,.T.);
#227 = LINE('',#228,#229);
#228 = CARTESIAN_POINT('',(-19.5,-8.75,4.9));
#229 = VECTOR('',#230,1.);
#230 = DIRECTION('',(0.,-1.,0.));
#231 = ORIENTED_EDGE('',*,*,#169,.T.);
#232 = ORIENTED_EDGE('',*,*,#233,.T.);
#233 = EDGE_CURVE('',#172,#219,#234,.T.);
#234 = LINE('',#235,#236);
#235 = CARTESIAN_POINT('',(-21.,-9.5,4.9));
#236 = VECTOR('',#237,1.);
#237 = DIRECTION('',(0.,-1.,0.));
#238 = PLANE('',#239);
#239 = AXIS2_PLACEMENT_3D('',#240,#241,#242);
#240 = CARTESIAN_POINT('',(-16.,-6.,4.9));
#241 = DIRECTION('',(0.,0.,1.));
#242 = DIRECTION('',(2.22044604925E-16,1.,0.));
#243 = ADVANCED_FACE('',(#244),#285,.T.);
#244 = FACE_BOUND('',#245,.T.);
#245 = EDGE_LOOP('',(#246,#247,#255,#263,#271,#279));
#246 = ORIENTED_EDGE('',*,*,#216,.F.);
#247 = ORIENTED_EDGE('',*,*,#248,.F.);
#248 = EDGE_CURVE('',#249,#217,#251,.T.);
#249 = VERTEX_POINT('',#250);
#250 = CARTESIAN_POINT('',(-19.5,-6.,1.6));
#251 = LINE('',#252,#253);
#252 = CARTESIAN_POINT('',(-19.5,-6.,0.65));
#253 = VECTOR('',#254,1.);
#254 = DIRECTION('',(0.,0.,1.));
#255 = ORIENTED_EDGE('',*,*,#256,.T.);
#256 = EDGE_CURVE('',#249,#257,#259,.T.);
#257 = VERTEX_POINT('',#258);
#258 = CARTESIAN_POINT('',(-20.,-6.,1.6));
#259 = LINE('',#260,#261);
#260 = CARTESIAN_POINT('',(-18.,-6.,1.6));
#261 = VECTOR('',#262,1.);
#262 = DIRECTION('',(-1.,2.22044604925E-16,0.));
#263 = ORIENTED_EDGE('',*,*,#264,.F.);
#264 = EDGE_CURVE('',#265,#257,#267,.T.);
#265 = VERTEX_POINT('',#266);
#266 = CARTESIAN_POINT('',(-20.,-6.,1.));
#267 = LINE('',#268,#269);
#268 = CARTESIAN_POINT('',(-20.,-6.,0.15));
#269 = VECTOR('',#270,1.);
#270 = DIRECTION('',(0.,0.,1.));
#271 = ORIENTED_EDGE('',*,*,#272,.T.);
#272 = EDGE_CURVE('',#265,#273,#275,.T.);
#273 = VERTEX_POINT('',#274);
#274 = CARTESIAN_POINT('',(-21.,-6.,1.));
#275 = LINE('',#276,#277);
#276 = CARTESIAN_POINT('',(-18.5,-6.,1.));
#277 = VECTOR('',#278,1.);
#278 = DIRECTION('',(-1.,2.22044604925E-16,0.));
#279 = ORIENTED_EDGE('',*,*,#280,.T.);
#280 = EDGE_CURVE('',#273,#219,#281,.T.);
#281 = LINE('',#282,#283);
#282 = CARTESIAN_POINT('',(-21.,-6.,0.65));
#283 = VECTOR('',#284,1.);
#284 = DIRECTION('',(0.,0.,1.));
#285 = PLANE('',#286);
#286 = AXIS2_PLACEMENT_3D('',#287,#288,#289);
#287 = CARTESIAN_POINT('',(-16.,-6.,0.3));
#288 = DIRECTION('',(2.22044604925E-16,1.,0.));
#289 = DIRECTION('',(0.,0.,1.));
#290 = ADVANCED_FACE('',(#291),#366,.F.);
#291 = FACE_BOUND('',#292,.F.);
#292 = EDGE_LOOP('',(#293,#301,#309,#317,#326,#334,#342,#350,#359,#365)
  );
#293 = ORIENTED_EDGE('',*,*,#294,.F.);
#294 = EDGE_CURVE('',#295,#273,#297,.T.);
#295 = VERTEX_POINT('',#296);
#296 = CARTESIAN_POINT('',(-21.,-9.4,1.));
#297 = LINE('',#298,#299);
#298 = CARTESIAN_POINT('',(-21.,-13.,1.));
#299 = VECTOR('',#300,1.);
#300 = DIRECTION('',(0.,1.,0.));
#301 = ORIENTED_EDGE('',*,*,#302,.T.);
#302 = EDGE_CURVE('',#295,#303,#305,.T.);
#303 = VERTEX_POINT('',#304);
#304 = CARTESIAN_POINT('',(-17.4,-13.,1.));
#305 = LINE('',#306,#307);
#306 = CARTESIAN_POINT('',(-20.80355339059,-9.596446609407,1.));
#307 = VECTOR('',#308,1.);
#308 = DIRECTION('',(0.707106781187,-0.707106781187,0.));
#309 = ORIENTED_EDGE('',*,*,#310,.T.);
#310 = EDGE_CURVE('',#303,#311,#313,.T.);
#311 = VERTEX_POINT('',#312);
#312 = CARTESIAN_POINT('',(11.050384638146,-13.,1.));
#313 = LINE('',#314,#315);
#314 = CARTESIAN_POINT('',(-21.,-13.,1.));
#315 = VECTOR('',#316,1.);
#316 = DIRECTION('',(1.,0.,0.));
#317 = ORIENTED_EDGE('',*,*,#318,.F.);
#318 = EDGE_CURVE('',#319,#311,#321,.T.);
#319 = VERTEX_POINT('',#320);
#320 = CARTESIAN_POINT('',(12.594127789077,-12.1,1.));
#321 = CIRCLE('',#322,5.);
#322 = AXIS2_PLACEMENT_3D('',#323,#324,#325);
#323 = CARTESIAN_POINT('',(14.3,-16.8,1.));
#324 = DIRECTION('',(0.,0.,1.));
#325 = DIRECTION('',(1.,0.,0.));
#326 = ORIENTED_EDGE('',*,*,#327,.F.);
#327 = EDGE_CURVE('',#328,#319,#330,.T.);
#328 = VERTEX_POINT('',#329);
#329 = CARTESIAN_POINT('',(11.78,-12.1,1.));
#330 = LINE('',#331,#332);
#331 = CARTESIAN_POINT('',(11.78,-12.1,1.));
#332 = VECTOR('',#333,1.);
#333 = DIRECTION('',(1.,0.,0.));
#334 = ORIENTED_EDGE('',*,*,#335,.T.);
#335 = EDGE_CURVE('',#328,#336,#338,.T.);
#336 = VERTEX_POINT('',#337);
#337 = CARTESIAN_POINT('',(11.78,-12.,1.));
#338 = LINE('',#339,#340);
#339 = CARTESIAN_POINT('',(11.78,-12.1,1.));
#340 = VECTOR('',#341,1.);
#341 = DIRECTION('',(0.,1.,0.));
#342 = ORIENTED_EDGE('',*,*,#343,.T.);
#343 = EDGE_CURVE('',#336,#344,#346,.T.);
#344 = VERTEX_POINT('',#345);
#345 = CARTESIAN_POINT('',(-17.,-12.,1.));
#346 = LINE('',#347,#348);
#347 = CARTESIAN_POINT('',(-20.5,-12.,1.));
#348 = VECTOR('',#349,1.);
#349 = DIRECTION('',(-1.,0.,0.));
#350 = ORIENTED_EDGE('',*,*,#351,.F.);
#351 = EDGE_CURVE('',#352,#344,#354,.T.);
#352 = VERTEX_POINT('',#353);
#353 = CARTESIAN_POINT('',(-20.,-9.,1.));
#354 = CIRCLE('',#355,3.);
#355 = AXIS2_PLACEMENT_3D('',#356,#357,#358);
#356 = CARTESIAN_POINT('',(-17.,-9.,1.));
#357 = DIRECTION('',(0.,0.,1.));
#358 = DIRECTION('',(-1.,0.,0.));
#359 = ORIENTED_EDGE('',*,*,#360,.T.);
#360 = EDGE_CURVE('',#352,#265,#361,.T.);
#361 = LINE('',#362,#363);
#362 = CARTESIAN_POINT('',(-20.,-12.5,1.));
#363 = VECTOR('',#364,1.);
#364 = DIRECTION('',(0.,1.,0.));
#365 = ORIENTED_EDGE('',*,*,#272,.T.);
#366 = PLANE('',#367);
#367 = AXIS2_PLACEMENT_3D('',#368,#369,#370);
#368 = CARTESIAN_POINT('',(-21.,-13.,1.));
#369 = DIRECTION('',(0.,0.,1.));
#370 = DIRECTION('',(1.,0.,0.));
#371 = ADVANCED_FACE('',(#372),#397,.F.);
#372 = FACE_BOUND('',#373,.F.);
#373 = EDGE_LOOP('',(#374,#382,#390,#396));
#374 = ORIENTED_EDGE('',*,*,#375,.T.);
#375 = EDGE_CURVE('',#295,#376,#378,.T.);
#376 = VERTEX_POINT('',#377);
#377 = CARTESIAN_POINT('',(-21.,-9.4,-1.5));
#378 = LINE('',#379,#380);
#379 = CARTESIAN_POINT('',(-21.,-9.4,-4.25));
#380 = VECTOR('',#381,1.);
#381 = DIRECTION('',(0.,-0.,-1.));
#382 = ORIENTED_EDGE('',*,*,#383,.F.);
#383 = EDGE_CURVE('',#384,#376,#386,.T.);
#384 = VERTEX_POINT('',#385);
#385 = CARTESIAN_POINT('',(-17.4,-13.,-1.5));
#386 = LINE('',#387,#388);
#387 = CARTESIAN_POINT('',(-22.40710678118,-7.992893218813,-1.5));
#388 = VECTOR('',#389,1.);
#389 = DIRECTION('',(-0.707106781187,0.707106781187,-2.22044604925E-16)
  );
#390 = ORIENTED_EDGE('',*,*,#391,.T.);
#391 = EDGE_CURVE('',#384,#303,#392,.T.);
#392 = LINE('',#393,#394);
#393 = CARTESIAN_POINT('',(-17.4,-13.,-4.25));
#394 = VECTOR('',#395,1.);
#395 = DIRECTION('',(0.,-0.,1.));
#396 = ORIENTED_EDGE('',*,*,#302,.F.);
#397 = PLANE('',#398);
#398 = AXIS2_PLACEMENT_3D('',#399,#400,#401);
#399 = CARTESIAN_POINT('',(-22.40710678118,-7.992893218813,-3.5));
#400 = DIRECTION('',(-0.707106781187,-0.707106781187,0.));
#401 = DIRECTION('',(0.,0.,1.));
#402 = ADVANCED_FACE('',(#403),#430,.T.);
#403 = FACE_BOUND('',#404,.F.);
#404 = EDGE_LOOP('',(#405,#414,#422,#429));
#405 = ORIENTED_EDGE('',*,*,#406,.F.);
#406 = EDGE_CURVE('',#407,#376,#409,.T.);
#407 = VERTEX_POINT('',#408);
#408 = CARTESIAN_POINT('',(-21.,-9.4,-3.5));
#409 = ELLIPSE('',#410,1.414213562373,1.);
#410 = AXIS2_PLACEMENT_3D('',#411,#412,#413);
#411 = CARTESIAN_POINT('',(-21.,-9.4,-2.5));
#412 = DIRECTION('',(1.,0.,0.));
#413 = DIRECTION('',(0.,1.,-3.140184917368E-16));
#414 = ORIENTED_EDGE('',*,*,#415,.T.);
#415 = EDGE_CURVE('',#407,#416,#418,.T.);
#416 = VERTEX_POINT('',#417);
#417 = CARTESIAN_POINT('',(-17.4,-13.,-3.5));
#418 = LINE('',#419,#420);
#419 = CARTESIAN_POINT('',(-22.40710678118,-7.992893218813,-3.5));
#420 = VECTOR('',#421,1.);
#421 = DIRECTION('',(0.707106781187,-0.707106781187,0.));
#422 = ORIENTED_EDGE('',*,*,#423,.F.);
#423 = EDGE_CURVE('',#384,#416,#424,.T.);
#424 = ELLIPSE('',#425,1.414213562373,1.);
#425 = AXIS2_PLACEMENT_3D('',#426,#427,#428);
#426 = CARTESIAN_POINT('',(-17.4,-13.,-2.5));
#427 = DIRECTION('',(0.,1.,0.));
#428 = DIRECTION('',(-1.,0.,-3.140184917368E-16));
#429 = ORIENTED_EDGE('',*,*,#383,.T.);
#430 = CYLINDRICAL_SURFACE('',#431,1.);
#431 = AXIS2_PLACEMENT_3D('',#432,#433,#434);
#432 = CARTESIAN_POINT('',(-22.40710678118,-7.992893218813,-2.5));
#433 = DIRECTION('',(-0.707106781187,0.707106781187,-2.22044604925E-16)
  );
#434 = DIRECTION('',(-0.707106781187,-0.707106781187,0.));
#435 = ADVANCED_FACE('',(#436),#462,.F.);
#436 = FACE_BOUND('',#437,.F.);
#437 = EDGE_LOOP('',(#438,#439,#447,#456));
#438 = ORIENTED_EDGE('',*,*,#415,.F.);
#439 = ORIENTED_EDGE('',*,*,#440,.T.);
#440 = EDGE_CURVE('',#407,#441,#443,.T.);
#441 = VERTEX_POINT('',#442);
#442 = CARTESIAN_POINT('',(-21.,-9.5,-3.5));
#443 = LINE('',#444,#445);
#444 = CARTESIAN_POINT('',(-21.,-10.4964466094,-3.5));
#445 = VECTOR('',#446,1.);
#446 = DIRECTION('',(0.,-1.,0.));
#447 = ORIENTED_EDGE('',*,*,#448,.T.);
#448 = EDGE_CURVE('',#441,#449,#451,.T.);
#449 = VERTEX_POINT('',#450);
#450 = CARTESIAN_POINT('',(-17.5,-13.,-3.5));
#451 = CIRCLE('',#452,3.5);
#452 = AXIS2_PLACEMENT_3D('',#453,#454,#455);
#453 = CARTESIAN_POINT('',(-17.5,-9.5,-3.5));
#454 = DIRECTION('',(0.,0.,1.));
#455 = DIRECTION('',(-1.,0.,0.));
#456 = ORIENTED_EDGE('',*,*,#457,.T.);
#457 = EDGE_CURVE('',#449,#416,#458,.T.);
#458 = LINE('',#459,#460);
#459 = CARTESIAN_POINT('',(-21.70355339059,-13.,-3.5));
#460 = VECTOR('',#461,1.);
#461 = DIRECTION('',(1.,0.,0.));
#462 = PLANE('',#463);
#463 = AXIS2_PLACEMENT_3D('',#464,#465,#466);
#464 = CARTESIAN_POINT('',(-22.40710678118,-7.992893218813,-3.5));
#465 = DIRECTION('',(0.,0.,1.));
#466 = DIRECTION('',(-0.707106781187,-0.707106781187,0.));
#467 = ADVANCED_FACE('',(#468),#494,.T.);
#468 = FACE_BOUND('',#469,.T.);
#469 = EDGE_LOOP('',(#470,#478,#479,#487));
#470 = ORIENTED_EDGE('',*,*,#471,.F.);
#471 = EDGE_CURVE('',#441,#472,#474,.T.);
#472 = VERTEX_POINT('',#473);
#473 = CARTESIAN_POINT('',(-21.,-9.5,6.));
#474 = LINE('',#475,#476);
#475 = CARTESIAN_POINT('',(-21.,-9.5,-5.));
#476 = VECTOR('',#477,1.);
#477 = DIRECTION('',(0.,0.,1.));
#478 = ORIENTED_EDGE('',*,*,#448,.T.);
#479 = ORIENTED_EDGE('',*,*,#480,.T.);
#480 = EDGE_CURVE('',#449,#481,#483,.T.);
#481 = VERTEX_POINT('',#482);
#482 = CARTESIAN_POINT('',(-17.5,-13.,6.));
#483 = LINE('',#484,#485);
#484 = CARTESIAN_POINT('',(-17.5,-13.,-5.));
#485 = VECTOR('',#486,1.);
#486 = DIRECTION('',(0.,0.,1.));
#487 = ORIENTED_EDGE('',*,*,#488,.F.);
#488 = EDGE_CURVE('',#472,#481,#489,.T.);
#489 = CIRCLE('',#490,3.5);
#490 = AXIS2_PLACEMENT_3D('',#491,#492,#493);
#491 = CARTESIAN_POINT('',(-17.5,-9.5,6.));
#492 = DIRECTION('',(-0.,0.,1.));
#493 = DIRECTION('',(0.,-1.,0.));
#494 = CYLINDRICAL_SURFACE('',#495,3.5);
#495 = AXIS2_PLACEMENT_3D('',#496,#497,#498);
#496 = CARTESIAN_POINT('',(-17.5,-9.5,-5.));
#497 = DIRECTION('',(0.,0.,1.));
#498 = DIRECTION('',(-1.,0.,0.));
#499 = ADVANCED_FACE('',(#500),#525,.F.);
#500 = FACE_BOUND('',#501,.F.);
#501 = EDGE_LOOP('',(#502,#510,#518,#524));
#502 = ORIENTED_EDGE('',*,*,#503,.F.);
#503 = EDGE_CURVE('',#504,#148,#506,.T.);
#504 = VERTEX_POINT('',#505);
#505 = CARTESIAN_POINT('',(-17.4,13.,-1.5));
#506 = LINE('',#507,#508);
#507 = CARTESIAN_POINT('',(-17.4,13.,-4.25));
#508 = VECTOR('',#509,1.);
#509 = DIRECTION('',(0.,-0.,1.));
#510 = ORIENTED_EDGE('',*,*,#511,.F.);
#511 = EDGE_CURVE('',#512,#504,#514,.T.);
#512 = VERTEX_POINT('',#513);
#513 = CARTESIAN_POINT('',(-21.,9.4,-1.5));
#514 = LINE('',#515,#516);
#515 = CARTESIAN_POINT('',(-15.99289321881,14.407106781187,-1.5));
#516 = VECTOR('',#517,1.);
#517 = DIRECTION('',(0.707106781187,0.707106781187,-2.22044604925E-16));
#518 = ORIENTED_EDGE('',*,*,#519,.T.);
#519 = EDGE_CURVE('',#512,#24,#520,.T.);
#520 = LINE('',#521,#522);
#521 = CARTESIAN_POINT('',(-21.,9.4,-4.25));
#522 = VECTOR('',#523,1.);
#523 = DIRECTION('',(0.,-0.,1.));
#524 = ORIENTED_EDGE('',*,*,#155,.F.);
#525 = PLANE('',#526);
#526 = AXIS2_PLACEMENT_3D('',#527,#528,#529);
#527 = CARTESIAN_POINT('',(-15.99289321881,14.407106781187,-3.5));
#528 = DIRECTION('',(-0.707106781187,0.707106781187,0.));
#529 = DIRECTION('',(0.,0.,1.));
#530 = ADVANCED_FACE('',(#531),#567,.T.);
#531 = FACE_BOUND('',#532,.F.);
#532 = EDGE_LOOP('',(#533,#543,#552,#560));
#533 = ORIENTED_EDGE('',*,*,#534,.F.);
#534 = EDGE_CURVE('',#535,#537,#539,.T.);
#535 = VERTEX_POINT('',#536);
#536 = CARTESIAN_POINT('',(-21.,9.5,-3.5));
#537 = VERTEX_POINT('',#538);
#538 = CARTESIAN_POINT('',(-21.,9.5,6.));
#539 = LINE('',#540,#541);
#540 = CARTESIAN_POINT('',(-21.,9.5,-5.));
#541 = VECTOR('',#542,1.);
#542 = DIRECTION('',(0.,0.,1.));
#543 = ORIENTED_EDGE('',*,*,#544,.F.);
#544 = EDGE_CURVE('',#545,#535,#547,.T.);
#545 = VERTEX_POINT('',#546);
#546 = CARTESIAN_POINT('',(-17.5,13.,-3.5));
#547 = CIRCLE('',#548,3.5);
#548 = AXIS2_PLACEMENT_3D('',#549,#550,#551);
#549 = CARTESIAN_POINT('',(-17.5,9.5,-3.5));
#550 = DIRECTION('',(0.,0.,1.));
#551 = DIRECTION('',(-1.,0.,0.));
#552 = ORIENTED_EDGE('',*,*,#553,.T.);
#553 = EDGE_CURVE('',#545,#554,#556,.T.);
#554 = VERTEX_POINT('',#555);
#555 = CARTESIAN_POINT('',(-17.5,13.,6.));
#556 = LINE('',#557,#558);
#557 = CARTESIAN_POINT('',(-17.5,13.,-5.));
#558 = VECTOR('',#559,1.);
#559 = DIRECTION('',(0.,0.,1.));
#560 = ORIENTED_EDGE('',*,*,#561,.F.);
#561 = EDGE_CURVE('',#537,#554,#562,.T.);
#562 = CIRCLE('',#563,3.5);
#563 = AXIS2_PLACEMENT_3D('',#564,#565,#566);
#564 = CARTESIAN_POINT('',(-17.5,9.5,6.));
#565 = DIRECTION('',(-0.,-0.,-1.));
#566 = DIRECTION('',(0.,-1.,0.));
#567 = CYLINDRICAL_SURFACE('',#568,3.5);
#568 = AXIS2_PLACEMENT_3D('',#569,#570,#571);
#569 = CARTESIAN_POINT('',(-17.5,9.5,-5.));
#570 = DIRECTION('',(0.,0.,1.));
#571 = DIRECTION('',(-1.,0.,0.));
#572 = ADVANCED_FACE('',(#573),#598,.F.);
#573 = FACE_BOUND('',#574,.F.);
#574 = EDGE_LOOP('',(#575,#585,#591,#592));
#575 = ORIENTED_EDGE('',*,*,#576,.F.);
#576 = EDGE_CURVE('',#577,#579,#581,.T.);
#577 = VERTEX_POINT('',#578);
#578 = CARTESIAN_POINT('',(-17.4,13.,-3.5));
#579 = VERTEX_POINT('',#580);
#580 = CARTESIAN_POINT('',(-21.,9.4,-3.5));
#581 = LINE('',#582,#583);
#582 = CARTESIAN_POINT('',(-15.99289321881,14.407106781187,-3.5));
#583 = VECTOR('',#584,1.);
#584 = DIRECTION('',(-0.707106781187,-0.707106781187,0.));
#585 = ORIENTED_EDGE('',*,*,#586,.F.);
#586 = EDGE_CURVE('',#545,#577,#587,.T.);
#587 = LINE('',#588,#589);
#588 = CARTESIAN_POINT('',(-18.4964466094,13.,-3.5));
#589 = VECTOR('',#590,1.);
#590 = DIRECTION('',(1.,0.,0.));
#591 = ORIENTED_EDGE('',*,*,#544,.T.);
#592 = ORIENTED_EDGE('',*,*,#593,.T.);
#593 = EDGE_CURVE('',#535,#579,#594,.T.);
#594 = LINE('',#595,#596);
#595 = CARTESIAN_POINT('',(-21.,0.703553390593,-3.5));
#596 = VECTOR('',#597,1.);
#597 = DIRECTION('',(0.,-1.,0.));
#598 = PLANE('',#599);
#599 = AXIS2_PLACEMENT_3D('',#600,#601,#602);
#600 = CARTESIAN_POINT('',(-15.99289321881,14.407106781187,-3.5));
#601 = DIRECTION('',(0.,0.,1.));
#602 = DIRECTION('',(-0.707106781187,0.707106781187,0.));
#603 = ADVANCED_FACE('',(#604),#622,.T.);
#604 = FACE_BOUND('',#605,.F.);
#605 = EDGE_LOOP('',(#606,#613,#614,#621));
#606 = ORIENTED_EDGE('',*,*,#607,.T.);
#607 = EDGE_CURVE('',#504,#577,#608,.T.);
#608 = ELLIPSE('',#609,1.414213562373,1.);
#609 = AXIS2_PLACEMENT_3D('',#610,#611,#612);
#610 = CARTESIAN_POINT('',(-17.4,13.,-2.5));
#611 = DIRECTION('',(0.,1.,0.));
#612 = DIRECTION('',(1.,0.,-3.140184917368E-16));
#613 = ORIENTED_EDGE('',*,*,#576,.T.);
#614 = ORIENTED_EDGE('',*,*,#615,.F.);
#615 = EDGE_CURVE('',#512,#579,#616,.T.);
#616 = ELLIPSE('',#617,1.414213562373,1.);
#617 = AXIS2_PLACEMENT_3D('',#618,#619,#620);
#618 = CARTESIAN_POINT('',(-21.,9.4,-2.5));
#619 = DIRECTION('',(1.,0.,0.));
#620 = DIRECTION('',(0.,1.,-3.140184917368E-16));
#621 = ORIENTED_EDGE('',*,*,#511,.T.);
#622 = CYLINDRICAL_SURFACE('',#623,1.);
#623 = AXIS2_PLACEMENT_3D('',#624,#625,#626);
#624 = CARTESIAN_POINT('',(-15.99289321881,14.407106781187,-2.5));
#625 = DIRECTION('',(0.707106781187,0.707106781187,-2.22044604925E-16));
#626 = DIRECTION('',(-0.707106781187,0.707106781187,0.));
#627 = ADVANCED_FACE('',(#628),#653,.F.);
#628 = FACE_BOUND('',#629,.F.);
#629 = EDGE_LOOP('',(#630,#638,#646,#652));
#630 = ORIENTED_EDGE('',*,*,#631,.F.);
#631 = EDGE_CURVE('',#632,#132,#634,.T.);
#632 = VERTEX_POINT('',#633);
#633 = CARTESIAN_POINT('',(21.,9.4,-1.5));
#634 = LINE('',#635,#636);
#635 = CARTESIAN_POINT('',(21.,9.4,-4.25));
#636 = VECTOR('',#637,1.);
#637 = DIRECTION('',(0.,0.,1.));
#638 = ORIENTED_EDGE('',*,*,#639,.F.);
#639 = EDGE_CURVE('',#640,#632,#642,.T.);
#640 = VERTEX_POINT('',#641);
#641 = CARTESIAN_POINT('',(17.4,13.,-1.5));
#642 = LINE('',#643,#644);
#643 = CARTESIAN_POINT('',(22.407106781187,7.992893218813,-1.5));
#644 = VECTOR('',#645,1.);
#645 = DIRECTION('',(0.707106781187,-0.707106781187,-2.22044604925E-16)
  );
#646 = ORIENTED_EDGE('',*,*,#647,.F.);
#647 = EDGE_CURVE('',#140,#640,#648,.T.);
#648 = LINE('',#649,#650);
#649 = CARTESIAN_POINT('',(17.4,13.,-4.25));
#650 = VECTOR('',#651,1.);
#651 = DIRECTION('',(0.,0.,-1.));
#652 = ORIENTED_EDGE('',*,*,#139,.F.);
#653 = PLANE('',#654);
#654 = AXIS2_PLACEMENT_3D('',#655,#656,#657);
#655 = CARTESIAN_POINT('',(22.407106781187,7.992893218813,-3.5));
#656 = DIRECTION('',(0.707106781187,0.707106781187,0.));
#657 = DIRECTION('',(0.,0.,1.));
#658 = ADVANCED_FACE('',(#659),#693,.F.);
#659 = FACE_BOUND('',#660,.F.);
#660 = EDGE_LOOP('',(#661,#671,#677,#678,#687));
#661 = ORIENTED_EDGE('',*,*,#662,.F.);
#662 = EDGE_CURVE('',#663,#665,#667,.T.);
#663 = VERTEX_POINT('',#664);
#664 = CARTESIAN_POINT('',(21.,-9.4,-1.5));
#665 = VERTEX_POINT('',#666);
#666 = CARTESIAN_POINT('',(17.4,-13.,-1.5));
#667 = LINE('',#668,#669);
#668 = CARTESIAN_POINT('',(15.992893218813,-14.40710678118,-1.5));
#669 = VECTOR('',#670,1.);
#670 = DIRECTION('',(-0.707106781187,-0.707106781187,-2.22044604925E-16)
  );
#671 = ORIENTED_EDGE('',*,*,#672,.F.);
#672 = EDGE_CURVE('',#124,#663,#673,.T.);
#673 = LINE('',#674,#675);
#674 = CARTESIAN_POINT('',(21.,-9.4,-4.25));
#675 = VECTOR('',#676,1.);
#676 = DIRECTION('',(0.,0.,-1.));
#677 = ORIENTED_EDGE('',*,*,#123,.F.);
#678 = ORIENTED_EDGE('',*,*,#679,.F.);
#679 = EDGE_CURVE('',#680,#115,#682,.T.);
#680 = VERTEX_POINT('',#681);
#681 = CARTESIAN_POINT('',(17.4,-13.,2.53205655191E-02));
#682 = CIRCLE('',#683,4.975439679064);
#683 = AXIS2_PLACEMENT_3D('',#684,#685,#686);
#684 = CARTESIAN_POINT('',(13.95,-16.45,1.));
#685 = DIRECTION('',(0.707106781187,-0.707106781187,0.));
#686 = DIRECTION('',(0.707106781187,0.707106781187,0.));
#687 = ORIENTED_EDGE('',*,*,#688,.T.);
#688 = EDGE_CURVE('',#680,#665,#689,.T.);
#689 = LINE('',#690,#691);
#690 = CARTESIAN_POINT('',(17.4,-13.,-4.25));
#691 = VECTOR('',#692,1.);
#692 = DIRECTION('',(0.,0.,-1.));
#693 = PLANE('',#694);
#694 = AXIS2_PLACEMENT_3D('',#695,#696,#697);
#695 = CARTESIAN_POINT('',(15.992893218813,-14.40710678118,-3.5));
#696 = DIRECTION('',(0.707106781187,-0.707106781187,0.));
#697 = DIRECTION('',(0.,0.,1.));
#698 = ADVANCED_FACE('',(#699),#769,.F.);
#699 = FACE_BOUND('',#700,.F.);
#700 = EDGE_LOOP('',(#701,#710,#719,#734,#741,#742,#743,#752,#761,#768)
  );
#701 = ORIENTED_EDGE('',*,*,#702,.T.);
#702 = EDGE_CURVE('',#311,#703,#705,.T.);
#703 = VERTEX_POINT('',#704);
#704 = CARTESIAN_POINT('',(17.4,-13.,1.974679434481));
#705 = CIRCLE('',#706,3.249615361854);
#706 = AXIS2_PLACEMENT_3D('',#707,#708,#709);
#707 = CARTESIAN_POINT('',(14.3,-13.,1.));
#708 = DIRECTION('',(0.,1.,0.));
#709 = DIRECTION('',(0.,0.,1.));
#710 = ORIENTED_EDGE('',*,*,#711,.T.);
#711 = EDGE_CURVE('',#703,#712,#714,.T.);
#712 = VERTEX_POINT('',#713);
#713 = CARTESIAN_POINT('',(17.5,-13.,1.565685424949));
#714 = CIRCLE('',#715,3.249615361854);
#715 = AXIS2_PLACEMENT_3D('',#716,#717,#718);
#716 = CARTESIAN_POINT('',(14.3,-13.,1.));
#717 = DIRECTION('',(0.,1.,0.));
#718 = DIRECTION('',(0.,-0.,1.));
#719 = ORIENTED_EDGE('',*,*,#720,.T.);
#720 = EDGE_CURVE('',#712,#721,#723,.T.);
#721 = VERTEX_POINT('',#722);
#722 = CARTESIAN_POINT('',(17.5,-13.,0.434314575051));
#723 = B_SPLINE_CURVE_WITH_KNOTS('',5,(#724,#725,#726,#727,#728,#729,
    #730,#731,#732,#733),.UNSPECIFIED.,.F.,.F.,(6,4,6),(0.,
    0.446823417733,1.),.UNSPECIFIED.);
#724 = CARTESIAN_POINT('',(17.5,-13.,1.565685424949));
#725 = CARTESIAN_POINT('',(17.517766531512,-13.,1.465182745669));
#726 = CARTESIAN_POINT('',(17.53140118401,-12.99988736956,1.364280246114
    ));
#727 = CARTESIAN_POINT('',(17.541054954521,-12.99976632504,
    1.263113436684));
#728 = CARTESIAN_POINT('',(17.546801760476,-12.99968756312,
    1.161801298074));
#729 = CARTESIAN_POINT('',(17.550954866286,-12.99962982052,
    0.934970373347));
#730 = CARTESIAN_POINT('',(17.547290786018,-12.99967898139,0.80929484644
    ));
#731 = CARTESIAN_POINT('',(17.537660694646,-12.99982743795,
    0.683799250405));
#732 = CARTESIAN_POINT('',(17.521997689409,-13.,0.558752297862));
#733 = CARTESIAN_POINT('',(17.5,-13.,0.434314575051));
#734 = ORIENTED_EDGE('',*,*,#735,.T.);
#735 = EDGE_CURVE('',#721,#680,#736,.T.);
#736 = CIRCLE('',#737,3.249615361854);
#737 = AXIS2_PLACEMENT_3D('',#738,#739,#740);
#738 = CARTESIAN_POINT('',(14.3,-13.,1.));
#739 = DIRECTION('',(0.,1.,0.));
#740 = DIRECTION('',(0.,-0.,1.));
#741 = ORIENTED_EDGE('',*,*,#679,.T.);
#742 = ORIENTED_EDGE('',*,*,#114,.T.);
#743 = ORIENTED_EDGE('',*,*,#744,.F.);
#744 = EDGE_CURVE('',#745,#107,#747,.T.);
#745 = VERTEX_POINT('',#746);
#746 = CARTESIAN_POINT('',(15.112403840464,-12.1,2.5));
#747 = CIRCLE('',#748,1.705872210923);
#748 = AXIS2_PLACEMENT_3D('',#749,#750,#751);
#749 = CARTESIAN_POINT('',(14.3,-12.1,1.));
#750 = DIRECTION('',(0.,1.,0.));
#751 = DIRECTION('',(0.,0.,1.));
#752 = ORIENTED_EDGE('',*,*,#753,.T.);
#753 = EDGE_CURVE('',#745,#754,#756,.T.);
#754 = VERTEX_POINT('',#755);
#755 = CARTESIAN_POINT('',(13.487596159536,-12.1,2.5));
#756 = CIRCLE('',#757,4.769696007085);
#757 = AXIS2_PLACEMENT_3D('',#758,#759,#760);
#758 = CARTESIAN_POINT('',(14.3,-16.8,2.5));
#759 = DIRECTION('',(0.,0.,1.));
#760 = DIRECTION('',(1.,0.,0.));
#761 = ORIENTED_EDGE('',*,*,#762,.F.);
#762 = EDGE_CURVE('',#319,#754,#763,.T.);
#763 = CIRCLE('',#764,1.705872210923);
#764 = AXIS2_PLACEMENT_3D('',#765,#766,#767);
#765 = CARTESIAN_POINT('',(14.3,-12.1,1.));
#766 = DIRECTION('',(0.,1.,0.));
#767 = DIRECTION('',(0.,0.,1.));
#768 = ORIENTED_EDGE('',*,*,#318,.T.);
#769 = SPHERICAL_SURFACE('',#770,5.);
#770 = AXIS2_PLACEMENT_3D('',#771,#772,#773);
#771 = CARTESIAN_POINT('',(14.3,-16.8,1.));
#772 = DIRECTION('',(0.,0.,1.));
#773 = DIRECTION('',(1.,0.,0.));
#774 = ADVANCED_FACE('',(#775),#793,.F.);
#775 = FACE_BOUND('',#776,.F.);
#776 = EDGE_LOOP('',(#777,#778,#779,#787));
#777 = ORIENTED_EDGE('',*,*,#744,.T.);
#778 = ORIENTED_EDGE('',*,*,#106,.T.);
#779 = ORIENTED_EDGE('',*,*,#780,.T.);
#780 = EDGE_CURVE('',#99,#781,#783,.T.);
#781 = VERTEX_POINT('',#782);
#782 = CARTESIAN_POINT('',(16.78,-12.1,2.5));
#783 = LINE('',#784,#785);
#784 = CARTESIAN_POINT('',(16.78,-12.1,1.));
#785 = VECTOR('',#786,1.);
#786 = DIRECTION('',(0.,0.,1.));
#787 = ORIENTED_EDGE('',*,*,#788,.F.);
#788 = EDGE_CURVE('',#745,#781,#789,.T.);
#789 = LINE('',#790,#791);
#790 = CARTESIAN_POINT('',(11.78,-12.1,2.5));
#791 = VECTOR('',#792,1.);
#792 = DIRECTION('',(1.,0.,0.));
#793 = PLANE('',#794);
#794 = AXIS2_PLACEMENT_3D('',#795,#796,#797);
#795 = CARTESIAN_POINT('',(16.012823082622,-12.1,1.087163080312));
#796 = DIRECTION('',(-0.,-1.,-0.));
#797 = DIRECTION('',(0.,0.,-1.));
#798 = ADVANCED_FACE('',(#799),#833,.F.);
#799 = FACE_BOUND('',#800,.F.);
#800 = EDGE_LOOP('',(#801,#802,#803,#811,#819,#827));
#801 = ORIENTED_EDGE('',*,*,#780,.F.);
#802 = ORIENTED_EDGE('',*,*,#98,.T.);
#803 = ORIENTED_EDGE('',*,*,#804,.F.);
#804 = EDGE_CURVE('',#805,#91,#807,.T.);
#805 = VERTEX_POINT('',#806);
#806 = CARTESIAN_POINT('',(16.78,-12.,1.6));
#807 = LINE('',#808,#809);
#808 = CARTESIAN_POINT('',(16.78,-12.,0.5));
#809 = VECTOR('',#810,1.);
#810 = DIRECTION('',(0.,0.,-1.));
#811 = ORIENTED_EDGE('',*,*,#812,.T.);
#812 = EDGE_CURVE('',#805,#813,#815,.T.);
#813 = VERTEX_POINT('',#814);
#814 = CARTESIAN_POINT('',(16.78,-11.48690475241,1.6));
#815 = LINE('',#816,#817);
#816 = CARTESIAN_POINT('',(16.78,-12.05,1.6));
#817 = VECTOR('',#818,1.);
#818 = DIRECTION('',(0.,1.,0.));
#819 = ORIENTED_EDGE('',*,*,#820,.T.);
#820 = EDGE_CURVE('',#813,#821,#823,.T.);
#821 = VERTEX_POINT('',#822);
#822 = CARTESIAN_POINT('',(16.78,-11.48690475241,2.5));
#823 = LINE('',#824,#825);
#824 = CARTESIAN_POINT('',(16.78,-11.48690475241,1.));
#825 = VECTOR('',#826,1.);
#826 = DIRECTION('',(0.,0.,1.));
#827 = ORIENTED_EDGE('',*,*,#828,.F.);
#828 = EDGE_CURVE('',#781,#821,#829,.T.);
#829 = LINE('',#830,#831);
#830 = CARTESIAN_POINT('',(16.78,-12.1,2.5));
#831 = VECTOR('',#832,1.);
#832 = DIRECTION('',(0.,1.,0.));
#833 = PLANE('',#834);
#834 = AXIS2_PLACEMENT_3D('',#835,#836,#837);
#835 = CARTESIAN_POINT('',(16.78,-12.1,1.));
#836 = DIRECTION('',(1.,0.,0.));
#837 = DIRECTION('',(0.,0.,1.));
#838 = ADVANCED_FACE('',(#839),#857,.T.);
#839 = FACE_BOUND('',#840,.T.);
#840 = EDGE_LOOP('',(#841,#849,#850,#851));
#841 = ORIENTED_EDGE('',*,*,#842,.F.);
#842 = EDGE_CURVE('',#82,#843,#845,.T.);
#843 = VERTEX_POINT('',#844);
#844 = CARTESIAN_POINT('',(17.,-12.,1.6));
#845 = LINE('',#846,#847);
#846 = CARTESIAN_POINT('',(17.,-12.,0.));
#847 = VECTOR('',#848,1.);
#848 = DIRECTION('',(0.,0.,1.));
#849 = ORIENTED_EDGE('',*,*,#90,.T.);
#850 = ORIENTED_EDGE('',*,*,#804,.F.);
#851 = ORIENTED_EDGE('',*,*,#852,.T.);
#852 = EDGE_CURVE('',#805,#843,#853,.T.);
#853 = LINE('',#854,#855);
#854 = CARTESIAN_POINT('',(-20.,-12.,1.6));
#855 = VECTOR('',#856,1.);
#856 = DIRECTION('',(1.,0.,0.));
#857 = PLANE('',#858);
#858 = AXIS2_PLACEMENT_3D('',#859,#860,#861);
#859 = CARTESIAN_POINT('',(-20.,-12.,0.));
#860 = DIRECTION('',(0.,1.,0.));
#861 = DIRECTION('',(0.,0.,1.));
#862 = ADVANCED_FACE('',(#863),#882,.F.);
#863 = FACE_BOUND('',#864,.T.);
#864 = EDGE_LOOP('',(#865,#873,#874,#875));
#865 = ORIENTED_EDGE('',*,*,#866,.F.);
#866 = EDGE_CURVE('',#74,#867,#869,.T.);
#867 = VERTEX_POINT('',#868);
#868 = CARTESIAN_POINT('',(20.,-9.,1.6));
#869 = LINE('',#870,#871);
#870 = CARTESIAN_POINT('',(20.,-9.,0.));
#871 = VECTOR('',#872,1.);
#872 = DIRECTION('',(0.,0.,1.));
#873 = ORIENTED_EDGE('',*,*,#81,.F.);
#874 = ORIENTED_EDGE('',*,*,#842,.T.);
#875 = ORIENTED_EDGE('',*,*,#876,.F.);
#876 = EDGE_CURVE('',#867,#843,#877,.T.);
#877 = CIRCLE('',#878,3.);
#878 = AXIS2_PLACEMENT_3D('',#879,#880,#881);
#879 = CARTESIAN_POINT('',(17.,-9.,1.6));
#880 = DIRECTION('',(-0.,-0.,-1.));
#881 = DIRECTION('',(0.,-1.,0.));
#882 = CYLINDRICAL_SURFACE('',#883,3.);
#883 = AXIS2_PLACEMENT_3D('',#884,#885,#886);
#884 = CARTESIAN_POINT('',(17.,-9.,0.));
#885 = DIRECTION('',(0.,0.,1.));
#886 = DIRECTION('',(1.,0.,0.));
#887 = ADVANCED_FACE('',(#888),#990,.T.);
#888 = FACE_BOUND('',#889,.T.);
#889 = EDGE_LOOP('',(#890,#898,#906,#915,#924,#932,#940,#948,#957,#966,
    #974,#982,#988,#989));
#890 = ORIENTED_EDGE('',*,*,#891,.T.);
#891 = EDGE_CURVE('',#867,#892,#894,.T.);
#892 = VERTEX_POINT('',#893);
#893 = CARTESIAN_POINT('',(20.,-4.24,1.6));
#894 = LINE('',#895,#896);
#895 = CARTESIAN_POINT('',(20.,-12.,1.6));
#896 = VECTOR('',#897,1.);
#897 = DIRECTION('',(0.,1.,0.));
#898 = ORIENTED_EDGE('',*,*,#899,.T.);
#899 = EDGE_CURVE('',#892,#900,#902,.T.);
#900 = VERTEX_POINT('',#901);
#901 = CARTESIAN_POINT('',(20.,-4.24,2.692202661619));
#902 = LINE('',#903,#904);
#903 = CARTESIAN_POINT('',(20.,-4.24,1.6));
#904 = VECTOR('',#905,1.);
#905 = DIRECTION('',(0.,0.,1.));
#906 = ORIENTED_EDGE('',*,*,#907,.F.);
#907 = EDGE_CURVE('',#908,#900,#910,.T.);
#908 = VERTEX_POINT('',#909);
#909 = CARTESIAN_POINT('',(20.,-3.,1.6));
#910 = CIRCLE('',#911,1.25);
#911 = AXIS2_PLACEMENT_3D('',#912,#913,#914);
#912 = CARTESIAN_POINT('',(20.,-3.,2.85));
#913 = DIRECTION('',(-1.,-0.,-2.22044604925E-16));
#914 = DIRECTION('',(2.22044604925E-16,0.,-1.));
#915 = ORIENTED_EDGE('',*,*,#916,.F.);
#916 = EDGE_CURVE('',#917,#908,#919,.T.);
#917 = VERTEX_POINT('',#918);
#918 = CARTESIAN_POINT('',(20.,-2.9,1.604006420562));
#919 = CIRCLE('',#920,1.25);
#920 = AXIS2_PLACEMENT_3D('',#921,#922,#923);
#921 = CARTESIAN_POINT('',(20.,-3.,2.85));
#922 = DIRECTION('',(-1.,-0.,-2.22044604925E-16));
#923 = DIRECTION('',(2.22044604925E-16,0.,-1.));
#924 = ORIENTED_EDGE('',*,*,#925,.T.);
#925 = EDGE_CURVE('',#917,#926,#928,.T.);
#926 = VERTEX_POINT('',#927);
#927 = CARTESIAN_POINT('',(20.,-2.9,1.6));
#928 = LINE('',#929,#930);
#929 = CARTESIAN_POINT('',(20.,-2.9,1.6));
#930 = VECTOR('',#931,1.);
#931 = DIRECTION('',(0.,0.,-1.));
#932 = ORIENTED_EDGE('',*,*,#933,.T.);
#933 = EDGE_CURVE('',#926,#934,#936,.T.);
#934 = VERTEX_POINT('',#935);
#935 = CARTESIAN_POINT('',(20.,2.9,1.6));
#936 = LINE('',#937,#938);
#937 = CARTESIAN_POINT('',(20.,-12.,1.6));
#938 = VECTOR('',#939,1.);
#939 = DIRECTION('',(0.,1.,0.));
#940 = ORIENTED_EDGE('',*,*,#941,.F.);
#941 = EDGE_CURVE('',#942,#934,#944,.T.);
#942 = VERTEX_POINT('',#943);
#943 = CARTESIAN_POINT('',(20.,2.9,1.604006420562));
#944 = LINE('',#945,#946);
#945 = CARTESIAN_POINT('',(20.,2.9,1.6));
#946 = VECTOR('',#947,1.);
#947 = DIRECTION('',(0.,0.,-1.));
#948 = ORIENTED_EDGE('',*,*,#949,.F.);
#949 = EDGE_CURVE('',#950,#942,#952,.T.);
#950 = VERTEX_POINT('',#951);
#951 = CARTESIAN_POINT('',(20.,3.,1.6));
#952 = CIRCLE('',#953,1.25);
#953 = AXIS2_PLACEMENT_3D('',#954,#955,#956);
#954 = CARTESIAN_POINT('',(20.,3.,2.85));
#955 = DIRECTION('',(-1.,-0.,-2.22044604925E-16));
#956 = DIRECTION('',(2.22044604925E-16,0.,-1.));
#957 = ORIENTED_EDGE('',*,*,#958,.F.);
#958 = EDGE_CURVE('',#959,#950,#961,.T.);
#959 = VERTEX_POINT('',#960);
#960 = CARTESIAN_POINT('',(20.,4.24,2.692202661619));
#961 = CIRCLE('',#962,1.25);
#962 = AXIS2_PLACEMENT_3D('',#963,#964,#965);
#963 = CARTESIAN_POINT('',(20.,3.,2.85));
#964 = DIRECTION('',(-1.,-0.,-2.22044604925E-16));
#965 = DIRECTION('',(2.22044604925E-16,0.,-1.));
#966 = ORIENTED_EDGE('',*,*,#967,.F.);
#967 = EDGE_CURVE('',#968,#959,#970,.T.);
#968 = VERTEX_POINT('',#969);
#969 = CARTESIAN_POINT('',(20.,4.24,1.6));
#970 = LINE('',#971,#972);
#971 = CARTESIAN_POINT('',(20.,4.24,1.6));
#972 = VECTOR('',#973,1.);
#973 = DIRECTION('',(0.,0.,1.));
#974 = ORIENTED_EDGE('',*,*,#975,.T.);
#975 = EDGE_CURVE('',#968,#976,#978,.T.);
#976 = VERTEX_POINT('',#977);
#977 = CARTESIAN_POINT('',(20.,9.,1.6));
#978 = LINE('',#979,#980);
#979 = CARTESIAN_POINT('',(20.,-12.,1.6));
#980 = VECTOR('',#981,1.);
#981 = DIRECTION('',(0.,1.,0.));
#982 = ORIENTED_EDGE('',*,*,#983,.F.);
#983 = EDGE_CURVE('',#65,#976,#984,.T.);
#984 = LINE('',#985,#986);
#985 = CARTESIAN_POINT('',(20.,9.,0.));
#986 = VECTOR('',#987,1.);
#987 = DIRECTION('',(0.,0.,1.));
#988 = ORIENTED_EDGE('',*,*,#73,.F.);
#989 = ORIENTED_EDGE('',*,*,#866,.T.);
#990 = PLANE('',#991);
#991 = AXIS2_PLACEMENT_3D('',#992,#993,#994);
#992 = CARTESIAN_POINT('',(20.,-5.703517765991E-16,1.389873500522));
#993 = DIRECTION('',(-1.,-0.,-0.));
#994 = DIRECTION('',(0.,0.,-1.));
#995 = ADVANCED_FACE('',(#996),#1015,.F.);
#996 = FACE_BOUND('',#997,.F.);
#997 = EDGE_LOOP('',(#998,#999,#1000,#1008));
#998 = ORIENTED_EDGE('',*,*,#983,.F.);
#999 = ORIENTED_EDGE('',*,*,#64,.T.);
#1000 = ORIENTED_EDGE('',*,*,#1001,.T.);
#1001 = EDGE_CURVE('',#57,#1002,#1004,.T.);
#1002 = VERTEX_POINT('',#1003);
#1003 = CARTESIAN_POINT('',(17.,12.,1.6));
#1004 = LINE('',#1005,#1006);
#1005 = CARTESIAN_POINT('',(17.,12.,0.));
#1006 = VECTOR('',#1007,1.);
#1007 = DIRECTION('',(0.,0.,1.));
#1008 = ORIENTED_EDGE('',*,*,#1009,.F.);
#1009 = EDGE_CURVE('',#976,#1002,#1010,.T.);
#1010 = CIRCLE('',#1011,3.);
#1011 = AXIS2_PLACEMENT_3D('',#1012,#1013,#1014);
#1012 = CARTESIAN_POINT('',(17.,9.,1.6));
#1013 = DIRECTION('',(-0.,0.,1.));
#1014 = DIRECTION('',(0.,-1.,0.));
#1015 = CYLINDRICAL_SURFACE('',#1016,3.);
#1016 = AXIS2_PLACEMENT_3D('',#1017,#1018,#1019);
#1017 = CARTESIAN_POINT('',(17.,9.,0.));
#1018 = DIRECTION('',(0.,0.,1.));
#1019 = DIRECTION('',(1.,0.,0.));
#1020 = ADVANCED_FACE('',(#1021),#1039,.F.);
#1021 = FACE_BOUND('',#1022,.F.);
#1022 = EDGE_LOOP('',(#1023,#1024,#1032,#1038));
#1023 = ORIENTED_EDGE('',*,*,#56,.T.);
#1024 = ORIENTED_EDGE('',*,*,#1025,.T.);
#1025 = EDGE_CURVE('',#48,#1026,#1028,.T.);
#1026 = VERTEX_POINT('',#1027);
#1027 = CARTESIAN_POINT('',(-17.,12.,1.6));
#1028 = LINE('',#1029,#1030);
#1029 = CARTESIAN_POINT('',(-17.,12.,0.));
#1030 = VECTOR('',#1031,1.);
#1031 = DIRECTION('',(0.,0.,1.));
#1032 = ORIENTED_EDGE('',*,*,#1033,.T.);
#1033 = EDGE_CURVE('',#1026,#1002,#1034,.T.);
#1034 = LINE('',#1035,#1036);
#1035 = CARTESIAN_POINT('',(-20.,12.,1.6));
#1036 = VECTOR('',#1037,1.);
#1037 = DIRECTION('',(1.,0.,0.));
#1038 = ORIENTED_EDGE('',*,*,#1001,.F.);
#1039 = PLANE('',#1040);
#1040 = AXIS2_PLACEMENT_3D('',#1041,#1042,#1043);
#1041 = CARTESIAN_POINT('',(-20.,12.,0.));
#1042 = DIRECTION('',(0.,1.,0.));
#1043 = DIRECTION('',(0.,0.,1.));
#1044 = ADVANCED_FACE('',(#1045),#1064,.F.);
#1045 = FACE_BOUND('',#1046,.T.);
#1046 = EDGE_LOOP('',(#1047,#1055,#1056,#1057));
#1047 = ORIENTED_EDGE('',*,*,#1048,.F.);
#1048 = EDGE_CURVE('',#40,#1049,#1051,.T.);
#1049 = VERTEX_POINT('',#1050);
#1050 = CARTESIAN_POINT('',(-20.,9.,1.6));
#1051 = LINE('',#1052,#1053);
#1052 = CARTESIAN_POINT('',(-20.,9.,0.));
#1053 = VECTOR('',#1054,1.);
#1054 = DIRECTION('',(0.,0.,1.));
#1055 = ORIENTED_EDGE('',*,*,#47,.F.);
#1056 = ORIENTED_EDGE('',*,*,#1025,.T.);
#1057 = ORIENTED_EDGE('',*,*,#1058,.F.);
#1058 = EDGE_CURVE('',#1049,#1026,#1059,.T.);
#1059 = CIRCLE('',#1060,3.);
#1060 = AXIS2_PLACEMENT_3D('',#1061,#1062,#1063);
#1061 = CARTESIAN_POINT('',(-17.,9.,1.6));
#1062 = DIRECTION('',(-0.,-0.,-1.));
#1063 = DIRECTION('',(0.,-1.,0.));
#1064 = CYLINDRICAL_SURFACE('',#1065,3.);
#1065 = AXIS2_PLACEMENT_3D('',#1066,#1067,#1068);
#1066 = CARTESIAN_POINT('',(-17.,9.,0.));
#1067 = DIRECTION('',(0.,0.,1.));
#1068 = DIRECTION('',(-1.,0.,0.));
#1069 = ADVANCED_FACE('',(#1070),#1081,.T.);
#1070 = FACE_BOUND('',#1071,.T.);
#1071 = EDGE_LOOP('',(#1072,#1078,#1079,#1080));
#1072 = ORIENTED_EDGE('',*,*,#1073,.F.);
#1073 = EDGE_CURVE('',#188,#1049,#1074,.T.);
#1074 = LINE('',#1075,#1076);
#1075 = CARTESIAN_POINT('',(-20.,-12.,1.6));
#1076 = VECTOR('',#1077,1.);
#1077 = DIRECTION('',(0.,1.,0.));
#1078 = ORIENTED_EDGE('',*,*,#195,.F.);
#1079 = ORIENTED_EDGE('',*,*,#39,.T.);
#1080 = ORIENTED_EDGE('',*,*,#1048,.T.);
#1081 = PLANE('',#1082);
#1082 = AXIS2_PLACEMENT_3D('',#1083,#1084,#1085);
#1083 = CARTESIAN_POINT('',(-20.,-12.,0.));
#1084 = DIRECTION('',(1.,0.,0.));
#1085 = DIRECTION('',(0.,0.,1.));
#1086 = ADVANCED_FACE('',(#1087),#1143,.F.);
#1087 = FACE_BOUND('',#1088,.F.);
#1088 = EDGE_LOOP('',(#1089,#1090,#1091,#1099,#1108,#1116,#1125,#1133,
    #1139,#1140,#1141,#1142));
#1089 = ORIENTED_EDGE('',*,*,#1073,.F.);
#1090 = ORIENTED_EDGE('',*,*,#187,.F.);
#1091 = ORIENTED_EDGE('',*,*,#1092,.F.);
#1092 = EDGE_CURVE('',#1093,#180,#1095,.T.);
#1093 = VERTEX_POINT('',#1094);
#1094 = CARTESIAN_POINT('',(-19.5,8.5,1.6));
#1095 = LINE('',#1096,#1097);
#1096 = CARTESIAN_POINT('',(-19.5,-11.75,1.6));
#1097 = VECTOR('',#1098,1.);
#1098 = DIRECTION('',(0.,-1.,0.));
#1099 = ORIENTED_EDGE('',*,*,#1100,.F.);
#1100 = EDGE_CURVE('',#1101,#1093,#1103,.T.);
#1101 = VERTEX_POINT('',#1102);
#1102 = CARTESIAN_POINT('',(-16.5,11.5,1.6));
#1103 = CIRCLE('',#1104,3.);
#1104 = AXIS2_PLACEMENT_3D('',#1105,#1106,#1107);
#1105 = CARTESIAN_POINT('',(-16.5,8.5,1.6));
#1106 = DIRECTION('',(0.,0.,1.));
#1107 = DIRECTION('',(-1.,0.,0.));
#1108 = ORIENTED_EDGE('',*,*,#1109,.T.);
#1109 = EDGE_CURVE('',#1101,#1110,#1112,.T.);
#1110 = VERTEX_POINT('',#1111);
#1111 = CARTESIAN_POINT('',(16.5,11.5,1.6));
#1112 = LINE('',#1113,#1114);
#1113 = CARTESIAN_POINT('',(-19.75,11.5,1.6));
#1114 = VECTOR('',#1115,1.);
#1115 = DIRECTION('',(1.,0.,0.));
#1116 = ORIENTED_EDGE('',*,*,#1117,.F.);
#1117 = EDGE_CURVE('',#1118,#1110,#1120,.T.);
#1118 = VERTEX_POINT('',#1119);
#1119 = CARTESIAN_POINT('',(19.5,8.5,1.6));
#1120 = CIRCLE('',#1121,3.);
#1121 = AXIS2_PLACEMENT_3D('',#1122,#1123,#1124);
#1122 = CARTESIAN_POINT('',(16.5,8.5,1.6));
#1123 = DIRECTION('',(0.,0.,1.));
#1124 = DIRECTION('',(1.,0.,0.));
#1125 = ORIENTED_EDGE('',*,*,#1126,.T.);
#1126 = EDGE_CURVE('',#1118,#1127,#1129,.T.);
#1127 = VERTEX_POINT('',#1128);
#1128 = CARTESIAN_POINT('',(19.5,4.24,1.6));
#1129 = LINE('',#1130,#1131);
#1130 = CARTESIAN_POINT('',(19.5,-11.75,1.6));
#1131 = VECTOR('',#1132,1.);
#1132 = DIRECTION('',(0.,-1.,0.));
#1133 = ORIENTED_EDGE('',*,*,#1134,.T.);
#1134 = EDGE_CURVE('',#1127,#968,#1135,.T.);
#1135 = LINE('',#1136,#1137);
#1136 = CARTESIAN_POINT('',(19.,4.24,1.6));
#1137 = VECTOR('',#1138,1.);
#1138 = DIRECTION('',(1.,0.,0.));
#1139 = ORIENTED_EDGE('',*,*,#975,.T.);
#1140 = ORIENTED_EDGE('',*,*,#1009,.T.);
#1141 = ORIENTED_EDGE('',*,*,#1033,.F.);
#1142 = ORIENTED_EDGE('',*,*,#1058,.F.);
#1143 = PLANE('',#1144);
#1144 = AXIS2_PLACEMENT_3D('',#1145,#1146,#1147);
#1145 = CARTESIAN_POINT('',(-20.,-12.,1.6));
#1146 = DIRECTION('',(0.,0.,1.));
#1147 = DIRECTION('',(1.,0.,0.));
#1148 = ADVANCED_FACE('',(#1149),#1185,.T.);
#1149 = FACE_BOUND('',#1150,.T.);
#1150 = EDGE_LOOP('',(#1151,#1161,#1169,#1175,#1176,#1177,#1178,#1179));
#1151 = ORIENTED_EDGE('',*,*,#1152,.F.);
#1152 = EDGE_CURVE('',#1153,#1155,#1157,.T.);
#1153 = VERTEX_POINT('',#1154);
#1154 = CARTESIAN_POINT('',(-19.5,-8.5,5.));
#1155 = VERTEX_POINT('',#1156);
#1156 = CARTESIAN_POINT('',(-19.5,8.5,5.));
#1157 = LINE('',#1158,#1159);
#1158 = CARTESIAN_POINT('',(-19.5,-11.5,5.));
#1159 = VECTOR('',#1160,1.);
#1160 = DIRECTION('',(0.,1.,0.));
#1161 = ORIENTED_EDGE('',*,*,#1162,.F.);
#1162 = EDGE_CURVE('',#1163,#1153,#1165,.T.);
#1163 = VERTEX_POINT('',#1164);
#1164 = CARTESIAN_POINT('',(-19.5,-8.5,1.6));
#1165 = LINE('',#1166,#1167);
#1166 = CARTESIAN_POINT('',(-19.5,-8.5,1.));
#1167 = VECTOR('',#1168,1.);
#1168 = DIRECTION('',(0.,0.,1.));
#1169 = ORIENTED_EDGE('',*,*,#1170,.F.);
#1170 = EDGE_CURVE('',#249,#1163,#1171,.T.);
#1171 = LINE('',#1172,#1173);
#1172 = CARTESIAN_POINT('',(-19.5,-11.75,1.6));
#1173 = VECTOR('',#1174,1.);
#1174 = DIRECTION('',(0.,-1.,0.));
#1175 = ORIENTED_EDGE('',*,*,#248,.T.);
#1176 = ORIENTED_EDGE('',*,*,#226,.F.);
#1177 = ORIENTED_EDGE('',*,*,#179,.F.);
#1178 = ORIENTED_EDGE('',*,*,#1092,.F.);
#1179 = ORIENTED_EDGE('',*,*,#1180,.T.);
#1180 = EDGE_CURVE('',#1093,#1155,#1181,.T.);
#1181 = LINE('',#1182,#1183);
#1182 = CARTESIAN_POINT('',(-19.5,8.5,1.));
#1183 = VECTOR('',#1184,1.);
#1184 = DIRECTION('',(0.,0.,1.));
#1185 = PLANE('',#1186);
#1186 = AXIS2_PLACEMENT_3D('',#1187,#1188,#1189);
#1187 = CARTESIAN_POINT('',(-19.5,-11.5,1.));
#1188 = DIRECTION('',(1.,0.,0.));
#1189 = DIRECTION('',(0.,0.,1.));
#1190 = ADVANCED_FACE('',(#1191),#1209,.T.);
#1191 = FACE_BOUND('',#1192,.T.);
#1192 = EDGE_LOOP('',(#1193,#1201,#1207,#1208));
#1193 = ORIENTED_EDGE('',*,*,#1194,.F.);
#1194 = EDGE_CURVE('',#1195,#257,#1197,.T.);
#1195 = VERTEX_POINT('',#1196);
#1196 = CARTESIAN_POINT('',(-20.,-9.,1.6));
#1197 = LINE('',#1198,#1199);
#1198 = CARTESIAN_POINT('',(-20.,-12.,1.6));
#1199 = VECTOR('',#1200,1.);
#1200 = DIRECTION('',(0.,1.,0.));
#1201 = ORIENTED_EDGE('',*,*,#1202,.F.);
#1202 = EDGE_CURVE('',#352,#1195,#1203,.T.);
#1203 = LINE('',#1204,#1205);
#1204 = CARTESIAN_POINT('',(-20.,-9.,0.));
#1205 = VECTOR('',#1206,1.);
#1206 = DIRECTION('',(0.,0.,1.));
#1207 = ORIENTED_EDGE('',*,*,#360,.T.);
#1208 = ORIENTED_EDGE('',*,*,#264,.T.);
#1209 = PLANE('',#1210);
#1210 = AXIS2_PLACEMENT_3D('',#1211,#1212,#1213);
#1211 = CARTESIAN_POINT('',(-20.,-12.,0.));
#1212 = DIRECTION('',(1.,0.,0.));
#1213 = DIRECTION('',(0.,0.,1.));
#1214 = ADVANCED_FACE('',(#1215),#1260,.F.);
#1215 = FACE_BOUND('',#1216,.F.);
#1216 = EDGE_LOOP('',(#1217,#1218,#1227,#1235,#1243,#1251,#1258,#1259));
#1217 = ORIENTED_EDGE('',*,*,#1194,.F.);
#1218 = ORIENTED_EDGE('',*,*,#1219,.T.);
#1219 = EDGE_CURVE('',#1195,#1220,#1222,.T.);
#1220 = VERTEX_POINT('',#1221);
#1221 = CARTESIAN_POINT('',(-17.,-12.,1.6));
#1222 = CIRCLE('',#1223,3.);
#1223 = AXIS2_PLACEMENT_3D('',#1224,#1225,#1226);
#1224 = CARTESIAN_POINT('',(-17.,-9.,1.6));
#1225 = DIRECTION('',(-0.,0.,1.));
#1226 = DIRECTION('',(0.,-1.,0.));
#1227 = ORIENTED_EDGE('',*,*,#1228,.T.);
#1228 = EDGE_CURVE('',#1220,#1229,#1231,.T.);
#1229 = VERTEX_POINT('',#1230);
#1230 = CARTESIAN_POINT('',(11.78,-12.,1.6));
#1231 = LINE('',#1232,#1233);
#1232 = CARTESIAN_POINT('',(-20.,-12.,1.6));
#1233 = VECTOR('',#1234,1.);
#1234 = DIRECTION('',(1.,0.,0.));
#1235 = ORIENTED_EDGE('',*,*,#1236,.T.);
#1236 = EDGE_CURVE('',#1229,#1237,#1239,.T.);
#1237 = VERTEX_POINT('',#1238);
#1238 = CARTESIAN_POINT('',(11.78,-11.5,1.6));
#1239 = LINE('',#1240,#1241);
#1240 = CARTESIAN_POINT('',(11.78,-12.05,1.6));
#1241 = VECTOR('',#1242,1.);
#1242 = DIRECTION('',(0.,1.,0.));
#1243 = ORIENTED_EDGE('',*,*,#1244,.F.);
#1244 = EDGE_CURVE('',#1245,#1237,#1247,.T.);
#1245 = VERTEX_POINT('',#1246);
#1246 = CARTESIAN_POINT('',(-16.5,-11.5,1.6));
#1247 = LINE('',#1248,#1249);
#1248 = CARTESIAN_POINT('',(-19.75,-11.5,1.6));
#1249 = VECTOR('',#1250,1.);
#1250 = DIRECTION('',(1.,0.,0.));
#1251 = ORIENTED_EDGE('',*,*,#1252,.F.);
#1252 = EDGE_CURVE('',#1163,#1245,#1253,.T.);
#1253 = CIRCLE('',#1254,3.);
#1254 = AXIS2_PLACEMENT_3D('',#1255,#1256,#1257);
#1255 = CARTESIAN_POINT('',(-16.5,-8.5,1.6));
#1256 = DIRECTION('',(0.,0.,1.));
#1257 = DIRECTION('',(-1.,0.,0.));
#1258 = ORIENTED_EDGE('',*,*,#1170,.F.);
#1259 = ORIENTED_EDGE('',*,*,#256,.T.);
#1260 = PLANE('',#1261);
#1261 = AXIS2_PLACEMENT_3D('',#1262,#1263,#1264);
#1262 = CARTESIAN_POINT('',(-20.,-12.,1.6));
#1263 = DIRECTION('',(0.,0.,1.));
#1264 = DIRECTION('',(1.,0.,0.));
#1265 = ADVANCED_FACE('',(#1266),#1277,.F.);
#1266 = FACE_BOUND('',#1267,.F.);
#1267 = EDGE_LOOP('',(#1268,#1269,#1270,#1276));
#1268 = ORIENTED_EDGE('',*,*,#1202,.F.);
#1269 = ORIENTED_EDGE('',*,*,#351,.T.);
#1270 = ORIENTED_EDGE('',*,*,#1271,.T.);
#1271 = EDGE_CURVE('',#344,#1220,#1272,.T.);
#1272 = LINE('',#1273,#1274);
#1273 = CARTESIAN_POINT('',(-17.,-12.,0.));
#1274 = VECTOR('',#1275,1.);
#1275 = DIRECTION('',(0.,0.,1.));
#1276 = ORIENTED_EDGE('',*,*,#1219,.F.);
#1277 = CYLINDRICAL_SURFACE('',#1278,3.);
#1278 = AXIS2_PLACEMENT_3D('',#1279,#1280,#1281);
#1279 = CARTESIAN_POINT('',(-17.,-9.,0.));
#1280 = DIRECTION('',(0.,0.,1.));
#1281 = DIRECTION('',(-1.,0.,0.));
#1282 = ADVANCED_FACE('',(#1283),#1294,.T.);
#1283 = FACE_BOUND('',#1284,.T.);
#1284 = EDGE_LOOP('',(#1285,#1286,#1292,#1293));
#1285 = ORIENTED_EDGE('',*,*,#1228,.T.);
#1286 = ORIENTED_EDGE('',*,*,#1287,.T.);
#1287 = EDGE_CURVE('',#1229,#336,#1288,.T.);
#1288 = LINE('',#1289,#1290);
#1289 = CARTESIAN_POINT('',(11.78,-12.,0.5));
#1290 = VECTOR('',#1291,1.);
#1291 = DIRECTION('',(0.,0.,-1.));
#1292 = ORIENTED_EDGE('',*,*,#343,.T.);
#1293 = ORIENTED_EDGE('',*,*,#1271,.T.);
#1294 = PLANE('',#1295);
#1295 = AXIS2_PLACEMENT_3D('',#1296,#1297,#1298);
#1296 = CARTESIAN_POINT('',(-20.,-12.,0.));
#1297 = DIRECTION('',(0.,1.,0.));
#1298 = DIRECTION('',(0.,0.,1.));
#1299 = ADVANCED_FACE('',(#1300),#1327,.T.);
#1300 = FACE_BOUND('',#1301,.T.);
#1301 = EDGE_LOOP('',(#1302,#1310,#1311,#1312,#1313,#1321));
#1302 = ORIENTED_EDGE('',*,*,#1303,.F.);
#1303 = EDGE_CURVE('',#328,#1304,#1306,.T.);
#1304 = VERTEX_POINT('',#1305);
#1305 = CARTESIAN_POINT('',(11.78,-12.1,2.5));
#1306 = LINE('',#1307,#1308);
#1307 = CARTESIAN_POINT('',(11.78,-12.1,1.));
#1308 = VECTOR('',#1309,1.);
#1309 = DIRECTION('',(0.,0.,1.));
#1310 = ORIENTED_EDGE('',*,*,#335,.T.);
#1311 = ORIENTED_EDGE('',*,*,#1287,.F.);
#1312 = ORIENTED_EDGE('',*,*,#1236,.T.);
#1313 = ORIENTED_EDGE('',*,*,#1314,.F.);
#1314 = EDGE_CURVE('',#1315,#1237,#1317,.T.);
#1315 = VERTEX_POINT('',#1316);
#1316 = CARTESIAN_POINT('',(11.78,-11.5,2.5));
#1317 = LINE('',#1318,#1319);
#1318 = CARTESIAN_POINT('',(11.78,-11.5,1.));
#1319 = VECTOR('',#1320,1.);
#1320 = DIRECTION('',(0.,0.,-1.));
#1321 = ORIENTED_EDGE('',*,*,#1322,.F.);
#1322 = EDGE_CURVE('',#1304,#1315,#1323,.T.);
#1323 = LINE('',#1324,#1325);
#1324 = CARTESIAN_POINT('',(11.78,-12.1,2.5));
#1325 = VECTOR('',#1326,1.);
#1326 = DIRECTION('',(0.,1.,0.));
#1327 = PLANE('',#1328);
#1328 = AXIS2_PLACEMENT_3D('',#1329,#1330,#1331);
#1329 = CARTESIAN_POINT('',(11.78,-12.1,1.));
#1330 = DIRECTION('',(1.,0.,0.));
#1331 = DIRECTION('',(0.,0.,1.));
#1332 = ADVANCED_FACE('',(#1333),#1344,.F.);
#1333 = FACE_BOUND('',#1334,.F.);
#1334 = EDGE_LOOP('',(#1335,#1336,#1337,#1343));
#1335 = ORIENTED_EDGE('',*,*,#327,.T.);
#1336 = ORIENTED_EDGE('',*,*,#762,.T.);
#1337 = ORIENTED_EDGE('',*,*,#1338,.F.);
#1338 = EDGE_CURVE('',#1304,#754,#1339,.T.);
#1339 = LINE('',#1340,#1341);
#1340 = CARTESIAN_POINT('',(11.78,-12.1,2.5));
#1341 = VECTOR('',#1342,1.);
#1342 = DIRECTION('',(1.,0.,0.));
#1343 = ORIENTED_EDGE('',*,*,#1303,.F.);
#1344 = PLANE('',#1345);
#1345 = AXIS2_PLACEMENT_3D('',#1346,#1347,#1348);
#1346 = CARTESIAN_POINT('',(12.574954414016,-12.1,1.092433473321));
#1347 = DIRECTION('',(-0.,-1.,-0.));
#1348 = DIRECTION('',(0.,0.,-1.));
#1349 = ADVANCED_FACE('',(#1350),#1375,.T.);
#1350 = FACE_BOUND('',#1351,.T.);
#1351 = EDGE_LOOP('',(#1352,#1360,#1361,#1369));
#1352 = ORIENTED_EDGE('',*,*,#1353,.F.);
#1353 = EDGE_CURVE('',#926,#1354,#1356,.T.);
#1354 = VERTEX_POINT('',#1355);
#1355 = CARTESIAN_POINT('',(21.,-2.9,1.6));
#1356 = LINE('',#1357,#1358);
#1357 = CARTESIAN_POINT('',(14.,-2.9,1.6));
#1358 = VECTOR('',#1359,1.);
#1359 = DIRECTION('',(1.,0.,0.));
#1360 = ORIENTED_EDGE('',*,*,#925,.F.);
#1361 = ORIENTED_EDGE('',*,*,#1362,.F.);
#1362 = EDGE_CURVE('',#1363,#917,#1365,.T.);
#1363 = VERTEX_POINT('',#1364);
#1364 = CARTESIAN_POINT('',(21.,-2.9,1.604006420562));
#1365 = LINE('',#1366,#1367);
#1366 = CARTESIAN_POINT('',(14.,-2.9,1.604006420562));
#1367 = VECTOR('',#1368,1.);
#1368 = DIRECTION('',(-1.,-0.,-2.22044604925E-16));
#1369 = ORIENTED_EDGE('',*,*,#1370,.F.);
#1370 = EDGE_CURVE('',#1354,#1363,#1371,.T.);
#1371 = LINE('',#1372,#1373);
#1372 = CARTESIAN_POINT('',(21.,-2.9,1.3));
#1373 = VECTOR('',#1374,1.);
#1374 = DIRECTION('',(0.,0.,1.));
#1375 = PLANE('',#1376);
#1376 = AXIS2_PLACEMENT_3D('',#1377,#1378,#1379);
#1377 = CARTESIAN_POINT('',(14.,-2.9,1.6));
#1378 = DIRECTION('',(0.,1.,0.));
#1379 = DIRECTION('',(0.,0.,1.));
#1380 = ADVANCED_FACE('',(#1381),#1399,.F.);
#1381 = FACE_BOUND('',#1382,.F.);
#1382 = EDGE_LOOP('',(#1383,#1384,#1392,#1398));
#1383 = ORIENTED_EDGE('',*,*,#933,.T.);
#1384 = ORIENTED_EDGE('',*,*,#1385,.T.);
#1385 = EDGE_CURVE('',#934,#1386,#1388,.T.);
#1386 = VERTEX_POINT('',#1387);
#1387 = CARTESIAN_POINT('',(21.,2.9,1.6));
#1388 = LINE('',#1389,#1390);
#1389 = CARTESIAN_POINT('',(14.,2.9,1.6));
#1390 = VECTOR('',#1391,1.);
#1391 = DIRECTION('',(1.,0.,0.));
#1392 = ORIENTED_EDGE('',*,*,#1393,.F.);
#1393 = EDGE_CURVE('',#1354,#1386,#1394,.T.);
#1394 = LINE('',#1395,#1396);
#1395 = CARTESIAN_POINT('',(21.,-6.5,1.6));
#1396 = VECTOR('',#1397,1.);
#1397 = DIRECTION('',(0.,1.,0.));
#1398 = ORIENTED_EDGE('',*,*,#1353,.F.);
#1399 = PLANE('',#1400);
#1400 = AXIS2_PLACEMENT_3D('',#1401,#1402,#1403);
#1401 = CARTESIAN_POINT('',(20.553016453382,-8.118632721208E-17,1.6));
#1402 = DIRECTION('',(-0.,-0.,-1.));
#1403 = DIRECTION('',(-1.,0.,0.));
#1404 = ADVANCED_FACE('',(#1405),#1423,.F.);
#1405 = FACE_BOUND('',#1406,.F.);
#1406 = EDGE_LOOP('',(#1407,#1408,#1409,#1417));
#1407 = ORIENTED_EDGE('',*,*,#1385,.F.);
#1408 = ORIENTED_EDGE('',*,*,#941,.F.);
#1409 = ORIENTED_EDGE('',*,*,#1410,.F.);
#1410 = EDGE_CURVE('',#1411,#942,#1413,.T.);
#1411 = VERTEX_POINT('',#1412);
#1412 = CARTESIAN_POINT('',(21.,2.9,1.604006420562));
#1413 = LINE('',#1414,#1415);
#1414 = CARTESIAN_POINT('',(14.,2.9,1.604006420562));
#1415 = VECTOR('',#1416,1.);
#1416 = DIRECTION('',(-1.,-0.,-2.22044604925E-16));
#1417 = ORIENTED_EDGE('',*,*,#1418,.F.);
#1418 = EDGE_CURVE('',#1386,#1411,#1419,.T.);
#1419 = LINE('',#1420,#1421);
#1420 = CARTESIAN_POINT('',(21.,2.9,1.3));
#1421 = VECTOR('',#1422,1.);
#1422 = DIRECTION('',(0.,0.,1.));
#1423 = PLANE('',#1424);
#1424 = AXIS2_PLACEMENT_3D('',#1425,#1426,#1427);
#1425 = CARTESIAN_POINT('',(14.,2.9,1.6));
#1426 = DIRECTION('',(0.,1.,0.));
#1427 = DIRECTION('',(0.,0.,1.));
#1428 = ADVANCED_FACE('',(#1429),#1466,.F.);
#1429 = FACE_BOUND('',#1430,.T.);
#1430 = EDGE_LOOP('',(#1431,#1442,#1448,#1449,#1450,#1451,#1460));
#1431 = ORIENTED_EDGE('',*,*,#1432,.T.);
#1432 = EDGE_CURVE('',#1433,#1435,#1437,.T.);
#1433 = VERTEX_POINT('',#1434);
#1434 = CARTESIAN_POINT('',(19.5,2.9,4.095993579438));
#1435 = VERTEX_POINT('',#1436);
#1436 = CARTESIAN_POINT('',(19.5,4.24,2.692202661619));
#1437 = CIRCLE('',#1438,1.25);
#1438 = AXIS2_PLACEMENT_3D('',#1439,#1440,#1441);
#1439 = CARTESIAN_POINT('',(19.5,3.,2.85));
#1440 = DIRECTION('',(-1.,-0.,-2.22044604925E-16));
#1441 = DIRECTION('',(2.22044604925E-16,0.,-1.));
#1442 = ORIENTED_EDGE('',*,*,#1443,.F.);
#1443 = EDGE_CURVE('',#959,#1435,#1444,.T.);
#1444 = LINE('',#1445,#1446);
#1445 = CARTESIAN_POINT('',(14.,4.24,2.692202661619));
#1446 = VECTOR('',#1447,1.);
#1447 = DIRECTION('',(-1.,-0.,-2.22044604925E-16));
#1448 = ORIENTED_EDGE('',*,*,#958,.T.);
#1449 = ORIENTED_EDGE('',*,*,#949,.T.);
#1450 = ORIENTED_EDGE('',*,*,#1410,.F.);
#1451 = ORIENTED_EDGE('',*,*,#1452,.F.);
#1452 = EDGE_CURVE('',#1453,#1411,#1455,.T.);
#1453 = VERTEX_POINT('',#1454);
#1454 = CARTESIAN_POINT('',(21.,2.9,4.095993579438));
#1455 = CIRCLE('',#1456,1.25);
#1456 = AXIS2_PLACEMENT_3D('',#1457,#1458,#1459);
#1457 = CARTESIAN_POINT('',(21.,3.,2.85));
#1458 = DIRECTION('',(-1.,-0.,-2.22044604925E-16));
#1459 = DIRECTION('',(2.22044604925E-16,0.,-1.));
#1460 = ORIENTED_EDGE('',*,*,#1461,.T.);
#1461 = EDGE_CURVE('',#1453,#1433,#1462,.T.);
#1462 = LINE('',#1463,#1464);
#1463 = CARTESIAN_POINT('',(14.,2.9,4.095993579438));
#1464 = VECTOR('',#1465,1.);
#1465 = DIRECTION('',(-1.,-0.,-2.22044604925E-16));
#1466 = CYLINDRICAL_SURFACE('',#1467,1.25);
#1467 = AXIS2_PLACEMENT_3D('',#1468,#1469,#1470);
#1468 = CARTESIAN_POINT('',(14.,3.,2.85));
#1469 = DIRECTION('',(-1.,-0.,-2.22044604925E-16));
#1470 = DIRECTION('',(2.22044604925E-16,0.,-1.));
#1471 = ADVANCED_FACE('',(#1472),#1497,.F.);
#1472 = FACE_BOUND('',#1473,.F.);
#1473 = EDGE_LOOP('',(#1474,#1482,#1483,#1491));
#1474 = ORIENTED_EDGE('',*,*,#1475,.F.);
#1475 = EDGE_CURVE('',#1453,#1476,#1478,.T.);
#1476 = VERTEX_POINT('',#1477);
#1477 = CARTESIAN_POINT('',(21.,2.9,4.1));
#1478 = LINE('',#1479,#1480);
#1479 = CARTESIAN_POINT('',(21.,2.9,1.3));
#1480 = VECTOR('',#1481,1.);
#1481 = DIRECTION('',(0.,0.,1.));
#1482 = ORIENTED_EDGE('',*,*,#1461,.T.);
#1483 = ORIENTED_EDGE('',*,*,#1484,.T.);
#1484 = EDGE_CURVE('',#1433,#1485,#1487,.T.);
#1485 = VERTEX_POINT('',#1486);
#1486 = CARTESIAN_POINT('',(19.5,2.9,4.1));
#1487 = LINE('',#1488,#1489);
#1488 = CARTESIAN_POINT('',(19.5,2.9,1.3));
#1489 = VECTOR('',#1490,1.);
#1490 = DIRECTION('',(0.,0.,1.));
#1491 = ORIENTED_EDGE('',*,*,#1492,.T.);
#1492 = EDGE_CURVE('',#1485,#1476,#1493,.T.);
#1493 = LINE('',#1494,#1495);
#1494 = CARTESIAN_POINT('',(14.,2.9,4.1));
#1495 = VECTOR('',#1496,1.);
#1496 = DIRECTION('',(1.,0.,0.));
#1497 = PLANE('',#1498);
#1498 = AXIS2_PLACEMENT_3D('',#1499,#1500,#1501);
#1499 = CARTESIAN_POINT('',(14.,2.9,1.6));
#1500 = DIRECTION('',(0.,1.,0.));
#1501 = DIRECTION('',(0.,0.,1.));
#1502 = ADVANCED_FACE('',(#1503),#1528,.F.);
#1503 = FACE_BOUND('',#1504,.F.);
#1504 = EDGE_LOOP('',(#1505,#1506,#1514,#1522));
#1505 = ORIENTED_EDGE('',*,*,#1492,.F.);
#1506 = ORIENTED_EDGE('',*,*,#1507,.T.);
#1507 = EDGE_CURVE('',#1485,#1508,#1510,.T.);
#1508 = VERTEX_POINT('',#1509);
#1509 = CARTESIAN_POINT('',(19.5,-2.9,4.1));
#1510 = LINE('',#1511,#1512);
#1511 = CARTESIAN_POINT('',(19.5,-7.2,4.1));
#1512 = VECTOR('',#1513,1.);
#1513 = DIRECTION('',(0.,-1.,0.));
#1514 = ORIENTED_EDGE('',*,*,#1515,.T.);
#1515 = EDGE_CURVE('',#1508,#1516,#1518,.T.);
#1516 = VERTEX_POINT('',#1517);
#1517 = CARTESIAN_POINT('',(21.,-2.9,4.1));
#1518 = LINE('',#1519,#1520);
#1519 = CARTESIAN_POINT('',(14.,-2.9,4.1));
#1520 = VECTOR('',#1521,1.);
#1521 = DIRECTION('',(1.,0.,0.));
#1522 = ORIENTED_EDGE('',*,*,#1523,.F.);
#1523 = EDGE_CURVE('',#1476,#1516,#1524,.T.);
#1524 = LINE('',#1525,#1526);
#1525 = CARTESIAN_POINT('',(21.,-7.95,4.1));
#1526 = VECTOR('',#1527,1.);
#1527 = DIRECTION('',(0.,-1.,0.));
#1528 = PLANE('',#1529);
#1529 = AXIS2_PLACEMENT_3D('',#1530,#1531,#1532);
#1530 = CARTESIAN_POINT('',(14.,-2.9,4.1));
#1531 = DIRECTION('',(0.,0.,1.));
#1532 = DIRECTION('',(1.,0.,0.));
#1533 = ADVANCED_FACE('',(#1534),#1559,.T.);
#1534 = FACE_BOUND('',#1535,.T.);
#1535 = EDGE_LOOP('',(#1536,#1544,#1552,#1558));
#1536 = ORIENTED_EDGE('',*,*,#1537,.F.);
#1537 = EDGE_CURVE('',#1538,#1516,#1540,.T.);
#1538 = VERTEX_POINT('',#1539);
#1539 = CARTESIAN_POINT('',(21.,-2.9,4.095993579438));
#1540 = LINE('',#1541,#1542);
#1541 = CARTESIAN_POINT('',(21.,-2.9,1.3));
#1542 = VECTOR('',#1543,1.);
#1543 = DIRECTION('',(0.,0.,1.));
#1544 = ORIENTED_EDGE('',*,*,#1545,.T.);
#1545 = EDGE_CURVE('',#1538,#1546,#1548,.T.);
#1546 = VERTEX_POINT('',#1547);
#1547 = CARTESIAN_POINT('',(19.5,-2.9,4.095993579438));
#1548 = LINE('',#1549,#1550);
#1549 = CARTESIAN_POINT('',(14.,-2.9,4.095993579438));
#1550 = VECTOR('',#1551,1.);
#1551 = DIRECTION('',(-1.,-0.,-2.22044604925E-16));
#1552 = ORIENTED_EDGE('',*,*,#1553,.T.);
#1553 = EDGE_CURVE('',#1546,#1508,#1554,.T.);
#1554 = LINE('',#1555,#1556);
#1555 = CARTESIAN_POINT('',(19.5,-2.9,1.3));
#1556 = VECTOR('',#1557,1.);
#1557 = DIRECTION('',(0.,0.,1.));
#1558 = ORIENTED_EDGE('',*,*,#1515,.T.);
#1559 = PLANE('',#1560);
#1560 = AXIS2_PLACEMENT_3D('',#1561,#1562,#1563);
#1561 = CARTESIAN_POINT('',(14.,-2.9,1.6));
#1562 = DIRECTION('',(0.,1.,0.));
#1563 = DIRECTION('',(0.,0.,1.));
#1564 = ADVANCED_FACE('',(#1565),#1593,.F.);
#1565 = FACE_BOUND('',#1566,.T.);
#1566 = EDGE_LOOP('',(#1567,#1574,#1575,#1576,#1577,#1585,#1592));
#1567 = ORIENTED_EDGE('',*,*,#1568,.F.);
#1568 = EDGE_CURVE('',#1363,#1538,#1569,.T.);
#1569 = CIRCLE('',#1570,1.25);
#1570 = AXIS2_PLACEMENT_3D('',#1571,#1572,#1573);
#1571 = CARTESIAN_POINT('',(21.,-3.,2.85));
#1572 = DIRECTION('',(-1.,-0.,-2.22044604925E-16));
#1573 = DIRECTION('',(2.22044604925E-16,0.,-1.));
#1574 = ORIENTED_EDGE('',*,*,#1362,.T.);
#1575 = ORIENTED_EDGE('',*,*,#916,.T.);
#1576 = ORIENTED_EDGE('',*,*,#907,.T.);
#1577 = ORIENTED_EDGE('',*,*,#1578,.T.);
#1578 = EDGE_CURVE('',#900,#1579,#1581,.T.);
#1579 = VERTEX_POINT('',#1580);
#1580 = CARTESIAN_POINT('',(19.5,-4.24,2.692202661619));
#1581 = LINE('',#1582,#1583);
#1582 = CARTESIAN_POINT('',(14.,-4.24,2.692202661619));
#1583 = VECTOR('',#1584,1.);
#1584 = DIRECTION('',(-1.,-0.,-2.22044604925E-16));
#1585 = ORIENTED_EDGE('',*,*,#1586,.T.);
#1586 = EDGE_CURVE('',#1579,#1546,#1587,.T.);
#1587 = CIRCLE('',#1588,1.25);
#1588 = AXIS2_PLACEMENT_3D('',#1589,#1590,#1591);
#1589 = CARTESIAN_POINT('',(19.5,-3.,2.85));
#1590 = DIRECTION('',(-1.,-0.,-2.22044604925E-16));
#1591 = DIRECTION('',(2.22044604925E-16,0.,-1.));
#1592 = ORIENTED_EDGE('',*,*,#1545,.F.);
#1593 = CYLINDRICAL_SURFACE('',#1594,1.25);
#1594 = AXIS2_PLACEMENT_3D('',#1595,#1596,#1597);
#1595 = CARTESIAN_POINT('',(14.,-3.,2.85));
#1596 = DIRECTION('',(-1.,-0.,-2.22044604925E-16));
#1597 = DIRECTION('',(2.22044604925E-16,0.,-1.));
#1598 = ADVANCED_FACE('',(#1599),#1642,.T.);
#1599 = FACE_BOUND('',#1600,.F.);
#1600 = EDGE_LOOP('',(#1601,#1611,#1620,#1626,#1627,#1635));
#1601 = ORIENTED_EDGE('',*,*,#1602,.F.);
#1602 = EDGE_CURVE('',#1603,#1605,#1607,.T.);
#1603 = VERTEX_POINT('',#1604);
#1604 = CARTESIAN_POINT('',(21.,-9.5,-3.5));
#1605 = VERTEX_POINT('',#1606);
#1606 = CARTESIAN_POINT('',(21.,-9.5,6.));
#1607 = LINE('',#1608,#1609);
#1608 = CARTESIAN_POINT('',(21.,-9.5,-5.));
#1609 = VECTOR('',#1610,1.);
#1610 = DIRECTION('',(0.,0.,1.));
#1611 = ORIENTED_EDGE('',*,*,#1612,.F.);
#1612 = EDGE_CURVE('',#1613,#1603,#1615,.T.);
#1613 = VERTEX_POINT('',#1614);
#1614 = CARTESIAN_POINT('',(17.5,-13.,-3.5));
#1615 = CIRCLE('',#1616,3.5);
#1616 = AXIS2_PLACEMENT_3D('',#1617,#1618,#1619);
#1617 = CARTESIAN_POINT('',(17.5,-9.5,-3.5));
#1618 = DIRECTION('',(0.,0.,1.));
#1619 = DIRECTION('',(1.,0.,-0.));
#1620 = ORIENTED_EDGE('',*,*,#1621,.T.);
#1621 = EDGE_CURVE('',#1613,#721,#1622,.T.);
#1622 = LINE('',#1623,#1624);
#1623 = CARTESIAN_POINT('',(17.5,-13.,-5.));
#1624 = VECTOR('',#1625,1.);
#1625 = DIRECTION('',(0.,0.,1.));
#1626 = ORIENTED_EDGE('',*,*,#720,.F.);
#1627 = ORIENTED_EDGE('',*,*,#1628,.T.);
#1628 = EDGE_CURVE('',#712,#1629,#1631,.T.);
#1629 = VERTEX_POINT('',#1630);
#1630 = CARTESIAN_POINT('',(17.5,-13.,6.));
#1631 = LINE('',#1632,#1633);
#1632 = CARTESIAN_POINT('',(17.5,-13.,-5.));
#1633 = VECTOR('',#1634,1.);
#1634 = DIRECTION('',(0.,0.,1.));
#1635 = ORIENTED_EDGE('',*,*,#1636,.F.);
#1636 = EDGE_CURVE('',#1605,#1629,#1637,.T.);
#1637 = CIRCLE('',#1638,3.5);
#1638 = AXIS2_PLACEMENT_3D('',#1639,#1640,#1641);
#1639 = CARTESIAN_POINT('',(17.5,-9.5,6.));
#1640 = DIRECTION('',(-0.,-0.,-1.));
#1641 = DIRECTION('',(0.,-1.,0.));
#1642 = CYLINDRICAL_SURFACE('',#1643,3.5);
#1643 = AXIS2_PLACEMENT_3D('',#1644,#1645,#1646);
#1644 = CARTESIAN_POINT('',(17.5,-9.5,-5.));
#1645 = DIRECTION('',(0.,0.,1.));
#1646 = DIRECTION('',(1.,0.,0.));
#1647 = ADVANCED_FACE('',(#1648,#1709),#1720,.F.);
#1648 = FACE_BOUND('',#1649,.F.);
#1649 = EDGE_LOOP('',(#1650,#1651,#1660,#1668,#1677,#1685,#1694,#1702));
#1650 = ORIENTED_EDGE('',*,*,#1152,.F.);
#1651 = ORIENTED_EDGE('',*,*,#1652,.T.);
#1652 = EDGE_CURVE('',#1153,#1653,#1655,.T.);
#1653 = VERTEX_POINT('',#1654);
#1654 = CARTESIAN_POINT('',(-16.5,-11.5,5.));
#1655 = CIRCLE('',#1656,3.);
#1656 = AXIS2_PLACEMENT_3D('',#1657,#1658,#1659);
#1657 = CARTESIAN_POINT('',(-16.5,-8.5,5.));
#1658 = DIRECTION('',(-0.,0.,1.));
#1659 = DIRECTION('',(0.,-1.,0.));
#1660 = ORIENTED_EDGE('',*,*,#1661,.T.);
#1661 = EDGE_CURVE('',#1653,#1662,#1664,.T.);
#1662 = VERTEX_POINT('',#1663);
#1663 = CARTESIAN_POINT('',(16.5,-11.5,5.));
#1664 = LINE('',#1665,#1666);
#1665 = CARTESIAN_POINT('',(-19.5,-11.5,5.));
#1666 = VECTOR('',#1667,1.);
#1667 = DIRECTION('',(1.,0.,0.));
#1668 = ORIENTED_EDGE('',*,*,#1669,.F.);
#1669 = EDGE_CURVE('',#1670,#1662,#1672,.T.);
#1670 = VERTEX_POINT('',#1671);
#1671 = CARTESIAN_POINT('',(19.5,-8.5,5.));
#1672 = CIRCLE('',#1673,3.);
#1673 = AXIS2_PLACEMENT_3D('',#1674,#1675,#1676);
#1674 = CARTESIAN_POINT('',(16.5,-8.5,5.));
#1675 = DIRECTION('',(-0.,-0.,-1.));
#1676 = DIRECTION('',(0.,-1.,0.));
#1677 = ORIENTED_EDGE('',*,*,#1678,.T.);
#1678 = EDGE_CURVE('',#1670,#1679,#1681,.T.);
#1679 = VERTEX_POINT('',#1680);
#1680 = CARTESIAN_POINT('',(19.5,8.5,5.));
#1681 = LINE('',#1682,#1683);
#1682 = CARTESIAN_POINT('',(19.5,-11.5,5.));
#1683 = VECTOR('',#1684,1.);
#1684 = DIRECTION('',(0.,1.,0.));
#1685 = ORIENTED_EDGE('',*,*,#1686,.T.);
#1686 = EDGE_CURVE('',#1679,#1687,#1689,.T.);
#1687 = VERTEX_POINT('',#1688);
#1688 = CARTESIAN_POINT('',(16.5,11.5,5.));
#1689 = CIRCLE('',#1690,3.);
#1690 = AXIS2_PLACEMENT_3D('',#1691,#1692,#1693);
#1691 = CARTESIAN_POINT('',(16.5,8.5,5.));
#1692 = DIRECTION('',(-0.,0.,1.));
#1693 = DIRECTION('',(0.,-1.,0.));
#1694 = ORIENTED_EDGE('',*,*,#1695,.F.);
#1695 = EDGE_CURVE('',#1696,#1687,#1698,.T.);
#1696 = VERTEX_POINT('',#1697);
#1697 = CARTESIAN_POINT('',(-16.5,11.5,5.));
#1698 = LINE('',#1699,#1700);
#1699 = CARTESIAN_POINT('',(-19.5,11.5,5.));
#1700 = VECTOR('',#1701,1.);
#1701 = DIRECTION('',(1.,0.,0.));
#1702 = ORIENTED_EDGE('',*,*,#1703,.F.);
#1703 = EDGE_CURVE('',#1155,#1696,#1704,.T.);
#1704 = CIRCLE('',#1705,3.);
#1705 = AXIS2_PLACEMENT_3D('',#1706,#1707,#1708);
#1706 = CARTESIAN_POINT('',(-16.5,8.5,5.));
#1707 = DIRECTION('',(-0.,-0.,-1.));
#1708 = DIRECTION('',(0.,-1.,0.));
#1709 = FACE_BOUND('',#1710,.F.);
#1710 = EDGE_LOOP('',(#1711));
#1711 = ORIENTED_EDGE('',*,*,#1712,.F.);
#1712 = EDGE_CURVE('',#1713,#1713,#1715,.T.);
#1713 = VERTEX_POINT('',#1714);
#1714 = CARTESIAN_POINT('',(18.107878402834,9.,5.));
#1715 = CIRCLE('',#1716,1.907878402834);
#1716 = AXIS2_PLACEMENT_3D('',#1717,#1718,#1719);
#1717 = CARTESIAN_POINT('',(16.2,9.,5.));
#1718 = DIRECTION('',(0.,0.,1.));
#1719 = DIRECTION('',(1.,0.,0.));
#1720 = PLANE('',#1721);
#1721 = AXIS2_PLACEMENT_3D('',#1722,#1723,#1724);
#1722 = CARTESIAN_POINT('',(-19.5,-11.5,5.));
#1723 = DIRECTION('',(0.,0.,1.));
#1724 = DIRECTION('',(1.,0.,0.));
#1725 = ADVANCED_FACE('',(#1726),#1746,.F.);
#1726 = FACE_BOUND('',#1727,.F.);
#1727 = EDGE_LOOP('',(#1728,#1737,#1738,#1739));
#1728 = ORIENTED_EDGE('',*,*,#1729,.F.);
#1729 = EDGE_CURVE('',#1713,#1730,#1732,.T.);
#1730 = VERTEX_POINT('',#1731);
#1731 = CARTESIAN_POINT('',(17.4,9.,6.));
#1732 = CIRCLE('',#1733,2.);
#1733 = AXIS2_PLACEMENT_3D('',#1734,#1735,#1736);
#1734 = CARTESIAN_POINT('',(16.2,9.,4.4));
#1735 = DIRECTION('',(-2.449293598295E-16,-1.,0.));
#1736 = DIRECTION('',(1.,-2.449293598295E-16,0.));
#1737 = ORIENTED_EDGE('',*,*,#1712,.T.);
#1738 = ORIENTED_EDGE('',*,*,#1729,.T.);
#1739 = ORIENTED_EDGE('',*,*,#1740,.F.);
#1740 = EDGE_CURVE('',#1730,#1730,#1741,.T.);
#1741 = CIRCLE('',#1742,1.2);
#1742 = AXIS2_PLACEMENT_3D('',#1743,#1744,#1745);
#1743 = CARTESIAN_POINT('',(16.2,9.,6.));
#1744 = DIRECTION('',(0.,0.,1.));
#1745 = DIRECTION('',(1.,0.,0.));
#1746 = SPHERICAL_SURFACE('',#1747,2.);
#1747 = AXIS2_PLACEMENT_3D('',#1748,#1749,#1750);
#1748 = CARTESIAN_POINT('',(16.2,9.,4.4));
#1749 = DIRECTION('',(0.,0.,1.));
#1750 = DIRECTION('',(1.,0.,0.));
#1751 = ADVANCED_FACE('',(#1752),#1779,.T.);
#1752 = FACE_BOUND('',#1753,.F.);
#1753 = EDGE_LOOP('',(#1754,#1763,#1771,#1778));
#1754 = ORIENTED_EDGE('',*,*,#1755,.T.);
#1755 = EDGE_CURVE('',#632,#1756,#1758,.T.);
#1756 = VERTEX_POINT('',#1757);
#1757 = CARTESIAN_POINT('',(21.,9.4,-3.5));
#1758 = ELLIPSE('',#1759,1.414213562373,1.);
#1759 = AXIS2_PLACEMENT_3D('',#1760,#1761,#1762);
#1760 = CARTESIAN_POINT('',(21.,9.4,-2.5));
#1761 = DIRECTION('',(1.,0.,0.));
#1762 = DIRECTION('',(0.,-1.,-3.140184917368E-16));
#1763 = ORIENTED_EDGE('',*,*,#1764,.T.);
#1764 = EDGE_CURVE('',#1756,#1765,#1767,.T.);
#1765 = VERTEX_POINT('',#1766);
#1766 = CARTESIAN_POINT('',(17.4,13.,-3.5));
#1767 = LINE('',#1768,#1769);
#1768 = CARTESIAN_POINT('',(22.407106781187,7.992893218813,-3.5));
#1769 = VECTOR('',#1770,1.);
#1770 = DIRECTION('',(-0.707106781187,0.707106781187,0.));
#1771 = ORIENTED_EDGE('',*,*,#1772,.T.);
#1772 = EDGE_CURVE('',#1765,#640,#1773,.T.);
#1773 = ELLIPSE('',#1774,1.414213562373,1.);
#1774 = AXIS2_PLACEMENT_3D('',#1775,#1776,#1777);
#1775 = CARTESIAN_POINT('',(17.4,13.,-2.5));
#1776 = DIRECTION('',(0.,1.,0.));
#1777 = DIRECTION('',(1.,0.,-3.140184917368E-16));
#1778 = ORIENTED_EDGE('',*,*,#639,.T.);
#1779 = CYLINDRICAL_SURFACE('',#1780,1.);
#1780 = AXIS2_PLACEMENT_3D('',#1781,#1782,#1783);
#1781 = CARTESIAN_POINT('',(22.407106781187,7.992893218813,-2.5));
#1782 = DIRECTION('',(0.707106781187,-0.707106781187,-2.22044604925E-16)
  );
#1783 = DIRECTION('',(0.707106781187,0.707106781187,0.));
#1784 = ADVANCED_FACE('',(#1785),#1812,.T.);
#1785 = FACE_BOUND('',#1786,.F.);
#1786 = EDGE_LOOP('',(#1787,#1796,#1804,#1811));
#1787 = ORIENTED_EDGE('',*,*,#1788,.F.);
#1788 = EDGE_CURVE('',#1789,#665,#1791,.T.);
#1789 = VERTEX_POINT('',#1790);
#1790 = CARTESIAN_POINT('',(17.4,-13.,-3.5));
#1791 = ELLIPSE('',#1792,1.414213562373,1.);
#1792 = AXIS2_PLACEMENT_3D('',#1793,#1794,#1795);
#1793 = CARTESIAN_POINT('',(17.4,-13.,-2.5));
#1794 = DIRECTION('',(0.,1.,0.));
#1795 = DIRECTION('',(-1.,0.,-3.140184917368E-16));
#1796 = ORIENTED_EDGE('',*,*,#1797,.T.);
#1797 = EDGE_CURVE('',#1789,#1798,#1800,.T.);
#1798 = VERTEX_POINT('',#1799);
#1799 = CARTESIAN_POINT('',(21.,-9.4,-3.5));
#1800 = LINE('',#1801,#1802);
#1801 = CARTESIAN_POINT('',(15.992893218813,-14.40710678118,-3.5));
#1802 = VECTOR('',#1803,1.);
#1803 = DIRECTION('',(0.707106781187,0.707106781187,0.));
#1804 = ORIENTED_EDGE('',*,*,#1805,.T.);
#1805 = EDGE_CURVE('',#1798,#663,#1806,.T.);
#1806 = ELLIPSE('',#1807,1.414213562373,1.);
#1807 = AXIS2_PLACEMENT_3D('',#1808,#1809,#1810);
#1808 = CARTESIAN_POINT('',(21.,-9.4,-2.5));
#1809 = DIRECTION('',(1.,0.,0.));
#1810 = DIRECTION('',(0.,-1.,-3.140184917368E-16));
#1811 = ORIENTED_EDGE('',*,*,#662,.T.);
#1812 = CYLINDRICAL_SURFACE('',#1813,1.);
#1813 = AXIS2_PLACEMENT_3D('',#1814,#1815,#1816);
#1814 = CARTESIAN_POINT('',(15.992893218813,-14.40710678118,-2.5));
#1815 = DIRECTION('',(-0.707106781187,-0.707106781187,-2.22044604925E-16
    ));
#1816 = DIRECTION('',(0.707106781187,-0.707106781187,0.));
#1817 = ADVANCED_FACE('',(#1818),#1830,.F.);
#1818 = FACE_BOUND('',#1819,.F.);
#1819 = EDGE_LOOP('',(#1820,#1821,#1827,#1828,#1829));
#1820 = ORIENTED_EDGE('',*,*,#1621,.F.);
#1821 = ORIENTED_EDGE('',*,*,#1822,.F.);
#1822 = EDGE_CURVE('',#1789,#1613,#1823,.T.);
#1823 = LINE('',#1824,#1825);
#1824 = CARTESIAN_POINT('',(-2.503553390593,-13.,-3.5));
#1825 = VECTOR('',#1826,1.);
#1826 = DIRECTION('',(1.,0.,0.));
#1827 = ORIENTED_EDGE('',*,*,#1788,.T.);
#1828 = ORIENTED_EDGE('',*,*,#688,.F.);
#1829 = ORIENTED_EDGE('',*,*,#735,.F.);
#1830 = PLANE('',#1831);
#1831 = AXIS2_PLACEMENT_3D('',#1832,#1833,#1834);
#1832 = CARTESIAN_POINT('',(-21.,-13.,-5.));
#1833 = DIRECTION('',(0.,1.,0.));
#1834 = DIRECTION('',(0.,0.,1.));
#1835 = ADVANCED_FACE('',(#1836),#1858,.F.);
#1836 = FACE_BOUND('',#1837,.F.);
#1837 = EDGE_LOOP('',(#1838,#1839,#1848,#1854,#1855,#1856,#1857));
#1838 = ORIENTED_EDGE('',*,*,#828,.T.);
#1839 = ORIENTED_EDGE('',*,*,#1840,.F.);
#1840 = EDGE_CURVE('',#1841,#821,#1843,.T.);
#1841 = VERTEX_POINT('',#1842);
#1842 = CARTESIAN_POINT('',(16.5,-11.5,2.5));
#1843 = CIRCLE('',#1844,3.);
#1844 = AXIS2_PLACEMENT_3D('',#1845,#1846,#1847);
#1845 = CARTESIAN_POINT('',(16.5,-8.5,2.5));
#1846 = DIRECTION('',(0.,0.,1.));
#1847 = DIRECTION('',(1.,0.,0.));
#1848 = ORIENTED_EDGE('',*,*,#1849,.F.);
#1849 = EDGE_CURVE('',#1315,#1841,#1850,.T.);
#1850 = LINE('',#1851,#1852);
#1851 = CARTESIAN_POINT('',(-3.86,-11.5,2.5));
#1852 = VECTOR('',#1853,1.);
#1853 = DIRECTION('',(1.,0.,0.));
#1854 = ORIENTED_EDGE('',*,*,#1322,.F.);
#1855 = ORIENTED_EDGE('',*,*,#1338,.T.);
#1856 = ORIENTED_EDGE('',*,*,#753,.F.);
#1857 = ORIENTED_EDGE('',*,*,#788,.T.);
#1858 = PLANE('',#1859);
#1859 = AXIS2_PLACEMENT_3D('',#1860,#1861,#1862);
#1860 = CARTESIAN_POINT('',(11.78,-12.1,2.5));
#1861 = DIRECTION('',(0.,0.,1.));
#1862 = DIRECTION('',(1.,0.,0.));
#1863 = ADVANCED_FACE('',(#1864),#1890,.F.);
#1864 = FACE_BOUND('',#1865,.T.);
#1865 = EDGE_LOOP('',(#1866,#1874,#1881,#1882,#1883,#1889));
#1866 = ORIENTED_EDGE('',*,*,#1867,.F.);
#1867 = EDGE_CURVE('',#1868,#1670,#1870,.T.);
#1868 = VERTEX_POINT('',#1869);
#1869 = CARTESIAN_POINT('',(19.5,-8.5,1.6));
#1870 = LINE('',#1871,#1872);
#1871 = CARTESIAN_POINT('',(19.5,-8.5,1.));
#1872 = VECTOR('',#1873,1.);
#1873 = DIRECTION('',(0.,0.,1.));
#1874 = ORIENTED_EDGE('',*,*,#1875,.F.);
#1875 = EDGE_CURVE('',#813,#1868,#1876,.T.);
#1876 = CIRCLE('',#1877,3.);
#1877 = AXIS2_PLACEMENT_3D('',#1878,#1879,#1880);
#1878 = CARTESIAN_POINT('',(16.5,-8.5,1.6));
#1879 = DIRECTION('',(0.,0.,1.));
#1880 = DIRECTION('',(1.,0.,0.));
#1881 = ORIENTED_EDGE('',*,*,#820,.T.);
#1882 = ORIENTED_EDGE('',*,*,#1840,.F.);
#1883 = ORIENTED_EDGE('',*,*,#1884,.T.);
#1884 = EDGE_CURVE('',#1841,#1662,#1885,.T.);
#1885 = LINE('',#1886,#1887);
#1886 = CARTESIAN_POINT('',(16.5,-11.5,1.));
#1887 = VECTOR('',#1888,1.);
#1888 = DIRECTION('',(0.,0.,1.));
#1889 = ORIENTED_EDGE('',*,*,#1669,.F.);
#1890 = CYLINDRICAL_SURFACE('',#1891,3.);
#1891 = AXIS2_PLACEMENT_3D('',#1892,#1893,#1894);
#1892 = CARTESIAN_POINT('',(16.5,-8.5,1.));
#1893 = DIRECTION('',(0.,0.,1.));
#1894 = DIRECTION('',(1.,0.,0.));
#1895 = ADVANCED_FACE('',(#1896),#1917,.F.);
#1896 = FACE_BOUND('',#1897,.F.);
#1897 = EDGE_LOOP('',(#1898,#1899,#1900,#1901,#1902,#1910,#1916));
#1898 = ORIENTED_EDGE('',*,*,#812,.F.);
#1899 = ORIENTED_EDGE('',*,*,#852,.T.);
#1900 = ORIENTED_EDGE('',*,*,#876,.F.);
#1901 = ORIENTED_EDGE('',*,*,#891,.T.);
#1902 = ORIENTED_EDGE('',*,*,#1903,.F.);
#1903 = EDGE_CURVE('',#1904,#892,#1906,.T.);
#1904 = VERTEX_POINT('',#1905);
#1905 = CARTESIAN_POINT('',(19.5,-4.24,1.6));
#1906 = LINE('',#1907,#1908);
#1907 = CARTESIAN_POINT('',(19.,-4.24,1.6));
#1908 = VECTOR('',#1909,1.);
#1909 = DIRECTION('',(1.,0.,0.));
#1910 = ORIENTED_EDGE('',*,*,#1911,.T.);
#1911 = EDGE_CURVE('',#1904,#1868,#1912,.T.);
#1912 = LINE('',#1913,#1914);
#1913 = CARTESIAN_POINT('',(19.5,-11.75,1.6));
#1914 = VECTOR('',#1915,1.);
#1915 = DIRECTION('',(0.,-1.,0.));
#1916 = ORIENTED_EDGE('',*,*,#1875,.F.);
#1917 = PLANE('',#1918);
#1918 = AXIS2_PLACEMENT_3D('',#1919,#1920,#1921);
#1919 = CARTESIAN_POINT('',(-20.,-12.,1.6));
#1920 = DIRECTION('',(0.,0.,1.));
#1921 = DIRECTION('',(1.,0.,0.));
#1922 = ADVANCED_FACE('',(#1923),#1934,.T.);
#1923 = FACE_BOUND('',#1924,.T.);
#1924 = EDGE_LOOP('',(#1925,#1926,#1927,#1933));
#1925 = ORIENTED_EDGE('',*,*,#899,.F.);
#1926 = ORIENTED_EDGE('',*,*,#1903,.F.);
#1927 = ORIENTED_EDGE('',*,*,#1928,.T.);
#1928 = EDGE_CURVE('',#1904,#1579,#1929,.T.);
#1929 = LINE('',#1930,#1931);
#1930 = CARTESIAN_POINT('',(19.5,-4.24,1.3));
#1931 = VECTOR('',#1932,1.);
#1932 = DIRECTION('',(0.,0.,1.));
#1933 = ORIENTED_EDGE('',*,*,#1578,.F.);
#1934 = PLANE('',#1935);
#1935 = AXIS2_PLACEMENT_3D('',#1936,#1937,#1938);
#1936 = CARTESIAN_POINT('',(19.,-4.24,1.6));
#1937 = DIRECTION('',(0.,1.,0.));
#1938 = DIRECTION('',(0.,0.,1.));
#1939 = ADVANCED_FACE('',(#1940),#1951,.F.);
#1940 = FACE_BOUND('',#1941,.F.);
#1941 = EDGE_LOOP('',(#1942,#1943,#1944,#1950));
#1942 = ORIENTED_EDGE('',*,*,#967,.F.);
#1943 = ORIENTED_EDGE('',*,*,#1134,.F.);
#1944 = ORIENTED_EDGE('',*,*,#1945,.T.);
#1945 = EDGE_CURVE('',#1127,#1435,#1946,.T.);
#1946 = LINE('',#1947,#1948);
#1947 = CARTESIAN_POINT('',(19.5,4.24,1.3));
#1948 = VECTOR('',#1949,1.);
#1949 = DIRECTION('',(0.,0.,1.));
#1950 = ORIENTED_EDGE('',*,*,#1443,.F.);
#1951 = PLANE('',#1952);
#1952 = AXIS2_PLACEMENT_3D('',#1953,#1954,#1955);
#1953 = CARTESIAN_POINT('',(19.,4.24,1.6));
#1954 = DIRECTION('',(0.,1.,0.));
#1955 = DIRECTION('',(0.,0.,1.));
#1956 = ADVANCED_FACE('',(#1957),#1976,.F.);
#1957 = FACE_BOUND('',#1958,.F.);
#1958 = EDGE_LOOP('',(#1959,#1960,#1961,#1962,#1963,#1964,#1965,#1966,
    #1967,#1968,#1969,#1970));
#1959 = ORIENTED_EDGE('',*,*,#1678,.F.);
#1960 = ORIENTED_EDGE('',*,*,#1867,.F.);
#1961 = ORIENTED_EDGE('',*,*,#1911,.F.);
#1962 = ORIENTED_EDGE('',*,*,#1928,.T.);
#1963 = ORIENTED_EDGE('',*,*,#1586,.T.);
#1964 = ORIENTED_EDGE('',*,*,#1553,.T.);
#1965 = ORIENTED_EDGE('',*,*,#1507,.F.);
#1966 = ORIENTED_EDGE('',*,*,#1484,.F.);
#1967 = ORIENTED_EDGE('',*,*,#1432,.T.);
#1968 = ORIENTED_EDGE('',*,*,#1945,.F.);
#1969 = ORIENTED_EDGE('',*,*,#1126,.F.);
#1970 = ORIENTED_EDGE('',*,*,#1971,.T.);
#1971 = EDGE_CURVE('',#1118,#1679,#1972,.T.);
#1972 = LINE('',#1973,#1974);
#1973 = CARTESIAN_POINT('',(19.5,8.5,1.));
#1974 = VECTOR('',#1975,1.);
#1975 = DIRECTION('',(0.,0.,1.));
#1976 = PLANE('',#1977);
#1977 = AXIS2_PLACEMENT_3D('',#1978,#1979,#1980);
#1978 = CARTESIAN_POINT('',(19.5,-11.5,1.));
#1979 = DIRECTION('',(1.,0.,0.));
#1980 = DIRECTION('',(0.,0.,1.));
#1981 = ADVANCED_FACE('',(#1982),#2095,.F.);
#1982 = FACE_BOUND('',#1983,.F.);
#1983 = EDGE_LOOP('',(#1984,#1985,#1986,#1994,#2009,#2018,#2037,#2045,
    #2064,#2073,#2088,#2094));
#1984 = ORIENTED_EDGE('',*,*,#1971,.F.);
#1985 = ORIENTED_EDGE('',*,*,#1117,.T.);
#1986 = ORIENTED_EDGE('',*,*,#1987,.T.);
#1987 = EDGE_CURVE('',#1110,#1988,#1990,.T.);
#1988 = VERTEX_POINT('',#1989);
#1989 = CARTESIAN_POINT('',(16.5,11.5,3.63733241043));
#1990 = LINE('',#1991,#1992);
#1991 = CARTESIAN_POINT('',(16.5,11.5,1.));
#1992 = VECTOR('',#1993,1.);
#1993 = DIRECTION('',(0.,0.,1.));
#1994 = ORIENTED_EDGE('',*,*,#1995,.T.);
#1995 = EDGE_CURVE('',#1988,#1996,#1998,.T.);
#1996 = VERTEX_POINT('',#1997);
#1997 = CARTESIAN_POINT('',(17.026577127644,11.453424542568,3.5));
#1998 = B_SPLINE_CURVE_WITH_KNOTS('',5,(#1999,#2000,#2001,#2002,#2003,
    #2004,#2005,#2006,#2007,#2008),.UNSPECIFIED.,.F.,.F.,(6,4,6),(0.,
    0.32079368476,1.),.UNSPECIFIED.);
#1999 = CARTESIAN_POINT('',(16.5,11.5,3.63733241043));
#2000 = CARTESIAN_POINT('',(16.530141430623,11.5,3.62065593453));
#2001 = CARTESIAN_POINT('',(16.561358745116,11.499621465516,
    3.605130169191));
#2002 = CARTESIAN_POINT('',(16.593449208752,11.498810283423,
    3.590779939809));
#2003 = CARTESIAN_POINT('',(16.626253999668,11.497528693273,
    3.577632637916));
#2004 = CARTESIAN_POINT('',(16.730352670898,11.491981110778,
    3.540509575343));
#2005 = CARTESIAN_POINT('',(16.803797180132,11.485975110401,
    3.520811724449));
#2006 = CARTESIAN_POINT('',(16.878467952393,11.477475324218,
    3.507126475192));
#2007 = CARTESIAN_POINT('',(16.953127180343,11.466520209363,
    3.499999998525));
#2008 = CARTESIAN_POINT('',(17.02657714665,11.453424539179,3.5));
#2009 = ORIENTED_EDGE('',*,*,#2010,.F.);
#2010 = EDGE_CURVE('',#2011,#1996,#2013,.T.);
#2011 = VERTEX_POINT('',#2012);
#2012 = CARTESIAN_POINT('',(19.361343466926,9.401506275232,3.5));
#2013 = CIRCLE('',#2014,3.);
#2014 = AXIS2_PLACEMENT_3D('',#2015,#2016,#2017);
#2015 = CARTESIAN_POINT('',(16.5,8.5,3.5));
#2016 = DIRECTION('',(0.,0.,1.));
#2017 = DIRECTION('',(1.,0.,0.));
#2018 = ORIENTED_EDGE('',*,*,#2019,.F.);
#2019 = EDGE_CURVE('',#2020,#2011,#2022,.T.);
#2020 = VERTEX_POINT('',#2021);
#2021 = CARTESIAN_POINT('',(19.475424707065,8.883207271053,3.99));
#2022 = B_SPLINE_CURVE_WITH_KNOTS('',5,(#2023,#2024,#2025,#2026,#2027,
    #2028,#2029,#2030,#2031,#2032,#2033,#2034,#2035,#2036),
  .UNSPECIFIED.,.F.,.F.,(6,4,4,6),(0.,0.286049743334,0.717730116078,1.),
  .UNSPECIFIED.);
#2023 = CARTESIAN_POINT('',(19.475424707065,8.883207271053,3.99));
#2024 = CARTESIAN_POINT('',(19.475424707065,8.883207271053,
    3.946966079855));
#2025 = CARTESIAN_POINT('',(19.474743026055,8.88849738505,3.903943458216
    ));
#2026 = CARTESIAN_POINT('',(19.473382573486,8.899072721906,
    3.861573298307));
#2027 = CARTESIAN_POINT('',(19.471264511713,8.914743100841,3.82050395825
    ));
#2028 = CARTESIAN_POINT('',(19.46376507095,8.96590093391,3.722307924482)
  );
#2029 = CARTESIAN_POINT('',(19.457267860609,9.007442373824,
    3.667599314169));
#2030 = CARTESIAN_POINT('',(19.448391670392,9.058535866449,
    3.619370258008));
#2031 = CARTESIAN_POINT('',(19.436571905427,9.117093440463,3.57963277264
    ));
#2032 = CARTESIAN_POINT('',(19.412083728412,9.222211404139,
    3.530568110548));
#2033 = CARTESIAN_POINT('',(19.401122197723,9.265922644786,
    3.515469779759));
#2034 = CARTESIAN_POINT('',(19.388896233006,9.310959437198,
    3.505181986894));
#2035 = CARTESIAN_POINT('',(19.375545374644,9.356430010115,3.5));
#2036 = CARTESIAN_POINT('',(19.361343466926,9.401506275232,3.5));
#2037 = ORIENTED_EDGE('',*,*,#2038,.T.);
#2038 = EDGE_CURVE('',#2020,#2039,#2041,.T.);
#2039 = VERTEX_POINT('',#2040);
#2040 = CARTESIAN_POINT('',(19.475424707065,8.883207271053,4.01));
#2041 = LINE('',#2042,#2043);
#2042 = CARTESIAN_POINT('',(19.475424707065,8.883207271053,1.));
#2043 = VECTOR('',#2044,1.);
#2044 = DIRECTION('',(0.,0.,1.));
#2045 = ORIENTED_EDGE('',*,*,#2046,.T.);
#2046 = EDGE_CURVE('',#2039,#2047,#2049,.T.);
#2047 = VERTEX_POINT('',#2048);
#2048 = CARTESIAN_POINT('',(19.361343466926,9.401506275232,4.5));
#2049 = B_SPLINE_CURVE_WITH_KNOTS('',5,(#2050,#2051,#2052,#2053,#2054,
    #2055,#2056,#2057,#2058,#2059,#2060,#2061,#2062,#2063),
  .UNSPECIFIED.,.F.,.F.,(6,4,4,6),(0.,0.286049939414,0.71773180919,1.),
  .UNSPECIFIED.);
#2050 = CARTESIAN_POINT('',(19.475424707065,8.883207271053,4.01));
#2051 = CARTESIAN_POINT('',(19.475424707065,8.883207271053,
    4.053034092425));
#2052 = CARTESIAN_POINT('',(19.47474301471,8.888497425377,4.096056554633
    ));
#2053 = CARTESIAN_POINT('',(19.473382580648,8.899072688635,
    4.138426505889));
#2054 = CARTESIAN_POINT('',(19.47126452958,8.914742978965,4.179495807813
    ));
#2055 = CARTESIAN_POINT('',(19.463765031437,8.965901203447,
    4.277692592887));
#2056 = CARTESIAN_POINT('',(19.457267845091,9.007442321476,
    4.332400160517));
#2057 = CARTESIAN_POINT('',(19.448391852535,9.058534910678,
    4.380629043273));
#2058 = CARTESIAN_POINT('',(19.436572045588,9.11709283881,4.420366946534
    ));
#2059 = CARTESIAN_POINT('',(19.412083728412,9.222211404139,
    4.469431889452));
#2060 = CARTESIAN_POINT('',(19.401122197723,9.265922644786,
    4.484530220241));
#2061 = CARTESIAN_POINT('',(19.388896233006,9.310959437198,
    4.494818013106));
#2062 = CARTESIAN_POINT('',(19.375545374644,9.356430010115,4.5));
#2063 = CARTESIAN_POINT('',(19.361343466926,9.401506275232,4.5));
#2064 = ORIENTED_EDGE('',*,*,#2065,.T.);
#2065 = EDGE_CURVE('',#2047,#2066,#2068,.T.);
#2066 = VERTEX_POINT('',#2067);
#2067 = CARTESIAN_POINT('',(17.026577127644,11.453424542568,4.5));
#2068 = CIRCLE('',#2069,3.);
#2069 = AXIS2_PLACEMENT_3D('',#2070,#2071,#2072);
#2070 = CARTESIAN_POINT('',(16.5,8.5,4.5));
#2071 = DIRECTION('',(0.,0.,1.));
#2072 = DIRECTION('',(1.,0.,0.));
#2073 = ORIENTED_EDGE('',*,*,#2074,.F.);
#2074 = EDGE_CURVE('',#2075,#2066,#2077,.T.);
#2075 = VERTEX_POINT('',#2076);
#2076 = CARTESIAN_POINT('',(16.5,11.5,4.36266758957));
#2077 = B_SPLINE_CURVE_WITH_KNOTS('',5,(#2078,#2079,#2080,#2081,#2082,
    #2083,#2084,#2085,#2086,#2087),.UNSPECIFIED.,.F.,.F.,(6,4,6),(0.,
    0.320793690308,1.),.UNSPECIFIED.);
#2078 = CARTESIAN_POINT('',(16.5,11.5,4.36266758957));
#2079 = CARTESIAN_POINT('',(16.530141430086,11.5,4.379344065173));
#2080 = CARTESIAN_POINT('',(16.561358744004,11.499621465529,
    4.394869830256));
#2081 = CARTESIAN_POINT('',(16.593449207037,11.498810283467,
    4.409220059424));
#2082 = CARTESIAN_POINT('',(16.62625399733,11.497528693365,
    4.422367361147));
#2083 = CARTESIAN_POINT('',(16.730352664777,11.491981111175,
    4.459490422692));
#2084 = CARTESIAN_POINT('',(16.803797170644,11.485975111237,
    4.479188273165));
#2085 = CARTESIAN_POINT('',(16.878467939524,11.477475325724,
    4.49287352256));
#2086 = CARTESIAN_POINT('',(16.953127164247,11.466520211746,4.5));
#2087 = CARTESIAN_POINT('',(17.026577127644,11.453424542568,4.5));
#2088 = ORIENTED_EDGE('',*,*,#2089,.T.);
#2089 = EDGE_CURVE('',#2075,#1687,#2090,.T.);
#2090 = LINE('',#2091,#2092);
#2091 = CARTESIAN_POINT('',(16.5,11.5,1.));
#2092 = VECTOR('',#2093,1.);
#2093 = DIRECTION('',(0.,0.,1.));
#2094 = ORIENTED_EDGE('',*,*,#1686,.F.);
#2095 = CYLINDRICAL_SURFACE('',#2096,3.);
#2096 = AXIS2_PLACEMENT_3D('',#2097,#2098,#2099);
#2097 = CARTESIAN_POINT('',(16.5,8.5,1.));
#2098 = DIRECTION('',(0.,0.,1.));
#2099 = DIRECTION('',(1.,0.,0.));
#2100 = ADVANCED_FACE('',(#2101),#2137,.F.);
#2101 = FACE_BOUND('',#2102,.F.);
#2102 = EDGE_LOOP('',(#2103,#2104,#2110,#2111,#2112,#2121,#2129,#2136));
#2103 = ORIENTED_EDGE('',*,*,#1109,.F.);
#2104 = ORIENTED_EDGE('',*,*,#2105,.T.);
#2105 = EDGE_CURVE('',#1101,#1696,#2106,.T.);
#2106 = LINE('',#2107,#2108);
#2107 = CARTESIAN_POINT('',(-16.5,11.5,1.));
#2108 = VECTOR('',#2109,1.);
#2109 = DIRECTION('',(0.,0.,1.));
#2110 = ORIENTED_EDGE('',*,*,#1695,.T.);
#2111 = ORIENTED_EDGE('',*,*,#2089,.F.);
#2112 = ORIENTED_EDGE('',*,*,#2113,.F.);
#2113 = EDGE_CURVE('',#2114,#2075,#2116,.T.);
#2114 = VERTEX_POINT('',#2115);
#2115 = CARTESIAN_POINT('',(16.238804844484,11.5,4.01));
#2116 = ELLIPSE('',#2117,0.854288929854,0.49);
#2117 = AXIS2_PLACEMENT_3D('',#2118,#2119,#2120);
#2118 = CARTESIAN_POINT('',(17.093093774338,11.5,4.01));
#2119 = DIRECTION('',(-0.,1.,0.));
#2120 = DIRECTION('',(1.,0.,0.));
#2121 = ORIENTED_EDGE('',*,*,#2122,.F.);
#2122 = EDGE_CURVE('',#2123,#2114,#2125,.T.);
#2123 = VERTEX_POINT('',#2124);
#2124 = CARTESIAN_POINT('',(16.238804844484,11.5,3.99));
#2125 = LINE('',#2126,#2127);
#2126 = CARTESIAN_POINT('',(16.238804844484,11.5,2.25));
#2127 = VECTOR('',#2128,1.);
#2128 = DIRECTION('',(0.,0.,1.));
#2129 = ORIENTED_EDGE('',*,*,#2130,.F.);
#2130 = EDGE_CURVE('',#1988,#2123,#2131,.T.);
#2131 = ELLIPSE('',#2132,0.854288929854,0.49);
#2132 = AXIS2_PLACEMENT_3D('',#2133,#2134,#2135);
#2133 = CARTESIAN_POINT('',(17.093093774338,11.5,3.99));
#2134 = DIRECTION('',(-0.,1.,0.));
#2135 = DIRECTION('',(1.,0.,0.));
#2136 = ORIENTED_EDGE('',*,*,#1987,.F.);
#2137 = PLANE('',#2138);
#2138 = AXIS2_PLACEMENT_3D('',#2139,#2140,#2141);
#2139 = CARTESIAN_POINT('',(-19.5,11.5,1.));
#2140 = DIRECTION('',(0.,1.,0.));
#2141 = DIRECTION('',(0.,0.,1.));
#2142 = ADVANCED_FACE('',(#2143),#2149,.F.);
#2143 = FACE_BOUND('',#2144,.T.);
#2144 = EDGE_LOOP('',(#2145,#2146,#2147,#2148));
#2145 = ORIENTED_EDGE('',*,*,#1180,.F.);
#2146 = ORIENTED_EDGE('',*,*,#1100,.F.);
#2147 = ORIENTED_EDGE('',*,*,#2105,.T.);
#2148 = ORIENTED_EDGE('',*,*,#1703,.F.);
#2149 = CYLINDRICAL_SURFACE('',#2150,3.);
#2150 = AXIS2_PLACEMENT_3D('',#2151,#2152,#2153);
#2151 = CARTESIAN_POINT('',(-16.5,8.5,1.));
#2152 = DIRECTION('',(0.,0.,1.));
#2153 = DIRECTION('',(-1.,0.,0.));
#2154 = ADVANCED_FACE('',(#2155),#2166,.F.);
#2155 = FACE_BOUND('',#2156,.F.);
#2156 = EDGE_LOOP('',(#2157,#2158,#2159,#2165));
#2157 = ORIENTED_EDGE('',*,*,#1162,.F.);
#2158 = ORIENTED_EDGE('',*,*,#1252,.T.);
#2159 = ORIENTED_EDGE('',*,*,#2160,.T.);
#2160 = EDGE_CURVE('',#1245,#1653,#2161,.T.);
#2161 = LINE('',#2162,#2163);
#2162 = CARTESIAN_POINT('',(-16.5,-11.5,1.));
#2163 = VECTOR('',#2164,1.);
#2164 = DIRECTION('',(0.,0.,1.));
#2165 = ORIENTED_EDGE('',*,*,#1652,.F.);
#2166 = CYLINDRICAL_SURFACE('',#2167,3.);
#2167 = AXIS2_PLACEMENT_3D('',#2168,#2169,#2170);
#2168 = CARTESIAN_POINT('',(-16.5,-8.5,1.));
#2169 = DIRECTION('',(0.,0.,1.));
#2170 = DIRECTION('',(-1.,0.,0.));
#2171 = ADVANCED_FACE('',(#2172),#2180,.T.);
#2172 = FACE_BOUND('',#2173,.T.);
#2173 = EDGE_LOOP('',(#2174,#2175,#2176,#2177,#2178,#2179));
#2174 = ORIENTED_EDGE('',*,*,#1244,.F.);
#2175 = ORIENTED_EDGE('',*,*,#2160,.T.);
#2176 = ORIENTED_EDGE('',*,*,#1661,.T.);
#2177 = ORIENTED_EDGE('',*,*,#1884,.F.);
#2178 = ORIENTED_EDGE('',*,*,#1849,.F.);
#2179 = ORIENTED_EDGE('',*,*,#1314,.T.);
#2180 = PLANE('',#2181);
#2181 = AXIS2_PLACEMENT_3D('',#2182,#2183,#2184);
#2182 = CARTESIAN_POINT('',(-19.5,-11.5,1.));
#2183 = DIRECTION('',(0.,1.,0.));
#2184 = DIRECTION('',(0.,0.,1.));
#2185 = ADVANCED_FACE('',(#2186),#2212,.F.);
#2186 = FACE_BOUND('',#2187,.F.);
#2187 = EDGE_LOOP('',(#2188,#2189,#2197,#2206));
#2188 = ORIENTED_EDGE('',*,*,#1764,.F.);
#2189 = ORIENTED_EDGE('',*,*,#2190,.F.);
#2190 = EDGE_CURVE('',#2191,#1756,#2193,.T.);
#2191 = VERTEX_POINT('',#2192);
#2192 = CARTESIAN_POINT('',(21.,9.5,-3.5));
#2193 = LINE('',#2194,#2195);
#2194 = CARTESIAN_POINT('',(21.,-2.503553390593,-3.5));
#2195 = VECTOR('',#2196,1.);
#2196 = DIRECTION('',(0.,-1.,0.));
#2197 = ORIENTED_EDGE('',*,*,#2198,.T.);
#2198 = EDGE_CURVE('',#2191,#2199,#2201,.T.);
#2199 = VERTEX_POINT('',#2200);
#2200 = CARTESIAN_POINT('',(17.5,13.,-3.5));
#2201 = CIRCLE('',#2202,3.5);
#2202 = AXIS2_PLACEMENT_3D('',#2203,#2204,#2205);
#2203 = CARTESIAN_POINT('',(17.5,9.5,-3.5));
#2204 = DIRECTION('',(0.,0.,1.));
#2205 = DIRECTION('',(1.,0.,-0.));
#2206 = ORIENTED_EDGE('',*,*,#2207,.F.);
#2207 = EDGE_CURVE('',#1765,#2199,#2208,.T.);
#2208 = LINE('',#2209,#2210);
#2209 = CARTESIAN_POINT('',(0.703553390593,13.,-3.5));
#2210 = VECTOR('',#2211,1.);
#2211 = DIRECTION('',(1.,0.,0.));
#2212 = PLANE('',#2213);
#2213 = AXIS2_PLACEMENT_3D('',#2214,#2215,#2216);
#2214 = CARTESIAN_POINT('',(22.407106781187,7.992893218813,-3.5));
#2215 = DIRECTION('',(0.,0.,1.));
#2216 = DIRECTION('',(0.707106781187,0.707106781187,0.));
#2217 = ADVANCED_FACE('',(#2218,#2244),#2365,.T.);
#2218 = FACE_BOUND('',#2219,.T.);
#2219 = EDGE_LOOP('',(#2220,#2228,#2229,#2237));
#2220 = ORIENTED_EDGE('',*,*,#2221,.F.);
#2221 = EDGE_CURVE('',#2191,#2222,#2224,.T.);
#2222 = VERTEX_POINT('',#2223);
#2223 = CARTESIAN_POINT('',(21.,9.5,6.));
#2224 = LINE('',#2225,#2226);
#2225 = CARTESIAN_POINT('',(21.,9.5,-5.));
#2226 = VECTOR('',#2227,1.);
#2227 = DIRECTION('',(0.,0.,1.));
#2228 = ORIENTED_EDGE('',*,*,#2198,.T.);
#2229 = ORIENTED_EDGE('',*,*,#2230,.T.);
#2230 = EDGE_CURVE('',#2199,#2231,#2233,.T.);
#2231 = VERTEX_POINT('',#2232);
#2232 = CARTESIAN_POINT('',(17.5,13.,6.));
#2233 = LINE('',#2234,#2235);
#2234 = CARTESIAN_POINT('',(17.5,13.,-5.));
#2235 = VECTOR('',#2236,1.);
#2236 = DIRECTION('',(0.,0.,1.));
#2237 = ORIENTED_EDGE('',*,*,#2238,.F.);
#2238 = EDGE_CURVE('',#2222,#2231,#2239,.T.);
#2239 = CIRCLE('',#2240,3.5);
#2240 = AXIS2_PLACEMENT_3D('',#2241,#2242,#2243);
#2241 = CARTESIAN_POINT('',(17.5,9.5,6.));
#2242 = DIRECTION('',(-0.,0.,1.));
#2243 = DIRECTION('',(0.,-1.,0.));
#2244 = FACE_BOUND('',#2245,.T.);
#2245 = EDGE_LOOP('',(#2246,#2270,#2278,#2300,#2309,#2328,#2336,#2358));
#2246 = ORIENTED_EDGE('',*,*,#2247,.F.);
#2247 = EDGE_CURVE('',#2248,#2250,#2252,.T.);
#2248 = VERTEX_POINT('',#2249);
#2249 = CARTESIAN_POINT('',(18.261336429892,12.91619186237,4.01));
#2250 = VERTEX_POINT('',#2251);
#2251 = CARTESIAN_POINT('',(18.849074321705,12.729550816215,4.5));
#2252 = B_SPLINE_CURVE_WITH_KNOTS('',6,(#2253,#2254,#2255,#2256,#2257,
    #2258,#2259,#2260,#2261,#2262,#2263,#2264,#2265,#2266,#2267,#2268,
    #2269),.UNSPECIFIED.,.F.,.F.,(7,5,5,7),(0.,0.295625782274,
    0.625731739223,1.),.UNSPECIFIED.);
#2253 = CARTESIAN_POINT('',(18.261336429892,12.91619186237,4.01));
#2254 = CARTESIAN_POINT('',(18.261336429892,12.91619186237,
    4.048345168481));
#2255 = CARTESIAN_POINT('',(18.266098628136,12.915130538253,
    4.086644494503));
#2256 = CARTESIAN_POINT('',(18.27560168726,12.913012745989,
    4.124463227841));
#2257 = CARTESIAN_POINT('',(18.289670328501,12.909824961749,
    4.161369042508));
#2258 = CARTESIAN_POINT('',(18.307973937636,12.905538648207,
    4.196929797081));
#2259 = CARTESIAN_POINT('',(18.354654426948,12.894143251129,
    4.268491812466));
#2260 = CARTESIAN_POINT('',(18.383969619619,12.886760393264,
    4.30407997431));
#2261 = CARTESIAN_POINT('',(18.41743261137,12.877973754437,
    4.337124026577));
#2262 = CARTESIAN_POINT('',(18.454439700956,12.867746800992,
    4.367251863638));
#2263 = CARTESIAN_POINT('',(18.494346220044,12.856072446485,
    4.394117568239));
#2264 = CARTESIAN_POINT('',(18.584268141857,12.828192447683,
    4.443840117312));
#2265 = CARTESIAN_POINT('',(18.635040660098,12.811552374403,
    4.465745669377));
#2266 = CARTESIAN_POINT('',(18.687848326866,12.793154016101,
    4.482647603925));
#2267 = CARTESIAN_POINT('',(18.741720754295,12.773154258027,
    4.494159217219));
#2268 = CARTESIAN_POINT('',(18.795745298019,12.751827851181,4.5));
#2269 = CARTESIAN_POINT('',(18.849074321705,12.729550816215,4.5));
#2270 = ORIENTED_EDGE('',*,*,#2271,.F.);
#2271 = EDGE_CURVE('',#2272,#2248,#2274,.T.);
#2272 = VERTEX_POINT('',#2273);
#2273 = CARTESIAN_POINT('',(18.261336429892,12.91619186237,3.99));
#2274 = LINE('',#2275,#2276);
#2275 = CARTESIAN_POINT('',(18.261336429892,12.91619186237,3.5));
#2276 = VECTOR('',#2277,1.);
#2277 = DIRECTION('',(0.,0.,1.));
#2278 = ORIENTED_EDGE('',*,*,#2279,.T.);
#2279 = EDGE_CURVE('',#2272,#2280,#2282,.T.);
#2280 = VERTEX_POINT('',#2281);
#2281 = CARTESIAN_POINT('',(18.849074321705,12.729550816215,3.5));
#2282 = B_SPLINE_CURVE_WITH_KNOTS('',6,(#2283,#2284,#2285,#2286,#2287,
    #2288,#2289,#2290,#2291,#2292,#2293,#2294,#2295,#2296,#2297,#2298,
    #2299),.UNSPECIFIED.,.F.,.F.,(7,5,5,7),(0.,0.295625782396,
    0.625731739501,1.),.UNSPECIFIED.);
#2283 = CARTESIAN_POINT('',(18.261336429892,12.91619186237,3.99));
#2284 = CARTESIAN_POINT('',(18.261336429892,12.91619186237,
    3.951654830831));
#2285 = CARTESIAN_POINT('',(18.266098628307,12.915130538215,
    3.913355504126));
#2286 = CARTESIAN_POINT('',(18.275601687771,12.913012745876,
    3.87553677013));
#2287 = CARTESIAN_POINT('',(18.289670329508,12.909824961521,
    3.838630954853));
#2288 = CARTESIAN_POINT('',(18.307973939273,12.905538647823,
    3.803070199739));
#2289 = CARTESIAN_POINT('',(18.354654430137,12.894143250332,
    3.731508183394));
#2290 = CARTESIAN_POINT('',(18.38396962376,12.886760392199,
    3.695920021151));
#2291 = CARTESIAN_POINT('',(18.41743261656,12.877973753049,
    3.662875968607));
#2292 = CARTESIAN_POINT('',(18.45443970726,12.867746799229,3.63274813141
    ));
#2293 = CARTESIAN_POINT('',(18.494346227492,12.856072444294,
    3.605882426828));
#2294 = CARTESIAN_POINT('',(18.584268151682,12.828192444502,
    3.556159878179));
#2295 = CARTESIAN_POINT('',(18.635040671159,12.811552370647,
    3.534254326554));
#2296 = CARTESIAN_POINT('',(18.687848339107,12.793154011726,
    3.51735239267));
#2297 = CARTESIAN_POINT('',(18.741720767605,12.77315425301,
    3.505840780279));
#2298 = CARTESIAN_POINT('',(18.79574531224,12.75182784553,3.499999998637
    ));
#2299 = CARTESIAN_POINT('',(18.84907433664,12.729550809976,3.5));
#2300 = ORIENTED_EDGE('',*,*,#2301,.F.);
#2301 = EDGE_CURVE('',#2302,#2280,#2304,.T.);
#2302 = VERTEX_POINT('',#2303);
#2303 = CARTESIAN_POINT('',(20.866975073808,10.455760876138,3.5));
#2304 = CIRCLE('',#2305,3.5);
#2305 = AXIS2_PLACEMENT_3D('',#2306,#2307,#2308);
#2306 = CARTESIAN_POINT('',(17.5,9.5,3.5));
#2307 = DIRECTION('',(-0.,0.,1.));
#2308 = DIRECTION('',(0.,-1.,0.));
#2309 = ORIENTED_EDGE('',*,*,#2310,.F.);
#2310 = EDGE_CURVE('',#2311,#2302,#2313,.T.);
#2311 = VERTEX_POINT('',#2312);
#2312 = CARTESIAN_POINT('',(20.973238616575,9.931987861327,3.99));
#2313 = B_SPLINE_CURVE_WITH_KNOTS('',7,(#2314,#2315,#2316,#2317,#2318,
    #2319,#2320,#2321,#2322,#2323,#2324,#2325,#2326,#2327),
  .UNSPECIFIED.,.F.,.F.,(8,6,8),(0.,0.717500184208,1.),.UNSPECIFIED.);
#2314 = CARTESIAN_POINT('',(20.973238616575,9.931987861327,3.99));
#2315 = CARTESIAN_POINT('',(20.973238616575,9.931987861327,
    3.912761541247));
#2316 = CARTESIAN_POINT('',(20.971255090809,9.94793901492,3.835740793264
    ));
#2317 = CARTESIAN_POINT('',(20.967305316055,9.979678326084,
    3.761701370793));
#2318 = CARTESIAN_POINT('',(20.961052091112,10.026236311758,
    3.693408939706));
#2319 = CARTESIAN_POINT('',(20.951792726962,10.085706471933,
    3.633677140565));
#2320 = CARTESIAN_POINT('',(20.93899510347,10.155288472238,
    3.585175914923));
#2321 = CARTESIAN_POINT('',(20.916259524839,10.261652799994,
    3.536103555333));
#2322 = CARTESIAN_POINT('',(20.909288247109,10.29276196259,
    3.524293274281));
#2323 = CARTESIAN_POINT('',(20.901774546495,10.324697475965,
    3.514679596582));
#2324 = CARTESIAN_POINT('',(20.893740161783,10.357213831108,
    3.507376074027));
#2325 = CARTESIAN_POINT('',(20.88522296829,10.39006096748,3.502465574811
    ));
#2326 = CARTESIAN_POINT('',(20.876277433685,10.422990321687,3.5));
#2327 = CARTESIAN_POINT('',(20.866975073808,10.455760876138,3.5));
#2328 = ORIENTED_EDGE('',*,*,#2329,.T.);
#2329 = EDGE_CURVE('',#2311,#2330,#2332,.T.);
#2330 = VERTEX_POINT('',#2331);
#2331 = CARTESIAN_POINT('',(20.973238616575,9.931987861327,4.01));
#2332 = LINE('',#2333,#2334);
#2333 = CARTESIAN_POINT('',(20.973238616575,9.931987861327,3.5));
#2334 = VECTOR('',#2335,1.);
#2335 = DIRECTION('',(0.,0.,1.));
#2336 = ORIENTED_EDGE('',*,*,#2337,.T.);
#2337 = EDGE_CURVE('',#2330,#2338,#2340,.T.);
#2338 = VERTEX_POINT('',#2339);
#2339 = CARTESIAN_POINT('',(20.866975073808,10.455760876138,4.5));
#2340 = B_SPLINE_CURVE_WITH_KNOTS('',6,(#2341,#2342,#2343,#2344,#2345,
    #2346,#2347,#2348,#2349,#2350,#2351,#2352,#2353,#2354,#2355,#2356,
    #2357),.UNSPECIFIED.,.F.,.F.,(7,5,5,7),(0.,0.224893084347,
    0.7175792951,1.),.UNSPECIFIED.);
#2341 = CARTESIAN_POINT('',(20.973238616575,9.931987861327,4.01));
#2342 = CARTESIAN_POINT('',(20.973238616575,9.931987861327,
    4.038191909712));
#2343 = CARTESIAN_POINT('',(20.972966711555,9.934173620449,
    4.066381869973));
#2344 = CARTESIAN_POINT('',(20.97242319304,9.938544627565,4.094412912635
    ));
#2345 = CARTESIAN_POINT('',(20.971600063962,9.945077427082,
    4.122127564326));
#2346 = CARTESIAN_POINT('',(20.970482606439,9.953725565879,
    4.149368897407));
#2347 = CARTESIAN_POINT('',(20.965914536514,9.987847444781,
    4.234283516865));
#2348 = CARTESIAN_POINT('',(20.961268573363,10.021104517579,
    4.289594800363));
#2349 = CARTESIAN_POINT('',(20.954904818706,10.063489802213,
    4.340303821485));
#2350 = CARTESIAN_POINT('',(20.946492140893,10.113802141325,
    4.38485236684));
#2351 = CARTESIAN_POINT('',(20.93575440607,10.170449493912,
    4.421818790192));
#2352 = CARTESIAN_POINT('',(20.91518905871,10.266660783827,
    4.466206933425));
#2353 = CARTESIAN_POINT('',(20.906927922468,10.303202434095,
    4.479506642637));
#2354 = CARTESIAN_POINT('',(20.897909514515,10.340818757368,
    4.489680724004));
#2355 = CARTESIAN_POINT('',(20.888181024806,10.379073929428,
    4.496548195264));
#2356 = CARTESIAN_POINT('',(20.877827826998,10.417528562612,4.5));
#2357 = CARTESIAN_POINT('',(20.866975073808,10.455760876138,4.5));
#2358 = ORIENTED_EDGE('',*,*,#2359,.T.);
#2359 = EDGE_CURVE('',#2338,#2250,#2360,.T.);
#2360 = CIRCLE('',#2361,3.5);
#2361 = AXIS2_PLACEMENT_3D('',#2362,#2363,#2364);
#2362 = CARTESIAN_POINT('',(17.5,9.5,4.5));
#2363 = DIRECTION('',(0.,0.,1.));
#2364 = DIRECTION('',(1.,0.,0.));
#2365 = CYLINDRICAL_SURFACE('',#2366,3.5);
#2366 = AXIS2_PLACEMENT_3D('',#2367,#2368,#2369);
#2367 = CARTESIAN_POINT('',(17.5,9.5,-5.));
#2368 = DIRECTION('',(0.,0.,1.));
#2369 = DIRECTION('',(1.,0.,0.));
#2370 = ADVANCED_FACE('',(#2371),#2388,.F.);
#2371 = FACE_BOUND('',#2372,.F.);
#2372 = EDGE_LOOP('',(#2373,#2379,#2380,#2381,#2387));
#2373 = ORIENTED_EDGE('',*,*,#2374,.F.);
#2374 = EDGE_CURVE('',#2114,#2248,#2375,.T.);
#2375 = LINE('',#2376,#2377);
#2376 = CARTESIAN_POINT('',(15.205694254596,10.776608177156,4.01));
#2377 = VECTOR('',#2378,1.);
#2378 = DIRECTION('',(0.819152044289,0.573576436351,0.));
#2379 = ORIENTED_EDGE('',*,*,#2113,.T.);
#2380 = ORIENTED_EDGE('',*,*,#2074,.T.);
#2381 = ORIENTED_EDGE('',*,*,#2382,.T.);
#2382 = EDGE_CURVE('',#2066,#2250,#2383,.T.);
#2383 = LINE('',#2384,#2385);
#2384 = CARTESIAN_POINT('',(15.486746708408,10.375223675454,4.5));
#2385 = VECTOR('',#2386,1.);
#2386 = DIRECTION('',(0.819152044289,0.573576436351,0.));
#2387 = ORIENTED_EDGE('',*,*,#2247,.F.);
#2388 = CYLINDRICAL_SURFACE('',#2389,0.49);
#2389 = AXIS2_PLACEMENT_3D('',#2390,#2391,#2392);
#2390 = CARTESIAN_POINT('',(15.486746708408,10.375223675454,4.01));
#2391 = DIRECTION('',(0.819152044289,0.573576436351,0.));
#2392 = DIRECTION('',(-0.573576436351,0.819152044289,0.));
#2393 = ADVANCED_FACE('',(#2394),#2405,.F.);
#2394 = FACE_BOUND('',#2395,.F.);
#2395 = EDGE_LOOP('',(#2396,#2397,#2403,#2404));
#2396 = ORIENTED_EDGE('',*,*,#2065,.F.);
#2397 = ORIENTED_EDGE('',*,*,#2398,.T.);
#2398 = EDGE_CURVE('',#2047,#2338,#2399,.T.);
#2399 = LINE('',#2400,#2401);
#2400 = CARTESIAN_POINT('',(17.218947546188,7.901384501702,4.5));
#2401 = VECTOR('',#2402,1.);
#2402 = DIRECTION('',(0.819152044289,0.573576436351,0.));
#2403 = ORIENTED_EDGE('',*,*,#2359,.T.);
#2404 = ORIENTED_EDGE('',*,*,#2382,.F.);
#2405 = PLANE('',#2406);
#2406 = AXIS2_PLACEMENT_3D('',#2407,#2408,#2409);
#2407 = CARTESIAN_POINT('',(17.5,7.5,4.5));
#2408 = DIRECTION('',(0.,0.,1.));
#2409 = DIRECTION('',(0.819152044289,0.573576436351,0.));
#2410 = ADVANCED_FACE('',(#2411),#2422,.F.);
#2411 = FACE_BOUND('',#2412,.T.);
#2412 = EDGE_LOOP('',(#2413,#2419,#2420,#2421));
#2413 = ORIENTED_EDGE('',*,*,#2414,.F.);
#2414 = EDGE_CURVE('',#2039,#2330,#2415,.T.);
#2415 = LINE('',#2416,#2417);
#2416 = CARTESIAN_POINT('',(17.5,7.5,4.01));
#2417 = VECTOR('',#2418,1.);
#2418 = DIRECTION('',(0.819152044289,0.573576436351,0.));
#2419 = ORIENTED_EDGE('',*,*,#2046,.T.);
#2420 = ORIENTED_EDGE('',*,*,#2398,.T.);
#2421 = ORIENTED_EDGE('',*,*,#2337,.F.);
#2422 = CYLINDRICAL_SURFACE('',#2423,0.49);
#2423 = AXIS2_PLACEMENT_3D('',#2424,#2425,#2426);
#2424 = CARTESIAN_POINT('',(17.218947546188,7.901384501702,4.01));
#2425 = DIRECTION('',(0.819152044289,0.573576436351,0.));
#2426 = DIRECTION('',(0.573576436351,-0.819152044289,0.));
#2427 = ADVANCED_FACE('',(#2428),#2439,.T.);
#2428 = FACE_BOUND('',#2429,.T.);
#2429 = EDGE_LOOP('',(#2430,#2431,#2437,#2438));
#2430 = ORIENTED_EDGE('',*,*,#2329,.F.);
#2431 = ORIENTED_EDGE('',*,*,#2432,.F.);
#2432 = EDGE_CURVE('',#2020,#2311,#2433,.T.);
#2433 = LINE('',#2434,#2435);
#2434 = CARTESIAN_POINT('',(17.5,7.5,3.99));
#2435 = VECTOR('',#2436,1.);
#2436 = DIRECTION('',(0.819152044289,0.573576436351,0.));
#2437 = ORIENTED_EDGE('',*,*,#2038,.T.);
#2438 = ORIENTED_EDGE('',*,*,#2414,.T.);
#2439 = PLANE('',#2440);
#2440 = AXIS2_PLACEMENT_3D('',#2441,#2442,#2443);
#2441 = CARTESIAN_POINT('',(17.5,7.5,3.5));
#2442 = DIRECTION('',(-0.573576436351,0.819152044289,0.));
#2443 = DIRECTION('',(0.,0.,1.));
#2444 = ADVANCED_FACE('',(#2445),#2456,.F.);
#2445 = FACE_BOUND('',#2446,.F.);
#2446 = EDGE_LOOP('',(#2447,#2448,#2449,#2455));
#2447 = ORIENTED_EDGE('',*,*,#2432,.F.);
#2448 = ORIENTED_EDGE('',*,*,#2019,.T.);
#2449 = ORIENTED_EDGE('',*,*,#2450,.T.);
#2450 = EDGE_CURVE('',#2011,#2302,#2451,.T.);
#2451 = LINE('',#2452,#2453);
#2452 = CARTESIAN_POINT('',(17.218947546188,7.901384501702,3.5));
#2453 = VECTOR('',#2454,1.);
#2454 = DIRECTION('',(0.819152044289,0.573576436351,0.));
#2455 = ORIENTED_EDGE('',*,*,#2310,.F.);
#2456 = CYLINDRICAL_SURFACE('',#2457,0.49);
#2457 = AXIS2_PLACEMENT_3D('',#2458,#2459,#2460);
#2458 = CARTESIAN_POINT('',(17.218947546188,7.901384501702,3.99));
#2459 = DIRECTION('',(0.819152044289,0.573576436351,0.));
#2460 = DIRECTION('',(0.573576436351,-0.819152044289,0.));
#2461 = ADVANCED_FACE('',(#2462),#2473,.F.);
#2462 = FACE_BOUND('',#2463,.F.);
#2463 = EDGE_LOOP('',(#2464,#2465,#2471,#2472));
#2464 = ORIENTED_EDGE('',*,*,#2010,.T.);
#2465 = ORIENTED_EDGE('',*,*,#2466,.T.);
#2466 = EDGE_CURVE('',#1996,#2280,#2467,.T.);
#2467 = LINE('',#2468,#2469);
#2468 = CARTESIAN_POINT('',(15.486746708408,10.375223675454,3.5));
#2469 = VECTOR('',#2470,1.);
#2470 = DIRECTION('',(0.819152044289,0.573576436351,0.));
#2471 = ORIENTED_EDGE('',*,*,#2301,.F.);
#2472 = ORIENTED_EDGE('',*,*,#2450,.F.);
#2473 = PLANE('',#2474);
#2474 = AXIS2_PLACEMENT_3D('',#2475,#2476,#2477);
#2475 = CARTESIAN_POINT('',(17.862898745321,10.184678733225,3.5));
#2476 = DIRECTION('',(-0.,-0.,-1.));
#2477 = DIRECTION('',(-1.,0.,0.));
#2478 = ADVANCED_FACE('',(#2479),#2491,.F.);
#2479 = FACE_BOUND('',#2480,.T.);
#2480 = EDGE_LOOP('',(#2481,#2487,#2488,#2489,#2490));
#2481 = ORIENTED_EDGE('',*,*,#2482,.F.);
#2482 = EDGE_CURVE('',#2123,#2272,#2483,.T.);
#2483 = LINE('',#2484,#2485);
#2484 = CARTESIAN_POINT('',(15.205694254596,10.776608177156,3.99));
#2485 = VECTOR('',#2486,1.);
#2486 = DIRECTION('',(0.819152044289,0.573576436351,0.));
#2487 = ORIENTED_EDGE('',*,*,#2130,.F.);
#2488 = ORIENTED_EDGE('',*,*,#1995,.T.);
#2489 = ORIENTED_EDGE('',*,*,#2466,.T.);
#2490 = ORIENTED_EDGE('',*,*,#2279,.F.);
#2491 = CYLINDRICAL_SURFACE('',#2492,0.49);
#2492 = AXIS2_PLACEMENT_3D('',#2493,#2494,#2495);
#2493 = CARTESIAN_POINT('',(15.486746708408,10.375223675454,3.99));
#2494 = DIRECTION('',(0.819152044289,0.573576436351,0.));
#2495 = DIRECTION('',(-0.573576436351,0.819152044289,0.));
#2496 = ADVANCED_FACE('',(#2497),#2503,.F.);
#2497 = FACE_BOUND('',#2498,.F.);
#2498 = EDGE_LOOP('',(#2499,#2500,#2501,#2502));
#2499 = ORIENTED_EDGE('',*,*,#2271,.F.);
#2500 = ORIENTED_EDGE('',*,*,#2482,.F.);
#2501 = ORIENTED_EDGE('',*,*,#2122,.T.);
#2502 = ORIENTED_EDGE('',*,*,#2374,.T.);
#2503 = PLANE('',#2504);
#2504 = AXIS2_PLACEMENT_3D('',#2505,#2506,#2507);
#2505 = CARTESIAN_POINT('',(15.205694254596,10.776608177156,3.5));
#2506 = DIRECTION('',(-0.573576436351,0.819152044289,0.));
#2507 = DIRECTION('',(0.,0.,1.));
#2508 = ADVANCED_FACE('',(#2509),#2520,.F.);
#2509 = FACE_BOUND('',#2510,.F.);
#2510 = EDGE_LOOP('',(#2511,#2512,#2513,#2514));
#2511 = ORIENTED_EDGE('',*,*,#1797,.F.);
#2512 = ORIENTED_EDGE('',*,*,#1822,.T.);
#2513 = ORIENTED_EDGE('',*,*,#1612,.T.);
#2514 = ORIENTED_EDGE('',*,*,#2515,.F.);
#2515 = EDGE_CURVE('',#1798,#1603,#2516,.T.);
#2516 = LINE('',#2517,#2518);
#2517 = CARTESIAN_POINT('',(21.,-13.70355339059,-3.5));
#2518 = VECTOR('',#2519,1.);
#2519 = DIRECTION('',(0.,-1.,0.));
#2520 = PLANE('',#2521);
#2521 = AXIS2_PLACEMENT_3D('',#2522,#2523,#2524);
#2522 = CARTESIAN_POINT('',(15.992893218813,-14.40710678118,-3.5));
#2523 = DIRECTION('',(0.,0.,1.));
#2524 = DIRECTION('',(0.707106781187,-0.707106781187,0.));
#2525 = ADVANCED_FACE('',(#2526),#2547,.T.);
#2526 = FACE_BOUND('',#2527,.T.);
#2527 = EDGE_LOOP('',(#2528,#2534,#2535,#2536,#2537,#2538,#2539,#2540,
    #2541,#2542,#2543,#2544,#2545,#2546));
#2528 = ORIENTED_EDGE('',*,*,#2529,.T.);
#2529 = EDGE_CURVE('',#472,#537,#2530,.T.);
#2530 = LINE('',#2531,#2532);
#2531 = CARTESIAN_POINT('',(-21.,-13.,6.));
#2532 = VECTOR('',#2533,1.);
#2533 = DIRECTION('',(0.,1.,0.));
#2534 = ORIENTED_EDGE('',*,*,#534,.F.);
#2535 = ORIENTED_EDGE('',*,*,#593,.T.);
#2536 = ORIENTED_EDGE('',*,*,#615,.F.);
#2537 = ORIENTED_EDGE('',*,*,#519,.T.);
#2538 = ORIENTED_EDGE('',*,*,#21,.F.);
#2539 = ORIENTED_EDGE('',*,*,#202,.T.);
#2540 = ORIENTED_EDGE('',*,*,#233,.T.);
#2541 = ORIENTED_EDGE('',*,*,#280,.F.);
#2542 = ORIENTED_EDGE('',*,*,#294,.F.);
#2543 = ORIENTED_EDGE('',*,*,#375,.T.);
#2544 = ORIENTED_EDGE('',*,*,#406,.F.);
#2545 = ORIENTED_EDGE('',*,*,#440,.T.);
#2546 = ORIENTED_EDGE('',*,*,#471,.T.);
#2547 = PLANE('',#2548);
#2548 = AXIS2_PLACEMENT_3D('',#2549,#2550,#2551);
#2549 = CARTESIAN_POINT('',(-21.,9.216874903099E-16,2.674500255304));
#2550 = DIRECTION('',(-1.,-0.,-0.));
#2551 = DIRECTION('',(0.,0.,-1.));
#2552 = ADVANCED_FACE('',(#2553,#2578),#2581,.T.);
#2553 = FACE_BOUND('',#2554,.T.);
#2554 = EDGE_LOOP('',(#2555,#2556,#2557,#2563,#2564,#2570,#2571,#2577));
#2555 = ORIENTED_EDGE('',*,*,#2529,.F.);
#2556 = ORIENTED_EDGE('',*,*,#488,.T.);
#2557 = ORIENTED_EDGE('',*,*,#2558,.T.);
#2558 = EDGE_CURVE('',#481,#1629,#2559,.T.);
#2559 = LINE('',#2560,#2561);
#2560 = CARTESIAN_POINT('',(-21.,-13.,6.));
#2561 = VECTOR('',#2562,1.);
#2562 = DIRECTION('',(1.,0.,0.));
#2563 = ORIENTED_EDGE('',*,*,#1636,.F.);
#2564 = ORIENTED_EDGE('',*,*,#2565,.T.);
#2565 = EDGE_CURVE('',#1605,#2222,#2566,.T.);
#2566 = LINE('',#2567,#2568);
#2567 = CARTESIAN_POINT('',(21.,-13.,6.));
#2568 = VECTOR('',#2569,1.);
#2569 = DIRECTION('',(0.,1.,0.));
#2570 = ORIENTED_EDGE('',*,*,#2238,.T.);
#2571 = ORIENTED_EDGE('',*,*,#2572,.F.);
#2572 = EDGE_CURVE('',#554,#2231,#2573,.T.);
#2573 = LINE('',#2574,#2575);
#2574 = CARTESIAN_POINT('',(-21.,13.,6.));
#2575 = VECTOR('',#2576,1.);
#2576 = DIRECTION('',(1.,0.,0.));
#2577 = ORIENTED_EDGE('',*,*,#561,.F.);
#2578 = FACE_BOUND('',#2579,.T.);
#2579 = EDGE_LOOP('',(#2580));
#2580 = ORIENTED_EDGE('',*,*,#1740,.F.);
#2581 = PLANE('',#2582);
#2582 = AXIS2_PLACEMENT_3D('',#2583,#2584,#2585);
#2583 = CARTESIAN_POINT('',(-21.,-13.,6.));
#2584 = DIRECTION('',(0.,0.,1.));
#2585 = DIRECTION('',(1.,0.,0.));
#2586 = ADVANCED_FACE('',(#2587),#2598,.T.);
#2587 = FACE_BOUND('',#2588,.T.);
#2588 = EDGE_LOOP('',(#2589,#2590,#2591,#2592,#2593,#2594,#2595,#2596,
    #2597));
#2589 = ORIENTED_EDGE('',*,*,#457,.T.);
#2590 = ORIENTED_EDGE('',*,*,#423,.F.);
#2591 = ORIENTED_EDGE('',*,*,#391,.T.);
#2592 = ORIENTED_EDGE('',*,*,#310,.T.);
#2593 = ORIENTED_EDGE('',*,*,#702,.T.);
#2594 = ORIENTED_EDGE('',*,*,#711,.T.);
#2595 = ORIENTED_EDGE('',*,*,#1628,.T.);
#2596 = ORIENTED_EDGE('',*,*,#2558,.F.);
#2597 = ORIENTED_EDGE('',*,*,#480,.F.);
#2598 = PLANE('',#2599);
#2599 = AXIS2_PLACEMENT_3D('',#2600,#2601,#2602);
#2600 = CARTESIAN_POINT('',(-1.649627783061,-13.,3.06685041327));
#2601 = DIRECTION('',(-0.,-1.,-0.));
#2602 = DIRECTION('',(0.,0.,-1.));
#2603 = ADVANCED_FACE('',(#2604),#2616,.T.);
#2604 = FACE_BOUND('',#2605,.T.);
#2605 = EDGE_LOOP('',(#2606,#2607,#2608,#2609,#2610,#2611,#2612,#2613,
    #2614,#2615));
#2606 = ORIENTED_EDGE('',*,*,#147,.F.);
#2607 = ORIENTED_EDGE('',*,*,#503,.F.);
#2608 = ORIENTED_EDGE('',*,*,#607,.T.);
#2609 = ORIENTED_EDGE('',*,*,#586,.F.);
#2610 = ORIENTED_EDGE('',*,*,#553,.T.);
#2611 = ORIENTED_EDGE('',*,*,#2572,.T.);
#2612 = ORIENTED_EDGE('',*,*,#2230,.F.);
#2613 = ORIENTED_EDGE('',*,*,#2207,.F.);
#2614 = ORIENTED_EDGE('',*,*,#1772,.T.);
#2615 = ORIENTED_EDGE('',*,*,#647,.F.);
#2616 = PLANE('',#2617);
#2617 = AXIS2_PLACEMENT_3D('',#2618,#2619,#2620);
#2618 = CARTESIAN_POINT('',(9.119279826799E-16,13.,2.452044219062));
#2619 = DIRECTION('',(0.,1.,0.));
#2620 = DIRECTION('',(0.,-0.,1.));
#2621 = ADVANCED_FACE('',(#2622,#2634),#2644,.T.);
#2622 = FACE_BOUND('',#2623,.T.);
#2623 = EDGE_LOOP('',(#2624,#2625,#2626,#2627,#2628,#2629,#2630,#2631,
    #2632,#2633));
#2624 = ORIENTED_EDGE('',*,*,#2565,.F.);
#2625 = ORIENTED_EDGE('',*,*,#1602,.F.);
#2626 = ORIENTED_EDGE('',*,*,#2515,.F.);
#2627 = ORIENTED_EDGE('',*,*,#1805,.T.);
#2628 = ORIENTED_EDGE('',*,*,#672,.F.);
#2629 = ORIENTED_EDGE('',*,*,#131,.T.);
#2630 = ORIENTED_EDGE('',*,*,#631,.F.);
#2631 = ORIENTED_EDGE('',*,*,#1755,.T.);
#2632 = ORIENTED_EDGE('',*,*,#2190,.F.);
#2633 = ORIENTED_EDGE('',*,*,#2221,.T.);
#2634 = FACE_BOUND('',#2635,.T.);
#2635 = EDGE_LOOP('',(#2636,#2637,#2638,#2639,#2640,#2641,#2642,#2643));
#2636 = ORIENTED_EDGE('',*,*,#1370,.T.);
#2637 = ORIENTED_EDGE('',*,*,#1568,.T.);
#2638 = ORIENTED_EDGE('',*,*,#1537,.T.);
#2639 = ORIENTED_EDGE('',*,*,#1523,.F.);
#2640 = ORIENTED_EDGE('',*,*,#1475,.F.);
#2641 = ORIENTED_EDGE('',*,*,#1452,.T.);
#2642 = ORIENTED_EDGE('',*,*,#1418,.F.);
#2643 = ORIENTED_EDGE('',*,*,#1393,.F.);
#2644 = PLANE('',#2645);
#2645 = AXIS2_PLACEMENT_3D('',#2646,#2647,#2648);
#2646 = CARTESIAN_POINT('',(21.,7.017854518723E-16,1.968080331413));
#2647 = DIRECTION('',(1.,0.,0.));
#2648 = DIRECTION('',(-0.,0.,1.));
#2649 = ( GEOMETRIC_REPRESENTATION_CONTEXT(3) 
GLOBAL_UNCERTAINTY_ASSIGNED_CONTEXT((#2653)) 
GLOBAL_UNIT_ASSIGNED_CONTEXT((#2650,#2651,#2652)) REPRESENTATION_CONTEXT
('Context #1','3D Context with UNIT and UNCERTAINTY') );
#2650 = ( LENGTH_UNIT() NAMED_UNIT(*) SI_UNIT(.MILLI.,.METRE.) );
#2651 = ( NAMED_UNIT(*) PLANE_ANGLE_UNIT() SI_UNIT($,.RADIAN.) );
#2652 = ( NAMED_UNIT(*) SI_UNIT($,.STERADIAN.) SOLID_ANGLE_UNIT() );
#2653 = UNCERTAINTY_MEASURE_WITH_UNIT(LENGTH_MEASURE(2.E-05),#2650,
  'distance_accuracy_value','confusion accuracy');
#2654 = PRODUCT_RELATED_PRODUCT_CATEGORY('part',$,(#7));
#2655 = MECHANICAL_DESIGN_GEOMETRIC_PRESENTATION_REPRESENTATION('',(
    #2656),#2649);
#2656 = STYLED_ITEM('color',(#2657),#15);
#2657 = PRESENTATION_STYLE_ASSIGNMENT((#2658,#2666));
#2658 = SURFACE_STYLE_USAGE(.BOTH.,#2659);
#2659 = SURFACE_SIDE_STYLE('',(#2660,#2664));
#2660 = SURFACE_STYLE_FILL_AREA(#2661);
#2661 = FILL_AREA_STYLE('',(#2662));
#2662 = FILL_AREA_STYLE_COLOUR('',#2663);
#2663 = COLOUR_RGB('',0.447058818107,0.474509808674,0.501960817233);
#2664 = SURFACE_STYLE_RENDERING_WITH_PROPERTIES(.NORMAL_SHADING.,#2663,(
    #2665));
#2665 = SURFACE_STYLE_TRANSPARENT(0.199999988079);
#2666 = CURVE_STYLE('',#2667,POSITIVE_LENGTH_MEASURE(0.1),#2668);
#2667 = DRAUGHTING_PRE_DEFINED_CURVE_FONT('continuous');
#2668 = COLOUR_RGB('',9.803921802644E-02,9.803921802644E-02,
  9.803921802644E-02);
ENDSEC;
END-ISO-10303-21;
