ISO-10303-21;
HEADER;
FILE_DESCRIPTION(('FreeCAD Model'),'2;1');
FILE_NAME('Open CASCADE Shape Model','2026-09-28T08:56:20',(''),(''),
  'Open CASCADE STEP processor 7.8','FreeCAD','Unknown');
FILE_SCHEMA(('AUTOMOTIVE_DESIGN { 1 0 10303 214 1 1 1 1 }'));
ENDSEC;
DATA;
#1 = APPLICATION_PROTOCOL_DEFINITION('international standard',
  'automotive_design',2000,#2);
#2 = APPLICATION_CONTEXT(
  'core data for automotive mechanical design processes');
#3 = SHAPE_DEFINITION_REPRESENTATION(#4,#10);
#4 = PRODUCT_DEFINITION_SHAPE('','',#5);
#5 = PRODUCT_DEFINITION('design','',#6,#9);
#6 = PRODUCT_DEFINITION_FORMATION('','',#7);
#7 = PRODUCT('bent','bent','',(#8));
#8 = PRODUCT_CONTEXT('',#2,'mechanical');
#9 = PRODUCT_DEFINITION_CONTEXT('part definition',#2,'design');
#10 = ADVANCED_BREP_SHAPE_REPRESENTATION('',(#11,#15),#1926);
#11 = AXIS2_PLACEMENT_3D('',#12,#13,#14);
#12 = CARTESIAN_POINT('',(0.,0.,0.));
#13 = DIRECTION('',(0.,0.,1.));
#14 = DIRECTION('',(1.,0.,-0.));
#15 = MANIFOLD_SOLID_BREP('',#16);
#16 = CLOSED_SHELL('',(#17,#109,#165,#224,#279,#334,#1255,#1259,#1325,
    #1387,#1567,#1574,#1713,#1852,#1922));
#17 = ADVANCED_FACE('',(#18),#32,.T.);
#18 = FACE_BOUND('',#19,.T.);
#19 = EDGE_LOOP('',(#20,#50,#81,#82));
#20 = ORIENTED_EDGE('',*,*,#21,.T.);
#21 = EDGE_CURVE('',#22,#24,#26,.T.);
#22 = VERTEX_POINT('',#23);
#23 = CARTESIAN_POINT('',(0.3,1.861429181382E-13,-7.256687710091E-14));
#24 = VERTEX_POINT('',#25);
#25 = CARTESIAN_POINT('',(0.3,3.673940397442E-17,-5.5));
#26 = SEAM_CURVE('',#27,(#31,#43),.PCURVE_S1.);
#27 = LINE('',#28,#29);
#28 = CARTESIAN_POINT('',(0.3,0.,0.));
#29 = VECTOR('',#30,1.);
#30 = DIRECTION('',(-0.,-0.,-1.));
#31 = PCURVE('',#32,#37);
#32 = CYLINDRICAL_SURFACE('',#33,0.3);
#33 = AXIS2_PLACEMENT_3D('',#34,#35,#36);
#34 = CARTESIAN_POINT('',(0.,0.,0.));
#35 = DIRECTION('',(0.,0.,1.));
#36 = DIRECTION('',(1.,0.,0.));
#37 = DEFINITIONAL_REPRESENTATION('',(#38),#42);
#38 = LINE('',#39,#40);
#39 = CARTESIAN_POINT('',(0.,0.));
#40 = VECTOR('',#41,1.);
#41 = DIRECTION('',(0.,-1.));
#42 = ( GEOMETRIC_REPRESENTATION_CONTEXT(2) 
PARAMETRIC_REPRESENTATION_CONTEXT() REPRESENTATION_CONTEXT('2D SPACE',''
  ) );
#43 = PCURVE('',#32,#44);
#44 = DEFINITIONAL_REPRESENTATION('',(#45),#49);
#45 = LINE('',#46,#47);
#46 = CARTESIAN_POINT('',(6.28318530718,0.));
#47 = VECTOR('',#48,1.);
#48 = DIRECTION('',(0.,-1.));
#49 = ( GEOMETRIC_REPRESENTATION_CONTEXT(2) 
PARAMETRIC_REPRESENTATION_CONTEXT() REPRESENTATION_CONTEXT('2D SPACE',''
  ) );
#50 = ORIENTED_EDGE('',*,*,#51,.T.);
#51 = EDGE_CURVE('',#24,#24,#52,.T.);
#52 = SURFACE_CURVE('',#53,(#58,#65),.PCURVE_S1.);
#53 = CIRCLE('',#54,0.3);
#54 = AXIS2_PLACEMENT_3D('',#55,#56,#57);
#55 = CARTESIAN_POINT('',(0.,0.,-5.5));
#56 = DIRECTION('',(0.,0.,1.));
#57 = DIRECTION('',(1.,0.,0.));
#58 = PCURVE('',#32,#59);
#59 = DEFINITIONAL_REPRESENTATION('',(#60),#64);
#60 = LINE('',#61,#62);
#61 = CARTESIAN_POINT('',(0.,-5.5));
#62 = VECTOR('',#63,1.);
#63 = DIRECTION('',(1.,0.));
#64 = ( GEOMETRIC_REPRESENTATION_CONTEXT(2) 
PARAMETRIC_REPRESENTATION_CONTEXT() REPRESENTATION_CONTEXT('2D SPACE',''
  ) );
#65 = PCURVE('',#66,#75);
#66 = SURFACE_OF_REVOLUTION('',#67,#72);
#67 = CIRCLE('',#68,0.3);
#68 = AXIS2_PLACEMENT_3D('',#69,#70,#71);
#69 = CARTESIAN_POINT('',(0.900000000046,-2.427987769813E-21,
    -5.500010934685));
#70 = DIRECTION('',(-2.429929940057E-05,4.440892097845E-16,
    0.999999999705));
#71 = DIRECTION('',(-0.999999999705,-5.395528335355E-21,
    -2.429929940057E-05));
#72 = AXIS1_PLACEMENT('',#73,#74);
#73 = CARTESIAN_POINT('',(0.449999999957,-2.427987760544E-21,
    -5.500010934685));
#74 = DIRECTION('',(0.,-1.,2.22044604925E-16));
#75 = DEFINITIONAL_REPRESENTATION('',(#76),#80);
#76 = LINE('',#77,#78);
#77 = CARTESIAN_POINT('',(3.14156835429,6.28318530718));
#78 = VECTOR('',#79,1.);
#79 = DIRECTION('',(-0.,-1.));
#80 = ( GEOMETRIC_REPRESENTATION_CONTEXT(2) 
PARAMETRIC_REPRESENTATION_CONTEXT() REPRESENTATION_CONTEXT('2D SPACE',''
  ) );
#81 = ORIENTED_EDGE('',*,*,#21,.F.);
#82 = ORIENTED_EDGE('',*,*,#83,.F.);
#83 = EDGE_CURVE('',#22,#22,#84,.T.);
#84 = SURFACE_CURVE('',#85,(#90,#97),.PCURVE_S1.);
#85 = CIRCLE('',#86,0.3);
#86 = AXIS2_PLACEMENT_3D('',#87,#88,#89);
#87 = CARTESIAN_POINT('',(0.,0.,0.));
#88 = DIRECTION('',(0.,0.,1.));
#89 = DIRECTION('',(1.,0.,0.));
#90 = PCURVE('',#32,#91);
#91 = DEFINITIONAL_REPRESENTATION('',(#92),#96);
#92 = LINE('',#93,#94);
#93 = CARTESIAN_POINT('',(0.,0.));
#94 = VECTOR('',#95,1.);
#95 = DIRECTION('',(1.,0.));
#96 = ( GEOMETRIC_REPRESENTATION_CONTEXT(2) 
PARAMETRIC_REPRESENTATION_CONTEXT() REPRESENTATION_CONTEXT('2D SPACE',''
  ) );
#97 = PCURVE('',#98,#103);
#98 = TOROIDAL_SURFACE('',#99,0.449999999995,0.3);
#99 = AXIS2_PLACEMENT_3D('',#100,#101,#102);
#100 = CARTESIAN_POINT('',(0.449999999995,-1.089572876367E-28,-4.907E-13
    ));
#101 = DIRECTION('',(0.,-1.,2.22044604925E-16));
#102 = DIRECTION('',(1.,-1.842295101908E-32,-8.296959534458E-17));
#103 = DEFINITIONAL_REPRESENTATION('',(#104),#108);
#104 = LINE('',#105,#106);
#105 = CARTESIAN_POINT('',(3.141592653588,3.141592653591));
#106 = VECTOR('',#107,1.);
#107 = DIRECTION('',(0.,1.));
#108 = ( GEOMETRIC_REPRESENTATION_CONTEXT(2) 
PARAMETRIC_REPRESENTATION_CONTEXT() REPRESENTATION_CONTEXT('2D SPACE',''
  ) );
#109 = ADVANCED_FACE('',(#110),#98,.T.);
#110 = FACE_BOUND('',#111,.T.);
#111 = EDGE_LOOP('',(#112,#136,#137,#138));
#112 = ORIENTED_EDGE('',*,*,#113,.T.);
#113 = EDGE_CURVE('',#114,#22,#116,.T.);
#114 = VERTEX_POINT('',#115);
#115 = CARTESIAN_POINT('',(0.449999999995,3.330669073746E-17,
    0.149999999994));
#116 = SEAM_CURVE('',#117,(#122,#129),.PCURVE_S1.);
#117 = CIRCLE('',#118,0.149999999995);
#118 = AXIS2_PLACEMENT_3D('',#119,#120,#121);
#119 = CARTESIAN_POINT('',(0.449999999995,3.270349636506E-13,-4.907E-13)
  );
#120 = DIRECTION('',(0.,-1.,2.22044604925E-16));
#121 = DIRECTION('',(1.,-1.842295101908E-32,-8.296959534458E-17));
#122 = PCURVE('',#98,#123);
#123 = DEFINITIONAL_REPRESENTATION('',(#124),#128);
#124 = LINE('',#125,#126);
#125 = CARTESIAN_POINT('',(0.,3.141592653591));
#126 = VECTOR('',#127,1.);
#127 = DIRECTION('',(1.,0.));
#128 = ( GEOMETRIC_REPRESENTATION_CONTEXT(2) 
PARAMETRIC_REPRESENTATION_CONTEXT() REPRESENTATION_CONTEXT('2D SPACE',''
  ) );
#129 = PCURVE('',#98,#130);
#130 = DEFINITIONAL_REPRESENTATION('',(#131),#135);
#131 = LINE('',#132,#133);
#132 = CARTESIAN_POINT('',(0.,9.42477796077));
#133 = VECTOR('',#134,1.);
#134 = DIRECTION('',(1.,0.));
#135 = ( GEOMETRIC_REPRESENTATION_CONTEXT(2) 
PARAMETRIC_REPRESENTATION_CONTEXT() REPRESENTATION_CONTEXT('2D SPACE',''
  ) );
#136 = ORIENTED_EDGE('',*,*,#83,.T.);
#137 = ORIENTED_EDGE('',*,*,#113,.F.);
#138 = ORIENTED_EDGE('',*,*,#139,.T.);
#139 = EDGE_CURVE('',#114,#114,#140,.T.);
#140 = SURFACE_CURVE('',#141,(#146,#153),.PCURVE_S1.);
#141 = CIRCLE('',#142,0.3);
#142 = AXIS2_PLACEMENT_3D('',#143,#144,#145);
#143 = CARTESIAN_POINT('',(0.449999999994,9.992007221494E-17,
    0.449999999994));
#144 = DIRECTION('',(-1.,0.,0.));
#145 = DIRECTION('',(-0.,-2.22044604925E-16,-1.));
#146 = PCURVE('',#98,#147);
#147 = DEFINITIONAL_REPRESENTATION('',(#148),#152);
#148 = LINE('',#149,#150);
#149 = CARTESIAN_POINT('',(1.570796326796,9.42477796077));
#150 = VECTOR('',#151,1.);
#151 = DIRECTION('',(-0.,-1.));
#152 = ( GEOMETRIC_REPRESENTATION_CONTEXT(2) 
PARAMETRIC_REPRESENTATION_CONTEXT() REPRESENTATION_CONTEXT('2D SPACE',''
  ) );
#153 = PCURVE('',#154,#159);
#154 = CYLINDRICAL_SURFACE('',#155,0.3);
#155 = AXIS2_PLACEMENT_3D('',#156,#157,#158);
#156 = CARTESIAN_POINT('',(0.449999999994,9.992007221494E-17,
    0.449999999994));
#157 = DIRECTION('',(-1.,0.,0.));
#158 = DIRECTION('',(-0.,-2.22044604925E-16,-1.));
#159 = DEFINITIONAL_REPRESENTATION('',(#160),#164);
#160 = LINE('',#161,#162);
#161 = CARTESIAN_POINT('',(0.,-0.));
#162 = VECTOR('',#163,1.);
#163 = DIRECTION('',(1.,0.));
#164 = ( GEOMETRIC_REPRESENTATION_CONTEXT(2) 
PARAMETRIC_REPRESENTATION_CONTEXT() REPRESENTATION_CONTEXT('2D SPACE',''
  ) );
#165 = ADVANCED_FACE('',(#166),#66,.F.);
#166 = FACE_BOUND('',#167,.F.);
#167 = EDGE_LOOP('',(#168,#192,#222,#223));
#168 = ORIENTED_EDGE('',*,*,#169,.T.);
#169 = EDGE_CURVE('',#24,#170,#172,.T.);
#170 = VERTEX_POINT('',#171);
#171 = CARTESIAN_POINT('',(0.449989065272,-3.330911871689E-17,
    -5.650010934641));
#172 = SEAM_CURVE('',#173,(#178,#185),.PCURVE_S1.);
#173 = CIRCLE('',#174,0.150000000355);
#174 = AXIS2_PLACEMENT_3D('',#175,#176,#177);
#175 = CARTESIAN_POINT('',(0.449999999957,-2.427987760629E-21,
    -5.500010934685));
#176 = DIRECTION('',(0.,-1.,2.22044604925E-16));
#177 = DIRECTION('',(0.999999998819,-1.079105670638E-20,
    -4.859859896179E-05));
#178 = PCURVE('',#66,#179);
#179 = DEFINITIONAL_REPRESENTATION('',(#180),#184);
#180 = LINE('',#181,#182);
#181 = CARTESIAN_POINT('',(0.,0.));
#182 = VECTOR('',#183,1.);
#183 = DIRECTION('',(1.,0.));
#184 = ( GEOMETRIC_REPRESENTATION_CONTEXT(2) 
PARAMETRIC_REPRESENTATION_CONTEXT() REPRESENTATION_CONTEXT('2D SPACE',''
  ) );
#185 = PCURVE('',#66,#186);
#186 = DEFINITIONAL_REPRESENTATION('',(#187),#191);
#187 = LINE('',#188,#189);
#188 = CARTESIAN_POINT('',(0.,6.28318530718));
#189 = VECTOR('',#190,1.);
#190 = DIRECTION('',(1.,0.));
#191 = ( GEOMETRIC_REPRESENTATION_CONTEXT(2) 
PARAMETRIC_REPRESENTATION_CONTEXT() REPRESENTATION_CONTEXT('2D SPACE',''
  ) );
#192 = ORIENTED_EDGE('',*,*,#193,.T.);
#193 = EDGE_CURVE('',#170,#170,#194,.T.);
#194 = SURFACE_CURVE('',#195,(#200,#207),.PCURVE_S1.);
#195 = CIRCLE('',#196,0.3);
#196 = AXIS2_PLACEMENT_3D('',#197,#198,#199);
#197 = CARTESIAN_POINT('',(0.449989065272,-9.99225001944E-17,
    -5.950010934641));
#198 = DIRECTION('',(1.,2.22044604925E-16,2.037973807181E-14));
#199 = DIRECTION('',(-2.037973807181E-14,2.22044604925E-16,1.));
#200 = PCURVE('',#66,#201);
#201 = DEFINITIONAL_REPRESENTATION('',(#202),#206);
#202 = LINE('',#203,#204);
#203 = CARTESIAN_POINT('',(4.712364681085,0.));
#204 = VECTOR('',#205,1.);
#205 = DIRECTION('',(0.,1.));
#206 = ( GEOMETRIC_REPRESENTATION_CONTEXT(2) 
PARAMETRIC_REPRESENTATION_CONTEXT() REPRESENTATION_CONTEXT('2D SPACE',''
  ) );
#207 = PCURVE('',#208,#216);
#208 = SURFACE_OF_LINEAR_EXTRUSION('',#209,#214);
#209 = CIRCLE('',#210,0.3);
#210 = AXIS2_PLACEMENT_3D('',#211,#212,#213);
#211 = CARTESIAN_POINT('',(3.449989064387,-9.99386867795E-17,
    -5.95008383254));
#212 = DIRECTION('',(1.,2.22044604925E-16,2.036687333541E-14));
#213 = DIRECTION('',(-2.036687333541E-14,2.22044604925E-16,1.));
#214 = VECTOR('',#215,1.);
#215 = DIRECTION('',(0.999999999705,-5.395528363863E-21,
    -2.429929952896E-05));
#216 = DEFINITIONAL_REPRESENTATION('',(#217),#221);
#217 = LINE('',#218,#219);
#218 = CARTESIAN_POINT('',(0.,-3.));
#219 = VECTOR('',#220,1.);
#220 = DIRECTION('',(1.,0.));
#221 = ( GEOMETRIC_REPRESENTATION_CONTEXT(2) 
PARAMETRIC_REPRESENTATION_CONTEXT() REPRESENTATION_CONTEXT('2D SPACE',''
  ) );
#222 = ORIENTED_EDGE('',*,*,#169,.F.);
#223 = ORIENTED_EDGE('',*,*,#51,.T.);
#224 = ADVANCED_FACE('',(#225),#154,.T.);
#225 = FACE_BOUND('',#226,.T.);
#226 = EDGE_LOOP('',(#227,#250,#251,#252));
#227 = ORIENTED_EDGE('',*,*,#228,.T.);
#228 = EDGE_CURVE('',#229,#114,#231,.T.);
#229 = VERTEX_POINT('',#230);
#230 = CARTESIAN_POINT('',(0.750000000005,1.663463871017E-16,
    0.149999999994));
#231 = SEAM_CURVE('',#232,(#236,#243),.PCURVE_S1.);
#232 = LINE('',#233,#234);
#233 = CARTESIAN_POINT('',(0.449999999994,1.067854986863E-16,
    0.149999999994));
#234 = VECTOR('',#235,1.);
#235 = DIRECTION('',(-1.,0.,0.));
#236 = PCURVE('',#154,#237);
#237 = DEFINITIONAL_REPRESENTATION('',(#238),#242);
#238 = LINE('',#239,#240);
#239 = CARTESIAN_POINT('',(6.28318530718,0.));
#240 = VECTOR('',#241,1.);
#241 = DIRECTION('',(0.,1.));
#242 = ( GEOMETRIC_REPRESENTATION_CONTEXT(2) 
PARAMETRIC_REPRESENTATION_CONTEXT() REPRESENTATION_CONTEXT('2D SPACE',''
  ) );
#243 = PCURVE('',#154,#244);
#244 = DEFINITIONAL_REPRESENTATION('',(#245),#249);
#245 = LINE('',#246,#247);
#246 = CARTESIAN_POINT('',(0.,0.));
#247 = VECTOR('',#248,1.);
#248 = DIRECTION('',(0.,1.));
#249 = ( GEOMETRIC_REPRESENTATION_CONTEXT(2) 
PARAMETRIC_REPRESENTATION_CONTEXT() REPRESENTATION_CONTEXT('2D SPACE',''
  ) );
#250 = ORIENTED_EDGE('',*,*,#139,.F.);
#251 = ORIENTED_EDGE('',*,*,#228,.F.);
#252 = ORIENTED_EDGE('',*,*,#253,.T.);
#253 = EDGE_CURVE('',#229,#229,#254,.T.);
#254 = SURFACE_CURVE('',#255,(#260,#267),.PCURVE_S1.);
#255 = CIRCLE('',#256,0.3);
#256 = AXIS2_PLACEMENT_3D('',#257,#258,#259);
#257 = CARTESIAN_POINT('',(0.750000000008,9.992007221494E-17,
    0.449999999994));
#258 = DIRECTION('',(-1.,0.,0.));
#259 = DIRECTION('',(-0.,-2.22044604925E-16,-1.));
#260 = PCURVE('',#154,#261);
#261 = DEFINITIONAL_REPRESENTATION('',(#262),#266);
#262 = LINE('',#263,#264);
#263 = CARTESIAN_POINT('',(0.,-0.300000000013));
#264 = VECTOR('',#265,1.);
#265 = DIRECTION('',(1.,0.));
#266 = ( GEOMETRIC_REPRESENTATION_CONTEXT(2) 
PARAMETRIC_REPRESENTATION_CONTEXT() REPRESENTATION_CONTEXT('2D SPACE',''
  ) );
#267 = PCURVE('',#268,#273);
#268 = TOROIDAL_SURFACE('',#269,0.45,0.3);
#269 = AXIS2_PLACEMENT_3D('',#270,#271,#272);
#270 = CARTESIAN_POINT('',(0.75000000001,0.45,0.449999999994));
#271 = DIRECTION('',(0.,0.,1.));
#272 = DIRECTION('',(1.,2.467162276942E-16,0.));
#273 = DEFINITIONAL_REPRESENTATION('',(#274),#278);
#274 = LINE('',#275,#276);
#275 = CARTESIAN_POINT('',(4.712388980368,4.712388980385));
#276 = VECTOR('',#277,1.);
#277 = DIRECTION('',(0.,1.));
#278 = ( GEOMETRIC_REPRESENTATION_CONTEXT(2) 
PARAMETRIC_REPRESENTATION_CONTEXT() REPRESENTATION_CONTEXT('2D SPACE',''
  ) );
#279 = ADVANCED_FACE('',(#280),#208,.T.);
#280 = FACE_BOUND('',#281,.T.);
#281 = EDGE_LOOP('',(#282,#305,#332,#333));
#282 = ORIENTED_EDGE('',*,*,#283,.T.);
#283 = EDGE_CURVE('',#170,#284,#286,.T.);
#284 = VERTEX_POINT('',#285);
#285 = CARTESIAN_POINT('',(3.449989064387,3.414098672433E-18,
    -5.65008383254));
#286 = SEAM_CURVE('',#287,(#291,#298),.PCURVE_S1.);
#287 = LINE('',#288,#289);
#288 = CARTESIAN_POINT('',(3.449989064387,-3.332530530199E-17,
    -5.65008383254));
#289 = VECTOR('',#290,1.);
#290 = DIRECTION('',(0.999999999705,-5.395528363863E-21,
    -2.429929952896E-05));
#291 = PCURVE('',#208,#292);
#292 = DEFINITIONAL_REPRESENTATION('',(#293),#297);
#293 = LINE('',#294,#295);
#294 = CARTESIAN_POINT('',(6.28318530718,0.));
#295 = VECTOR('',#296,1.);
#296 = DIRECTION('',(0.,1.));
#297 = ( GEOMETRIC_REPRESENTATION_CONTEXT(2) 
PARAMETRIC_REPRESENTATION_CONTEXT() REPRESENTATION_CONTEXT('2D SPACE',''
  ) );
#298 = PCURVE('',#208,#299);
#299 = DEFINITIONAL_REPRESENTATION('',(#300),#304);
#300 = LINE('',#301,#302);
#301 = CARTESIAN_POINT('',(0.,0.));
#302 = VECTOR('',#303,1.);
#303 = DIRECTION('',(0.,1.));
#304 = ( GEOMETRIC_REPRESENTATION_CONTEXT(2) 
PARAMETRIC_REPRESENTATION_CONTEXT() REPRESENTATION_CONTEXT('2D SPACE',''
  ) );
#305 = ORIENTED_EDGE('',*,*,#306,.F.);
#306 = EDGE_CURVE('',#284,#284,#307,.T.);
#307 = SURFACE_CURVE('',#308,(#313,#320),.PCURVE_S1.);
#308 = CIRCLE('',#309,0.3);
#309 = AXIS2_PLACEMENT_3D('',#310,#311,#312);
#310 = CARTESIAN_POINT('',(3.449989064387,-9.99386867795E-17,
    -5.95008383254));
#311 = DIRECTION('',(1.,2.22044604925E-16,2.036687333541E-14));
#312 = DIRECTION('',(-2.036687333541E-14,2.22044604925E-16,1.));
#313 = PCURVE('',#208,#314);
#314 = DEFINITIONAL_REPRESENTATION('',(#315),#319);
#315 = LINE('',#316,#317);
#316 = CARTESIAN_POINT('',(0.,-0.));
#317 = VECTOR('',#318,1.);
#318 = DIRECTION('',(1.,0.));
#319 = ( GEOMETRIC_REPRESENTATION_CONTEXT(2) 
PARAMETRIC_REPRESENTATION_CONTEXT() REPRESENTATION_CONTEXT('2D SPACE',''
  ) );
#320 = PCURVE('',#321,#326);
#321 = PLANE('',#322);
#322 = AXIS2_PLACEMENT_3D('',#323,#324,#325);
#323 = CARTESIAN_POINT('',(3.449989064387,-8.902152577823E-17,
    -5.95008383254));
#324 = DIRECTION('',(1.,0.,2.072416312634E-14));
#325 = DIRECTION('',(-2.072416312634E-14,0.,1.));
#326 = DEFINITIONAL_REPRESENTATION('',(#327),#331);
#327 = CIRCLE('',#328,0.3);
#328 = AXIS2_PLACEMENT_2D('',#329,#330);
#329 = CARTESIAN_POINT('',(0.,1.091716100126E-17));
#330 = DIRECTION('',(1.,-2.22044604925E-16));
#331 = ( GEOMETRIC_REPRESENTATION_CONTEXT(2) 
PARAMETRIC_REPRESENTATION_CONTEXT() REPRESENTATION_CONTEXT('2D SPACE',''
  ) );
#332 = ORIENTED_EDGE('',*,*,#283,.F.);
#333 = ORIENTED_EDGE('',*,*,#193,.T.);
#334 = ADVANCED_FACE('',(#335),#268,.T.);
#335 = FACE_BOUND('',#336,.T.);
#336 = EDGE_LOOP('',(#337,#338,#362,#408,#572,#799,#910,#1092,#1254));
#337 = ORIENTED_EDGE('',*,*,#253,.F.);
#338 = ORIENTED_EDGE('',*,*,#339,.T.);
#339 = EDGE_CURVE('',#229,#340,#342,.T.);
#340 = VERTEX_POINT('',#341);
#341 = CARTESIAN_POINT('',(1.199977531605,0.44550321668,0.149999999994)
  );
#342 = SEAM_CURVE('',#343,(#348,#355),.PCURVE_S1.);
#343 = CIRCLE('',#344,0.45);
#344 = AXIS2_PLACEMENT_3D('',#345,#346,#347);
#345 = CARTESIAN_POINT('',(0.75000000001,0.45,0.149999999994));
#346 = DIRECTION('',(0.,-0.,1.));
#347 = DIRECTION('',(1.,2.467162276942E-16,0.));
#348 = PCURVE('',#268,#349);
#349 = DEFINITIONAL_REPRESENTATION('',(#350),#354);
#350 = LINE('',#351,#352);
#351 = CARTESIAN_POINT('',(0.,10.995574287564));
#352 = VECTOR('',#353,1.);
#353 = DIRECTION('',(1.,0.));
#354 = ( GEOMETRIC_REPRESENTATION_CONTEXT(2) 
PARAMETRIC_REPRESENTATION_CONTEXT() REPRESENTATION_CONTEXT('2D SPACE',''
  ) );
#355 = PCURVE('',#268,#356);
#356 = DEFINITIONAL_REPRESENTATION('',(#357),#361);
#357 = LINE('',#358,#359);
#358 = CARTESIAN_POINT('',(0.,4.712388980385));
#359 = VECTOR('',#360,1.);
#360 = DIRECTION('',(1.,0.));
#361 = ( GEOMETRIC_REPRESENTATION_CONTEXT(2) 
PARAMETRIC_REPRESENTATION_CONTEXT() REPRESENTATION_CONTEXT('2D SPACE',''
  ) );
#362 = ORIENTED_EDGE('',*,*,#363,.T.);
#363 = EDGE_CURVE('',#340,#364,#366,.T.);
#364 = VERTEX_POINT('',#365);
#365 = CARTESIAN_POINT('',(1.499978929984,0.44437820353,0.450000008128)
  );
#366 = SURFACE_CURVE('',#367,(#377,#390),.PCURVE_S1.);
#367 = B_SPLINE_CURVE_WITH_KNOTS('',8,(#368,#369,#370,#371,#372,#373,
    #374,#375,#376),.UNSPECIFIED.,.F.,.F.,(9,9),(0.,1.),
  .PIECEWISE_BEZIER_KNOTS.);
#368 = CARTESIAN_POINT('',(1.199977531605,0.44550321668,0.149999999994)
  );
#369 = CARTESIAN_POINT('',(1.25886416769,0.445282390243,0.149999999994)
  );
#370 = CARTESIAN_POINT('',(1.317805600332,0.445061358317,0.163209597381)
  );
#371 = CARTESIAN_POINT('',(1.373261215178,0.4448533983,0.189673095454));
#372 = CARTESIAN_POINT('',(1.42173983183,0.44467160221,0.228238368937));
#373 = CARTESIAN_POINT('',(1.460305314419,0.444526980634,0.276716792695)
  );
#374 = CARTESIAN_POINT('',(1.486769081267,0.444427740811,0.332172231997)
  );
#375 = CARTESIAN_POINT('',(1.499978931581,0.444378203524,0.391113537972)
  );
#376 = CARTESIAN_POINT('',(1.499978929984,0.44437820353,0.450000008128)
  );
#377 = PCURVE('',#268,#378);
#378 = DEFINITIONAL_REPRESENTATION('',(#379),#389);
#379 = B_SPLINE_CURVE_WITH_KNOTS('',8,(#380,#381,#382,#383,#384,#385,
    #386,#387,#388),.UNSPECIFIED.,.F.,.F.,(9,9),(0.,1.),
  .PIECEWISE_BEZIER_KNOTS.);
#380 = CARTESIAN_POINT('',(6.27319228904,4.712388980385));
#381 = CARTESIAN_POINT('',(6.274009244634,4.908675322297));
#382 = CARTESIAN_POINT('',(6.274582541872,5.105145929067));
#383 = CARTESIAN_POINT('',(6.274990721585,5.301518435333));
#384 = CARTESIAN_POINT('',(6.275286139269,5.497785541918));
#385 = CARTESIAN_POINT('',(6.275491185879,5.694052751384));
#386 = CARTESIAN_POINT('',(6.275623571666,5.890425614026));
#387 = CARTESIAN_POINT('',(6.275689508366,6.086897100439));
#388 = CARTESIAN_POINT('',(6.275689508358,6.283185334293));
#389 = ( GEOMETRIC_REPRESENTATION_CONTEXT(2) 
PARAMETRIC_REPRESENTATION_CONTEXT() REPRESENTATION_CONTEXT('2D SPACE',''
  ) );
#390 = PCURVE('',#391,#396);
#391 = PLANE('',#392);
#392 = AXIS2_PLACEMENT_3D('',#393,#394,#395);
#393 = CARTESIAN_POINT('',(1.20167906246,0.445496835895,0.449552375668)
  );
#394 = DIRECTION('',(3.749999987937E-03,0.999992968725,
    -5.288738197152E-16));
#395 = DIRECTION('',(0.999992968725,-3.749999987937E-03,
    -3.969494122918E-15));
#396 = DEFINITIONAL_REPRESENTATION('',(#397),#407);
#397 = B_SPLINE_CURVE_WITH_KNOTS('',8,(#398,#399,#400,#401,#402,#403,
    #404,#405,#406),.UNSPECIFIED.,.F.,.F.,(9,9),(0.,1.),
  .PIECEWISE_BEZIER_KNOTS.);
#398 = CARTESIAN_POINT('',(-1.701542818975E-03,0.299552375674));
#399 = CARTESIAN_POINT('',(5.718550731732E-02,0.299552375674));
#400 = CARTESIAN_POINT('',(0.116127354395,0.286342778288));
#401 = CARTESIAN_POINT('',(0.171583359168,0.259879280214));
#402 = CARTESIAN_POINT('',(0.220062316688,0.221314006732));
#403 = CARTESIAN_POINT('',(0.258628070444,0.172835582974));
#404 = CARTESIAN_POINT('',(0.285092023367,0.117380143671));
#405 = CARTESIAN_POINT('',(0.298301966564,5.843883769638E-02));
#406 = CARTESIAN_POINT('',(0.298301964967,-4.47632459665E-04));
#407 = ( GEOMETRIC_REPRESENTATION_CONTEXT(2) 
PARAMETRIC_REPRESENTATION_CONTEXT() REPRESENTATION_CONTEXT('2D SPACE',''
  ) );
#408 = ORIENTED_EDGE('',*,*,#409,.T.);
#409 = EDGE_CURVE('',#364,#410,#412,.T.);
#410 = VERTEX_POINT('',#411);
#411 = CARTESIAN_POINT('',(1.277206054715,0.445213607683,0.739889409515)
  );
#412 = SURFACE_CURVE('',#413,(#464,#518),.PCURVE_S1.);
#413 = B_SPLINE_CURVE_WITH_KNOTS('',7,(#414,#415,#416,#417,#418,#419,
    #420,#421,#422,#423,#424,#425,#426,#427,#428,#429,#430,#431,#432,
    #433,#434,#435,#436,#437,#438,#439,#440,#441,#442,#443,#444,#445,
    #446,#447,#448,#449,#450,#451,#452,#453,#454,#455,#456,#457,#458,
    #459,#460,#461,#462,#463),.UNSPECIFIED.,.F.,.F.,(8,6,6,6,6,6,6,6,8),
  (0.,0.227498337701,0.455487467904,0.511490745117,0.54749340404,
    0.667498213896,0.78581259349,0.87781837491,1.),.UNSPECIFIED.);
#414 = CARTESIAN_POINT('',(1.499978929984,0.44437820353,0.450000008128)
  );
#415 = CARTESIAN_POINT('',(1.499978928739,0.444378203535,0.495944907643)
  );
#416 = CARTESIAN_POINT('',(1.491769647617,0.444408988555,0.541900792298)
  );
#417 = CARTESIAN_POINT('',(1.475344589007,0.444470582958,0.586086729907)
  );
#418 = CARTESIAN_POINT('',(1.451188913479,0.444561167378,0.626746658798)
  );
#419 = CARTESIAN_POINT('',(1.420239397912,0.444677228877,0.662303741956)
  );
#420 = CARTESIAN_POINT('',(1.383806208272,0.444813854298,0.69149205002)
  );
#421 = CARTESIAN_POINT('',(1.303019717537,0.445116805768,0.735486500708)
  );
#422 = CARTESIAN_POINT('',(1.258630361894,0.445283267021,0.750272086679)
  );
#423 = CARTESIAN_POINT('',(1.211857795777,0.445458665377,0.756959176456)
  );
#424 = CARTESIAN_POINT('',(1.164492399791,0.44563628686,0.755132528395)
  );
#425 = CARTESIAN_POINT('',(1.118373744678,0.445809233032,0.744863144366)
  );
#426 = CARTESIAN_POINT('',(1.075254870905,0.445970929945,0.726703307985)
  );
#427 = CARTESIAN_POINT('',(1.027146872993,0.446151336205,0.695476965876)
  );
#428 = CARTESIAN_POINT('',(1.017930764588,0.446185896855,0.688901861499)
  );
#429 = CARTESIAN_POINT('',(1.009007604808,0.446219358939,0.68192390167)
  );
#430 = CARTESIAN_POINT('',(1.000398431663,0.446251643565,0.674558816324)
  );
#431 = CARTESIAN_POINT('',(0.992123156998,0.446282676063,0.666823648263)
  );
#432 = CARTESIAN_POINT('',(0.984200566497,0.446312385987,0.65873675316)
  );
#433 = CARTESIAN_POINT('',(0.971793229414,0.446358913828,0.64490553209)
  );
#434 = CARTESIAN_POINT('',(0.967091164534,0.446376546695,0.639356003043)
  );
#435 = CARTESIAN_POINT('',(0.962546793355,0.446393588207,0.633674420467)
  );
#436 = CARTESIAN_POINT('',(0.958164548311,0.446410021741,0.627866169576)
  );
#437 = CARTESIAN_POINT('',(0.953948625949,0.446425831561,0.621936812739)
  );
#438 = CARTESIAN_POINT('',(0.949902986937,0.446441002814,0.615892089482)
  );
#439 = CARTESIAN_POINT('',(0.933126355676,0.446503915623,0.589224699361)
  );
#440 = CARTESIAN_POINT('',(0.92215435701,0.446545060907,0.567495005192)
  );
#441 = CARTESIAN_POINT('',(0.913253372539,0.446578439834,0.54476783235)
  );
#442 = CARTESIAN_POINT('',(0.906529854297,0.446603653204,0.521281159814)
  );
#443 = CARTESIAN_POINT('',(0.902055999883,0.446620430276,0.497285993876)
  );
#444 = CARTESIAN_POINT('',(0.899867931291,0.446628635591,0.473040806636)
  );
#445 = CARTESIAN_POINT('',(0.900059669495,0.446627916568,0.424910756256)
  );
#446 = CARTESIAN_POINT('',(0.902375568504,0.446619231886,0.401024956752)
  );
#447 = CARTESIAN_POINT('',(0.906911296873,0.446602222785,0.377396328705)
  );
#448 = CARTESIAN_POINT('',(0.913630770126,0.446577024583,0.354272285165)
  );
#449 = CARTESIAN_POINT('',(0.922463867785,0.446543900234,0.331893021024)
  );
#450 = CARTESIAN_POINT('',(0.933308148045,0.446503233897,0.310486327853)
  );
#451 = CARTESIAN_POINT('',(0.955925431924,0.446418418486,0.27453490151)
  );
#452 = CARTESIAN_POINT('',(0.966955911098,0.446377053899,0.259522464257)
  );
#453 = CARTESIAN_POINT('',(0.979060795981,0.446331660261,0.245323448894)
  );
#454 = CARTESIAN_POINT('',(0.992167370411,0.446282510262,0.232029549847)
  );
#455 = CARTESIAN_POINT('',(1.006193372202,0.446229912386,0.219724253962)
  );
#456 = CARTESIAN_POINT('',(1.021048152596,0.446174206568,0.208481636466)
  );
#457 = CARTESIAN_POINT('',(1.057331275169,0.446038143902,0.184930697769)
  );
#458 = CARTESIAN_POINT('',(1.079318256057,0.445955692144,0.173481775188)
  );
#459 = CARTESIAN_POINT('',(1.102365573681,0.445869264095,0.164167799977)
  );
#460 = CARTESIAN_POINT('',(1.126223014411,0.445779798064,0.157103654699)
  );
#461 = CARTESIAN_POINT('',(1.150625961712,0.445688286368,0.15236773651)
  );
#462 = CARTESIAN_POINT('',(1.175302002185,0.445595750566,0.149999999994)
  );
#463 = CARTESIAN_POINT('',(1.199977531605,0.44550321668,0.149999999994)
  );
#464 = PCURVE('',#268,#465);
#465 = DEFINITIONAL_REPRESENTATION('',(#466),#517);
#466 = B_SPLINE_CURVE_WITH_KNOTS('',7,(#467,#468,#469,#470,#471,#472,
    #473,#474,#475,#476,#477,#478,#479,#480,#481,#482,#483,#484,#485,
    #486,#487,#488,#489,#490,#491,#492,#493,#494,#495,#496,#497,#498,
    #499,#500,#501,#502,#503,#504,#505,#506,#507,#508,#509,#510,#511,
    #512,#513,#514,#515,#516),.UNSPECIFIED.,.F.,.F.,(8,6,6,6,6,6,6,6,8),
  (0.,0.227498337701,0.455487467904,0.511490745117,0.54749340404,
    0.667498213896,0.78581259349,0.87781837491,1.),.UNSPECIFIED.);
#467 = CARTESIAN_POINT('',(6.275689508358,6.283185334293));
#468 = CARTESIAN_POINT('',(6.275689508352,6.436334999341));
#469 = CARTESIAN_POINT('',(6.275648504185,6.589520162553));
#470 = CARTESIAN_POINT('',(6.275566485802,6.74267781174));
#471 = CARTESIAN_POINT('',(6.275440158728,6.895818129192));
#472 = CARTESIAN_POINT('',(6.275262978455,7.048975684705));
#473 = CARTESIAN_POINT('',(6.275023436443,7.202160626273));
#474 = CARTESIAN_POINT('',(6.274379064748,7.508789506388));
#475 = CARTESIAN_POINT('',(6.27397350926,7.662304987554));
#476 = CARTESIAN_POINT('',(6.273466301489,7.815791843151));
#477 = CARTESIAN_POINT('',(6.27282297467,7.969261796957));
#478 = CARTESIAN_POINT('',(6.272014095162,8.122747426313));
#479 = CARTESIAN_POINT('',(6.270955281323,8.276259957793));
#480 = CARTESIAN_POINT('',(6.269310570417,8.467433938015));
#481 = CARTESIAN_POINT('',(6.268970547055,8.505133315912));
#482 = CARTESIAN_POINT('',(6.268614453329,8.542832563484));
#483 = CARTESIAN_POINT('',(6.268242470133,8.580531670977));
#484 = CARTESIAN_POINT('',(6.267855343102,8.618230635389));
#485 = CARTESIAN_POINT('',(6.267454382607,8.655929460473));
#486 = CARTESIAN_POINT('',(6.266776011857,8.717863404577));
#487 = CARTESIAN_POINT('',(6.266505671097,8.742098605308));
#488 = CARTESIAN_POINT('',(6.266230984097,8.766333763147));
#489 = CARTESIAN_POINT('',(6.265952678328,8.790568884716));
#490 = CARTESIAN_POINT('',(6.265671666123,8.814803979042));
#491 = CARTESIAN_POINT('',(6.26538904467,8.839039057552));
#492 = CARTESIAN_POINT('',(6.264162965701,8.944054994086));
#493 = CARTESIAN_POINT('',(6.263216059565,9.024837313487));
#494 = CARTESIAN_POINT('',(6.262315106923,9.105619348041));
#495 = CARTESIAN_POINT('',(6.261527436421,9.186401999277));
#496 = CARTESIAN_POINT('',(6.260966551786,9.26718703872));
#497 = CARTESIAN_POINT('',(6.260693539288,9.347974641666));
#498 = CARTESIAN_POINT('',(6.260717479009,9.508409415564));
#499 = CARTESIAN_POINT('',(6.261006462938,9.588058857367));
#500 = CARTESIAN_POINT('',(6.261572013037,9.667705829526));
#501 = CARTESIAN_POINT('',(6.26235316589,9.747350514813));
#502 = CARTESIAN_POINT('',(6.263242750924,9.826994580893));
#503 = CARTESIAN_POINT('',(6.264176251675,9.906638895469));
#504 = CARTESIAN_POINT('',(6.265829180202,10.048215288382));
#505 = CARTESIAN_POINT('',(6.266550225677,10.110149096991));
#506 = CARTESIAN_POINT('',(6.267247298589,10.172082869103));
#507 = CARTESIAN_POINT('',(6.267907940089,10.234016831432));
#508 = CARTESIAN_POINT('',(6.268526599797,10.295951379397));
#509 = CARTESIAN_POINT('',(6.269102068299,10.357886593018));
#510 = CARTESIAN_POINT('',(6.270342511071,10.502070263272));
#511 = CARTESIAN_POINT('',(6.270974712522,10.584320962114));
#512 = CARTESIAN_POINT('',(6.271534226596,10.666570986238));
#513 = CARTESIAN_POINT('',(6.272027710058,10.74882066536));
#514 = CARTESIAN_POINT('',(6.272463601082,10.83107140132));
#515 = CARTESIAN_POINT('',(6.272849956499,10.913323547387));
#516 = CARTESIAN_POINT('',(6.27319228904,10.995574287564));
#517 = ( GEOMETRIC_REPRESENTATION_CONTEXT(2) 
PARAMETRIC_REPRESENTATION_CONTEXT() REPRESENTATION_CONTEXT('2D SPACE',''
  ) );
#518 = PCURVE('',#391,#519);
#519 = DEFINITIONAL_REPRESENTATION('',(#520),#571);
#520 = B_SPLINE_CURVE_WITH_KNOTS('',7,(#521,#522,#523,#524,#525,#526,
    #527,#528,#529,#530,#531,#532,#533,#534,#535,#536,#537,#538,#539,
    #540,#541,#542,#543,#544,#545,#546,#547,#548,#549,#550,#551,#552,
    #553,#554,#555,#556,#557,#558,#559,#560,#561,#562,#563,#564,#565,
    #566,#567,#568,#569,#570),.UNSPECIFIED.,.F.,.F.,(8,6,6,6,6,6,6,6,8),
  (0.,0.227498337701,0.455487467904,0.511490745117,0.54749340404,
    0.667498213896,0.78581259349,0.87781837491,1.),.UNSPECIFIED.);
#521 = CARTESIAN_POINT('',(0.298301964967,-4.47632459665E-04));
#522 = CARTESIAN_POINT('',(0.298301963722,-4.639253197423E-02));
#523 = CARTESIAN_POINT('',(0.290092624878,-9.234841662952E-02));
#524 = CARTESIAN_POINT('',(0.273667450778,-0.136534354239));
#525 = CARTESIAN_POINT('',(0.249511605403,-0.17719428313));
#526 = CARTESIAN_POINT('',(0.218561872221,-0.212751366288));
#527 = CARTESIAN_POINT('',(0.182128426407,-0.241939674352));
#528 = CARTESIAN_POINT('',(0.101341367636,-0.285934125039));
#529 = CARTESIAN_POINT('',(5.695169987706E-02,-0.300719711011));
#530 = CARTESIAN_POINT('',(1.017880488683E-02,-0.307406800787));
#531 = CARTESIAN_POINT('',(-3.718692414069E-02,-0.305580152727));
#532 = CARTESIAN_POINT('',(-8.330590352888E-02,-0.295310768698));
#533 = CARTESIAN_POINT('',(-0.126425080485,-0.277150932317));
#534 = CARTESIAN_POINT('',(-0.174533416659,-0.245924590208));
#535 = CARTESIAN_POINT('',(-0.183749589866,-0.239349485831));
#536 = CARTESIAN_POINT('',(-0.192672812387,-0.232371526002));
#537 = CARTESIAN_POINT('',(-0.201282046066,-0.225006440655));
#538 = CARTESIAN_POINT('',(-0.209557378917,-0.217271272594));
#539 = CARTESIAN_POINT('',(-0.217480025125,-0.209184377491));
#540 = CARTESIAN_POINT('',(-0.229887449448,-0.195353156421));
#541 = CARTESIAN_POINT('',(-0.23458954739,-0.189803627374));
#542 = CARTESIAN_POINT('',(-0.239133950521,-0.184122044799));
#543 = CARTESIAN_POINT('',(-0.243516226379,-0.178313793908));
#544 = CARTESIAN_POINT('',(-0.247732178384,-0.17238443707));
#545 = CARTESIAN_POINT('',(-0.251777845842,-0.166339713814));
#546 = CARTESIAN_POINT('',(-0.268554595065,-0.139672323693));
#547 = CARTESIAN_POINT('',(-0.279526670879,-0.117942629524));
#548 = CARTESIAN_POINT('',(-0.288427717936,-9.521545668148E-02));
#549 = CARTESIAN_POINT('',(-0.295151283453,-7.172878414558E-02));
#550 = CARTESIAN_POINT('',(-0.299625169324,-4.773361820777E-02));
#551 = CARTESIAN_POINT('',(-0.301813253301,-2.348843096785E-02));
#552 = CARTESIAN_POINT('',(-0.301621513749,2.464161941272E-02));
#553 = CARTESIAN_POINT('',(-0.299305598456,4.852741891653E-02));
#554 = CARTESIAN_POINT('',(-0.294769838195,7.215604696349E-02));
#555 = CARTESIAN_POINT('',(-0.288050317695,9.528009050347E-02));
#556 = CARTESIAN_POINT('',(-0.279217157927,0.117659354644));
#557 = CARTESIAN_POINT('',(-0.268372801418,0.139066047815));
#558 = CARTESIAN_POINT('',(-0.24575535851,0.175017474158));
#559 = CARTESIAN_POINT('',(-0.234724801777,0.190029911412));
#560 = CARTESIAN_POINT('',(-0.222619831781,0.204228926774));
#561 = CARTESIAN_POINT('',(-0.209513165194,0.217522825821));
#562 = CARTESIAN_POINT('',(-0.195487064781,0.229828121706));
#563 = CARTESIAN_POINT('',(-0.180632179939,0.241070739203));
#564 = CARTESIAN_POINT('',(-0.144348802248,0.264621677899));
#565 = CARTESIAN_POINT('',(-0.122361666762,0.27607060048));
#566 = CARTESIAN_POINT('',(-9.931418708418E-02,0.285384575691));
#567 = CARTESIAN_POINT('',(-7.545657860517E-02,0.29244872097));
#568 = CARTESIAN_POINT('',(-5.105345971917E-02,0.297184639158));
#569 = CARTESIAN_POINT('',(-2.637724574033E-02,0.299552375674));
#570 = CARTESIAN_POINT('',(-1.701542818975E-03,0.299552375674));
#571 = ( GEOMETRIC_REPRESENTATION_CONTEXT(2) 
PARAMETRIC_REPRESENTATION_CONTEXT() REPRESENTATION_CONTEXT('2D SPACE',''
  ) );
#572 = ORIENTED_EDGE('',*,*,#573,.F.);
#573 = EDGE_CURVE('',#574,#410,#576,.T.);
#574 = VERTEX_POINT('',#575);
#575 = CARTESIAN_POINT('',(1.284945701281,0.449999964787,0.737722484057)
  );
#576 = SURFACE_CURVE('',#577,(#623,#672),.PCURVE_S1.);
#577 = B_SPLINE_CURVE_WITH_KNOTS('',7,(#578,#579,#580,#581,#582,#583,
    #584,#585,#586,#587,#588,#589,#590,#591,#592,#593,#594,#595,#596,
    #597,#598,#599,#600,#601,#602,#603,#604,#605,#606,#607,#608,#609,
    #610,#611,#612,#613,#614,#615,#616,#617,#618,#619,#620,#621,#622),
  .UNSPECIFIED.,.F.,.F.,(8,6,6,6,7,6,6,8),(0.,0.218779418912,
    0.444609943318,0.468571331646,0.472930658322,0.691710077234,
    0.840811527945,1.),.UNSPECIFIED.);
#578 = CARTESIAN_POINT('',(1.284945701281,0.449999964787,0.737722484057)
  );
#579 = CARTESIAN_POINT('',(1.28441730271,0.449999962018,0.737878485725)
  );
#580 = CARTESIAN_POINT('',(1.283888570009,0.449999958724,0.738033355229)
  );
#581 = CARTESIAN_POINT('',(1.283359506075,0.449999954993,0.738187091714)
  );
#582 = CARTESIAN_POINT('',(1.282830113848,0.449999950664,0.738339694324)
  );
#583 = CARTESIAN_POINT('',(1.282300396312,0.449999945328,0.7384911622));
#584 = CARTESIAN_POINT('',(1.281770356496,0.449999938326,0.738641494482)
  );
#585 = CARTESIAN_POINT('',(1.28069254536,0.44999991887,0.738944694609));
#586 = CARTESIAN_POINT('',(1.280144773278,0.449999788677,0.739097482671)
  );
#587 = CARTESIAN_POINT('',(1.279596590607,0.450000091056,0.739249078489)
  );
#588 = CARTESIAN_POINT('',(1.279048161786,0.449999872427,0.739399438401)
  );
#589 = CARTESIAN_POINT('',(1.278499425492,0.44999951469,0.739548578645)
  );
#590 = CARTESIAN_POINT('',(1.277950201718,0.450000101598,0.739696546951)
  );
#591 = CARTESIAN_POINT('',(1.277342602567,0.449999225516,0.739858802636)
  );
#592 = CARTESIAN_POINT('',(1.27728446233,0.449998457701,0.73987431421));
#593 = CARTESIAN_POINT('',(1.277226241915,0.449998127096,0.739889832404)
  );
#594 = CARTESIAN_POINT('',(1.277167871167,0.449998553777,0.739905375846)
  );
#595 = CARTESIAN_POINT('',(1.277109433913,0.449999256902,0.739920922303)
  );
#596 = CARTESIAN_POINT('',(1.277051167954,0.449998954718,0.739936408685)
  );
#597 = CARTESIAN_POINT('',(1.276982967112,0.44999494778,0.739954518653)
  );
#598 = CARTESIAN_POINT('',(1.276968719405,0.449993751497,0.739958301552)
  );
#599 = CARTESIAN_POINT('',(1.276954105376,0.449992574309,0.739962180356)
  );
#600 = CARTESIAN_POINT('',(1.276942753913,0.449989717902,0.739965192318)
  );
#601 = CARTESIAN_POINT('',(1.276936121973,0.44998441492,0.7399669517));
#602 = CARTESIAN_POINT('',(1.276932918894,0.449977549685,0.739967801571)
  );
#603 = CARTESIAN_POINT('',(1.276930372396,0.449969871786,0.739968477026)
  );
#604 = CARTESIAN_POINT('',(1.276925666019,0.449956457557,0.739969725377)
  );
#605 = CARTESIAN_POINT('',(1.276924611889,0.449924908315,0.739970004751)
  );
#606 = CARTESIAN_POINT('',(1.276927833147,0.449891752866,0.73996914794)
  );
#607 = CARTESIAN_POINT('',(1.276927490697,0.449868237199,0.739969238449)
  );
#608 = CARTESIAN_POINT('',(1.27692923697,0.449840412599,0.739968771456)
  );
#609 = CARTESIAN_POINT('',(1.276931952179,0.449787884163,0.739968050182)
  );
#610 = CARTESIAN_POINT('',(1.27694332929,0.449595381703,0.739964999754)
  );
#611 = CARTESIAN_POINT('',(1.27694886334,0.449504383772,0.739963569848)
  );
#612 = CARTESIAN_POINT('',(1.276961337338,0.449300921847,0.739960219832)
  );
#613 = CARTESIAN_POINT('',(1.276982743335,0.448951419309,0.73995435412)
  );
#614 = CARTESIAN_POINT('',(1.277011048416,0.448488209879,0.739946508076)
  );
#615 = CARTESIAN_POINT('',(1.277040194696,0.448009537622,0.73993834801)
  );
#616 = CARTESIAN_POINT('',(1.277081350541,0.447327252389,0.739926610312)
  );
#617 = CARTESIAN_POINT('',(1.277102471839,0.446974954915,0.739920508752)
  );
#618 = CARTESIAN_POINT('',(1.277123460235,0.446622665839,0.739914367269)
  );
#619 = CARTESIAN_POINT('',(1.277144313592,0.446270386129,0.739908186402)
  );
#620 = CARTESIAN_POINT('',(1.277165030617,0.445918116408,0.739901966464)
  );
#621 = CARTESIAN_POINT('',(1.27718561086,0.445565856951,0.739895707546)
  );
#622 = CARTESIAN_POINT('',(1.277206054715,0.445213607683,0.739889409515)
  );
#623 = PCURVE('',#268,#624);
#624 = DEFINITIONAL_REPRESENTATION('',(#625),#671);
#625 = B_SPLINE_CURVE_WITH_KNOTS('',7,(#626,#627,#628,#629,#630,#631,
    #632,#633,#634,#635,#636,#637,#638,#639,#640,#641,#642,#643,#644,
    #645,#646,#647,#648,#649,#650,#651,#652,#653,#654,#655,#656,#657,
    #658,#659,#660,#661,#662,#663,#664,#665,#666,#667,#668,#669,#670),
  .UNSPECIFIED.,.F.,.F.,(8,6,6,6,7,6,6,8),(0.,0.218779418912,
    0.444609943318,0.468571331646,0.472930658322,0.691710077234,
    0.840811527945,1.),.UNSPECIFIED.);
#626 = CARTESIAN_POINT('',(6.283185241354,7.566902259916));
#627 = CARTESIAN_POINT('',(6.283185236112,7.568738746813));
#628 = CARTESIAN_POINT('',(6.283185229875,7.570575233309));
#629 = CARTESIAN_POINT('',(6.283185222808,7.572411719458));
#630 = CARTESIAN_POINT('',(6.283185214606,7.574248205168));
#631 = CARTESIAN_POINT('',(6.283185204492,7.576084690204));
#632 = CARTESIAN_POINT('',(6.283185191218,7.577921174185));
#633 = CARTESIAN_POINT('',(6.283185154322,7.581653327516));
#634 = CARTESIAN_POINT('',(6.283184907252,7.583548927279));
#635 = CARTESIAN_POINT('',(6.283185481131,7.585444779491));
#636 = CARTESIAN_POINT('',(6.283185066224,7.587340328155));
#637 = CARTESIAN_POINT('',(6.283184387315,7.58923579585));
#638 = CARTESIAN_POINT('',(6.283185501181,7.591131814465));
#639 = CARTESIAN_POINT('',(6.283183838542,7.593228117123));
#640 = CARTESIAN_POINT('',(6.283182381362,7.593428696697));
#641 = CARTESIAN_POINT('',(6.283181753933,7.593629540208));
#642 = CARTESIAN_POINT('',(6.2831825637,7.593830889633));
#643 = CARTESIAN_POINT('',(6.283183898111,7.594032455893));
#644 = CARTESIAN_POINT('',(6.283183324618,7.594233418855));
#645 = CARTESIAN_POINT('',(6.283175720137,7.594468633206));
#646 = CARTESIAN_POINT('',(6.283173449798,7.594517771017));
#647 = CARTESIAN_POINT('',(6.283171215698,7.594568171015));
#648 = CARTESIAN_POINT('',(6.283165794726,7.594607318477));
#649 = CARTESIAN_POINT('',(6.283155730582,7.594630189345));
#650 = CARTESIAN_POINT('',(6.283142701588,7.594641234878));
#651 = CARTESIAN_POINT('',(6.283128130338,7.594650015313));
#652 = CARTESIAN_POINT('',(6.283102672645,7.59466624237));
#653 = CARTESIAN_POINT('',(6.283042797698,7.59466987496));
#654 = CARTESIAN_POINT('',(6.282979876315,7.594658736242));
#655 = CARTESIAN_POINT('',(6.282935247845,7.594659912895));
#656 = CARTESIAN_POINT('',(6.282882444752,7.594653842845));
#657 = CARTESIAN_POINT('',(6.282782755562,7.594644465886));
#658 = CARTESIAN_POINT('',(6.282417446793,7.594604818432));
#659 = CARTESIAN_POINT('',(6.28224471469,7.594586214542));
#660 = CARTESIAN_POINT('',(6.281858614121,7.594542674836));
#661 = CARTESIAN_POINT('',(6.281195481157,7.59446647985));
#662 = CARTESIAN_POINT('',(6.280316683293,7.594364591619));
#663 = CARTESIAN_POINT('',(6.279408619444,7.594258653677));
#664 = CARTESIAN_POINT('',(6.27811447705,7.594106345019));
#665 = CARTESIAN_POINT('',(6.277446313965,7.594027198185));
#666 = CARTESIAN_POINT('',(6.276778233418,7.593947561069));
#667 = CARTESIAN_POINT('',(6.276110237475,7.593867441269));
#668 = CARTESIAN_POINT('',(6.275442327541,7.593786843471));
#669 = CARTESIAN_POINT('',(6.274774504359,7.593705769455));
#670 = CARTESIAN_POINT('',(6.27410676801,7.593624218087));
#671 = ( GEOMETRIC_REPRESENTATION_CONTEXT(2) 
PARAMETRIC_REPRESENTATION_CONTEXT() REPRESENTATION_CONTEXT('2D SPACE',''
  ) );
#672 = PCURVE('',#673,#751);
#673 = ( BOUNDED_SURFACE() B_SPLINE_SURFACE(6,10,(
    (#674,#675,#676,#677,#678,#679,#680,#681,#682,#683,#684)
    ,(#685,#686,#687,#688,#689,#690,#691,#692,#693,#694,#695)
    ,(#696,#697,#698,#699,#700,#701,#702,#703,#704,#705,#706)
    ,(#707,#708,#709,#710,#711,#712,#713,#714,#715,#716,#717)
    ,(#718,#719,#720,#721,#722,#723,#724,#725,#726,#727,#728)
    ,(#729,#730,#731,#732,#733,#734,#735,#736,#737,#738,#739)
    ,(#740,#741,#742,#743,#744,#745,#746,#747,#748,#749,#750
)),.UNSPECIFIED.,.T.,.F.,.F.) B_SPLINE_SURFACE_WITH_KNOTS((7,7),(11,11),
  (1.570796326795,7.853981633974),(0.,6.28815693223),
.PIECEWISE_BEZIER_KNOTS.) GEOMETRIC_REPRESENTATION_ITEM() 
RATIONAL_B_SPLINE_SURFACE((
    (1.669078461068,1.669078461068,1.669078461068,1.669078461069
      ,1.669078461068,1.669078461069,1.669078461068,1.669078461068
      ,1.669078461068,1.669078461068,1.669078461068)
    ,(1.03672962321,1.03672962321,1.03672962321,1.03672962321
      ,1.036729623209,1.03672962321,1.036729623209,1.03672962321
      ,1.03672962321,1.03672962321,1.03672962321)
    ,(1.038346699848,1.038346699848,1.038346699847,1.038346699848
      ,1.038346699847,1.038346699848,1.038346699847,1.038346699848
      ,1.038346699847,1.038346699848,1.038346699848)
    ,(0.853534330196,0.853534330196,0.853534330196,0.853534330196
      ,0.853534330196,0.853534330196,0.853534330196,0.853534330196
      ,0.853534330196,0.853534330196,0.853534330196)
    ,(1.038346699848,1.038346699848,1.038346699847,1.038346699848
      ,1.038346699847,1.038346699848,1.038346699847,1.038346699848
      ,1.038346699847,1.038346699848,1.038346699848)
    ,(1.03672962321,1.03672962321,1.03672962321,1.03672962321
      ,1.036729623209,1.03672962321,1.036729623209,1.03672962321
      ,1.03672962321,1.03672962321,1.03672962321)
    ,(1.669078461068,1.669078461068,1.669078461068,1.669078461069
      ,1.669078461068,1.669078461069,1.669078461068,1.669078461068
      ,1.669078461068,1.669078461068,1.669078461068
))) REPRESENTATION_ITEM('') SURFACE() );
#674 = CARTESIAN_POINT('',(1.20167906246,0.445496835895,0.149552375667)
  );
#675 = CARTESIAN_POINT('',(0.921765148211,1.200534065945,0.22455237559)
  );
#676 = CARTESIAN_POINT('',(0.114624054211,1.760803739745,0.299552375918)
  );
#677 = CARTESIAN_POINT('',(-1.065460111436,1.706367944603,0.374552374782
    ));
#678 = CARTESIAN_POINT('',(-2.095545773972,0.787843587338,0.44955237755)
  );
#679 = CARTESIAN_POINT('',(-2.223851041967,-0.824445289528,
    0.524552372851));
#680 = CARTESIAN_POINT('',(-1.075557857162,-1.963462442544,
    0.599552378483));
#681 = CARTESIAN_POINT('',(0.304346113239,-1.988534732389,0.674552373673
    ));
#682 = CARTESIAN_POINT('',(1.2347299351,-1.26055956479,0.749552376578));
#683 = CARTESIAN_POINT('',(1.481592990416,-0.309540394036,0.824552375382
    ));
#684 = CARTESIAN_POINT('',(1.201679061761,0.445496835911,0.899552375686)
  );
#685 = CARTESIAN_POINT('',(0.703219644619,0.447366071852,0.149552375668)
  );
#686 = CARTESIAN_POINT('',(0.422131254733,0.88921201289,0.224552375647)
  );
#687 = CARTESIAN_POINT('',(-0.167583520029,1.135218754721,0.299552375682
    ));
#688 = CARTESIAN_POINT('',(-0.910477862894,0.939448659485,0.374552375342
    ));
#689 = CARTESIAN_POINT('',(-1.439994888537,0.214752975155,0.449552376673
    ));
#690 = CARTESIAN_POINT('',(-1.301392144566,-0.8279045347,0.524552373843)
  );
#691 = CARTESIAN_POINT('',(-0.415727259793,-1.395304545614,
    0.599552377674));
#692 = CARTESIAN_POINT('',(0.465075857157,-1.222799375551,0.674552374155
    ));
#693 = CARTESIAN_POINT('',(0.957222152302,-0.632875632429,0.749552376389
    ));
#694 = CARTESIAN_POINT('',(0.984308048126,5.520130934258E-03,
    0.824552375426));
#695 = CARTESIAN_POINT('',(0.703219643919,0.447366071867,0.899552375688)
  );
#696 = CARTESIAN_POINT('',(0.63164935555,0.447634462323,0.765916832833)
  );
#697 = CARTESIAN_POINT('',(0.350392330967,0.844511464493,0.840916832813)
  );
#698 = CARTESIAN_POINT('',(-0.20810372479,1.045395397775,0.91591683285)
  );
#699 = CARTESIAN_POINT('',(-0.888225049668,0.829332102409,0.990916832488
    ));
#700 = CARTESIAN_POINT('',(-1.345868938271,0.132466916754,1.065916833805
    ));
#701 = CARTESIAN_POINT('',(-1.168942746249,-0.828401223452,
    1.140916831165));
#702 = CARTESIAN_POINT('',(-0.320986815949,-1.31372674114,1.215916834563
    ));
#703 = CARTESIAN_POINT('',(0.48815391317,-1.112852810447,1.290916831588)
  );
#704 = CARTESIAN_POINT('',(0.917376757438,-0.542750902358,1.365916833387
    ));
#705 = CARTESIAN_POINT('',(0.912906393824,5.07574602709E-02,
    1.440916832643));
#706 = CARTESIAN_POINT('',(0.63164935485,0.447634462338,1.515916832852)
  );
#707 = CARTESIAN_POINT('',(1.201679062461,0.445496835895,1.274287451972)
  );
#708 = CARTESIAN_POINT('',(0.921765148144,1.200534065944,1.349287451923)
  );
#709 = CARTESIAN_POINT('',(0.11462405448,1.760803739747,1.424287452116)
  );
#710 = CARTESIAN_POINT('',(-1.065460112035,1.706367944598,1.499287451327
    ));
#711 = CARTESIAN_POINT('',(-2.095545773035,0.787843587345,1.574287453447
    ));
#712 = CARTESIAN_POINT('',(-2.223851043039,-0.824445289536,
    1.649287449652));
#713 = CARTESIAN_POINT('',(-1.075557856268,-1.963462442538,
    1.724287454331));
#714 = CARTESIAN_POINT('',(0.304346112704,-1.988534732389,1.799287450292
    ));
#715 = CARTESIAN_POINT('',(1.23472993532,-1.26055956479,1.874287452726)
  );
#716 = CARTESIAN_POINT('',(1.481592990364,-0.309540394035,1.949287451731
    ));
#717 = CARTESIAN_POINT('',(1.201679061761,0.445496835911,2.024287451989)
  );
#718 = CARTESIAN_POINT('',(1.771708769371,0.443359209467,0.765916832834)
  );
#719 = CARTESIAN_POINT('',(1.493137965418,1.556556667396,0.840916832787)
  );
#720 = CARTESIAN_POINT('',(0.43735183337,2.47621208172,0.915916832937));
#721 = CARTESIAN_POINT('',(-1.242695173592,2.583403786787,0.990916832304
    ));
#722 = CARTESIAN_POINT('',(-2.845222609119,1.443220257937,1.065916834113
    ));
#723 = CARTESIAN_POINT('',(-3.278759338205,-0.820489355618,
    1.140916830733));
#724 = CARTESIAN_POINT('',(-1.83012889809,-2.613198143939,1.215916835051
    ));
#725 = CARTESIAN_POINT('',(0.120538313257,-2.864216654331,1.290916831193
    ));
#726 = CARTESIAN_POINT('',(1.552083112717,-1.978368227222,1.365916833595
    ));
#727 = CARTESIAN_POINT('',(2.050279587031,-0.669838248342,1.440916832589
    ));
#728 = CARTESIAN_POINT('',(1.771708768671,0.443359209484,1.515916832852)
  );
#729 = CARTESIAN_POINT('',(1.700138480301,0.443627599938,0.149552375668)
  );
#730 = CARTESIAN_POINT('',(1.421399041555,1.511856119001,0.224552375611)
  );
#731 = CARTESIAN_POINT('',(0.396831628977,2.386388724764,0.299552375825)
  );
#732 = CARTESIAN_POINT('',(-1.220442361143,2.473287229732,0.374552375038
    ));
#733 = CARTESIAN_POINT('',(-2.751096657697,1.360934199505,0.449552377074
    ));
#734 = CARTESIAN_POINT('',(-3.14630994116,-0.820986044335,0.524552373495
    ));
#735 = CARTESIAN_POINT('',(-1.735388453136,-2.531620339496,
    0.599552377851));
#736 = CARTESIAN_POINT('',(0.143616368505,-2.754270089207,0.674552374117
    ));
#737 = CARTESIAN_POINT('',(1.512237718243,-1.88824349716,0.749552376366)
  );
#738 = CARTESIAN_POINT('',(1.978877932608,-0.624600919003,0.824552375438
    ));
#739 = CARTESIAN_POINT('',(1.7001384796,0.443627599954,0.899552375686));
#740 = CARTESIAN_POINT('',(1.20167906246,0.445496835895,0.149552375667)
  );
#741 = CARTESIAN_POINT('',(0.921765148211,1.200534065945,0.22455237559)
  );
#742 = CARTESIAN_POINT('',(0.114624054211,1.760803739745,0.299552375918)
  );
#743 = CARTESIAN_POINT('',(-1.065460111436,1.706367944603,0.374552374782
    ));
#744 = CARTESIAN_POINT('',(-2.095545773972,0.787843587338,0.44955237755)
  );
#745 = CARTESIAN_POINT('',(-2.223851041967,-0.824445289528,
    0.524552372851));
#746 = CARTESIAN_POINT('',(-1.075557857162,-1.963462442544,
    0.599552378483));
#747 = CARTESIAN_POINT('',(0.304346113239,-1.988534732389,0.674552373673
    ));
#748 = CARTESIAN_POINT('',(1.2347299351,-1.26055956479,0.749552376578));
#749 = CARTESIAN_POINT('',(1.481592990416,-0.309540394036,0.824552375382
    ));
#750 = CARTESIAN_POINT('',(1.201679061761,0.445496835911,0.899552375686)
  );
#751 = DEFINITIONAL_REPRESENTATION('',(#752),#798);
#752 = B_SPLINE_CURVE_WITH_KNOTS('',7,(#753,#754,#755,#756,#757,#758,
    #759,#760,#761,#762,#763,#764,#765,#766,#767,#768,#769,#770,#771,
    #772,#773,#774,#775,#776,#777,#778,#779,#780,#781,#782,#783,#784,
    #785,#786,#787,#788,#789,#790,#791,#792,#793,#794,#795,#796,#797),
  .UNSPECIFIED.,.F.,.F.,(8,6,6,6,7,6,6,8),(0.,0.218779418912,
    0.444609943318,0.468571331646,0.472930658322,0.691710077234,
    0.840811527945,1.),.UNSPECIFIED.);
#753 = CARTESIAN_POINT('',(4.999468091746,3.752940065931E-03));
#754 = CARTESIAN_POINT('',(4.997631608248,3.752937897581E-03));
#755 = CARTESIAN_POINT('',(4.995795124313,3.752935318105E-03));
#756 = CARTESIAN_POINT('',(4.993958639999,3.752932396024E-03));
#757 = CARTESIAN_POINT('',(4.992122155207,3.752929005158E-03));
#758 = CARTESIAN_POINT('',(4.99028566968,3.752924824626E-03));
#759 = CARTESIAN_POINT('',(4.988449183004,3.752919338844E-03));
#760 = CARTESIAN_POINT('',(4.984717017492,3.75290409445E-03));
#761 = CARTESIAN_POINT('',(4.982821265138,3.752802057514E-03));
#762 = CARTESIAN_POINT('',(4.980925785871,3.753039050028E-03));
#763 = CARTESIAN_POINT('',(4.979029976781,3.752867701057E-03));
#764 = CARTESIAN_POINT('',(4.977134079427,3.752587325981E-03));
#765 = CARTESIAN_POINT('',(4.975238779042,3.753047318618E-03));
#766 = CARTESIAN_POINT('',(4.973141416948,3.752360689785E-03));
#767 = CARTESIAN_POINT('',(4.972939904719,3.751758912491E-03));
#768 = CARTESIAN_POINT('',(4.972738659914,3.751499800595E-03));
#769 = CARTESIAN_POINT('',(4.97253782956,3.751834212984E-03));
#770 = CARTESIAN_POINT('',(4.972337118349,3.75238528989E-03));
#771 = CARTESIAN_POINT('',(4.972135788639,3.752148452882E-03));
#772 = CARTESIAN_POINT('',(4.97189570508,3.749008004657E-03));
#773 = CARTESIAN_POINT('',(4.9718451135,3.74807041472E-03));
#774 = CARTESIAN_POINT('',(4.971793282923,3.747147789135E-03));
#775 = CARTESIAN_POINT('',(4.971750664059,3.744909072509E-03));
#776 = CARTESIAN_POINT('',(4.971721348239,3.740752842097E-03));
#777 = CARTESIAN_POINT('',(4.971701958739,3.73537218031E-03));
#778 = CARTESIAN_POINT('',(4.971683846318,3.729354577631E-03));
#779 = CARTESIAN_POINT('',(4.971651314595,3.718841068822E-03));
#780 = CARTESIAN_POINT('',(4.971609337959,3.694114224857E-03));
#781 = CARTESIAN_POINT('',(4.971580164736,3.668127928973E-03));
#782 = CARTESIAN_POINT('',(4.97155040645,3.649697382275E-03));
#783 = CARTESIAN_POINT('',(4.971522632835,3.627888765395E-03));
#784 = CARTESIAN_POINT('',(4.971468163073,3.58671920665E-03));
#785 = CARTESIAN_POINT('',(4.971273618405,3.435836156123E-03));
#786 = CARTESIAN_POINT('',(4.9711819098,3.364526704291E-03));
#787 = CARTESIAN_POINT('',(4.970977874509,3.205051838542E-03));
#788 = CARTESIAN_POINT('',(4.970627931964,2.931077528979E-03));
#789 = CARTESIAN_POINT('',(4.970164387713,2.567944305217E-03));
#790 = CARTESIAN_POINT('',(4.96968543342,2.192667256387E-03));
#791 = CARTESIAN_POINT('',(4.969002515746,1.657701103675E-03));
#792 = CARTESIAN_POINT('',(4.968649842642,1.38145112853E-03));
#793 = CARTESIAN_POINT('',(4.968297118718,1.1051870772E-03));
#794 = CARTESIAN_POINT('',(4.967944337622,8.289096486124E-04));
#795 = CARTESIAN_POINT('',(4.967591495493,5.526192691238E-04));
#796 = CARTESIAN_POINT('',(4.967238590957,2.763160925165E-04));
#797 = CARTESIAN_POINT('',(4.966885625131,0.));
#798 = ( GEOMETRIC_REPRESENTATION_CONTEXT(2) 
PARAMETRIC_REPRESENTATION_CONTEXT() REPRESENTATION_CONTEXT('2D SPACE',''
  ) );
#799 = ORIENTED_EDGE('',*,*,#800,.T.);
#800 = EDGE_CURVE('',#574,#801,#803,.T.);
#801 = VERTEX_POINT('',#802);
#802 = CARTESIAN_POINT('',(1.111125139072,0.449999976976,0.163466827232)
  );
#803 = SURFACE_CURVE('',#804,(#809,#816),.PCURVE_S1.);
#804 = CIRCLE('',#805,0.3);
#805 = AXIS2_PLACEMENT_3D('',#806,#807,#808);
#806 = CARTESIAN_POINT('',(1.200000000011,0.45,0.449999999994));
#807 = DIRECTION('',(1.786867864754E-18,-1.,0.));
#808 = DIRECTION('',(1.,1.786867864754E-18,0.));
#809 = PCURVE('',#268,#810);
#810 = DEFINITIONAL_REPRESENTATION('',(#811),#815);
#811 = LINE('',#812,#813);
#812 = CARTESIAN_POINT('',(6.28318530718,0.));
#813 = VECTOR('',#814,1.);
#814 = DIRECTION('',(0.,1.));
#815 = ( GEOMETRIC_REPRESENTATION_CONTEXT(2) 
PARAMETRIC_REPRESENTATION_CONTEXT() REPRESENTATION_CONTEXT('2D SPACE',''
  ) );
#816 = PCURVE('',#817,#895);
#817 = ( BOUNDED_SURFACE() B_SPLINE_SURFACE(6,10,(
    (#818,#819,#820,#821,#822,#823,#824,#825,#826,#827,#828)
    ,(#829,#830,#831,#832,#833,#834,#835,#836,#837,#838,#839)
    ,(#840,#841,#842,#843,#844,#845,#846,#847,#848,#849,#850)
    ,(#851,#852,#853,#854,#855,#856,#857,#858,#859,#860,#861)
    ,(#862,#863,#864,#865,#866,#867,#868,#869,#870,#871,#872)
    ,(#873,#874,#875,#876,#877,#878,#879,#880,#881,#882,#883)
    ,(#884,#885,#886,#887,#888,#889,#890,#891,#892,#893,#894
)),.UNSPECIFIED.,.T.,.F.,.F.) B_SPLINE_SURFACE_WITH_KNOTS((7,7),(11,11),
  (1.570796326795,7.853981633974),(0.,6.28815693223),
.PIECEWISE_BEZIER_KNOTS.) GEOMETRIC_REPRESENTATION_ITEM() 
RATIONAL_B_SPLINE_SURFACE((
    (1.669078461068,1.669078461068,1.669078461068,1.669078461069
      ,1.669078461068,1.669078461069,1.669078461068,1.669078461068
      ,1.669078461068,1.669078461068,1.669078461068)
    ,(1.03672962321,1.03672962321,1.03672962321,1.03672962321
      ,1.036729623209,1.03672962321,1.036729623209,1.03672962321
      ,1.03672962321,1.03672962321,1.03672962321)
    ,(1.038346699848,1.038346699848,1.038346699847,1.038346699848
      ,1.038346699847,1.038346699848,1.038346699847,1.038346699848
      ,1.038346699847,1.038346699848,1.038346699848)
    ,(0.853534330196,0.853534330196,0.853534330196,0.853534330196
      ,0.853534330196,0.853534330196,0.853534330196,0.853534330196
      ,0.853534330196,0.853534330196,0.853534330196)
    ,(1.038346699848,1.038346699848,1.038346699847,1.038346699848
      ,1.038346699847,1.038346699848,1.038346699847,1.038346699848
      ,1.038346699847,1.038346699848,1.038346699848)
    ,(1.03672962321,1.03672962321,1.03672962321,1.03672962321
      ,1.036729623209,1.03672962321,1.036729623209,1.03672962321
      ,1.03672962321,1.03672962321,1.03672962321)
    ,(1.669078461068,1.669078461068,1.669078461068,1.669078461069
      ,1.669078461068,1.669078461069,1.669078461068,1.669078461068
      ,1.669078461068,1.669078461068,1.669078461068
))) REPRESENTATION_ITEM('') SURFACE() );
#818 = CARTESIAN_POINT('',(1.20167906246,0.445496835895,0.149552375667)
  );
#819 = CARTESIAN_POINT('',(0.921765148211,1.200534065945,0.22455237559)
  );
#820 = CARTESIAN_POINT('',(0.114624054211,1.760803739745,0.299552375918)
  );
#821 = CARTESIAN_POINT('',(-1.065460111436,1.706367944603,0.374552374782
    ));
#822 = CARTESIAN_POINT('',(-2.095545773972,0.787843587338,0.44955237755)
  );
#823 = CARTESIAN_POINT('',(-2.223851041967,-0.824445289528,
    0.524552372851));
#824 = CARTESIAN_POINT('',(-1.075557857162,-1.963462442544,
    0.599552378483));
#825 = CARTESIAN_POINT('',(0.304346113239,-1.988534732389,0.674552373673
    ));
#826 = CARTESIAN_POINT('',(1.2347299351,-1.26055956479,0.749552376578));
#827 = CARTESIAN_POINT('',(1.481592990416,-0.309540394036,0.824552375382
    ));
#828 = CARTESIAN_POINT('',(1.201679061761,0.445496835911,0.899552375686)
  );
#829 = CARTESIAN_POINT('',(0.703219644619,0.447366071852,0.149552375668)
  );
#830 = CARTESIAN_POINT('',(0.422131254733,0.88921201289,0.224552375647)
  );
#831 = CARTESIAN_POINT('',(-0.167583520029,1.135218754721,0.299552375682
    ));
#832 = CARTESIAN_POINT('',(-0.910477862894,0.939448659485,0.374552375342
    ));
#833 = CARTESIAN_POINT('',(-1.439994888537,0.214752975155,0.449552376673
    ));
#834 = CARTESIAN_POINT('',(-1.301392144566,-0.8279045347,0.524552373843)
  );
#835 = CARTESIAN_POINT('',(-0.415727259793,-1.395304545614,
    0.599552377674));
#836 = CARTESIAN_POINT('',(0.465075857157,-1.222799375551,0.674552374155
    ));
#837 = CARTESIAN_POINT('',(0.957222152302,-0.632875632429,0.749552376389
    ));
#838 = CARTESIAN_POINT('',(0.984308048126,5.520130934258E-03,
    0.824552375426));
#839 = CARTESIAN_POINT('',(0.703219643919,0.447366071867,0.899552375688)
  );
#840 = CARTESIAN_POINT('',(0.63164935555,0.447634462323,0.765916832833)
  );
#841 = CARTESIAN_POINT('',(0.350392330967,0.844511464493,0.840916832813)
  );
#842 = CARTESIAN_POINT('',(-0.20810372479,1.045395397775,0.91591683285)
  );
#843 = CARTESIAN_POINT('',(-0.888225049668,0.829332102409,0.990916832488
    ));
#844 = CARTESIAN_POINT('',(-1.345868938271,0.132466916754,1.065916833805
    ));
#845 = CARTESIAN_POINT('',(-1.168942746249,-0.828401223452,
    1.140916831165));
#846 = CARTESIAN_POINT('',(-0.320986815949,-1.31372674114,1.215916834563
    ));
#847 = CARTESIAN_POINT('',(0.48815391317,-1.112852810447,1.290916831588)
  );
#848 = CARTESIAN_POINT('',(0.917376757438,-0.542750902358,1.365916833387
    ));
#849 = CARTESIAN_POINT('',(0.912906393824,5.07574602709E-02,
    1.440916832643));
#850 = CARTESIAN_POINT('',(0.63164935485,0.447634462338,1.515916832852)
  );
#851 = CARTESIAN_POINT('',(1.201679062461,0.445496835895,1.274287451972)
  );
#852 = CARTESIAN_POINT('',(0.921765148144,1.200534065944,1.349287451923)
  );
#853 = CARTESIAN_POINT('',(0.11462405448,1.760803739747,1.424287452116)
  );
#854 = CARTESIAN_POINT('',(-1.065460112035,1.706367944598,1.499287451327
    ));
#855 = CARTESIAN_POINT('',(-2.095545773035,0.787843587345,1.574287453447
    ));
#856 = CARTESIAN_POINT('',(-2.223851043039,-0.824445289536,
    1.649287449652));
#857 = CARTESIAN_POINT('',(-1.075557856268,-1.963462442538,
    1.724287454331));
#858 = CARTESIAN_POINT('',(0.304346112704,-1.988534732389,1.799287450292
    ));
#859 = CARTESIAN_POINT('',(1.23472993532,-1.26055956479,1.874287452726)
  );
#860 = CARTESIAN_POINT('',(1.481592990364,-0.309540394035,1.949287451731
    ));
#861 = CARTESIAN_POINT('',(1.201679061761,0.445496835911,2.024287451989)
  );
#862 = CARTESIAN_POINT('',(1.771708769371,0.443359209467,0.765916832834)
  );
#863 = CARTESIAN_POINT('',(1.493137965418,1.556556667396,0.840916832787)
  );
#864 = CARTESIAN_POINT('',(0.43735183337,2.47621208172,0.915916832937));
#865 = CARTESIAN_POINT('',(-1.242695173592,2.583403786787,0.990916832304
    ));
#866 = CARTESIAN_POINT('',(-2.845222609119,1.443220257937,1.065916834113
    ));
#867 = CARTESIAN_POINT('',(-3.278759338205,-0.820489355618,
    1.140916830733));
#868 = CARTESIAN_POINT('',(-1.83012889809,-2.613198143939,1.215916835051
    ));
#869 = CARTESIAN_POINT('',(0.120538313257,-2.864216654331,1.290916831193
    ));
#870 = CARTESIAN_POINT('',(1.552083112717,-1.978368227222,1.365916833595
    ));
#871 = CARTESIAN_POINT('',(2.050279587031,-0.669838248342,1.440916832589
    ));
#872 = CARTESIAN_POINT('',(1.771708768671,0.443359209484,1.515916832852)
  );
#873 = CARTESIAN_POINT('',(1.700138480301,0.443627599938,0.149552375668)
  );
#874 = CARTESIAN_POINT('',(1.421399041555,1.511856119001,0.224552375611)
  );
#875 = CARTESIAN_POINT('',(0.396831628977,2.386388724764,0.299552375825)
  );
#876 = CARTESIAN_POINT('',(-1.220442361143,2.473287229732,0.374552375038
    ));
#877 = CARTESIAN_POINT('',(-2.751096657697,1.360934199505,0.449552377074
    ));
#878 = CARTESIAN_POINT('',(-3.14630994116,-0.820986044335,0.524552373495
    ));
#879 = CARTESIAN_POINT('',(-1.735388453136,-2.531620339496,
    0.599552377851));
#880 = CARTESIAN_POINT('',(0.143616368505,-2.754270089207,0.674552374117
    ));
#881 = CARTESIAN_POINT('',(1.512237718243,-1.88824349716,0.749552376366)
  );
#882 = CARTESIAN_POINT('',(1.978877932608,-0.624600919003,0.824552375438
    ));
#883 = CARTESIAN_POINT('',(1.7001384796,0.443627599954,0.899552375686));
#884 = CARTESIAN_POINT('',(1.20167906246,0.445496835895,0.149552375667)
  );
#885 = CARTESIAN_POINT('',(0.921765148211,1.200534065945,0.22455237559)
  );
#886 = CARTESIAN_POINT('',(0.114624054211,1.760803739745,0.299552375918)
  );
#887 = CARTESIAN_POINT('',(-1.065460111436,1.706367944603,0.374552374782
    ));
#888 = CARTESIAN_POINT('',(-2.095545773972,0.787843587338,0.44955237755)
  );
#889 = CARTESIAN_POINT('',(-2.223851041967,-0.824445289528,
    0.524552372851));
#890 = CARTESIAN_POINT('',(-1.075557857162,-1.963462442544,
    0.599552378483));
#891 = CARTESIAN_POINT('',(0.304346113239,-1.988534732389,0.674552373673
    ));
#892 = CARTESIAN_POINT('',(1.2347299351,-1.26055956479,0.749552376578));
#893 = CARTESIAN_POINT('',(1.481592990416,-0.309540394036,0.824552375382
    ));
#894 = CARTESIAN_POINT('',(1.201679061761,0.445496835911,0.899552375686)
  );
#895 = DEFINITIONAL_REPRESENTATION('',(#896),#909);
#896 = B_SPLINE_CURVE_WITH_KNOTS('',6,(#897,#898,#899,#900,#901,#902,
    #903,#904,#905,#906,#907,#908),.UNSPECIFIED.,.F.,.F.,(7,5,7),(
    7.566902259916,9.130856515051,10.694810770187),.UNSPECIFIED.);
#897 = CARTESIAN_POINT('',(4.999468134253,3.752967489029E-03));
#898 = CARTESIAN_POINT('',(4.738810392518,3.752967480215E-03));
#899 = CARTESIAN_POINT('',(4.478145611999,3.752967572095E-03));
#900 = CARTESIAN_POINT('',(4.217505236242,3.752967869331E-03));
#901 = CARTESIAN_POINT('',(3.956801679978,3.752968117359E-03));
#902 = CARTESIAN_POINT('',(3.696198075267,3.752968186348E-03));
#903 = CARTESIAN_POINT('',(3.175415659037,3.752968090079E-03));
#904 = CARTESIAN_POINT('',(2.915237430098,3.752967921169E-03));
#905 = CARTESIAN_POINT('',(2.655360069717,3.752967637277E-03));
#906 = CARTESIAN_POINT('',(2.395843674724,3.752967357589E-03));
#907 = CARTESIAN_POINT('',(2.13607392875,3.752967330659E-03));
#908 = CARTESIAN_POINT('',(1.874274856644,3.752967402056E-03));
#909 = ( GEOMETRIC_REPRESENTATION_CONTEXT(2) 
PARAMETRIC_REPRESENTATION_CONTEXT() REPRESENTATION_CONTEXT('2D SPACE',''
  ) );
#910 = ORIENTED_EDGE('',*,*,#911,.F.);
#911 = EDGE_CURVE('',#912,#801,#914,.T.);
#912 = VERTEX_POINT('',#913);
#913 = CARTESIAN_POINT('',(1.124578206418,0.445785966138,0.159629326564)
  );
#914 = SURFACE_CURVE('',#915,(#946,#980),.PCURVE_S1.);
#915 = B_SPLINE_CURVE_WITH_KNOTS('',8,(#916,#917,#918,#919,#920,#921,
    #922,#923,#924,#925,#926,#927,#928,#929,#930,#931,#932,#933,#934,
    #935,#936,#937,#938,#939,#940,#941,#942,#943,#944,#945),
  .UNSPECIFIED.,.F.,.F.,(9,7,7,7,9),(0.,0.330429837772,0.412118796693,
    0.44143146327,1.),.UNSPECIFIED.);
#916 = CARTESIAN_POINT('',(1.124578206418,0.445785966138,0.159629326564)
  );
#917 = CARTESIAN_POINT('',(1.124433925645,0.446199337683,0.159667995827)
  );
#918 = CARTESIAN_POINT('',(1.124289039716,0.446612896599,0.159706781595)
  );
#919 = CARTESIAN_POINT('',(1.124144075671,0.447025074183,0.159745542641)
  );
#920 = CARTESIAN_POINT('',(1.123998401301,0.447437807101,0.159784448411)
  );
#921 = CARTESIAN_POINT('',(1.123852186234,0.447850469712,0.159823453342)
  );
#922 = CARTESIAN_POINT('',(1.123705769852,0.448262057087,0.159862466488)
  );
#923 = CARTESIAN_POINT('',(1.123558763977,0.44867391393,0.159901592025)
  );
#924 = CARTESIAN_POINT('',(1.123374741985,0.449187008827,0.159950513184)
  );
#925 = CARTESIAN_POINT('',(1.12329340283,0.449394463077,0.159972131947)
  );
#926 = CARTESIAN_POINT('',(1.123211851835,0.449633091985,0.15999379312)
  );
#927 = CARTESIAN_POINT('',(1.123148555368,0.449839035398,0.160010590652)
  );
#928 = CARTESIAN_POINT('',(1.123104408988,0.449969174444,0.160022295763)
  );
#929 = CARTESIAN_POINT('',(1.123071351291,0.450011157538,0.160031060915)
  );
#930 = CARTESIAN_POINT('',(1.123040977754,0.449993426367,0.160039123788)
  );
#931 = CARTESIAN_POINT('',(1.123003170724,0.449995893362,0.160049162109)
  );
#932 = CARTESIAN_POINT('',(1.122968832561,0.449998169086,0.160058283744)
  );
#933 = CARTESIAN_POINT('',(1.122902496051,0.449999010322,0.160075893292)
  );
#934 = CARTESIAN_POINT('',(1.122801471334,0.449998984574,0.160102741565)
  );
#935 = CARTESIAN_POINT('',(1.122670904914,0.449999138736,0.160137521372)
  );
#936 = CARTESIAN_POINT('',(1.122526322535,0.449999541624,0.160176148153)
  );
#937 = CARTESIAN_POINT('',(1.122395832731,0.449999515865,0.160211112931)
  );
#938 = CARTESIAN_POINT('',(1.120914898726,0.450000384253,0.160608104908)
  );
#939 = CARTESIAN_POINT('',(1.119510232833,0.449998949269,0.160993021092)
  );
#940 = CARTESIAN_POINT('',(1.118106887596,0.450001273116,0.1613859514));
#941 = CARTESIAN_POINT('',(1.116706561248,0.449998805608,0.161786446853)
  );
#942 = CARTESIAN_POINT('',(1.115307571332,0.450000558501,0.162194954749)
  );
#943 = CARTESIAN_POINT('',(1.11391126122,0.449999823197,0.162611119323)
  );
#944 = CARTESIAN_POINT('',(1.112517033646,0.449999973678,0.163035099082)
  );
#945 = CARTESIAN_POINT('',(1.111125139072,0.449999976976,0.163466827232)
  );
#946 = PCURVE('',#268,#947);
#947 = DEFINITIONAL_REPRESENTATION('',(#948),#979);
#948 = B_SPLINE_CURVE_WITH_KNOTS('',8,(#949,#950,#951,#952,#953,#954,
    #955,#956,#957,#958,#959,#960,#961,#962,#963,#964,#965,#966,#967,
    #968,#969,#970,#971,#972,#973,#974,#975,#976,#977,#978),
  .UNSPECIFIED.,.F.,.F.,(9,7,7,7,9),(0.,0.330429837772,0.412118796693,
    0.44143146327,1.),.UNSPECIFIED.);
#949 = CARTESIAN_POINT('',(6.271936011089,10.741523160137));
#950 = CARTESIAN_POINT('',(6.273035104048,10.741010292193));
#951 = CARTESIAN_POINT('',(6.274134184434,10.740497734603));
#952 = CARTESIAN_POINT('',(6.275234174908,10.739984980643));
#953 = CARTESIAN_POINT('',(6.276333958115,10.739472707047));
#954 = CARTESIAN_POINT('',(6.277433848853,10.738960596115));
#955 = CARTESIAN_POINT('',(6.278534437959,10.738448329707));
#956 = CARTESIAN_POINT('',(6.279635011188,10.737936524431));
#957 = CARTESIAN_POINT('',(6.281007870443,10.737297764116));
#958 = CARTESIAN_POINT('',(6.281562974675,10.737015635365));
#959 = CARTESIAN_POINT('',(6.282201930532,10.73673327541));
#960 = CARTESIAN_POINT('',(6.28275374072,10.736514660183));
#961 = CARTESIAN_POINT('',(6.283102653099,10.736362573983));
#962 = CARTESIAN_POINT('',(6.283215274588,10.736248726292));
#963 = CARTESIAN_POINT('',(6.283167685071,10.736143868587));
#964 = CARTESIAN_POINT('',(6.283174297472,10.736013478498));
#965 = CARTESIAN_POINT('',(6.283180397209,10.735895048253));
#966 = CARTESIAN_POINT('',(6.283182652036,10.735666268134));
#967 = CARTESIAN_POINT('',(6.283182583038,10.73531783007));
#968 = CARTESIAN_POINT('',(6.283182996253,10.734867432582));
#969 = CARTESIAN_POINT('',(6.283184076135,10.734368588568));
#970 = CARTESIAN_POINT('',(6.283184007101,10.733918278527));
#971 = CARTESIAN_POINT('',(6.283186334749,10.728807540202));
#972 = CARTESIAN_POINT('',(6.283182488509,10.723952781498));
#973 = CARTESIAN_POINT('',(6.28318871732,10.719095183493));
#974 = CARTESIAN_POINT('',(6.28318210354,10.714240426969));
#975 = CARTESIAN_POINT('',(6.283186801981,10.709382534244));
#976 = CARTESIAN_POINT('',(6.283184831144,10.704525962942));
#977 = CARTESIAN_POINT('',(6.283185234535,10.699668478495));
#978 = CARTESIAN_POINT('',(6.283185243423,10.694810770187));
#979 = ( GEOMETRIC_REPRESENTATION_CONTEXT(2) 
PARAMETRIC_REPRESENTATION_CONTEXT() REPRESENTATION_CONTEXT('2D SPACE',''
  ) );
#980 = PCURVE('',#981,#1059);
#981 = ( BOUNDED_SURFACE() B_SPLINE_SURFACE(6,10,(
    (#982,#983,#984,#985,#986,#987,#988,#989,#990,#991,#992)
    ,(#993,#994,#995,#996,#997,#998,#999,#1000,#1001,#1002,#1003)
    ,(#1004,#1005,#1006,#1007,#1008,#1009,#1010,#1011,#1012,#1013,#1014)
    ,(#1015,#1016,#1017,#1018,#1019,#1020,#1021,#1022,#1023,#1024,#1025)
    ,(#1026,#1027,#1028,#1029,#1030,#1031,#1032,#1033,#1034,#1035,#1036)
    ,(#1037,#1038,#1039,#1040,#1041,#1042,#1043,#1044,#1045,#1046,#1047)
    ,(#1048,#1049,#1050,#1051,#1052,#1053,#1054,#1055,#1056,#1057,#1058
)),.UNSPECIFIED.,.T.,.F.,.F.) B_SPLINE_SURFACE_WITH_KNOTS((7,7),(11,11),
  (1.570796326795,7.853981633974),(0.,6.28815693223),
.PIECEWISE_BEZIER_KNOTS.) GEOMETRIC_REPRESENTATION_ITEM() 
RATIONAL_B_SPLINE_SURFACE((
    (1.669078461068,1.669078461068,1.669078461068,1.669078461069
      ,1.669078461068,1.669078461069,1.669078461068,1.669078461068
      ,1.669078461068,1.669078461068,1.669078461068)
    ,(1.03672962321,1.03672962321,1.03672962321,1.03672962321
      ,1.036729623209,1.03672962321,1.036729623209,1.03672962321
      ,1.03672962321,1.03672962321,1.03672962321)
    ,(1.038346699848,1.038346699848,1.038346699847,1.038346699848
      ,1.038346699847,1.038346699848,1.038346699847,1.038346699848
      ,1.038346699847,1.038346699848,1.038346699848)
    ,(0.853534330196,0.853534330196,0.853534330196,0.853534330196
      ,0.853534330196,0.853534330196,0.853534330196,0.853534330196
      ,0.853534330196,0.853534330196,0.853534330196)
    ,(1.038346699848,1.038346699848,1.038346699847,1.038346699848
      ,1.038346699847,1.038346699848,1.038346699847,1.038346699848
      ,1.038346699847,1.038346699848,1.038346699848)
    ,(1.03672962321,1.03672962321,1.03672962321,1.03672962321
      ,1.036729623209,1.03672962321,1.036729623209,1.03672962321
      ,1.03672962321,1.03672962321,1.03672962321)
    ,(1.669078461068,1.669078461068,1.669078461068,1.669078461069
      ,1.669078461068,1.669078461069,1.669078461068,1.669078461068
      ,1.669078461068,1.669078461068,1.669078461068
))) REPRESENTATION_ITEM('') SURFACE() );
#982 = CARTESIAN_POINT('',(1.20167906246,0.445496835895,0.149552375667)
  );
#983 = CARTESIAN_POINT('',(0.921765148211,1.200534065945,0.22455237559)
  );
#984 = CARTESIAN_POINT('',(0.114624054211,1.760803739745,0.299552375918)
  );
#985 = CARTESIAN_POINT('',(-1.065460111436,1.706367944603,0.374552374782
    ));
#986 = CARTESIAN_POINT('',(-2.095545773972,0.787843587338,0.44955237755)
  );
#987 = CARTESIAN_POINT('',(-2.223851041967,-0.824445289528,
    0.524552372851));
#988 = CARTESIAN_POINT('',(-1.075557857162,-1.963462442544,
    0.599552378483));
#989 = CARTESIAN_POINT('',(0.304346113239,-1.988534732389,0.674552373673
    ));
#990 = CARTESIAN_POINT('',(1.2347299351,-1.26055956479,0.749552376578));
#991 = CARTESIAN_POINT('',(1.481592990416,-0.309540394036,0.824552375382
    ));
#992 = CARTESIAN_POINT('',(1.201679061761,0.445496835911,0.899552375686)
  );
#993 = CARTESIAN_POINT('',(0.703219644619,0.447366071852,0.149552375668)
  );
#994 = CARTESIAN_POINT('',(0.422131254733,0.88921201289,0.224552375647)
  );
#995 = CARTESIAN_POINT('',(-0.167583520029,1.135218754721,0.299552375682
    ));
#996 = CARTESIAN_POINT('',(-0.910477862894,0.939448659485,0.374552375342
    ));
#997 = CARTESIAN_POINT('',(-1.439994888537,0.214752975155,0.449552376673
    ));
#998 = CARTESIAN_POINT('',(-1.301392144566,-0.8279045347,0.524552373843)
  );
#999 = CARTESIAN_POINT('',(-0.415727259793,-1.395304545614,
    0.599552377674));
#1000 = CARTESIAN_POINT('',(0.465075857157,-1.222799375551,
    0.674552374155));
#1001 = CARTESIAN_POINT('',(0.957222152302,-0.632875632429,
    0.749552376389));
#1002 = CARTESIAN_POINT('',(0.984308048126,5.520130934258E-03,
    0.824552375426));
#1003 = CARTESIAN_POINT('',(0.703219643919,0.447366071867,0.899552375688
    ));
#1004 = CARTESIAN_POINT('',(0.63164935555,0.447634462323,0.765916832833)
  );
#1005 = CARTESIAN_POINT('',(0.350392330967,0.844511464493,0.840916832813
    ));
#1006 = CARTESIAN_POINT('',(-0.20810372479,1.045395397775,0.91591683285)
  );
#1007 = CARTESIAN_POINT('',(-0.888225049668,0.829332102409,
    0.990916832488));
#1008 = CARTESIAN_POINT('',(-1.345868938271,0.132466916754,
    1.065916833805));
#1009 = CARTESIAN_POINT('',(-1.168942746249,-0.828401223452,
    1.140916831165));
#1010 = CARTESIAN_POINT('',(-0.320986815949,-1.31372674114,
    1.215916834563));
#1011 = CARTESIAN_POINT('',(0.48815391317,-1.112852810447,1.290916831588
    ));
#1012 = CARTESIAN_POINT('',(0.917376757438,-0.542750902358,
    1.365916833387));
#1013 = CARTESIAN_POINT('',(0.912906393824,5.07574602709E-02,
    1.440916832643));
#1014 = CARTESIAN_POINT('',(0.63164935485,0.447634462338,1.515916832852)
  );
#1015 = CARTESIAN_POINT('',(1.201679062461,0.445496835895,1.274287451972
    ));
#1016 = CARTESIAN_POINT('',(0.921765148144,1.200534065944,1.349287451923
    ));
#1017 = CARTESIAN_POINT('',(0.11462405448,1.760803739747,1.424287452116)
  );
#1018 = CARTESIAN_POINT('',(-1.065460112035,1.706367944598,
    1.499287451327));
#1019 = CARTESIAN_POINT('',(-2.095545773035,0.787843587345,
    1.574287453447));
#1020 = CARTESIAN_POINT('',(-2.223851043039,-0.824445289536,
    1.649287449652));
#1021 = CARTESIAN_POINT('',(-1.075557856268,-1.963462442538,
    1.724287454331));
#1022 = CARTESIAN_POINT('',(0.304346112704,-1.988534732389,
    1.799287450292));
#1023 = CARTESIAN_POINT('',(1.23472993532,-1.26055956479,1.874287452726)
  );
#1024 = CARTESIAN_POINT('',(1.481592990364,-0.309540394035,
    1.949287451731));
#1025 = CARTESIAN_POINT('',(1.201679061761,0.445496835911,2.024287451989
    ));
#1026 = CARTESIAN_POINT('',(1.771708769371,0.443359209467,0.765916832834
    ));
#1027 = CARTESIAN_POINT('',(1.493137965418,1.556556667396,0.840916832787
    ));
#1028 = CARTESIAN_POINT('',(0.43735183337,2.47621208172,0.915916832937)
  );
#1029 = CARTESIAN_POINT('',(-1.242695173592,2.583403786787,
    0.990916832304));
#1030 = CARTESIAN_POINT('',(-2.845222609119,1.443220257937,
    1.065916834113));
#1031 = CARTESIAN_POINT('',(-3.278759338205,-0.820489355618,
    1.140916830733));
#1032 = CARTESIAN_POINT('',(-1.83012889809,-2.613198143939,
    1.215916835051));
#1033 = CARTESIAN_POINT('',(0.120538313257,-2.864216654331,
    1.290916831193));
#1034 = CARTESIAN_POINT('',(1.552083112717,-1.978368227222,
    1.365916833595));
#1035 = CARTESIAN_POINT('',(2.050279587031,-0.669838248342,
    1.440916832589));
#1036 = CARTESIAN_POINT('',(1.771708768671,0.443359209484,1.515916832852
    ));
#1037 = CARTESIAN_POINT('',(1.700138480301,0.443627599938,0.149552375668
    ));
#1038 = CARTESIAN_POINT('',(1.421399041555,1.511856119001,0.224552375611
    ));
#1039 = CARTESIAN_POINT('',(0.396831628977,2.386388724764,0.299552375825
    ));
#1040 = CARTESIAN_POINT('',(-1.220442361143,2.473287229732,
    0.374552375038));
#1041 = CARTESIAN_POINT('',(-2.751096657697,1.360934199505,
    0.449552377074));
#1042 = CARTESIAN_POINT('',(-3.14630994116,-0.820986044335,
    0.524552373495));
#1043 = CARTESIAN_POINT('',(-1.735388453136,-2.531620339496,
    0.599552377851));
#1044 = CARTESIAN_POINT('',(0.143616368505,-2.754270089207,
    0.674552374117));
#1045 = CARTESIAN_POINT('',(1.512237718243,-1.88824349716,0.749552376366
    ));
#1046 = CARTESIAN_POINT('',(1.978877932608,-0.624600919003,
    0.824552375438));
#1047 = CARTESIAN_POINT('',(1.7001384796,0.443627599954,0.899552375686)
  );
#1048 = CARTESIAN_POINT('',(1.20167906246,0.445496835895,0.149552375667)
  );
#1049 = CARTESIAN_POINT('',(0.921765148211,1.200534065945,0.22455237559)
  );
#1050 = CARTESIAN_POINT('',(0.114624054211,1.760803739745,0.299552375918
    ));
#1051 = CARTESIAN_POINT('',(-1.065460111436,1.706367944603,
    0.374552374782));
#1052 = CARTESIAN_POINT('',(-2.095545773972,0.787843587338,0.44955237755
    ));
#1053 = CARTESIAN_POINT('',(-2.223851041967,-0.824445289528,
    0.524552372851));
#1054 = CARTESIAN_POINT('',(-1.075557857162,-1.963462442544,
    0.599552378483));
#1055 = CARTESIAN_POINT('',(0.304346113239,-1.988534732389,
    0.674552373673));
#1056 = CARTESIAN_POINT('',(1.2347299351,-1.26055956479,0.749552376578)
  );
#1057 = CARTESIAN_POINT('',(1.481592990416,-0.309540394036,
    0.824552375382));
#1058 = CARTESIAN_POINT('',(1.201679061761,0.445496835911,0.899552375686
    ));
#1059 = DEFINITIONAL_REPRESENTATION('',(#1060),#1091);
#1060 = B_SPLINE_CURVE_WITH_KNOTS('',8,(#1061,#1062,#1063,#1064,#1065,
    #1066,#1067,#1068,#1069,#1070,#1071,#1072,#1073,#1074,#1075,#1076,
    #1077,#1078,#1079,#1080,#1081,#1082,#1083,#1084,#1085,#1086,#1087,
    #1088,#1089,#1090),.UNSPECIFIED.,.F.,.F.,(9,7,7,7,9),(0.,
    0.330429837772,0.412118796693,0.44143146327,1.),.UNSPECIFIED.);
#1061 = CARTESIAN_POINT('',(1.833232837686,0.));
#1062 = CARTESIAN_POINT('',(1.833164830873,3.679354792967E-04));
#1063 = CARTESIAN_POINT('',(1.833097993515,7.360830318085E-04));
#1064 = CARTESIAN_POINT('',(1.833032656644,1.10304672559E-03));
#1065 = CARTESIAN_POINT('',(1.832968348753,1.470550910872E-03));
#1066 = CARTESIAN_POINT('',(1.832905342822,1.838039121278E-03));
#1067 = CARTESIAN_POINT('',(1.832843844817,2.204617277398E-03));
#1068 = CARTESIAN_POINT('',(1.832783351218,2.571482815519E-03));
#1069 = CARTESIAN_POINT('',(1.83271020406,3.028587240255E-03));
#1070 = CARTESIAN_POINT('',(1.832704657164,3.213404875794E-03));
#1071 = CARTESIAN_POINT('',(1.832656335936,3.426016644785E-03));
#1072 = CARTESIAN_POINT('',(1.832589817366,3.609524702557E-03));
#1073 = CARTESIAN_POINT('',(1.832562022649,3.725496912449E-03));
#1074 = CARTESIAN_POINT('',(1.832618257957,3.762912772354E-03));
#1075 = CARTESIAN_POINT('',(1.832748255201,3.747109341267E-03));
#1076 = CARTESIAN_POINT('',(1.832875927858,3.749307694124E-03));
#1077 = CARTESIAN_POINT('',(1.832991840908,3.751335604994E-03));
#1078 = CARTESIAN_POINT('',(1.833220698531,3.752085236963E-03));
#1079 = CARTESIAN_POINT('',(1.833571067793,3.752062293213E-03));
#1080 = CARTESIAN_POINT('',(1.83402369408,3.752199668761E-03));
#1081 = CARTESIAN_POINT('',(1.834524674182,3.752558685004E-03));
#1082 = CARTESIAN_POINT('',(1.834977444594,3.752535731665E-03));
#1083 = CARTESIAN_POINT('',(1.840114478612,3.753309563351E-03));
#1084 = CARTESIAN_POINT('',(1.844996626212,3.752030843795E-03));
#1085 = CARTESIAN_POINT('',(1.849875686898,3.754101644723E-03));
#1086 = CARTESIAN_POINT('',(1.85475783784,3.7519028371E-03));
#1087 = CARTESIAN_POINT('',(1.859636578767,3.75346485602E-03));
#1088 = CARTESIAN_POINT('',(1.864516757924,3.752809626966E-03));
#1089 = CARTESIAN_POINT('',(1.869395944095,3.752943726427E-03));
#1090 = CARTESIAN_POINT('',(1.874274888904,3.752946670421E-03));
#1091 = ( GEOMETRIC_REPRESENTATION_CONTEXT(2) 
PARAMETRIC_REPRESENTATION_CONTEXT() REPRESENTATION_CONTEXT('2D SPACE',''
  ) );
#1092 = ORIENTED_EDGE('',*,*,#1093,.T.);
#1093 = EDGE_CURVE('',#912,#340,#1094,.T.);
#1094 = SURFACE_CURVE('',#1095,(#1146,#1200),.PCURVE_S1.);
#1095 = B_SPLINE_CURVE_WITH_KNOTS('',7,(#1096,#1097,#1098,#1099,#1100,
    #1101,#1102,#1103,#1104,#1105,#1106,#1107,#1108,#1109,#1110,#1111,
    #1112,#1113,#1114,#1115,#1116,#1117,#1118,#1119,#1120,#1121,#1122,
    #1123,#1124,#1125,#1126,#1127,#1128,#1129,#1130,#1131,#1132,#1133,
    #1134,#1135,#1136,#1137,#1138,#1139,#1140,#1141,#1142,#1143,#1144,
    #1145),.UNSPECIFIED.,.F.,.F.,(8,6,6,6,6,6,6,6,8),(0.,0.227498337701,
    0.455487467904,0.511490745117,0.54749340404,0.667498213896,
    0.78581259349,0.87781837491,1.),.UNSPECIFIED.);
#1096 = CARTESIAN_POINT('',(1.499978929984,0.44437820353,0.450000008128)
  );
#1097 = CARTESIAN_POINT('',(1.499978928739,0.444378203535,0.495944907643
    ));
#1098 = CARTESIAN_POINT('',(1.491769647617,0.444408988555,0.541900792298
    ));
#1099 = CARTESIAN_POINT('',(1.475344589007,0.444470582958,0.586086729907
    ));
#1100 = CARTESIAN_POINT('',(1.451188913479,0.444561167378,0.626746658798
    ));
#1101 = CARTESIAN_POINT('',(1.420239397912,0.444677228877,0.662303741956
    ));
#1102 = CARTESIAN_POINT('',(1.383806208272,0.444813854298,0.69149205002)
  );
#1103 = CARTESIAN_POINT('',(1.303019717537,0.445116805768,0.735486500708
    ));
#1104 = CARTESIAN_POINT('',(1.258630361894,0.445283267021,0.750272086679
    ));
#1105 = CARTESIAN_POINT('',(1.211857795777,0.445458665377,0.756959176456
    ));
#1106 = CARTESIAN_POINT('',(1.164492399791,0.44563628686,0.755132528395)
  );
#1107 = CARTESIAN_POINT('',(1.118373744678,0.445809233032,0.744863144366
    ));
#1108 = CARTESIAN_POINT('',(1.075254870905,0.445970929945,0.726703307985
    ));
#1109 = CARTESIAN_POINT('',(1.027146872993,0.446151336205,0.695476965876
    ));
#1110 = CARTESIAN_POINT('',(1.017930764588,0.446185896855,0.688901861499
    ));
#1111 = CARTESIAN_POINT('',(1.009007604808,0.446219358939,0.68192390167)
  );
#1112 = CARTESIAN_POINT('',(1.000398431663,0.446251643565,0.674558816324
    ));
#1113 = CARTESIAN_POINT('',(0.992123156998,0.446282676063,0.666823648263
    ));
#1114 = CARTESIAN_POINT('',(0.984200566497,0.446312385987,0.65873675316)
  );
#1115 = CARTESIAN_POINT('',(0.971793229414,0.446358913828,0.64490553209)
  );
#1116 = CARTESIAN_POINT('',(0.967091164534,0.446376546695,0.639356003043
    ));
#1117 = CARTESIAN_POINT('',(0.962546793355,0.446393588207,0.633674420467
    ));
#1118 = CARTESIAN_POINT('',(0.958164548311,0.446410021741,0.627866169576
    ));
#1119 = CARTESIAN_POINT('',(0.953948625949,0.446425831561,0.621936812739
    ));
#1120 = CARTESIAN_POINT('',(0.949902986937,0.446441002814,0.615892089482
    ));
#1121 = CARTESIAN_POINT('',(0.933126355676,0.446503915623,0.589224699361
    ));
#1122 = CARTESIAN_POINT('',(0.92215435701,0.446545060907,0.567495005192)
  );
#1123 = CARTESIAN_POINT('',(0.913253372539,0.446578439834,0.54476783235)
  );
#1124 = CARTESIAN_POINT('',(0.906529854297,0.446603653204,0.521281159814
    ));
#1125 = CARTESIAN_POINT('',(0.902055999883,0.446620430276,0.497285993876
    ));
#1126 = CARTESIAN_POINT('',(0.899867931291,0.446628635591,0.473040806636
    ));
#1127 = CARTESIAN_POINT('',(0.900059669495,0.446627916568,0.424910756256
    ));
#1128 = CARTESIAN_POINT('',(0.902375568504,0.446619231886,0.401024956752
    ));
#1129 = CARTESIAN_POINT('',(0.906911296873,0.446602222785,0.377396328705
    ));
#1130 = CARTESIAN_POINT('',(0.913630770126,0.446577024583,0.354272285165
    ));
#1131 = CARTESIAN_POINT('',(0.922463867785,0.446543900234,0.331893021024
    ));
#1132 = CARTESIAN_POINT('',(0.933308148045,0.446503233897,0.310486327853
    ));
#1133 = CARTESIAN_POINT('',(0.955925431924,0.446418418486,0.27453490151)
  );
#1134 = CARTESIAN_POINT('',(0.966955911098,0.446377053899,0.259522464257
    ));
#1135 = CARTESIAN_POINT('',(0.979060795981,0.446331660261,0.245323448894
    ));
#1136 = CARTESIAN_POINT('',(0.992167370411,0.446282510262,0.232029549847
    ));
#1137 = CARTESIAN_POINT('',(1.006193372202,0.446229912386,0.219724253962
    ));
#1138 = CARTESIAN_POINT('',(1.021048152596,0.446174206568,0.208481636466
    ));
#1139 = CARTESIAN_POINT('',(1.057331275169,0.446038143902,0.184930697769
    ));
#1140 = CARTESIAN_POINT('',(1.079318256057,0.445955692144,0.173481775188
    ));
#1141 = CARTESIAN_POINT('',(1.102365573681,0.445869264095,0.164167799977
    ));
#1142 = CARTESIAN_POINT('',(1.126223014411,0.445779798064,0.157103654699
    ));
#1143 = CARTESIAN_POINT('',(1.150625961712,0.445688286368,0.15236773651)
  );
#1144 = CARTESIAN_POINT('',(1.175302002185,0.445595750566,0.149999999994
    ));
#1145 = CARTESIAN_POINT('',(1.199977531605,0.44550321668,0.149999999994)
  );
#1146 = PCURVE('',#268,#1147);
#1147 = DEFINITIONAL_REPRESENTATION('',(#1148),#1199);
#1148 = B_SPLINE_CURVE_WITH_KNOTS('',7,(#1149,#1150,#1151,#1152,#1153,
    #1154,#1155,#1156,#1157,#1158,#1159,#1160,#1161,#1162,#1163,#1164,
    #1165,#1166,#1167,#1168,#1169,#1170,#1171,#1172,#1173,#1174,#1175,
    #1176,#1177,#1178,#1179,#1180,#1181,#1182,#1183,#1184,#1185,#1186,
    #1187,#1188,#1189,#1190,#1191,#1192,#1193,#1194,#1195,#1196,#1197,
    #1198),.UNSPECIFIED.,.F.,.F.,(8,6,6,6,6,6,6,6,8),(0.,0.227498337701,
    0.455487467904,0.511490745117,0.54749340404,0.667498213896,
    0.78581259349,0.87781837491,1.),.UNSPECIFIED.);
#1149 = CARTESIAN_POINT('',(6.275689508358,6.283185334293));
#1150 = CARTESIAN_POINT('',(6.275689508352,6.436334999341));
#1151 = CARTESIAN_POINT('',(6.275648504185,6.589520162553));
#1152 = CARTESIAN_POINT('',(6.275566485802,6.74267781174));
#1153 = CARTESIAN_POINT('',(6.275440158728,6.895818129192));
#1154 = CARTESIAN_POINT('',(6.275262978455,7.048975684705));
#1155 = CARTESIAN_POINT('',(6.275023436443,7.202160626273));
#1156 = CARTESIAN_POINT('',(6.274379064748,7.508789506388));
#1157 = CARTESIAN_POINT('',(6.27397350926,7.662304987554));
#1158 = CARTESIAN_POINT('',(6.273466301489,7.815791843151));
#1159 = CARTESIAN_POINT('',(6.27282297467,7.969261796957));
#1160 = CARTESIAN_POINT('',(6.272014095162,8.122747426313));
#1161 = CARTESIAN_POINT('',(6.270955281323,8.276259957793));
#1162 = CARTESIAN_POINT('',(6.269310570417,8.467433938015));
#1163 = CARTESIAN_POINT('',(6.268970547055,8.505133315912));
#1164 = CARTESIAN_POINT('',(6.268614453329,8.542832563484));
#1165 = CARTESIAN_POINT('',(6.268242470133,8.580531670977));
#1166 = CARTESIAN_POINT('',(6.267855343102,8.618230635389));
#1167 = CARTESIAN_POINT('',(6.267454382607,8.655929460473));
#1168 = CARTESIAN_POINT('',(6.266776011857,8.717863404577));
#1169 = CARTESIAN_POINT('',(6.266505671097,8.742098605308));
#1170 = CARTESIAN_POINT('',(6.266230984097,8.766333763147));
#1171 = CARTESIAN_POINT('',(6.265952678328,8.790568884716));
#1172 = CARTESIAN_POINT('',(6.265671666123,8.814803979042));
#1173 = CARTESIAN_POINT('',(6.26538904467,8.839039057552));
#1174 = CARTESIAN_POINT('',(6.264162965701,8.944054994086));
#1175 = CARTESIAN_POINT('',(6.263216059565,9.024837313487));
#1176 = CARTESIAN_POINT('',(6.262315106923,9.105619348041));
#1177 = CARTESIAN_POINT('',(6.261527436421,9.186401999277));
#1178 = CARTESIAN_POINT('',(6.260966551786,9.26718703872));
#1179 = CARTESIAN_POINT('',(6.260693539288,9.347974641666));
#1180 = CARTESIAN_POINT('',(6.260717479009,9.508409415564));
#1181 = CARTESIAN_POINT('',(6.261006462938,9.588058857367));
#1182 = CARTESIAN_POINT('',(6.261572013037,9.667705829526));
#1183 = CARTESIAN_POINT('',(6.26235316589,9.747350514813));
#1184 = CARTESIAN_POINT('',(6.263242750924,9.826994580893));
#1185 = CARTESIAN_POINT('',(6.264176251675,9.906638895469));
#1186 = CARTESIAN_POINT('',(6.265829180202,10.048215288382));
#1187 = CARTESIAN_POINT('',(6.266550225677,10.110149096991));
#1188 = CARTESIAN_POINT('',(6.267247298589,10.172082869103));
#1189 = CARTESIAN_POINT('',(6.267907940089,10.234016831432));
#1190 = CARTESIAN_POINT('',(6.268526599797,10.295951379397));
#1191 = CARTESIAN_POINT('',(6.269102068299,10.357886593018));
#1192 = CARTESIAN_POINT('',(6.270342511071,10.502070263272));
#1193 = CARTESIAN_POINT('',(6.270974712522,10.584320962114));
#1194 = CARTESIAN_POINT('',(6.271534226596,10.666570986238));
#1195 = CARTESIAN_POINT('',(6.272027710058,10.74882066536));
#1196 = CARTESIAN_POINT('',(6.272463601082,10.83107140132));
#1197 = CARTESIAN_POINT('',(6.272849956499,10.913323547387));
#1198 = CARTESIAN_POINT('',(6.27319228904,10.995574287564));
#1199 = ( GEOMETRIC_REPRESENTATION_CONTEXT(2) 
PARAMETRIC_REPRESENTATION_CONTEXT() REPRESENTATION_CONTEXT('2D SPACE',''
  ) );
#1200 = PCURVE('',#391,#1201);
#1201 = DEFINITIONAL_REPRESENTATION('',(#1202),#1253);
#1202 = B_SPLINE_CURVE_WITH_KNOTS('',7,(#1203,#1204,#1205,#1206,#1207,
    #1208,#1209,#1210,#1211,#1212,#1213,#1214,#1215,#1216,#1217,#1218,
    #1219,#1220,#1221,#1222,#1223,#1224,#1225,#1226,#1227,#1228,#1229,
    #1230,#1231,#1232,#1233,#1234,#1235,#1236,#1237,#1238,#1239,#1240,
    #1241,#1242,#1243,#1244,#1245,#1246,#1247,#1248,#1249,#1250,#1251,
    #1252),.UNSPECIFIED.,.F.,.F.,(8,6,6,6,6,6,6,6,8),(0.,0.227498337701,
    0.455487467904,0.511490745117,0.54749340404,0.667498213896,
    0.78581259349,0.87781837491,1.),.UNSPECIFIED.);
#1203 = CARTESIAN_POINT('',(0.298301964967,-4.47632459665E-04));
#1204 = CARTESIAN_POINT('',(0.298301963722,-4.639253197423E-02));
#1205 = CARTESIAN_POINT('',(0.290092624878,-9.234841662952E-02));
#1206 = CARTESIAN_POINT('',(0.273667450778,-0.136534354239));
#1207 = CARTESIAN_POINT('',(0.249511605403,-0.17719428313));
#1208 = CARTESIAN_POINT('',(0.218561872221,-0.212751366288));
#1209 = CARTESIAN_POINT('',(0.182128426407,-0.241939674352));
#1210 = CARTESIAN_POINT('',(0.101341367636,-0.285934125039));
#1211 = CARTESIAN_POINT('',(5.695169987706E-02,-0.300719711011));
#1212 = CARTESIAN_POINT('',(1.017880488683E-02,-0.307406800787));
#1213 = CARTESIAN_POINT('',(-3.718692414069E-02,-0.305580152727));
#1214 = CARTESIAN_POINT('',(-8.330590352888E-02,-0.295310768698));
#1215 = CARTESIAN_POINT('',(-0.126425080485,-0.277150932317));
#1216 = CARTESIAN_POINT('',(-0.174533416659,-0.245924590208));
#1217 = CARTESIAN_POINT('',(-0.183749589866,-0.239349485831));
#1218 = CARTESIAN_POINT('',(-0.192672812387,-0.232371526002));
#1219 = CARTESIAN_POINT('',(-0.201282046066,-0.225006440655));
#1220 = CARTESIAN_POINT('',(-0.209557378917,-0.217271272594));
#1221 = CARTESIAN_POINT('',(-0.217480025125,-0.209184377491));
#1222 = CARTESIAN_POINT('',(-0.229887449448,-0.195353156421));
#1223 = CARTESIAN_POINT('',(-0.23458954739,-0.189803627374));
#1224 = CARTESIAN_POINT('',(-0.239133950521,-0.184122044799));
#1225 = CARTESIAN_POINT('',(-0.243516226379,-0.178313793908));
#1226 = CARTESIAN_POINT('',(-0.247732178384,-0.17238443707));
#1227 = CARTESIAN_POINT('',(-0.251777845842,-0.166339713814));
#1228 = CARTESIAN_POINT('',(-0.268554595065,-0.139672323693));
#1229 = CARTESIAN_POINT('',(-0.279526670879,-0.117942629524));
#1230 = CARTESIAN_POINT('',(-0.288427717936,-9.521545668148E-02));
#1231 = CARTESIAN_POINT('',(-0.295151283453,-7.172878414558E-02));
#1232 = CARTESIAN_POINT('',(-0.299625169324,-4.773361820777E-02));
#1233 = CARTESIAN_POINT('',(-0.301813253301,-2.348843096785E-02));
#1234 = CARTESIAN_POINT('',(-0.301621513749,2.464161941272E-02));
#1235 = CARTESIAN_POINT('',(-0.299305598456,4.852741891653E-02));
#1236 = CARTESIAN_POINT('',(-0.294769838195,7.215604696349E-02));
#1237 = CARTESIAN_POINT('',(-0.288050317695,9.528009050347E-02));
#1238 = CARTESIAN_POINT('',(-0.279217157927,0.117659354644));
#1239 = CARTESIAN_POINT('',(-0.268372801418,0.139066047815));
#1240 = CARTESIAN_POINT('',(-0.24575535851,0.175017474158));
#1241 = CARTESIAN_POINT('',(-0.234724801777,0.190029911412));
#1242 = CARTESIAN_POINT('',(-0.222619831781,0.204228926774));
#1243 = CARTESIAN_POINT('',(-0.209513165194,0.217522825821));
#1244 = CARTESIAN_POINT('',(-0.195487064781,0.229828121706));
#1245 = CARTESIAN_POINT('',(-0.180632179939,0.241070739203));
#1246 = CARTESIAN_POINT('',(-0.144348802248,0.264621677899));
#1247 = CARTESIAN_POINT('',(-0.122361666762,0.27607060048));
#1248 = CARTESIAN_POINT('',(-9.931418708418E-02,0.285384575691));
#1249 = CARTESIAN_POINT('',(-7.545657860517E-02,0.29244872097));
#1250 = CARTESIAN_POINT('',(-5.105345971917E-02,0.297184639158));
#1251 = CARTESIAN_POINT('',(-2.637724574033E-02,0.299552375674));
#1252 = CARTESIAN_POINT('',(-1.701542818975E-03,0.299552375674));
#1253 = ( GEOMETRIC_REPRESENTATION_CONTEXT(2) 
PARAMETRIC_REPRESENTATION_CONTEXT() REPRESENTATION_CONTEXT('2D SPACE',''
  ) );
#1254 = ORIENTED_EDGE('',*,*,#339,.F.);
#1255 = ADVANCED_FACE('',(#1256),#321,.T.);
#1256 = FACE_BOUND('',#1257,.F.);
#1257 = EDGE_LOOP('',(#1258));
#1258 = ORIENTED_EDGE('',*,*,#306,.F.);
#1259 = ADVANCED_FACE('',(#1260),#391,.F.);
#1260 = FACE_BOUND('',#1261,.F.);
#1261 = EDGE_LOOP('',(#1262,#1293,#1322,#1323,#1324));
#1262 = ORIENTED_EDGE('',*,*,#1263,.T.);
#1263 = EDGE_CURVE('',#410,#1264,#1266,.T.);
#1264 = VERTEX_POINT('',#1265);
#1265 = CARTESIAN_POINT('',(1.20167906246,0.445496835895,0.149552375667)
  );
#1266 = SURFACE_CURVE('',#1267,(#1275,#1286),.PCURVE_S1.);
#1267 = ( BOUNDED_CURVE() B_SPLINE_CURVE(6,(#1268,#1269,#1270,#1271,
#1272,#1273,#1274),.UNSPECIFIED.,.T.,.F.) B_SPLINE_CURVE_WITH_KNOTS((7,7
),(1.570796326795,7.853981633974),.PIECEWISE_BEZIER_KNOTS.) CURVE() 
GEOMETRIC_REPRESENTATION_ITEM() RATIONAL_B_SPLINE_CURVE((1.669078461068,
    1.03672962321,1.038346699848,0.853534330196,1.038346699848,
1.03672962321,1.669078461068)) REPRESENTATION_ITEM('') );
#1268 = CARTESIAN_POINT('',(1.20167906246,0.445496835895,0.149552375667)
  );
#1269 = CARTESIAN_POINT('',(0.703219644619,0.447366071852,0.149552375668
    ));
#1270 = CARTESIAN_POINT('',(0.63164935555,0.447634462323,0.765916832833)
  );
#1271 = CARTESIAN_POINT('',(1.201679062461,0.445496835895,1.274287451972
    ));
#1272 = CARTESIAN_POINT('',(1.771708769371,0.443359209467,0.765916832834
    ));
#1273 = CARTESIAN_POINT('',(1.700138480301,0.443627599938,0.149552375668
    ));
#1274 = CARTESIAN_POINT('',(1.20167906246,0.445496835895,0.149552375667)
  );
#1275 = PCURVE('',#391,#1276);
#1276 = DEFINITIONAL_REPRESENTATION('',(#1277),#1285);
#1277 = ( BOUNDED_CURVE() B_SPLINE_CURVE(6,(#1278,#1279,#1280,#1281,
#1282,#1283,#1284),.UNSPECIFIED.,.T.,.F.) B_SPLINE_CURVE_WITH_KNOTS((7,7
),(1.570796326795,7.853981633974),.PIECEWISE_BEZIER_KNOTS.) CURVE() 
GEOMETRIC_REPRESENTATION_ITEM() RATIONAL_B_SPLINE_CURVE((1.669078461068,
    1.03672962321,1.038346699848,0.853534330196,1.038346699848,
1.03672962321,1.669078461068)) REPRESENTATION_ITEM('') );
#1278 = CARTESIAN_POINT('',(2.007283228522E-13,0.300000000002));
#1279 = CARTESIAN_POINT('',(-0.498462922671,0.3));
#1280 = CARTESIAN_POINT('',(-0.570033714974,-0.316364457164));
#1281 = CARTESIAN_POINT('',(1.105782132527E-12,-0.824735076303));
#1282 = CARTESIAN_POINT('',(0.570033714974,-0.316364457165));
#1283 = CARTESIAN_POINT('',(0.49846292267,0.300000000001));
#1284 = CARTESIAN_POINT('',(2.007283228522E-13,0.300000000002));
#1285 = ( GEOMETRIC_REPRESENTATION_CONTEXT(2) 
PARAMETRIC_REPRESENTATION_CONTEXT() REPRESENTATION_CONTEXT('2D SPACE',''
  ) );
#1286 = PCURVE('',#673,#1287);
#1287 = DEFINITIONAL_REPRESENTATION('',(#1288),#1292);
#1288 = LINE('',#1289,#1290);
#1289 = CARTESIAN_POINT('',(0.,0.));
#1290 = VECTOR('',#1291,1.);
#1291 = DIRECTION('',(1.,0.));
#1292 = ( GEOMETRIC_REPRESENTATION_CONTEXT(2) 
PARAMETRIC_REPRESENTATION_CONTEXT() REPRESENTATION_CONTEXT('2D SPACE',''
  ) );
#1293 = ORIENTED_EDGE('',*,*,#1294,.T.);
#1294 = EDGE_CURVE('',#1264,#912,#1295,.T.);
#1295 = SURFACE_CURVE('',#1296,(#1304,#1315),.PCURVE_S1.);
#1296 = ( BOUNDED_CURVE() B_SPLINE_CURVE(6,(#1297,#1298,#1299,#1300,
#1301,#1302,#1303),.UNSPECIFIED.,.T.,.F.) B_SPLINE_CURVE_WITH_KNOTS((7,7
),(1.570796326795,7.853981633974),.PIECEWISE_BEZIER_KNOTS.) CURVE() 
GEOMETRIC_REPRESENTATION_ITEM() RATIONAL_B_SPLINE_CURVE((1.669078461068,
    1.03672962321,1.038346699848,0.853534330196,1.038346699848,
1.03672962321,1.669078461068)) REPRESENTATION_ITEM('') );
#1297 = CARTESIAN_POINT('',(1.20167906246,0.445496835895,0.149552375667)
  );
#1298 = CARTESIAN_POINT('',(0.703219644619,0.447366071852,0.149552375668
    ));
#1299 = CARTESIAN_POINT('',(0.63164935555,0.447634462323,0.765916832833)
  );
#1300 = CARTESIAN_POINT('',(1.201679062461,0.445496835895,1.274287451972
    ));
#1301 = CARTESIAN_POINT('',(1.771708769371,0.443359209467,0.765916832834
    ));
#1302 = CARTESIAN_POINT('',(1.700138480301,0.443627599938,0.149552375668
    ));
#1303 = CARTESIAN_POINT('',(1.20167906246,0.445496835895,0.149552375667)
  );
#1304 = PCURVE('',#391,#1305);
#1305 = DEFINITIONAL_REPRESENTATION('',(#1306),#1314);
#1306 = ( BOUNDED_CURVE() B_SPLINE_CURVE(6,(#1307,#1308,#1309,#1310,
#1311,#1312,#1313),.UNSPECIFIED.,.T.,.F.) B_SPLINE_CURVE_WITH_KNOTS((7,7
),(1.570796326795,7.853981633974),.PIECEWISE_BEZIER_KNOTS.) CURVE() 
GEOMETRIC_REPRESENTATION_ITEM() RATIONAL_B_SPLINE_CURVE((1.669078461068,
    1.03672962321,1.038346699848,0.853534330196,1.038346699848,
1.03672962321,1.669078461068)) REPRESENTATION_ITEM('') );
#1307 = CARTESIAN_POINT('',(2.007283228522E-13,0.300000000002));
#1308 = CARTESIAN_POINT('',(-0.498462922671,0.3));
#1309 = CARTESIAN_POINT('',(-0.570033714974,-0.316364457164));
#1310 = CARTESIAN_POINT('',(1.105782132527E-12,-0.824735076303));
#1311 = CARTESIAN_POINT('',(0.570033714974,-0.316364457165));
#1312 = CARTESIAN_POINT('',(0.49846292267,0.300000000001));
#1313 = CARTESIAN_POINT('',(2.007283228522E-13,0.300000000002));
#1314 = ( GEOMETRIC_REPRESENTATION_CONTEXT(2) 
PARAMETRIC_REPRESENTATION_CONTEXT() REPRESENTATION_CONTEXT('2D SPACE',''
  ) );
#1315 = PCURVE('',#981,#1316);
#1316 = DEFINITIONAL_REPRESENTATION('',(#1317),#1321);
#1317 = LINE('',#1318,#1319);
#1318 = CARTESIAN_POINT('',(6.28318530718,0.));
#1319 = VECTOR('',#1320,1.);
#1320 = DIRECTION('',(1.,0.));
#1321 = ( GEOMETRIC_REPRESENTATION_CONTEXT(2) 
PARAMETRIC_REPRESENTATION_CONTEXT() REPRESENTATION_CONTEXT('2D SPACE',''
  ) );
#1322 = ORIENTED_EDGE('',*,*,#1093,.T.);
#1323 = ORIENTED_EDGE('',*,*,#363,.T.);
#1324 = ORIENTED_EDGE('',*,*,#409,.T.);
#1325 = ADVANCED_FACE('',(#1326),#981,.T.);
#1326 = FACE_BOUND('',#1327,.T.);
#1327 = EDGE_LOOP('',(#1328,#1359,#1360,#1361));
#1328 = ORIENTED_EDGE('',*,*,#1329,.F.);
#1329 = EDGE_CURVE('',#1264,#1330,#1332,.T.);
#1330 = VERTEX_POINT('',#1331);
#1331 = CARTESIAN_POINT('',(1.200000000011,0.45,0.149999999994));
#1332 = SURFACE_CURVE('',#1333,(#1345,#1352),.PCURVE_S1.);
#1333 = ( BOUNDED_CURVE() B_SPLINE_CURVE(10,(#1334,#1335,#1336,#1337,
    #1338,#1339,#1340,#1341,#1342,#1343,#1344),.UNSPECIFIED.,.F.,.F.) 
B_SPLINE_CURVE_WITH_KNOTS((11,11),(0.,6.28815693223),
.PIECEWISE_BEZIER_KNOTS.) CURVE() GEOMETRIC_REPRESENTATION_ITEM() 
RATIONAL_B_SPLINE_CURVE((1.669078461068,1.669078461068,1.669078461068,
    1.669078461069,1.669078461068,1.669078461069,1.669078461068,
    1.669078461068,1.669078461068,1.669078461068,1.669078461068)) 
REPRESENTATION_ITEM('') );
#1334 = CARTESIAN_POINT('',(1.20167906246,0.445496835895,0.149552375667)
  );
#1335 = CARTESIAN_POINT('',(0.921765148211,1.200534065945,0.22455237559)
  );
#1336 = CARTESIAN_POINT('',(0.114624054211,1.760803739745,0.299552375918
    ));
#1337 = CARTESIAN_POINT('',(-1.065460111436,1.706367944603,
    0.374552374782));
#1338 = CARTESIAN_POINT('',(-2.095545773972,0.787843587338,0.44955237755
    ));
#1339 = CARTESIAN_POINT('',(-2.223851041967,-0.824445289528,
    0.524552372851));
#1340 = CARTESIAN_POINT('',(-1.075557857162,-1.963462442544,
    0.599552378483));
#1341 = CARTESIAN_POINT('',(0.304346113239,-1.988534732389,
    0.674552373673));
#1342 = CARTESIAN_POINT('',(1.2347299351,-1.26055956479,0.749552376578)
  );
#1343 = CARTESIAN_POINT('',(1.481592990416,-0.309540394036,
    0.824552375382));
#1344 = CARTESIAN_POINT('',(1.201679061761,0.445496835911,0.899552375686
    ));
#1345 = PCURVE('',#981,#1346);
#1346 = DEFINITIONAL_REPRESENTATION('',(#1347),#1351);
#1347 = LINE('',#1348,#1349);
#1348 = CARTESIAN_POINT('',(1.570796326795,0.));
#1349 = VECTOR('',#1350,1.);
#1350 = DIRECTION('',(0.,1.));
#1351 = ( GEOMETRIC_REPRESENTATION_CONTEXT(2) 
PARAMETRIC_REPRESENTATION_CONTEXT() REPRESENTATION_CONTEXT('2D SPACE',''
  ) );
#1352 = PCURVE('',#673,#1353);
#1353 = DEFINITIONAL_REPRESENTATION('',(#1354),#1358);
#1354 = LINE('',#1355,#1356);
#1355 = CARTESIAN_POINT('',(7.853981633974,0.));
#1356 = VECTOR('',#1357,1.);
#1357 = DIRECTION('',(0.,1.));
#1358 = ( GEOMETRIC_REPRESENTATION_CONTEXT(2) 
PARAMETRIC_REPRESENTATION_CONTEXT() REPRESENTATION_CONTEXT('2D SPACE',''
  ) );
#1359 = ORIENTED_EDGE('',*,*,#1294,.T.);
#1360 = ORIENTED_EDGE('',*,*,#911,.T.);
#1361 = ORIENTED_EDGE('',*,*,#1362,.T.);
#1362 = EDGE_CURVE('',#801,#1330,#1363,.T.);
#1363 = SURFACE_CURVE('',#1364,(#1369,#1378),.PCURVE_S1.);
#1364 = CIRCLE('',#1365,0.3);
#1365 = AXIS2_PLACEMENT_3D('',#1366,#1367,#1368);
#1366 = CARTESIAN_POINT('',(1.200000000011,0.45,0.449999999994));
#1367 = DIRECTION('',(1.786867864754E-18,-1.,0.));
#1368 = DIRECTION('',(1.,1.786867864754E-18,0.));
#1369 = PCURVE('',#981,#1370);
#1370 = DEFINITIONAL_REPRESENTATION('',(#1371),#1377);
#1371 = B_SPLINE_CURVE_WITH_KNOTS('',4,(#1372,#1373,#1374,#1375,#1376),
  .UNSPECIFIED.,.F.,.F.,(5,5),(10.694810770187,10.995574287564),
  .PIECEWISE_BEZIER_KNOTS.);
#1372 = CARTESIAN_POINT('',(1.874274856644,3.752967402056E-03));
#1373 = CARTESIAN_POINT('',(1.798755205251,3.75296742317E-03));
#1374 = CARTESIAN_POINT('',(1.723048033987,3.752967454914E-03));
#1375 = CARTESIAN_POINT('',(1.647090855345,3.752967494339E-03));
#1376 = CARTESIAN_POINT('',(1.570796333692,3.752967538025E-03));
#1377 = ( GEOMETRIC_REPRESENTATION_CONTEXT(2) 
PARAMETRIC_REPRESENTATION_CONTEXT() REPRESENTATION_CONTEXT('2D SPACE',''
  ) );
#1378 = PCURVE('',#817,#1379);
#1379 = DEFINITIONAL_REPRESENTATION('',(#1380),#1386);
#1380 = B_SPLINE_CURVE_WITH_KNOTS('',4,(#1381,#1382,#1383,#1384,#1385),
  .UNSPECIFIED.,.F.,.F.,(5,5),(10.694810770187,10.995574287564),
  .PIECEWISE_BEZIER_KNOTS.);
#1381 = CARTESIAN_POINT('',(1.874274856644,3.752967402056E-03));
#1382 = CARTESIAN_POINT('',(1.798755205251,3.75296742317E-03));
#1383 = CARTESIAN_POINT('',(1.723048033987,3.752967454914E-03));
#1384 = CARTESIAN_POINT('',(1.647090855345,3.752967494339E-03));
#1385 = CARTESIAN_POINT('',(1.570796333692,3.752967538025E-03));
#1386 = ( GEOMETRIC_REPRESENTATION_CONTEXT(2) 
PARAMETRIC_REPRESENTATION_CONTEXT() REPRESENTATION_CONTEXT('2D SPACE',''
  ) );
#1387 = ADVANCED_FACE('',(#1388),#817,.T.);
#1388 = FACE_BOUND('',#1389,.T.);
#1389 = EDGE_LOOP('',(#1390,#1430,#1461,#1564,#1565,#1566));
#1390 = ORIENTED_EDGE('',*,*,#1391,.F.);
#1391 = EDGE_CURVE('',#1330,#574,#1392,.T.);
#1392 = SURFACE_CURVE('',#1393,(#1398,#1414),.PCURVE_S1.);
#1393 = CIRCLE('',#1394,0.3);
#1394 = AXIS2_PLACEMENT_3D('',#1395,#1396,#1397);
#1395 = CARTESIAN_POINT('',(1.200000000011,0.45,0.449999999994));
#1396 = DIRECTION('',(1.786867864754E-18,-1.,0.));
#1397 = DIRECTION('',(1.,1.786867864754E-18,0.));
#1398 = PCURVE('',#817,#1399);
#1399 = DEFINITIONAL_REPRESENTATION('',(#1400),#1413);
#1400 = B_SPLINE_CURVE_WITH_KNOTS('',6,(#1401,#1402,#1403,#1404,#1405,
    #1406,#1407,#1408,#1409,#1410,#1411,#1412),.UNSPECIFIED.,.F.,.F.,(7,
    5,7),(4.712388980385,6.13964562015,7.566902259916),.UNSPECIFIED.);
#1401 = CARTESIAN_POINT('',(7.853981640871,3.752967538024E-03));
#1402 = CARTESIAN_POINT('',(7.612614013697,3.752967676078E-03));
#1403 = CARTESIAN_POINT('',(7.374285425709,3.75296785402E-03));
#1404 = CARTESIAN_POINT('',(7.137123996856,3.752967996767E-03));
#1405 = CARTESIAN_POINT('',(6.900141935519,3.752968079616E-03));
#1406 = CARTESIAN_POINT('',(6.663023815216,3.752968096994E-03));
#1407 = CARTESIAN_POINT('',(6.188382902275,3.752968016339E-03));
#1408 = CARTESIAN_POINT('',(5.950860745632,3.752967917646E-03));
#1409 = CARTESIAN_POINT('',(5.713070065754,3.752967775918E-03));
#1410 = CARTESIAN_POINT('',(5.475215265312,3.752967604767E-03));
#1411 = CARTESIAN_POINT('',(5.23734335603,3.752967498517E-03));
#1412 = CARTESIAN_POINT('',(4.999468134253,3.75296748903E-03));
#1413 = ( GEOMETRIC_REPRESENTATION_CONTEXT(2) 
PARAMETRIC_REPRESENTATION_CONTEXT() REPRESENTATION_CONTEXT('2D SPACE',''
  ) );
#1414 = PCURVE('',#673,#1415);
#1415 = DEFINITIONAL_REPRESENTATION('',(#1416),#1429);
#1416 = B_SPLINE_CURVE_WITH_KNOTS('',6,(#1417,#1418,#1419,#1420,#1421,
    #1422,#1423,#1424,#1425,#1426,#1427,#1428),.UNSPECIFIED.,.F.,.F.,(7,
    5,7),(4.712388980385,6.13964562015,7.566902259916),.UNSPECIFIED.);
#1417 = CARTESIAN_POINT('',(7.853981640871,3.752967538024E-03));
#1418 = CARTESIAN_POINT('',(7.612614013697,3.752967676078E-03));
#1419 = CARTESIAN_POINT('',(7.374285425709,3.75296785402E-03));
#1420 = CARTESIAN_POINT('',(7.137123996856,3.752967996767E-03));
#1421 = CARTESIAN_POINT('',(6.900141935519,3.752968079616E-03));
#1422 = CARTESIAN_POINT('',(6.663023815216,3.752968096994E-03));
#1423 = CARTESIAN_POINT('',(6.188382902275,3.752968016339E-03));
#1424 = CARTESIAN_POINT('',(5.950860745632,3.752967917646E-03));
#1425 = CARTESIAN_POINT('',(5.713070065754,3.752967775918E-03));
#1426 = CARTESIAN_POINT('',(5.475215265312,3.752967604767E-03));
#1427 = CARTESIAN_POINT('',(5.23734335603,3.752967498517E-03));
#1428 = CARTESIAN_POINT('',(4.999468134253,3.75296748903E-03));
#1429 = ( GEOMETRIC_REPRESENTATION_CONTEXT(2) 
PARAMETRIC_REPRESENTATION_CONTEXT() REPRESENTATION_CONTEXT('2D SPACE',''
  ) );
#1430 = ORIENTED_EDGE('',*,*,#1431,.T.);
#1431 = EDGE_CURVE('',#1330,#1432,#1434,.T.);
#1432 = VERTEX_POINT('',#1433);
#1433 = CARTESIAN_POINT('',(1.20167906176,0.445496835911,0.899552375687)
  );
#1434 = SEAM_CURVE('',#1435,(#1447,#1454),.PCURVE_S1.);
#1435 = ( BOUNDED_CURVE() B_SPLINE_CURVE(10,(#1436,#1437,#1438,#1439,
    #1440,#1441,#1442,#1443,#1444,#1445,#1446),.UNSPECIFIED.,.F.,.F.) 
B_SPLINE_CURVE_WITH_KNOTS((11,11),(0.,6.28815693223),
.PIECEWISE_BEZIER_KNOTS.) CURVE() GEOMETRIC_REPRESENTATION_ITEM() 
RATIONAL_B_SPLINE_CURVE((1.669078461068,1.669078461068,1.669078461068,
    1.669078461069,1.669078461068,1.669078461069,1.669078461068,
    1.669078461068,1.669078461068,1.669078461068,1.669078461068)) 
REPRESENTATION_ITEM('') );
#1436 = CARTESIAN_POINT('',(1.20167906246,0.445496835895,0.149552375667)
  );
#1437 = CARTESIAN_POINT('',(0.921765148211,1.200534065945,0.22455237559)
  );
#1438 = CARTESIAN_POINT('',(0.114624054211,1.760803739745,0.299552375918
    ));
#1439 = CARTESIAN_POINT('',(-1.065460111436,1.706367944603,
    0.374552374782));
#1440 = CARTESIAN_POINT('',(-2.095545773972,0.787843587338,0.44955237755
    ));
#1441 = CARTESIAN_POINT('',(-2.223851041967,-0.824445289528,
    0.524552372851));
#1442 = CARTESIAN_POINT('',(-1.075557857162,-1.963462442544,
    0.599552378483));
#1443 = CARTESIAN_POINT('',(0.304346113239,-1.988534732389,
    0.674552373673));
#1444 = CARTESIAN_POINT('',(1.2347299351,-1.26055956479,0.749552376578)
  );
#1445 = CARTESIAN_POINT('',(1.481592990416,-0.309540394036,
    0.824552375382));
#1446 = CARTESIAN_POINT('',(1.201679061761,0.445496835911,0.899552375686
    ));
#1447 = PCURVE('',#817,#1448);
#1448 = DEFINITIONAL_REPRESENTATION('',(#1449),#1453);
#1449 = LINE('',#1450,#1451);
#1450 = CARTESIAN_POINT('',(1.570796326795,0.));
#1451 = VECTOR('',#1452,1.);
#1452 = DIRECTION('',(0.,1.));
#1453 = ( GEOMETRIC_REPRESENTATION_CONTEXT(2) 
PARAMETRIC_REPRESENTATION_CONTEXT() REPRESENTATION_CONTEXT('2D SPACE',''
  ) );
#1454 = PCURVE('',#817,#1455);
#1455 = DEFINITIONAL_REPRESENTATION('',(#1456),#1460);
#1456 = LINE('',#1457,#1458);
#1457 = CARTESIAN_POINT('',(7.853981633974,0.));
#1458 = VECTOR('',#1459,1.);
#1459 = DIRECTION('',(0.,1.));
#1460 = ( GEOMETRIC_REPRESENTATION_CONTEXT(2) 
PARAMETRIC_REPRESENTATION_CONTEXT() REPRESENTATION_CONTEXT('2D SPACE',''
  ) );
#1461 = ORIENTED_EDGE('',*,*,#1462,.F.);
#1462 = EDGE_CURVE('',#1432,#1432,#1463,.T.);
#1463 = SURFACE_CURVE('',#1464,(#1472,#1479),.PCURVE_S1.);
#1464 = ( BOUNDED_CURVE() B_SPLINE_CURVE(6,(#1465,#1466,#1467,#1468,
#1469,#1470,#1471),.UNSPECIFIED.,.T.,.F.) B_SPLINE_CURVE_WITH_KNOTS((7,7
),(1.570796326795,7.853981633974),.PIECEWISE_BEZIER_KNOTS.) CURVE() 
GEOMETRIC_REPRESENTATION_ITEM() RATIONAL_B_SPLINE_CURVE((1.669078461068,
    1.03672962321,1.038346699848,0.853534330196,1.038346699848,
1.03672962321,1.669078461068)) REPRESENTATION_ITEM('') );
#1465 = CARTESIAN_POINT('',(1.201679061761,0.445496835911,0.899552375686
    ));
#1466 = CARTESIAN_POINT('',(0.703219643919,0.447366071867,0.899552375688
    ));
#1467 = CARTESIAN_POINT('',(0.63164935485,0.447634462338,1.515916832852)
  );
#1468 = CARTESIAN_POINT('',(1.201679061761,0.445496835911,2.024287451989
    ));
#1469 = CARTESIAN_POINT('',(1.771708768671,0.443359209484,1.515916832852
    ));
#1470 = CARTESIAN_POINT('',(1.7001384796,0.443627599954,0.899552375686)
  );
#1471 = CARTESIAN_POINT('',(1.201679061761,0.445496835911,0.899552375686
    ));
#1472 = PCURVE('',#817,#1473);
#1473 = DEFINITIONAL_REPRESENTATION('',(#1474),#1478);
#1474 = LINE('',#1475,#1476);
#1475 = CARTESIAN_POINT('',(0.,6.28815693223));
#1476 = VECTOR('',#1477,1.);
#1477 = DIRECTION('',(1.,0.));
#1478 = ( GEOMETRIC_REPRESENTATION_CONTEXT(2) 
PARAMETRIC_REPRESENTATION_CONTEXT() REPRESENTATION_CONTEXT('2D SPACE',''
  ) );
#1479 = PCURVE('',#1480,#1558);
#1480 = ( BOUNDED_SURFACE() B_SPLINE_SURFACE(6,10,(
    (#1481,#1482,#1483,#1484,#1485,#1486,#1487,#1488,#1489,#1490,#1491)
    ,(#1492,#1493,#1494,#1495,#1496,#1497,#1498,#1499,#1500,#1501,#1502)
    ,(#1503,#1504,#1505,#1506,#1507,#1508,#1509,#1510,#1511,#1512,#1513)
    ,(#1514,#1515,#1516,#1517,#1518,#1519,#1520,#1521,#1522,#1523,#1524)
    ,(#1525,#1526,#1527,#1528,#1529,#1530,#1531,#1532,#1533,#1534,#1535)
    ,(#1536,#1537,#1538,#1539,#1540,#1541,#1542,#1543,#1544,#1545,#1546)
    ,(#1547,#1548,#1549,#1550,#1551,#1552,#1553,#1554,#1555,#1556,#1557
)),.UNSPECIFIED.,.T.,.F.,.F.) B_SPLINE_SURFACE_WITH_KNOTS((7,7),(11,11),
  (1.570796326795,7.853981633974),(0.,6.28815693223),
.PIECEWISE_BEZIER_KNOTS.) GEOMETRIC_REPRESENTATION_ITEM() 
RATIONAL_B_SPLINE_SURFACE((
    (1.669078461068,1.669078461068,1.669078461068,1.669078461069
      ,1.669078461068,1.669078461069,1.669078461068,1.669078461068
      ,1.669078461068,1.669078461068,1.669078461068)
    ,(1.03672962321,1.03672962321,1.03672962321,1.03672962321
      ,1.036729623209,1.03672962321,1.036729623209,1.03672962321
      ,1.03672962321,1.03672962321,1.03672962321)
    ,(1.038346699848,1.038346699848,1.038346699847,1.038346699848
      ,1.038346699847,1.038346699848,1.038346699847,1.038346699848
      ,1.038346699847,1.038346699848,1.038346699848)
    ,(0.853534330196,0.853534330196,0.853534330196,0.853534330196
      ,0.853534330196,0.853534330196,0.853534330196,0.853534330196
      ,0.853534330196,0.853534330196,0.853534330196)
    ,(1.038346699848,1.038346699848,1.038346699847,1.038346699848
      ,1.038346699847,1.038346699848,1.038346699847,1.038346699848
      ,1.038346699847,1.038346699848,1.038346699848)
    ,(1.03672962321,1.03672962321,1.03672962321,1.03672962321
      ,1.036729623209,1.03672962321,1.036729623209,1.03672962321
      ,1.03672962321,1.03672962321,1.03672962321)
    ,(1.669078461068,1.669078461068,1.669078461068,1.669078461069
      ,1.669078461068,1.669078461069,1.669078461068,1.669078461068
      ,1.669078461068,1.669078461068,1.669078461068
))) REPRESENTATION_ITEM('') SURFACE() );
#1481 = CARTESIAN_POINT('',(1.20167906176,0.445496835911,0.899552375686)
  );
#1482 = CARTESIAN_POINT('',(0.921765147732,1.200534064966,0.974552375626
    ));
#1483 = CARTESIAN_POINT('',(0.114624051905,1.760803740649,1.049552375899
    ));
#1484 = CARTESIAN_POINT('',(-1.065460103707,1.706367940818,
    1.124552374775));
#1485 = CARTESIAN_POINT('',(-2.095545789364,0.787843588528,
    1.199552377759));
#1486 = CARTESIAN_POINT('',(-2.223851017414,-0.82444528954,
    1.274552372542));
#1487 = CARTESIAN_POINT('',(-1.075557879366,-1.963462442452,
    1.349552378807));
#1488 = CARTESIAN_POINT('',(0.304346129209,-1.98853473125,1.424552373524
    ));
#1489 = CARTESIAN_POINT('',(1.234729927613,-1.260559563731,
    1.499552376645));
#1490 = CARTESIAN_POINT('',(1.48159299138,-0.309540393646,1.574552375399
    ));
#1491 = CARTESIAN_POINT('',(1.201679061062,0.445496835897,1.649552375705
    ));
#1492 = CARTESIAN_POINT('',(0.703219643918,0.447366071867,0.899552375688
    ));
#1493 = CARTESIAN_POINT('',(0.422131254243,0.889212011909,0.97455237557)
  );
#1494 = CARTESIAN_POINT('',(-0.167583522259,1.135218755629,
    1.049552376095));
#1495 = CARTESIAN_POINT('',(-0.910477855377,0.939448655691,
    1.124552374375));
#1496 = CARTESIAN_POINT('',(-1.439994903566,0.214752976355,
    1.199552378336));
#1497 = CARTESIAN_POINT('',(-1.301392120448,-0.827904534715,
    1.274552371906));
#1498 = CARTESIAN_POINT('',(-0.415727281612,-1.395304545522,
    1.349552379377));
#1499 = CARTESIAN_POINT('',(0.465075872886,-1.222799374411,
    1.424552373111));
#1500 = CARTESIAN_POINT('',(0.957222144903,-0.632875631372,
    1.499552376868));
#1501 = CARTESIAN_POINT('',(0.984308049074,5.520131324062E-03,
    1.574552375333));
#1502 = CARTESIAN_POINT('',(0.703219643219,0.447366071853,1.649552375706
    ));
#1503 = CARTESIAN_POINT('',(0.63164935485,0.447634462338,1.515916832852)
  );
#1504 = CARTESIAN_POINT('',(0.350392330549,0.844511463514,1.590916832785
    ));
#1505 = CARTESIAN_POINT('',(-0.208103727346,1.045395398674,
    1.665916833058));
#1506 = CARTESIAN_POINT('',(-0.888225041338,0.829332098637,
    1.740916832023));
#1507 = CARTESIAN_POINT('',(-1.345868954615,0.132466917922,
    1.815916834697));
#1508 = CARTESIAN_POINT('',(-1.168942720608,-0.828401223431,
    1.890916830045));
#1509 = CARTESIAN_POINT('',(-0.32098683908,-1.31372674108,1.965916835633
    ));
#1510 = CARTESIAN_POINT('',(0.488153929726,-1.112852809286,
    2.040916830932));
#1511 = CARTESIAN_POINT('',(0.91737674969,-0.542750901311,2.115916833694
    ));
#1512 = CARTESIAN_POINT('',(0.912906394856,5.075746066294E-02,
    2.190916832592));
#1513 = CARTESIAN_POINT('',(0.631649354152,0.447634462324,2.265916832869
    ));
#1514 = CARTESIAN_POINT('',(1.201679061759,0.445496835911,2.024287451989
    ));
#1515 = CARTESIAN_POINT('',(0.921765147746,1.200534064969,2.099287451886
    ));
#1516 = CARTESIAN_POINT('',(0.114624051863,1.760803740639,2.174287452382
    ));
#1517 = CARTESIAN_POINT('',(-1.065460103594,1.706367940841,
    2.249287450697));
#1518 = CARTESIAN_POINT('',(-2.095545789602,0.787843588492,
    2.324287454654));
#1519 = CARTESIAN_POINT('',(-2.22385101706,-0.824445289497,2.39928744811
    ));
#1520 = CARTESIAN_POINT('',(-1.075557879766,-1.963462442489,
    2.474287455813));
#1521 = CARTESIAN_POINT('',(0.304346129535,-1.988534731226,
    2.549287449343));
#1522 = CARTESIAN_POINT('',(1.23472992743,-1.260559563741,2.624287453169
    ));
#1523 = CARTESIAN_POINT('',(1.481592991434,-0.309540393643,
    2.699287451645));
#1524 = CARTESIAN_POINT('',(1.201679061061,0.445496835897,2.774287452007
    ));
#1525 = CARTESIAN_POINT('',(1.771708768671,0.443359209484,1.51591683285)
  );
#1526 = CARTESIAN_POINT('',(1.49313796491,1.556556666423,1.590916832751)
  );
#1527 = CARTESIAN_POINT('',(0.437351831166,2.476212082604,1.665916833219
    ));
#1528 = CARTESIAN_POINT('',(-1.242695166051,2.583403783045,
    1.740916831604));
#1529 = CARTESIAN_POINT('',(-2.845222624286,1.443220259063,
    1.815916835447));
#1530 = CARTESIAN_POINT('',(-3.27875931383,-0.820489355566,
    1.890916829056));
#1531 = CARTESIAN_POINT('',(-1.830128920208,-2.613198143897,
    1.965916836589));
#1532 = CARTESIAN_POINT('',(0.120538329217,-2.864216653168,2.04091683026
    ));
#1533 = CARTESIAN_POINT('',(1.552083105216,-1.978368226171,
    2.115916834014));
#1534 = CARTESIAN_POINT('',(2.050279588004,-0.669838247949,
    2.190916832507));
#1535 = CARTESIAN_POINT('',(1.771708767973,0.443359209471,2.265916832868
    ));
#1536 = CARTESIAN_POINT('',(1.700138479601,0.443627599954,0.899552375686
    ));
#1537 = CARTESIAN_POINT('',(1.421399041036,1.511856118026,0.974552375592
    ));
#1538 = CARTESIAN_POINT('',(0.396831626831,2.386388725657,1.049552376016
    ));
#1539 = CARTESIAN_POINT('',(-1.2204423538,2.473287225973,1.124552374585)
  );
#1540 = CARTESIAN_POINT('',(-2.751096672435,1.360934200655,
    1.199552377934));
#1541 = CARTESIAN_POINT('',(-3.146309917442,-0.820986044309,
    1.274552372472));
#1542 = CARTESIAN_POINT('',(-1.735388474558,-2.531620339433,
    1.349552378792));
#1543 = CARTESIAN_POINT('',(0.143616383955,-2.754270088058,
    1.424552373541));
#1544 = CARTESIAN_POINT('',(1.512237710992,-1.888243496104,
    1.499552376653));
#1545 = CARTESIAN_POINT('',(1.978877933517,-0.624600918612,
    1.574552375394));
#1546 = CARTESIAN_POINT('',(1.700138478904,0.443627599942,1.649552375704
    ));
#1547 = CARTESIAN_POINT('',(1.20167906176,0.445496835911,0.899552375686)
  );
#1548 = CARTESIAN_POINT('',(0.921765147732,1.200534064966,0.974552375626
    ));
#1549 = CARTESIAN_POINT('',(0.114624051905,1.760803740649,1.049552375899
    ));
#1550 = CARTESIAN_POINT('',(-1.065460103707,1.706367940818,
    1.124552374775));
#1551 = CARTESIAN_POINT('',(-2.095545789364,0.787843588528,
    1.199552377759));
#1552 = CARTESIAN_POINT('',(-2.223851017414,-0.82444528954,
    1.274552372542));
#1553 = CARTESIAN_POINT('',(-1.075557879366,-1.963462442452,
    1.349552378807));
#1554 = CARTESIAN_POINT('',(0.304346129209,-1.98853473125,1.424552373524
    ));
#1555 = CARTESIAN_POINT('',(1.234729927613,-1.260559563731,
    1.499552376645));
#1556 = CARTESIAN_POINT('',(1.48159299138,-0.309540393646,1.574552375399
    ));
#1557 = CARTESIAN_POINT('',(1.201679061062,0.445496835897,1.649552375705
    ));
#1558 = DEFINITIONAL_REPRESENTATION('',(#1559),#1563);
#1559 = LINE('',#1560,#1561);
#1560 = CARTESIAN_POINT('',(0.,0.));
#1561 = VECTOR('',#1562,1.);
#1562 = DIRECTION('',(1.,0.));
#1563 = ( GEOMETRIC_REPRESENTATION_CONTEXT(2) 
PARAMETRIC_REPRESENTATION_CONTEXT() REPRESENTATION_CONTEXT('2D SPACE',''
  ) );
#1564 = ORIENTED_EDGE('',*,*,#1431,.F.);
#1565 = ORIENTED_EDGE('',*,*,#1362,.F.);
#1566 = ORIENTED_EDGE('',*,*,#800,.F.);
#1567 = ADVANCED_FACE('',(#1568),#673,.T.);
#1568 = FACE_BOUND('',#1569,.T.);
#1569 = EDGE_LOOP('',(#1570,#1571,#1572,#1573));
#1570 = ORIENTED_EDGE('',*,*,#1263,.T.);
#1571 = ORIENTED_EDGE('',*,*,#1329,.T.);
#1572 = ORIENTED_EDGE('',*,*,#1391,.T.);
#1573 = ORIENTED_EDGE('',*,*,#573,.T.);
#1574 = ADVANCED_FACE('',(#1575),#1480,.T.);
#1575 = FACE_BOUND('',#1576,.T.);
#1576 = EDGE_LOOP('',(#1577,#1608,#1711,#1712));
#1577 = ORIENTED_EDGE('',*,*,#1578,.T.);
#1578 = EDGE_CURVE('',#1432,#1579,#1581,.T.);
#1579 = VERTEX_POINT('',#1580);
#1580 = CARTESIAN_POINT('',(1.201679061062,0.445496835898,1.649552375706
    ));
#1581 = SEAM_CURVE('',#1582,(#1594,#1601),.PCURVE_S1.);
#1582 = ( BOUNDED_CURVE() B_SPLINE_CURVE(10,(#1583,#1584,#1585,#1586,
    #1587,#1588,#1589,#1590,#1591,#1592,#1593),.UNSPECIFIED.,.F.,.F.) 
B_SPLINE_CURVE_WITH_KNOTS((11,11),(0.,6.28815693223),
.PIECEWISE_BEZIER_KNOTS.) CURVE() GEOMETRIC_REPRESENTATION_ITEM() 
RATIONAL_B_SPLINE_CURVE((1.669078461068,1.669078461068,1.669078461068,
    1.669078461069,1.669078461068,1.669078461069,1.669078461068,
    1.669078461068,1.669078461068,1.669078461068,1.669078461068)) 
REPRESENTATION_ITEM('') );
#1583 = CARTESIAN_POINT('',(1.20167906176,0.445496835911,0.899552375686)
  );
#1584 = CARTESIAN_POINT('',(0.921765147732,1.200534064966,0.974552375626
    ));
#1585 = CARTESIAN_POINT('',(0.114624051905,1.760803740649,1.049552375899
    ));
#1586 = CARTESIAN_POINT('',(-1.065460103707,1.706367940818,
    1.124552374775));
#1587 = CARTESIAN_POINT('',(-2.095545789364,0.787843588528,
    1.199552377759));
#1588 = CARTESIAN_POINT('',(-2.223851017414,-0.82444528954,
    1.274552372542));
#1589 = CARTESIAN_POINT('',(-1.075557879366,-1.963462442452,
    1.349552378807));
#1590 = CARTESIAN_POINT('',(0.304346129209,-1.98853473125,1.424552373524
    ));
#1591 = CARTESIAN_POINT('',(1.234729927613,-1.260559563731,
    1.499552376645));
#1592 = CARTESIAN_POINT('',(1.48159299138,-0.309540393646,1.574552375399
    ));
#1593 = CARTESIAN_POINT('',(1.201679061062,0.445496835897,1.649552375705
    ));
#1594 = PCURVE('',#1480,#1595);
#1595 = DEFINITIONAL_REPRESENTATION('',(#1596),#1600);
#1596 = LINE('',#1597,#1598);
#1597 = CARTESIAN_POINT('',(7.853981633974,0.));
#1598 = VECTOR('',#1599,1.);
#1599 = DIRECTION('',(0.,1.));
#1600 = ( GEOMETRIC_REPRESENTATION_CONTEXT(2) 
PARAMETRIC_REPRESENTATION_CONTEXT() REPRESENTATION_CONTEXT('2D SPACE',''
  ) );
#1601 = PCURVE('',#1480,#1602);
#1602 = DEFINITIONAL_REPRESENTATION('',(#1603),#1607);
#1603 = LINE('',#1604,#1605);
#1604 = CARTESIAN_POINT('',(1.570796326795,0.));
#1605 = VECTOR('',#1606,1.);
#1606 = DIRECTION('',(0.,1.));
#1607 = ( GEOMETRIC_REPRESENTATION_CONTEXT(2) 
PARAMETRIC_REPRESENTATION_CONTEXT() REPRESENTATION_CONTEXT('2D SPACE',''
  ) );
#1608 = ORIENTED_EDGE('',*,*,#1609,.F.);
#1609 = EDGE_CURVE('',#1579,#1579,#1610,.T.);
#1610 = SURFACE_CURVE('',#1611,(#1619,#1626),.PCURVE_S1.);
#1611 = ( BOUNDED_CURVE() B_SPLINE_CURVE(6,(#1612,#1613,#1614,#1615,
#1616,#1617,#1618),.UNSPECIFIED.,.T.,.F.) B_SPLINE_CURVE_WITH_KNOTS((7,7
),(1.570796326795,7.853981633974),.PIECEWISE_BEZIER_KNOTS.) CURVE() 
GEOMETRIC_REPRESENTATION_ITEM() RATIONAL_B_SPLINE_CURVE((1.669078461068,
    1.03672962321,1.038346699848,0.853534330196,1.038346699848,
1.03672962321,1.669078461068)) REPRESENTATION_ITEM('') );
#1612 = CARTESIAN_POINT('',(1.201679061062,0.445496835897,1.649552375705
    ));
#1613 = CARTESIAN_POINT('',(0.703219643219,0.447366071853,1.649552375706
    ));
#1614 = CARTESIAN_POINT('',(0.631649354152,0.447634462324,2.265916832869
    ));
#1615 = CARTESIAN_POINT('',(1.201679061061,0.445496835897,2.774287452007
    ));
#1616 = CARTESIAN_POINT('',(1.771708767973,0.443359209471,2.265916832868
    ));
#1617 = CARTESIAN_POINT('',(1.700138478904,0.443627599942,1.649552375704
    ));
#1618 = CARTESIAN_POINT('',(1.201679061062,0.445496835897,1.649552375705
    ));
#1619 = PCURVE('',#1480,#1620);
#1620 = DEFINITIONAL_REPRESENTATION('',(#1621),#1625);
#1621 = LINE('',#1622,#1623);
#1622 = CARTESIAN_POINT('',(0.,6.28815693223));
#1623 = VECTOR('',#1624,1.);
#1624 = DIRECTION('',(1.,0.));
#1625 = ( GEOMETRIC_REPRESENTATION_CONTEXT(2) 
PARAMETRIC_REPRESENTATION_CONTEXT() REPRESENTATION_CONTEXT('2D SPACE',''
  ) );
#1626 = PCURVE('',#1627,#1705);
#1627 = ( BOUNDED_SURFACE() B_SPLINE_SURFACE(6,10,(
    (#1628,#1629,#1630,#1631,#1632,#1633,#1634,#1635,#1636,#1637,#1638)
    ,(#1639,#1640,#1641,#1642,#1643,#1644,#1645,#1646,#1647,#1648,#1649)
    ,(#1650,#1651,#1652,#1653,#1654,#1655,#1656,#1657,#1658,#1659,#1660)
    ,(#1661,#1662,#1663,#1664,#1665,#1666,#1667,#1668,#1669,#1670,#1671)
    ,(#1672,#1673,#1674,#1675,#1676,#1677,#1678,#1679,#1680,#1681,#1682)
    ,(#1683,#1684,#1685,#1686,#1687,#1688,#1689,#1690,#1691,#1692,#1693)
    ,(#1694,#1695,#1696,#1697,#1698,#1699,#1700,#1701,#1702,#1703,#1704
)),.UNSPECIFIED.,.T.,.F.,.F.) B_SPLINE_SURFACE_WITH_KNOTS((7,7),(11,11),
  (1.570796326795,7.853981633974),(0.,6.28815693223),
.PIECEWISE_BEZIER_KNOTS.) GEOMETRIC_REPRESENTATION_ITEM() 
RATIONAL_B_SPLINE_SURFACE((
    (1.669078461068,1.669078461068,1.669078461068,1.669078461069
      ,1.669078461068,1.669078461069,1.669078461068,1.669078461068
      ,1.669078461068,1.669078461068,1.669078461068)
    ,(1.03672962321,1.03672962321,1.03672962321,1.03672962321
      ,1.036729623209,1.03672962321,1.036729623209,1.03672962321
      ,1.03672962321,1.03672962321,1.03672962321)
    ,(1.038346699848,1.038346699848,1.038346699847,1.038346699848
      ,1.038346699847,1.038346699848,1.038346699847,1.038346699848
      ,1.038346699847,1.038346699848,1.038346699848)
    ,(0.853534330196,0.853534330196,0.853534330196,0.853534330196
      ,0.853534330196,0.853534330196,0.853534330196,0.853534330196
      ,0.853534330196,0.853534330196,0.853534330196)
    ,(1.038346699848,1.038346699848,1.038346699847,1.038346699848
      ,1.038346699847,1.038346699848,1.038346699847,1.038346699848
      ,1.038346699847,1.038346699848,1.038346699848)
    ,(1.03672962321,1.03672962321,1.03672962321,1.03672962321
      ,1.036729623209,1.03672962321,1.036729623209,1.03672962321
      ,1.03672962321,1.03672962321,1.03672962321)
    ,(1.669078461068,1.669078461068,1.669078461068,1.669078461069
      ,1.669078461068,1.669078461069,1.669078461068,1.669078461068
      ,1.669078461068,1.669078461068,1.669078461068
))) REPRESENTATION_ITEM('') SURFACE() );
#1628 = CARTESIAN_POINT('',(1.201679061061,0.445496835898,1.649552375705
    ));
#1629 = CARTESIAN_POINT('',(0.921765127297,1.200534063236,1.724552376156
    ));
#1630 = CARTESIAN_POINT('',(0.114624103941,1.760803734152,1.799552374635
    ));
#1631 = CARTESIAN_POINT('',(-1.065460199893,1.706367939113,
    1.874552377272));
#1632 = CARTESIAN_POINT('',(-2.095545678255,0.787843585901,
    1.949552375249));
#1633 = CARTESIAN_POINT('',(-2.223851071909,-0.824445296898,
    2.024552374003));
#1634 = CARTESIAN_POINT('',(-1.075557878554,-1.963462428156,
    2.09955237917));
#1635 = CARTESIAN_POINT('',(0.304346163044,-1.988534733985,2.17455237257
    ));
#1636 = CARTESIAN_POINT('',(1.234729900685,-1.260559556332,2.24955237749
    ));
#1637 = CARTESIAN_POINT('',(1.48159299635,-0.309540392588,2.32455237523)
  );
#1638 = CARTESIAN_POINT('',(1.201679057232,0.445496835799,2.399552375806
    ));
#1639 = CARTESIAN_POINT('',(0.70321964322,0.447366071853,1.649552375704)
  );
#1640 = CARTESIAN_POINT('',(0.422131233902,0.889212010177,1.724552376197
    ));
#1641 = CARTESIAN_POINT('',(-0.167583470628,1.135218749142,
    1.799552374464));
#1642 = CARTESIAN_POINT('',(-0.910477950586,0.939448653957,
    1.874552377674));
#1643 = CARTESIAN_POINT('',(-1.439994794049,0.214752973787,
    1.949552374592));
#1644 = CARTESIAN_POINT('',(-1.301392173063,-0.827904542153,
    2.024552374803));
#1645 = CARTESIAN_POINT('',(-0.41572728244,-1.395304531146,
    2.099552378455));
#1646 = CARTESIAN_POINT('',(0.465075907743,-1.222799377198,2.17455237303
    ));
#1647 = CARTESIAN_POINT('',(0.957222117548,-0.63287562395,2.24955237729)
  );
#1648 = CARTESIAN_POINT('',(0.984308054149,5.520132374699E-03,
    2.324552375283));
#1649 = CARTESIAN_POINT('',(0.70321963939,0.447366071754,2.399552375806)
  );
#1650 = CARTESIAN_POINT('',(0.631649354151,0.447634462324,2.265916832869
    ));
#1651 = CARTESIAN_POINT('',(0.350392310119,0.844511461781,2.340916833214
    ));
#1652 = CARTESIAN_POINT('',(-0.208103675338,1.045395392191,
    2.415916832236));
#1653 = CARTESIAN_POINT('',(-0.888225137466,0.829332096892,
    2.490916833435));
#1654 = CARTESIAN_POINT('',(-1.345868843577,0.132466915374,
    2.565916833933));
#1655 = CARTESIAN_POINT('',(-1.168942775073,-0.828401230892,
    2.640916829609));
#1656 = CARTESIAN_POINT('',(-0.320986838247,-1.313726726682,
    2.715916837407));
#1657 = CARTESIAN_POINT('',(0.48815396351,-1.11285281209,2.790916829262)
  );
#1658 = CARTESIAN_POINT('',(0.917376722801,-0.542750893882,
    2.865916834779));
#1659 = CARTESIAN_POINT('',(0.912906399809,5.075746171131E-02,
    2.940916832382));
#1660 = CARTESIAN_POINT('',(0.631649350322,0.447634462225,3.015916832971
    ));
#1661 = CARTESIAN_POINT('',(1.201679061061,0.445496835897,2.774287452008
    ));
#1662 = CARTESIAN_POINT('',(0.921765127302,1.200534063235,2.849287452515
    ));
#1663 = CARTESIAN_POINT('',(0.114624103935,1.760803734162,2.924287450716
    ));
#1664 = CARTESIAN_POINT('',(-1.065460199884,1.706367939094,2.9992874541)
  );
#1665 = CARTESIAN_POINT('',(-2.09554567828,0.787843585934,3.074287450712
    ));
#1666 = CARTESIAN_POINT('',(-2.223851071883,-0.824445296934,
    3.149287451268));
#1667 = CARTESIAN_POINT('',(-1.075557878597,-1.963462428127,
    3.224287454659));
#1668 = CARTESIAN_POINT('',(0.304346163099,-1.988534734003,
    3.299287449394));
#1669 = CARTESIAN_POINT('',(1.234729900637,-1.260559556326,
    3.374287453557));
#1670 = CARTESIAN_POINT('',(1.481592996367,-0.309540392591,
    3.449287451597));
#1671 = CARTESIAN_POINT('',(1.201679057232,0.445496835799,3.524287452109
    ));
#1672 = CARTESIAN_POINT('',(1.771708767972,0.443359209471,2.265916832869
    ));
#1673 = CARTESIAN_POINT('',(1.493137944594,1.556556664688,2.340916833177
    ));
#1674 = CARTESIAN_POINT('',(0.437351882741,2.47621207613,2.415916832381)
  );
#1675 = CARTESIAN_POINT('',(-1.242695261253,2.583403781295,
    2.490916833092));
#1676 = CARTESIAN_POINT('',(-2.845222514636,1.443220256494,
    2.565916834532));
#1677 = CARTESIAN_POINT('',(-3.27875936677,-0.820489362978,
    2.640916828777));
#1678 = CARTESIAN_POINT('',(-1.830128920604,-2.613198129572,
    2.715916838294));
#1679 = CARTESIAN_POINT('',(0.120538363726,-2.864216655914,
    2.790916828566));
#1680 = CARTESIAN_POINT('',(1.552083078033,-1.978368218771,
    2.865916835149));
#1681 = CARTESIAN_POINT('',(2.050279593031,-0.669838246892,
    2.940916832275));
#1682 = CARTESIAN_POINT('',(1.771708764142,0.443359209373,3.01591683297)
  );
#1683 = CARTESIAN_POINT('',(1.700138478904,0.443627599942,1.649552375704
    ));
#1684 = CARTESIAN_POINT('',(1.421399020673,1.511856116291,1.72455237612)
  );
#1685 = CARTESIAN_POINT('',(0.396831678565,2.386388719181,1.799552374767
    ));
#1686 = CARTESIAN_POINT('',(-1.220442449261,2.473287224223,
    1.874552377024));
#1687 = CARTESIAN_POINT('',(-2.751096562538,1.360934198088,
    1.949552375504));
#1688 = CARTESIAN_POINT('',(-3.146309970461,-0.820986051728,
    2.024552373925));
#1689 = CARTESIAN_POINT('',(-1.735388475049,-2.531620325096,
    2.099552379053));
#1690 = CARTESIAN_POINT('',(0.143616418609,-2.754270090813,
    2.174552372729));
#1691 = CARTESIAN_POINT('',(1.512237683723,-1.888243488698,
    2.249552377405));
#1692 = CARTESIAN_POINT('',(1.978877938568,-0.624600917556,
    2.324552375251));
#1693 = CARTESIAN_POINT('',(1.700138475073,0.443627599844,2.399552375805
    ));
#1694 = CARTESIAN_POINT('',(1.201679061061,0.445496835898,1.649552375705
    ));
#1695 = CARTESIAN_POINT('',(0.921765127297,1.200534063236,1.724552376156
    ));
#1696 = CARTESIAN_POINT('',(0.114624103941,1.760803734152,1.799552374635
    ));
#1697 = CARTESIAN_POINT('',(-1.065460199893,1.706367939113,
    1.874552377272));
#1698 = CARTESIAN_POINT('',(-2.095545678255,0.787843585901,
    1.949552375249));
#1699 = CARTESIAN_POINT('',(-2.223851071909,-0.824445296898,
    2.024552374003));
#1700 = CARTESIAN_POINT('',(-1.075557878554,-1.963462428156,
    2.09955237917));
#1701 = CARTESIAN_POINT('',(0.304346163044,-1.988534733985,2.17455237257
    ));
#1702 = CARTESIAN_POINT('',(1.234729900685,-1.260559556332,2.24955237749
    ));
#1703 = CARTESIAN_POINT('',(1.48159299635,-0.309540392588,2.32455237523)
  );
#1704 = CARTESIAN_POINT('',(1.201679057232,0.445496835799,2.399552375806
    ));
#1705 = DEFINITIONAL_REPRESENTATION('',(#1706),#1710);
#1706 = LINE('',#1707,#1708);
#1707 = CARTESIAN_POINT('',(0.,0.));
#1708 = VECTOR('',#1709,1.);
#1709 = DIRECTION('',(1.,0.));
#1710 = ( GEOMETRIC_REPRESENTATION_CONTEXT(2) 
PARAMETRIC_REPRESENTATION_CONTEXT() REPRESENTATION_CONTEXT('2D SPACE',''
  ) );
#1711 = ORIENTED_EDGE('',*,*,#1578,.F.);
#1712 = ORIENTED_EDGE('',*,*,#1462,.T.);
#1713 = ADVANCED_FACE('',(#1714),#1627,.T.);
#1714 = FACE_BOUND('',#1715,.T.);
#1715 = EDGE_LOOP('',(#1716,#1747,#1850,#1851));
#1716 = ORIENTED_EDGE('',*,*,#1717,.T.);
#1717 = EDGE_CURVE('',#1579,#1718,#1720,.T.);
#1718 = VERTEX_POINT('',#1719);
#1719 = CARTESIAN_POINT('',(1.201679057232,0.445496835799,2.399552375807
    ));
#1720 = SEAM_CURVE('',#1721,(#1733,#1740),.PCURVE_S1.);
#1721 = ( BOUNDED_CURVE() B_SPLINE_CURVE(10,(#1722,#1723,#1724,#1725,
    #1726,#1727,#1728,#1729,#1730,#1731,#1732),.UNSPECIFIED.,.F.,.F.) 
B_SPLINE_CURVE_WITH_KNOTS((11,11),(0.,6.28815693223),
.PIECEWISE_BEZIER_KNOTS.) CURVE() GEOMETRIC_REPRESENTATION_ITEM() 
RATIONAL_B_SPLINE_CURVE((1.669078461068,1.669078461068,1.669078461068,
    1.669078461069,1.669078461068,1.669078461069,1.669078461068,
    1.669078461068,1.669078461068,1.669078461068,1.669078461068)) 
REPRESENTATION_ITEM('') );
#1722 = CARTESIAN_POINT('',(1.201679061061,0.445496835898,1.649552375705
    ));
#1723 = CARTESIAN_POINT('',(0.921765127297,1.200534063236,1.724552376156
    ));
#1724 = CARTESIAN_POINT('',(0.114624103941,1.760803734152,1.799552374635
    ));
#1725 = CARTESIAN_POINT('',(-1.065460199893,1.706367939113,
    1.874552377272));
#1726 = CARTESIAN_POINT('',(-2.095545678255,0.787843585901,
    1.949552375249));
#1727 = CARTESIAN_POINT('',(-2.223851071909,-0.824445296898,
    2.024552374003));
#1728 = CARTESIAN_POINT('',(-1.075557878554,-1.963462428156,
    2.09955237917));
#1729 = CARTESIAN_POINT('',(0.304346163044,-1.988534733985,2.17455237257
    ));
#1730 = CARTESIAN_POINT('',(1.234729900685,-1.260559556332,2.24955237749
    ));
#1731 = CARTESIAN_POINT('',(1.48159299635,-0.309540392588,2.32455237523)
  );
#1732 = CARTESIAN_POINT('',(1.201679057232,0.445496835799,2.399552375806
    ));
#1733 = PCURVE('',#1627,#1734);
#1734 = DEFINITIONAL_REPRESENTATION('',(#1735),#1739);
#1735 = LINE('',#1736,#1737);
#1736 = CARTESIAN_POINT('',(7.853981633974,0.));
#1737 = VECTOR('',#1738,1.);
#1738 = DIRECTION('',(0.,1.));
#1739 = ( GEOMETRIC_REPRESENTATION_CONTEXT(2) 
PARAMETRIC_REPRESENTATION_CONTEXT() REPRESENTATION_CONTEXT('2D SPACE',''
  ) );
#1740 = PCURVE('',#1627,#1741);
#1741 = DEFINITIONAL_REPRESENTATION('',(#1742),#1746);
#1742 = LINE('',#1743,#1744);
#1743 = CARTESIAN_POINT('',(1.570796326795,0.));
#1744 = VECTOR('',#1745,1.);
#1745 = DIRECTION('',(0.,1.));
#1746 = ( GEOMETRIC_REPRESENTATION_CONTEXT(2) 
PARAMETRIC_REPRESENTATION_CONTEXT() REPRESENTATION_CONTEXT('2D SPACE',''
  ) );
#1747 = ORIENTED_EDGE('',*,*,#1748,.F.);
#1748 = EDGE_CURVE('',#1718,#1718,#1749,.T.);
#1749 = SURFACE_CURVE('',#1750,(#1758,#1765),.PCURVE_S1.);
#1750 = ( BOUNDED_CURVE() B_SPLINE_CURVE(6,(#1751,#1752,#1753,#1754,
#1755,#1756,#1757),.UNSPECIFIED.,.T.,.F.) B_SPLINE_CURVE_WITH_KNOTS((7,7
),(1.570796326795,7.853981633974),.PIECEWISE_BEZIER_KNOTS.) CURVE() 
GEOMETRIC_REPRESENTATION_ITEM() RATIONAL_B_SPLINE_CURVE((1.669078461068,
    1.03672962321,1.038346699848,0.853534330196,1.038346699848,
1.03672962321,1.669078461068)) REPRESENTATION_ITEM('') );
#1751 = CARTESIAN_POINT('',(1.201679057232,0.445496835799,2.399552375806
    ));
#1752 = CARTESIAN_POINT('',(0.70321963939,0.447366071754,2.399552375806)
  );
#1753 = CARTESIAN_POINT('',(0.631649350322,0.447634462225,3.015916832971
    ));
#1754 = CARTESIAN_POINT('',(1.201679057232,0.445496835799,3.524287452109
    ));
#1755 = CARTESIAN_POINT('',(1.771708764142,0.443359209373,3.01591683297)
  );
#1756 = CARTESIAN_POINT('',(1.700138475073,0.443627599844,2.399552375805
    ));
#1757 = CARTESIAN_POINT('',(1.201679057232,0.445496835799,2.399552375806
    ));
#1758 = PCURVE('',#1627,#1759);
#1759 = DEFINITIONAL_REPRESENTATION('',(#1760),#1764);
#1760 = LINE('',#1761,#1762);
#1761 = CARTESIAN_POINT('',(0.,6.28815693223));
#1762 = VECTOR('',#1763,1.);
#1763 = DIRECTION('',(1.,0.));
#1764 = ( GEOMETRIC_REPRESENTATION_CONTEXT(2) 
PARAMETRIC_REPRESENTATION_CONTEXT() REPRESENTATION_CONTEXT('2D SPACE',''
  ) );
#1765 = PCURVE('',#1766,#1844);
#1766 = ( BOUNDED_SURFACE() B_SPLINE_SURFACE(6,10,(
    (#1767,#1768,#1769,#1770,#1771,#1772,#1773,#1774,#1775,#1776,#1777)
    ,(#1778,#1779,#1780,#1781,#1782,#1783,#1784,#1785,#1786,#1787,#1788)
    ,(#1789,#1790,#1791,#1792,#1793,#1794,#1795,#1796,#1797,#1798,#1799)
    ,(#1800,#1801,#1802,#1803,#1804,#1805,#1806,#1807,#1808,#1809,#1810)
    ,(#1811,#1812,#1813,#1814,#1815,#1816,#1817,#1818,#1819,#1820,#1821)
    ,(#1822,#1823,#1824,#1825,#1826,#1827,#1828,#1829,#1830,#1831,#1832)
    ,(#1833,#1834,#1835,#1836,#1837,#1838,#1839,#1840,#1841,#1842,#1843
)),.UNSPECIFIED.,.T.,.F.,.F.) B_SPLINE_SURFACE_WITH_KNOTS((7,7),(11,11),
  (1.570796326795,7.853981633974),(0.,6.28815693223),
.PIECEWISE_BEZIER_KNOTS.) GEOMETRIC_REPRESENTATION_ITEM() 
RATIONAL_B_SPLINE_SURFACE((
    (1.669078461068,1.669078461068,1.669078461068,1.669078461069
      ,1.669078461068,1.669078461069,1.669078461068,1.669078461068
      ,1.669078461068,1.669078461068,1.669078461068)
    ,(1.03672962321,1.03672962321,1.03672962321,1.03672962321
      ,1.036729623209,1.03672962321,1.036729623209,1.03672962321
      ,1.03672962321,1.03672962321,1.03672962321)
    ,(1.038346699848,1.038346699848,1.038346699847,1.038346699848
      ,1.038346699847,1.038346699848,1.038346699847,1.038346699848
      ,1.038346699847,1.038346699848,1.038346699848)
    ,(0.853534330196,0.853534330196,0.853534330196,0.853534330196
      ,0.853534330196,0.853534330196,0.853534330196,0.853534330196
      ,0.853534330196,0.853534330196,0.853534330196)
    ,(1.038346699848,1.038346699848,1.038346699847,1.038346699848
      ,1.038346699847,1.038346699848,1.038346699847,1.038346699848
      ,1.038346699847,1.038346699848,1.038346699848)
    ,(1.03672962321,1.03672962321,1.03672962321,1.03672962321
      ,1.036729623209,1.03672962321,1.036729623209,1.03672962321
      ,1.03672962321,1.03672962321,1.03672962321)
    ,(1.669078461068,1.669078461068,1.669078461068,1.669078461069
      ,1.669078461068,1.669078461069,1.669078461068,1.669078461068
      ,1.669078461068,1.669078461068,1.669078461068
))) REPRESENTATION_ITEM('') SURFACE() );
#1767 = CARTESIAN_POINT('',(1.201679057232,0.445496835799,2.399552375806
    ));
#1768 = CARTESIAN_POINT('',(0.921765129362,1.200534061051,2.474552376109
    ));
#1769 = CARTESIAN_POINT('',(0.114624086255,1.760803730321,2.549552375082
    ));
#1770 = CARTESIAN_POINT('',(-1.065460170834,1.706367934919,
    2.624552376822));
#1771 = CARTESIAN_POINT('',(-2.095545701958,0.787843577049,
    2.699552375705));
#1772 = CARTESIAN_POINT('',(-2.223851054206,-0.824445285102,
    2.774552374229));
#1773 = CARTESIAN_POINT('',(-1.075557867061,-1.963462438307,
    2.849552378661));
#1774 = CARTESIAN_POINT('',(0.304346150306,-1.988534718598,
    2.924552373285));
#1775 = CARTESIAN_POINT('',(1.234729907074,-1.260559556989,
    2.999552377231));
#1776 = CARTESIAN_POINT('',(1.481592990959,-0.309540389591,
    3.074552375405));
#1777 = CARTESIAN_POINT('',(1.201679053913,0.445496835643,3.149552375893
    ));
#1778 = CARTESIAN_POINT('',(0.703219639391,0.447366071754,2.399552375806
    ));
#1779 = CARTESIAN_POINT('',(0.422131235913,0.889212007994,2.474552376085
    ));
#1780 = CARTESIAN_POINT('',(-0.167583488091,1.135218745299,
    2.549552375184));
#1781 = CARTESIAN_POINT('',(-0.910477922035,0.939448649797,
    2.624552376589));
#1782 = CARTESIAN_POINT('',(-1.43999481694,0.21475296487,2.699552376061)
  );
#1783 = CARTESIAN_POINT('',(-1.301392156321,-0.827904530265,
    2.774552373838));
#1784 = CARTESIAN_POINT('',(-0.415727270103,-1.395304541386,
    2.849552378991));
#1785 = CARTESIAN_POINT('',(0.465075894481,-1.22279936175,2.924552373088
    ));
#1786 = CARTESIAN_POINT('',(0.957222124165,-0.632875624634,
    2.999552377317));
#1787 = CARTESIAN_POINT('',(0.984308048697,5.520135379001E-03,
    3.074552375387));
#1788 = CARTESIAN_POINT('',(0.703219636071,0.447366071597,3.149552375893
    ));
#1789 = CARTESIAN_POINT('',(0.631649350324,0.447634462225,3.015916832972
    ));
#1790 = CARTESIAN_POINT('',(0.350392312085,0.844511459597,3.090916833238
    ));
#1791 = CARTESIAN_POINT('',(-0.208103692645,1.045395388354,
    3.165916832404));
#1792 = CARTESIAN_POINT('',(-0.888225109205,0.829332092722,
    3.240916833604));
#1793 = CARTESIAN_POINT('',(-1.345868866064,0.132466906471,
    3.315916833486));
#1794 = CARTESIAN_POINT('',(-1.168942758751,-0.828401219017,
    3.390916830697));
#1795 = CARTESIAN_POINT('',(-0.320986825541,-1.313726736912,
    3.465916836386));
#1796 = CARTESIAN_POINT('',(0.488153949959,-1.112852796649,
    3.540916830137));
#1797 = CARTESIAN_POINT('',(0.917376729584,-0.542750894564,
    3.615916834511));
#1798 = CARTESIAN_POINT('',(0.912906394307,5.075746471452E-02,
    3.690916832546));
#1799 = CARTESIAN_POINT('',(0.631649347005,0.447634462068,3.765916833059
    ));
#1800 = CARTESIAN_POINT('',(1.201679057233,0.445496835799,3.52428745211)
  );
#1801 = CARTESIAN_POINT('',(0.921765129278,1.200534061054,3.599287452319
    ));
#1802 = CARTESIAN_POINT('',(0.114624086602,1.760803730314,3.674287451792
    ));
#1803 = CARTESIAN_POINT('',(-1.065460171612,1.706367934943,
    3.749287452156));
#1804 = CARTESIAN_POINT('',(-2.095545700757,0.787843577016,
    3.824287453596));
#1805 = CARTESIAN_POINT('',(-2.223851055595,-0.824445285062,
    3.899287448631));
#1806 = CARTESIAN_POINT('',(-1.075557865879,-1.963462438344,
    3.974287456639));
#1807 = CARTESIAN_POINT('',(0.304346149573,-1.988534718577,
    4.049287448531));
#1808 = CARTESIAN_POINT('',(1.234729907391,-1.260559557001,
    4.124287453988));
#1809 = CARTESIAN_POINT('',(1.48159299088,-0.309540389589,4.199287451597
    ));
#1810 = CARTESIAN_POINT('',(1.201679053915,0.445496835643,4.274287452197
    ));
#1811 = CARTESIAN_POINT('',(1.771708764143,0.443359209373,3.015916832971
    ));
#1812 = CARTESIAN_POINT('',(1.493137946443,1.556556662508,3.090916833294
    ));
#1813 = CARTESIAN_POINT('',(0.437351865923,2.476212072285,3.165916832161
    ));
#1814 = CARTESIAN_POINT('',(-1.242695234198,2.583403777132,
    3.240916834185));
#1815 = CARTESIAN_POINT('',(-2.845222535119,1.443220247602,
    3.315916832574));
#1816 = CARTESIAN_POINT('',(-3.278759352833,-0.820489351148,
    3.390916831683));
#1817 = CARTESIAN_POINT('',(-1.83012890587,-2.613198139744,
    3.465916835637));
#1818 = CARTESIAN_POINT('',(0.120538348966,-2.864216640521,3.54091683053
    ));
#1819 = CARTESIAN_POINT('',(1.552083085306,-1.978368219429,
    3.615916834372));
#1820 = CARTESIAN_POINT('',(2.050279587422,-0.669838243894,
    3.690916832574));
#1821 = CARTESIAN_POINT('',(1.771708760824,0.443359209218,3.765916833058
    ));
#1822 = CARTESIAN_POINT('',(1.700138475073,0.443627599844,2.399552375805
    ));
#1823 = CARTESIAN_POINT('',(1.421399022713,1.51185611411,2.474552376158)
  );
#1824 = CARTESIAN_POINT('',(0.396831660993,2.386388715339,2.549552374918
    ));
#1825 = CARTESIAN_POINT('',(-1.220442420507,2.473287220049,
    2.624552377142));
#1826 = CARTESIAN_POINT('',(-2.75109658568,1.360934189212,2.699552375213
    ));
#1827 = CARTESIAN_POINT('',(-3.146309953471,-0.820986039915,
    2.774552374861));
#1828 = CARTESIAN_POINT('',(-1.735388462947,-2.531620335254,
    2.849552378031));
#1829 = CARTESIAN_POINT('',(0.143616405525,-2.754270075426,
    2.924552373725));
#1830 = CARTESIAN_POINT('',(1.512237690242,-1.888243489353,
    2.999552377036));
#1831 = CARTESIAN_POINT('',(1.97887793315,-0.624600914558,3.074552375452
    ));
#1832 = CARTESIAN_POINT('',(1.700138471753,0.443627599688,3.149552375892
    ));
#1833 = CARTESIAN_POINT('',(1.201679057232,0.445496835799,2.399552375806
    ));
#1834 = CARTESIAN_POINT('',(0.921765129362,1.200534061051,2.474552376109
    ));
#1835 = CARTESIAN_POINT('',(0.114624086255,1.760803730321,2.549552375082
    ));
#1836 = CARTESIAN_POINT('',(-1.065460170834,1.706367934919,
    2.624552376822));
#1837 = CARTESIAN_POINT('',(-2.095545701958,0.787843577049,
    2.699552375705));
#1838 = CARTESIAN_POINT('',(-2.223851054206,-0.824445285102,
    2.774552374229));
#1839 = CARTESIAN_POINT('',(-1.075557867061,-1.963462438307,
    2.849552378661));
#1840 = CARTESIAN_POINT('',(0.304346150306,-1.988534718598,
    2.924552373285));
#1841 = CARTESIAN_POINT('',(1.234729907074,-1.260559556989,
    2.999552377231));
#1842 = CARTESIAN_POINT('',(1.481592990959,-0.309540389591,
    3.074552375405));
#1843 = CARTESIAN_POINT('',(1.201679053913,0.445496835643,3.149552375893
    ));
#1844 = DEFINITIONAL_REPRESENTATION('',(#1845),#1849);
#1845 = LINE('',#1846,#1847);
#1846 = CARTESIAN_POINT('',(0.,0.));
#1847 = VECTOR('',#1848,1.);
#1848 = DIRECTION('',(1.,0.));
#1849 = ( GEOMETRIC_REPRESENTATION_CONTEXT(2) 
PARAMETRIC_REPRESENTATION_CONTEXT() REPRESENTATION_CONTEXT('2D SPACE',''
  ) );
#1850 = ORIENTED_EDGE('',*,*,#1717,.F.);
#1851 = ORIENTED_EDGE('',*,*,#1609,.T.);
#1852 = ADVANCED_FACE('',(#1853),#1766,.T.);
#1853 = FACE_BOUND('',#1854,.T.);
#1854 = EDGE_LOOP('',(#1855,#1886,#1920,#1921));
#1855 = ORIENTED_EDGE('',*,*,#1856,.T.);
#1856 = EDGE_CURVE('',#1718,#1857,#1859,.T.);
#1857 = VERTEX_POINT('',#1858);
#1858 = CARTESIAN_POINT('',(1.201679053913,0.445496835643,3.149552375893
    ));
#1859 = SEAM_CURVE('',#1860,(#1872,#1879),.PCURVE_S1.);
#1860 = ( BOUNDED_CURVE() B_SPLINE_CURVE(10,(#1861,#1862,#1863,#1864,
    #1865,#1866,#1867,#1868,#1869,#1870,#1871),.UNSPECIFIED.,.F.,.F.) 
B_SPLINE_CURVE_WITH_KNOTS((11,11),(0.,6.28815693223),
.PIECEWISE_BEZIER_KNOTS.) CURVE() GEOMETRIC_REPRESENTATION_ITEM() 
RATIONAL_B_SPLINE_CURVE((1.669078461068,1.669078461068,1.669078461068,
    1.669078461069,1.669078461068,1.669078461069,1.669078461068,
    1.669078461068,1.669078461068,1.669078461068,1.669078461068)) 
REPRESENTATION_ITEM('') );
#1861 = CARTESIAN_POINT('',(1.201679057232,0.445496835799,2.399552375806
    ));
#1862 = CARTESIAN_POINT('',(0.921765129362,1.200534061051,2.474552376109
    ));
#1863 = CARTESIAN_POINT('',(0.114624086255,1.760803730321,2.549552375082
    ));
#1864 = CARTESIAN_POINT('',(-1.065460170834,1.706367934919,
    2.624552376822));
#1865 = CARTESIAN_POINT('',(-2.095545701958,0.787843577049,
    2.699552375705));
#1866 = CARTESIAN_POINT('',(-2.223851054206,-0.824445285102,
    2.774552374229));
#1867 = CARTESIAN_POINT('',(-1.075557867061,-1.963462438307,
    2.849552378661));
#1868 = CARTESIAN_POINT('',(0.304346150306,-1.988534718598,
    2.924552373285));
#1869 = CARTESIAN_POINT('',(1.234729907074,-1.260559556989,
    2.999552377231));
#1870 = CARTESIAN_POINT('',(1.481592990959,-0.309540389591,
    3.074552375405));
#1871 = CARTESIAN_POINT('',(1.201679053913,0.445496835643,3.149552375893
    ));
#1872 = PCURVE('',#1766,#1873);
#1873 = DEFINITIONAL_REPRESENTATION('',(#1874),#1878);
#1874 = LINE('',#1875,#1876);
#1875 = CARTESIAN_POINT('',(7.853981633974,0.));
#1876 = VECTOR('',#1877,1.);
#1877 = DIRECTION('',(0.,1.));
#1878 = ( GEOMETRIC_REPRESENTATION_CONTEXT(2) 
PARAMETRIC_REPRESENTATION_CONTEXT() REPRESENTATION_CONTEXT('2D SPACE',''
  ) );
#1879 = PCURVE('',#1766,#1880);
#1880 = DEFINITIONAL_REPRESENTATION('',(#1881),#1885);
#1881 = LINE('',#1882,#1883);
#1882 = CARTESIAN_POINT('',(1.570796326795,0.));
#1883 = VECTOR('',#1884,1.);
#1884 = DIRECTION('',(0.,1.));
#1885 = ( GEOMETRIC_REPRESENTATION_CONTEXT(2) 
PARAMETRIC_REPRESENTATION_CONTEXT() REPRESENTATION_CONTEXT('2D SPACE',''
  ) );
#1886 = ORIENTED_EDGE('',*,*,#1887,.F.);
#1887 = EDGE_CURVE('',#1857,#1857,#1888,.T.);
#1888 = SURFACE_CURVE('',#1889,(#1897,#1904),.PCURVE_S1.);
#1889 = ( BOUNDED_CURVE() B_SPLINE_CURVE(6,(#1890,#1891,#1892,#1893,
#1894,#1895,#1896),.UNSPECIFIED.,.T.,.F.) B_SPLINE_CURVE_WITH_KNOTS((7,7
),(1.570796326795,7.853981633974),.PIECEWISE_BEZIER_KNOTS.) CURVE() 
GEOMETRIC_REPRESENTATION_ITEM() RATIONAL_B_SPLINE_CURVE((1.669078461068,
    1.03672962321,1.038346699848,0.853534330196,1.038346699848,
1.03672962321,1.669078461068)) REPRESENTATION_ITEM('') );
#1890 = CARTESIAN_POINT('',(1.201679053913,0.445496835643,3.149552375893
    ));
#1891 = CARTESIAN_POINT('',(0.703219636071,0.447366071597,3.149552375893
    ));
#1892 = CARTESIAN_POINT('',(0.631649347005,0.447634462068,3.765916833059
    ));
#1893 = CARTESIAN_POINT('',(1.201679053915,0.445496835643,4.274287452197
    ));
#1894 = CARTESIAN_POINT('',(1.771708760824,0.443359209218,3.765916833058
    ));
#1895 = CARTESIAN_POINT('',(1.700138471753,0.443627599688,3.149552375892
    ));
#1896 = CARTESIAN_POINT('',(1.201679053913,0.445496835643,3.149552375893
    ));
#1897 = PCURVE('',#1766,#1898);
#1898 = DEFINITIONAL_REPRESENTATION('',(#1899),#1903);
#1899 = LINE('',#1900,#1901);
#1900 = CARTESIAN_POINT('',(0.,6.28815693223));
#1901 = VECTOR('',#1902,1.);
#1902 = DIRECTION('',(1.,0.));
#1903 = ( GEOMETRIC_REPRESENTATION_CONTEXT(2) 
PARAMETRIC_REPRESENTATION_CONTEXT() REPRESENTATION_CONTEXT('2D SPACE',''
  ) );
#1904 = PCURVE('',#1905,#1910);
#1905 = PLANE('',#1906);
#1906 = AXIS2_PLACEMENT_3D('',#1907,#1908,#1909);
#1907 = CARTESIAN_POINT('',(1.201679053913,0.445496835643,3.449552375894
    ));
#1908 = DIRECTION('',(3.749999983137E-03,0.999992968725,6.3050259469E-14
    ));
#1909 = DIRECTION('',(0.999992968725,-3.749999983137E-03,
    -1.90324274124E-12));
#1910 = DEFINITIONAL_REPRESENTATION('',(#1911),#1919);
#1911 = ( BOUNDED_CURVE() B_SPLINE_CURVE(6,(#1912,#1913,#1914,#1915,
#1916,#1917,#1918),.UNSPECIFIED.,.T.,.F.) B_SPLINE_CURVE_WITH_KNOTS((7,7
),(1.570796326795,7.853981633974),.PIECEWISE_BEZIER_KNOTS.) CURVE() 
GEOMETRIC_REPRESENTATION_ITEM() RATIONAL_B_SPLINE_CURVE((1.669078461068,
    1.03672962321,1.038346699848,0.853534330196,1.038346699848,
1.03672962321,1.669078461068)) REPRESENTATION_ITEM('') );
#1912 = CARTESIAN_POINT('',(2.351452366156E-13,0.300000000001));
#1913 = CARTESIAN_POINT('',(-0.498462922671,0.300000000002));
#1914 = CARTESIAN_POINT('',(-0.570033714972,-0.316364457164));
#1915 = CARTESIAN_POINT('',(-8.615330671091E-14,-0.824735076303));
#1916 = CARTESIAN_POINT('',(0.570033714974,-0.316364457165));
#1917 = CARTESIAN_POINT('',(0.49846292267,0.300000000001));
#1918 = CARTESIAN_POINT('',(2.351452366156E-13,0.300000000001));
#1919 = ( GEOMETRIC_REPRESENTATION_CONTEXT(2) 
PARAMETRIC_REPRESENTATION_CONTEXT() REPRESENTATION_CONTEXT('2D SPACE',''
  ) );
#1920 = ORIENTED_EDGE('',*,*,#1856,.F.);
#1921 = ORIENTED_EDGE('',*,*,#1748,.T.);
#1922 = ADVANCED_FACE('',(#1923),#1905,.T.);
#1923 = FACE_BOUND('',#1924,.T.);
#1924 = EDGE_LOOP('',(#1925));
#1925 = ORIENTED_EDGE('',*,*,#1887,.T.);
#1926 = ( GEOMETRIC_REPRESENTATION_CONTEXT(3) 
GLOBAL_UNCERTAINTY_ASSIGNED_CONTEXT((#1930)) 
GLOBAL_UNIT_ASSIGNED_CONTEXT((#1927,#1928,#1929)) REPRESENTATION_CONTEXT
('Context #1','3D Context with UNIT and UNCERTAINTY') );
#1927 = ( LENGTH_UNIT() NAMED_UNIT(*) SI_UNIT(.MILLI.,.METRE.) );
#1928 = ( NAMED_UNIT(*) PLANE_ANGLE_UNIT() SI_UNIT($,.RADIAN.) );
#1929 = ( NAMED_UNIT(*) SI_UNIT($,.STERADIAN.) SOLID_ANGLE_UNIT() );
#1930 = UNCERTAINTY_MEASURE_WITH_UNIT(LENGTH_MEASURE(1.E-04),#1927,
  'distance_accuracy_value','confusion accuracy');
#1931 = PRODUCT_RELATED_PRODUCT_CATEGORY('part',$,(#7));
#1932 = MECHANICAL_DESIGN_GEOMETRIC_PRESENTATION_REPRESENTATION('',(
    #1933),#1926);
#1933 = STYLED_ITEM('color',(#1934),#15);
#1934 = PRESENTATION_STYLE_ASSIGNMENT((#1935,#1941));
#1935 = SURFACE_STYLE_USAGE(.BOTH.,#1936);
#1936 = SURFACE_SIDE_STYLE('',(#1937));
#1937 = SURFACE_STYLE_FILL_AREA(#1938);
#1938 = FILL_AREA_STYLE('',(#1939));
#1939 = FILL_AREA_STYLE_COLOUR('',#1940);
#1940 = COLOUR_RGB('',0.678431390124,0.709803936702,0.741176476869);
#1941 = CURVE_STYLE('',#1942,POSITIVE_LENGTH_MEASURE(0.1),#1943);
#1942 = DRAUGHTING_PRE_DEFINED_CURVE_FONT('continuous');
#1943 = COLOUR_RGB('',9.803921802644E-02,9.803921802644E-02,
  9.803921802644E-02);
ENDSEC;
END-ISO-10303-21;
