ISO-10303-21;
HEADER;
FILE_DESCRIPTION(('FreeCAD Model'),'2;1');
FILE_NAME('Open CASCADE Shape Model','2026-09-27T17:26:54',(''),(''),
  'Open CASCADE STEP processor 7.8','FreeCAD','Unknown');
FILE_SCHEMA(('AUTOMOTIVE_DESIGN { 1 0 10303 214 1 1 1 1 }'));
ENDSEC;
DATA;
#1 = APPLICATION_PROTOCOL_DEFINITION('international standard',
  'automotive_design',2000,#2);
#2 = APPLICATION_CONTEXT(
  'core data for automotive mechanical design processes');
#3 = SHAPE_DEFINITION_REPRESENTATION(#4,#10);
#4 = PRODUCT_DEFINITION_SHAPE('','',#5);
#5 = PRODUCT_DEFINITION('design','',#6,#9);
#6 = PRODUCT_DEFINITION_FORMATION('','',#7);
#7 = PRODUCT('Body','Body','',(#8));
#8 = PRODUCT_CONTEXT('',#2,'mechanical');
#9 = PRODUCT_DEFINITION_CONTEXT('part definition',#2,'design');
#10 = ADVANCED_BREP_SHAPE_REPRESENTATION('',(#11,#15),#1738);
#11 = AXIS2_PLACEMENT_3D('',#12,#13,#14);
#12 = CARTESIAN_POINT('',(0.,0.,0.));
#13 = DIRECTION('',(0.,0.,1.));
#14 = DIRECTION('',(1.,0.,-0.));
#15 = MANIFOLD_SOLID_BREP('',#16);
#16 = CLOSED_SHELL('',(#17,#105,#161,#165,#220,#1087,#1153,#1215,#1395,
    #1402,#1541,#1666,#1734));
#17 = ADVANCED_FACE('',(#18),#32,.T.);
#18 = FACE_BOUND('',#19,.T.);
#19 = EDGE_LOOP('',(#20,#50,#77,#78));
#20 = ORIENTED_EDGE('',*,*,#21,.T.);
#21 = EDGE_CURVE('',#22,#24,#26,.T.);
#22 = VERTEX_POINT('',#23);
#23 = CARTESIAN_POINT('',(0.5,2.470628976595E-14,-1.975188320215E-14));
#24 = VERTEX_POINT('',#25);
#25 = CARTESIAN_POINT('',(0.5,0.,-8.));
#26 = SEAM_CURVE('',#27,(#31,#43),.PCURVE_S1.);
#27 = LINE('',#28,#29);
#28 = CARTESIAN_POINT('',(0.5,0.,0.));
#29 = VECTOR('',#30,1.);
#30 = DIRECTION('',(-0.,-0.,-1.));
#31 = PCURVE('',#32,#37);
#32 = CYLINDRICAL_SURFACE('',#33,0.5);
#33 = AXIS2_PLACEMENT_3D('',#34,#35,#36);
#34 = CARTESIAN_POINT('',(0.,0.,0.));
#35 = DIRECTION('',(0.,0.,1.));
#36 = DIRECTION('',(1.,0.,0.));
#37 = DEFINITIONAL_REPRESENTATION('',(#38),#42);
#38 = LINE('',#39,#40);
#39 = CARTESIAN_POINT('',(0.,0.));
#40 = VECTOR('',#41,1.);
#41 = DIRECTION('',(0.,-1.));
#42 = ( GEOMETRIC_REPRESENTATION_CONTEXT(2) 
PARAMETRIC_REPRESENTATION_CONTEXT() REPRESENTATION_CONTEXT('2D SPACE',''
  ) );
#43 = PCURVE('',#32,#44);
#44 = DEFINITIONAL_REPRESENTATION('',(#45),#49);
#45 = LINE('',#46,#47);
#46 = CARTESIAN_POINT('',(6.28318530718,0.));
#47 = VECTOR('',#48,1.);
#48 = DIRECTION('',(0.,-1.));
#49 = ( GEOMETRIC_REPRESENTATION_CONTEXT(2) 
PARAMETRIC_REPRESENTATION_CONTEXT() REPRESENTATION_CONTEXT('2D SPACE',''
  ) );
#50 = ORIENTED_EDGE('',*,*,#51,.T.);
#51 = EDGE_CURVE('',#24,#24,#52,.T.);
#52 = SURFACE_CURVE('',#53,(#58,#65),.PCURVE_S1.);
#53 = CIRCLE('',#54,0.5);
#54 = AXIS2_PLACEMENT_3D('',#55,#56,#57);
#55 = CARTESIAN_POINT('',(0.,0.,-8.));
#56 = DIRECTION('',(0.,0.,1.));
#57 = DIRECTION('',(1.,0.,0.));
#58 = PCURVE('',#32,#59);
#59 = DEFINITIONAL_REPRESENTATION('',(#60),#64);
#60 = LINE('',#61,#62);
#61 = CARTESIAN_POINT('',(0.,-8.));
#62 = VECTOR('',#63,1.);
#63 = DIRECTION('',(1.,0.));
#64 = ( GEOMETRIC_REPRESENTATION_CONTEXT(2) 
PARAMETRIC_REPRESENTATION_CONTEXT() REPRESENTATION_CONTEXT('2D SPACE',''
  ) );
#65 = PCURVE('',#66,#71);
#66 = PLANE('',#67);
#67 = AXIS2_PLACEMENT_3D('',#68,#69,#70);
#68 = CARTESIAN_POINT('',(-3.204937810639E-17,4.3687976227E-17,-8.));
#69 = DIRECTION('',(0.,0.,1.));
#70 = DIRECTION('',(1.,0.,0.));
#71 = DEFINITIONAL_REPRESENTATION('',(#72),#76);
#72 = CIRCLE('',#73,0.5);
#73 = AXIS2_PLACEMENT_2D('',#74,#75);
#74 = CARTESIAN_POINT('',(3.204937810639E-17,-4.3687976227E-17));
#75 = DIRECTION('',(1.,0.));
#76 = ( GEOMETRIC_REPRESENTATION_CONTEXT(2) 
PARAMETRIC_REPRESENTATION_CONTEXT() REPRESENTATION_CONTEXT('2D SPACE',''
  ) );
#77 = ORIENTED_EDGE('',*,*,#21,.F.);
#78 = ORIENTED_EDGE('',*,*,#79,.F.);
#79 = EDGE_CURVE('',#22,#22,#80,.T.);
#80 = SURFACE_CURVE('',#81,(#86,#93),.PCURVE_S1.);
#81 = CIRCLE('',#82,0.5);
#82 = AXIS2_PLACEMENT_3D('',#83,#84,#85);
#83 = CARTESIAN_POINT('',(0.,0.,0.));
#84 = DIRECTION('',(0.,0.,1.));
#85 = DIRECTION('',(1.,0.,0.));
#86 = PCURVE('',#32,#87);
#87 = DEFINITIONAL_REPRESENTATION('',(#88),#92);
#88 = LINE('',#89,#90);
#89 = CARTESIAN_POINT('',(0.,0.));
#90 = VECTOR('',#91,1.);
#91 = DIRECTION('',(1.,0.));
#92 = ( GEOMETRIC_REPRESENTATION_CONTEXT(2) 
PARAMETRIC_REPRESENTATION_CONTEXT() REPRESENTATION_CONTEXT('2D SPACE',''
  ) );
#93 = PCURVE('',#94,#99);
#94 = TOROIDAL_SURFACE('',#95,0.749999999999,0.5);
#95 = AXIS2_PLACEMENT_3D('',#96,#97,#98);
#96 = CARTESIAN_POINT('',(0.749999999999,-1.439357547412E-29,
    -6.482290114175E-14));
#97 = DIRECTION('',(0.,-1.,2.22044604925E-16));
#98 = DIRECTION('',(1.,6.424322070937E-32,2.893257448478E-16));
#99 = DEFINITIONAL_REPRESENTATION('',(#100),#104);
#100 = LINE('',#101,#102);
#101 = CARTESIAN_POINT('',(3.14159265359,3.14159265359));
#102 = VECTOR('',#103,1.);
#103 = DIRECTION('',(0.,1.));
#104 = ( GEOMETRIC_REPRESENTATION_CONTEXT(2) 
PARAMETRIC_REPRESENTATION_CONTEXT() REPRESENTATION_CONTEXT('2D SPACE',''
  ) );
#105 = ADVANCED_FACE('',(#106),#94,.T.);
#106 = FACE_BOUND('',#107,.T.);
#107 = EDGE_LOOP('',(#108,#132,#133,#134));
#108 = ORIENTED_EDGE('',*,*,#109,.T.);
#109 = EDGE_CURVE('',#110,#22,#112,.T.);
#110 = VERTEX_POINT('',#111);
#111 = CARTESIAN_POINT('',(0.749999999999,5.551115123094E-17,
    0.249999999999));
#112 = SEAM_CURVE('',#113,(#118,#125),.PCURVE_S1.);
#113 = CIRCLE('',#114,0.249999999999);
#114 = AXIS2_PLACEMENT_3D('',#115,#116,#117);
#115 = CARTESIAN_POINT('',(0.749999999999,4.323746562042E-14,
    -6.482290114175E-14));
#116 = DIRECTION('',(0.,-1.,2.22044604925E-16));
#117 = DIRECTION('',(1.,6.424322070937E-32,2.893257448478E-16));
#118 = PCURVE('',#94,#119);
#119 = DEFINITIONAL_REPRESENTATION('',(#120),#124);
#120 = LINE('',#121,#122);
#121 = CARTESIAN_POINT('',(0.,3.14159265359));
#122 = VECTOR('',#123,1.);
#123 = DIRECTION('',(1.,0.));
#124 = ( GEOMETRIC_REPRESENTATION_CONTEXT(2) 
PARAMETRIC_REPRESENTATION_CONTEXT() REPRESENTATION_CONTEXT('2D SPACE',''
  ) );
#125 = PCURVE('',#94,#126);
#126 = DEFINITIONAL_REPRESENTATION('',(#127),#131);
#127 = LINE('',#128,#129);
#128 = CARTESIAN_POINT('',(0.,9.424777960769));
#129 = VECTOR('',#130,1.);
#130 = DIRECTION('',(1.,0.));
#131 = ( GEOMETRIC_REPRESENTATION_CONTEXT(2) 
PARAMETRIC_REPRESENTATION_CONTEXT() REPRESENTATION_CONTEXT('2D SPACE',''
  ) );
#132 = ORIENTED_EDGE('',*,*,#79,.T.);
#133 = ORIENTED_EDGE('',*,*,#109,.F.);
#134 = ORIENTED_EDGE('',*,*,#135,.T.);
#135 = EDGE_CURVE('',#110,#110,#136,.T.);
#136 = SURFACE_CURVE('',#137,(#142,#149),.PCURVE_S1.);
#137 = CIRCLE('',#138,0.5);
#138 = AXIS2_PLACEMENT_3D('',#139,#140,#141);
#139 = CARTESIAN_POINT('',(0.749999999998,1.665334536934E-16,
    0.749999999999));
#140 = DIRECTION('',(-1.,0.,0.));
#141 = DIRECTION('',(-0.,-2.22044604925E-16,-1.));
#142 = PCURVE('',#94,#143);
#143 = DEFINITIONAL_REPRESENTATION('',(#144),#148);
#144 = LINE('',#145,#146);
#145 = CARTESIAN_POINT('',(1.570796326795,9.424777960769));
#146 = VECTOR('',#147,1.);
#147 = DIRECTION('',(-0.,-1.));
#148 = ( GEOMETRIC_REPRESENTATION_CONTEXT(2) 
PARAMETRIC_REPRESENTATION_CONTEXT() REPRESENTATION_CONTEXT('2D SPACE',''
  ) );
#149 = PCURVE('',#150,#155);
#150 = CYLINDRICAL_SURFACE('',#151,0.5);
#151 = AXIS2_PLACEMENT_3D('',#152,#153,#154);
#152 = CARTESIAN_POINT('',(0.749999999998,1.665334536934E-16,
    0.749999999999));
#153 = DIRECTION('',(-1.,0.,0.));
#154 = DIRECTION('',(-0.,-2.22044604925E-16,-1.));
#155 = DEFINITIONAL_REPRESENTATION('',(#156),#160);
#156 = LINE('',#157,#158);
#157 = CARTESIAN_POINT('',(0.,-0.));
#158 = VECTOR('',#159,1.);
#159 = DIRECTION('',(1.,0.));
#160 = ( GEOMETRIC_REPRESENTATION_CONTEXT(2) 
PARAMETRIC_REPRESENTATION_CONTEXT() REPRESENTATION_CONTEXT('2D SPACE',''
  ) );
#161 = ADVANCED_FACE('',(#162),#66,.F.);
#162 = FACE_BOUND('',#163,.F.);
#163 = EDGE_LOOP('',(#164));
#164 = ORIENTED_EDGE('',*,*,#51,.T.);
#165 = ADVANCED_FACE('',(#166),#150,.T.);
#166 = FACE_BOUND('',#167,.T.);
#167 = EDGE_LOOP('',(#168,#191,#192,#193));
#168 = ORIENTED_EDGE('',*,*,#169,.T.);
#169 = EDGE_CURVE('',#170,#110,#172,.T.);
#170 = VERTEX_POINT('',#171);
#171 = CARTESIAN_POINT('',(1.000000000002,1.497465540631E-16,
    0.249999999999));
#172 = SEAM_CURVE('',#173,(#177,#184),.PCURVE_S1.);
#173 = LINE('',#174,#175);
#174 = CARTESIAN_POINT('',(0.749999999998,1.779758311457E-16,
    0.249999999999));
#175 = VECTOR('',#176,1.);
#176 = DIRECTION('',(-1.,0.,0.));
#177 = PCURVE('',#150,#178);
#178 = DEFINITIONAL_REPRESENTATION('',(#179),#183);
#179 = LINE('',#180,#181);
#180 = CARTESIAN_POINT('',(6.28318530718,0.));
#181 = VECTOR('',#182,1.);
#182 = DIRECTION('',(0.,1.));
#183 = ( GEOMETRIC_REPRESENTATION_CONTEXT(2) 
PARAMETRIC_REPRESENTATION_CONTEXT() REPRESENTATION_CONTEXT('2D SPACE',''
  ) );
#184 = PCURVE('',#150,#185);
#185 = DEFINITIONAL_REPRESENTATION('',(#186),#190);
#186 = LINE('',#187,#188);
#187 = CARTESIAN_POINT('',(0.,0.));
#188 = VECTOR('',#189,1.);
#189 = DIRECTION('',(0.,1.));
#190 = ( GEOMETRIC_REPRESENTATION_CONTEXT(2) 
PARAMETRIC_REPRESENTATION_CONTEXT() REPRESENTATION_CONTEXT('2D SPACE',''
  ) );
#191 = ORIENTED_EDGE('',*,*,#135,.F.);
#192 = ORIENTED_EDGE('',*,*,#169,.F.);
#193 = ORIENTED_EDGE('',*,*,#194,.T.);
#194 = EDGE_CURVE('',#170,#170,#195,.T.);
#195 = SURFACE_CURVE('',#196,(#201,#208),.PCURVE_S1.);
#196 = CIRCLE('',#197,0.5);
#197 = AXIS2_PLACEMENT_3D('',#198,#199,#200);
#198 = CARTESIAN_POINT('',(1.000000000002,1.665334536934E-16,
    0.749999999999));
#199 = DIRECTION('',(-1.,0.,0.));
#200 = DIRECTION('',(-0.,-2.22044604925E-16,-1.));
#201 = PCURVE('',#150,#202);
#202 = DEFINITIONAL_REPRESENTATION('',(#203),#207);
#203 = LINE('',#204,#205);
#204 = CARTESIAN_POINT('',(0.,-0.250000000004));
#205 = VECTOR('',#206,1.);
#206 = DIRECTION('',(1.,0.));
#207 = ( GEOMETRIC_REPRESENTATION_CONTEXT(2) 
PARAMETRIC_REPRESENTATION_CONTEXT() REPRESENTATION_CONTEXT('2D SPACE',''
  ) );
#208 = PCURVE('',#209,#214);
#209 = TOROIDAL_SURFACE('',#210,0.75,0.5);
#210 = AXIS2_PLACEMENT_3D('',#211,#212,#213);
#211 = CARTESIAN_POINT('',(1.000000000002,0.75,0.749999999999));
#212 = DIRECTION('',(0.,0.,1.));
#213 = DIRECTION('',(1.,0.,0.));
#214 = DEFINITIONAL_REPRESENTATION('',(#215),#219);
#215 = LINE('',#216,#217);
#216 = CARTESIAN_POINT('',(4.712388980384,4.712388980385));
#217 = VECTOR('',#218,1.);
#218 = DIRECTION('',(0.,1.));
#219 = ( GEOMETRIC_REPRESENTATION_CONTEXT(2) 
PARAMETRIC_REPRESENTATION_CONTEXT() REPRESENTATION_CONTEXT('2D SPACE',''
  ) );
#220 = ADVANCED_FACE('',(#221),#209,.T.);
#221 = FACE_BOUND('',#222,.T.);
#222 = EDGE_LOOP('',(#223,#224,#248,#309,#497,#631,#742,#900,#1086));
#223 = ORIENTED_EDGE('',*,*,#194,.F.);
#224 = ORIENTED_EDGE('',*,*,#225,.T.);
#225 = EDGE_CURVE('',#170,#226,#228,.T.);
#226 = VERTEX_POINT('',#227);
#227 = CARTESIAN_POINT('',(1.749962568829,0.742506979338,0.249999999999)
  );
#228 = SEAM_CURVE('',#229,(#234,#241),.PCURVE_S1.);
#229 = CIRCLE('',#230,0.75);
#230 = AXIS2_PLACEMENT_3D('',#231,#232,#233);
#231 = CARTESIAN_POINT('',(1.000000000002,0.75,0.249999999999));
#232 = DIRECTION('',(0.,0.,1.));
#233 = DIRECTION('',(1.,0.,0.));
#234 = PCURVE('',#209,#235);
#235 = DEFINITIONAL_REPRESENTATION('',(#236),#240);
#236 = LINE('',#237,#238);
#237 = CARTESIAN_POINT('',(0.,10.995574287564));
#238 = VECTOR('',#239,1.);
#239 = DIRECTION('',(1.,0.));
#240 = ( GEOMETRIC_REPRESENTATION_CONTEXT(2) 
PARAMETRIC_REPRESENTATION_CONTEXT() REPRESENTATION_CONTEXT('2D SPACE',''
  ) );
#241 = PCURVE('',#209,#242);
#242 = DEFINITIONAL_REPRESENTATION('',(#243),#247);
#243 = LINE('',#244,#245);
#244 = CARTESIAN_POINT('',(0.,4.712388980385));
#245 = VECTOR('',#246,1.);
#246 = DIRECTION('',(1.,0.));
#247 = ( GEOMETRIC_REPRESENTATION_CONTEXT(2) 
PARAMETRIC_REPRESENTATION_CONTEXT() REPRESENTATION_CONTEXT('2D SPACE',''
  ) );
#248 = ORIENTED_EDGE('',*,*,#249,.T.);
#249 = EDGE_CURVE('',#226,#250,#252,.T.);
#250 = VERTEX_POINT('',#251);
#251 = CARTESIAN_POINT('',(2.249962859233,0.740364101271,0.75000001132)
  );
#252 = SURFACE_CURVE('',#253,(#268,#286),.PCURVE_S1.);
#253 = B_SPLINE_CURVE_WITH_KNOTS('',7,(#254,#255,#256,#257,#258,#259,
    #260,#261,#262,#263,#264,#265,#266,#267),.UNSPECIFIED.,.F.,.F.,(8,6,
    8),(0.,0.15205146989,1.),.UNSPECIFIED.);
#254 = CARTESIAN_POINT('',(1.749962568829,0.742506979338,0.249999999999)
  );
#255 = CARTESIAN_POINT('',(1.767017008775,0.74243388821,0.249999999999)
  );
#256 = CARTESIAN_POINT('',(1.784071531652,0.742360796726,0.250678657161)
  );
#257 = CARTESIAN_POINT('',(1.80109354325,0.742287844578,0.252035957975)
  );
#258 = CARTESIAN_POINT('',(1.818050679538,0.742215170469,0.254069969138)
  );
#259 = CARTESIAN_POINT('',(1.834910806665,0.742142912118,0.256776837555)
  );
#260 = CARTESIAN_POINT('',(1.851642020959,0.742071206255,0.26015079034)
  );
#261 = CARTESIAN_POINT('',(1.960622407527,0.741604143166,0.28667696911)
  );
#262 = CARTESIAN_POINT('',(2.048163643718,0.741228962994,0.329706260448)
  );
#263 = CARTESIAN_POINT('',(2.125117085884,0.740899159499,0.391989924515)
  );
#264 = CARTESIAN_POINT('',(2.186540059765,0.740635915765,0.470156878397)
  );
#265 = CARTESIAN_POINT('',(2.228857502686,0.74045455363,0.559657477343)
  );
#266 = CARTESIAN_POINT('',(2.249962861386,0.740364101262,0.654891980581)
  );
#267 = CARTESIAN_POINT('',(2.249962859233,0.740364101271,0.75000001132)
  );
#268 = PCURVE('',#209,#269);
#269 = DEFINITIONAL_REPRESENTATION('',(#270),#285);
#270 = B_SPLINE_CURVE_WITH_KNOTS('',7,(#271,#272,#273,#274,#275,#276,
    #277,#278,#279,#280,#281,#282,#283,#284),.UNSPECIFIED.,.F.,.F.,(8,6,
    8),(0.,0.15205146989,1.),.UNSPECIFIED.);
#271 = CARTESIAN_POINT('',(6.273194446754,4.712388980385));
#272 = CARTESIAN_POINT('',(6.273324177707,4.746497618426));
#273 = CARTESIAN_POINT('',(6.273447025432,4.780606298517));
#274 = CARTESIAN_POINT('',(6.273563401058,4.814715011897));
#275 = CARTESIAN_POINT('',(6.273673688499,4.848823750083));
#276 = CARTESIAN_POINT('',(6.273778244461,4.882932504869));
#277 = CARTESIAN_POINT('',(6.273877398439,4.917041268326));
#278 = CARTESIAN_POINT('',(6.27449596712,5.141365074626));
#279 = CARTESIAN_POINT('',(6.274862536234,5.331832254107));
#280 = CARTESIAN_POINT('',(6.275122064655,5.522081817375));
#281 = CARTESIAN_POINT('',(6.275302954241,5.712251792851));
#282 = CARTESIAN_POINT('',(6.27541868464,5.902501576634));
#283 = CARTESIAN_POINT('',(6.275476511853,6.092969268344));
#284 = CARTESIAN_POINT('',(6.275476511847,6.283185329822));
#285 = ( GEOMETRIC_REPRESENTATION_CONTEXT(2) 
PARAMETRIC_REPRESENTATION_CONTEXT() REPRESENTATION_CONTEXT('2D SPACE',''
  ) );
#286 = PCURVE('',#287,#292);
#287 = PLANE('',#288);
#288 = AXIS2_PLACEMENT_3D('',#289,#290,#291);
#289 = CARTESIAN_POINT('',(1.753198214222,0.742493112159,0.749249695825)
  );
#290 = DIRECTION('',(4.285714284843E-03,0.999990816284,
    4.015884846883E-16));
#291 = DIRECTION('',(0.999990816284,-4.285714284843E-03,
    1.254986037509E-15));
#292 = DEFINITIONAL_REPRESENTATION('',(#293),#308);
#293 = B_SPLINE_CURVE_WITH_KNOTS('',7,(#294,#295,#296,#297,#298,#299,
    #300,#301,#302,#303,#304,#305,#306,#307),.UNSPECIFIED.,.F.,.F.,(8,6,
    8),(0.,0.15205146989,1.),.UNSPECIFIED.);
#294 = CARTESIAN_POINT('',(-3.235675108884E-03,0.499249695827));
#295 = CARTESIAN_POINT('',(1.381892146196E-02,0.499249695827));
#296 = CARTESIAN_POINT('',(3.087360096389E-02,0.498571038664));
#297 = CARTESIAN_POINT('',(4.789576888829E-02,0.49721373785));
#298 = CARTESIAN_POINT('',(6.485306090755E-02,0.495179726687));
#299 = CARTESIAN_POINT('',(8.171334287505E-02,0.49247285827));
#300 = CARTESIAN_POINT('',(9.844471082514E-02,0.489098905486));
#301 = CARTESIAN_POINT('',(0.207426098247,0.462572726715));
#302 = CARTESIAN_POINT('',(0.294968138399,0.419543435377));
#303 = CARTESIAN_POINT('',(0.37192228729,0.35725977131));
#304 = CARTESIAN_POINT('',(0.433345825268,0.279092817428));
#305 = CARTESIAN_POINT('',(0.475663656823,0.189592218483));
#306 = CARTESIAN_POINT('',(0.496769209351,9.435771524441E-02));
#307 = CARTESIAN_POINT('',(0.496769207197,-7.503154945636E-04));
#308 = ( GEOMETRIC_REPRESENTATION_CONTEXT(2) 
PARAMETRIC_REPRESENTATION_CONTEXT() REPRESENTATION_CONTEXT('2D SPACE',''
  ) );
#309 = ORIENTED_EDGE('',*,*,#310,.T.);
#310 = EDGE_CURVE('',#250,#311,#313,.T.);
#311 = VERTEX_POINT('',#312);
#312 = CARTESIAN_POINT('',(1.864578788978,0.742015762455,1.236685988796)
  );
#313 = SURFACE_CURVE('',#314,(#373,#435),.PCURVE_S1.);
#314 = B_SPLINE_CURVE_WITH_KNOTS('',8,(#315,#316,#317,#318,#319,#320,
    #321,#322,#323,#324,#325,#326,#327,#328,#329,#330,#331,#332,#333,
    #334,#335,#336,#337,#338,#339,#340,#341,#342,#343,#344,#345,#346,
    #347,#348,#349,#350,#351,#352,#353,#354,#355,#356,#357,#358,#359,
    #360,#361,#362,#363,#364,#365,#366,#367,#368,#369,#370,#371,#372),
  .UNSPECIFIED.,.F.,.F.,(9,7,7,7,7,7,7,7,9),(0.,0.304731399383,
    0.356739448571,0.440752974887,0.546105077588,0.667457603648,
    0.787119526152,0.892471643922,1.),.UNSPECIFIED.);
#315 = CARTESIAN_POINT('',(2.249962859233,0.740364101271,0.75000001132)
  );
#316 = CARTESIAN_POINT('',(2.249962857201,0.74036410128,0.839737684139)
  );
#317 = CARTESIAN_POINT('',(2.231556439892,0.74044298665,0.929612524122)
  );
#318 = CARTESIAN_POINT('',(2.19464476978,0.740601180975,1.01500465365));
#319 = CARTESIAN_POINT('',(2.140643029962,0.740832619128,1.091462764302)
  );
#320 = CARTESIAN_POINT('',(2.072100718088,0.741126374591,1.155212017119)
  );
#321 = CARTESIAN_POINT('',(1.992417458652,0.74146787741,1.203220622164)
  );
#322 = CARTESIAN_POINT('',(1.905815080564,0.741839033868,1.233490414048)
  );
#323 = CARTESIAN_POINT('',(1.801707478328,0.742285213403,1.247551057856)
  );
#324 = CARTESIAN_POINT('',(1.786458089698,0.742350568526,1.249069613013)
  );
#325 = CARTESIAN_POINT('',(1.771158701994,0.742416137933,1.25005392479)
  );
#326 = CARTESIAN_POINT('',(1.755831160331,0.742481828,1.250502129255));
#327 = CARTESIAN_POINT('',(1.740497322338,0.742547545052,1.250413435033)
  );
#328 = CARTESIAN_POINT('',(1.725179058157,0.742613195359,1.249788123307)
  );
#329 = CARTESIAN_POINT('',(1.709898250445,0.742678685136,1.24862754782)
  );
#330 = CARTESIAN_POINT('',(1.670088135105,0.742849301483,1.244198604599)
  );
#331 = CARTESIAN_POINT('',(1.64565395,0.742954020381,1.24007260332));
#332 = CARTESIAN_POINT('',(1.621466291962,0.743057682725,1.234566350344)
  );
#333 = CARTESIAN_POINT('',(1.597616100534,0.743159898769,1.227697369977)
  );
#334 = CARTESIAN_POINT('',(1.574192649439,0.74326028591,1.219490315202)
  );
#335 = CARTESIAN_POINT('',(1.551282994121,0.743358471049,1.209976791357)
  );
#336 = CARTESIAN_POINT('',(1.52897141929,0.743454092962,1.199195179813)
  );
#337 = CARTESIAN_POINT('',(1.480211911571,0.7436630642,1.172136667864));
#338 = CARTESIAN_POINT('',(1.454151834052,0.743774751272,1.155159046778)
  );
#339 = CARTESIAN_POINT('',(1.429318716902,0.743881179895,1.136346327822)
  );
#340 = CARTESIAN_POINT('',(1.405862870247,0.743981705875,1.115802836697)
  );
#341 = CARTESIAN_POINT('',(1.383923550833,0.744075732393,1.09364725005)
  );
#342 = CARTESIAN_POINT('',(1.363627661509,0.744162715575,1.070011350161)
  );
#343 = CARTESIAN_POINT('',(1.345088450703,0.744242170065,1.045038779619)
  );
#344 = CARTESIAN_POINT('',(1.309186042824,0.74439603894,0.988756506205)
  );
#345 = CARTESIAN_POINT('',(1.292427840484,0.744467860467,0.957058462411)
  );
#346 = CARTESIAN_POINT('',(1.278280551999,0.74452849226,0.924025468553)
  );
#347 = CARTESIAN_POINT('',(1.266866662916,0.744577409377,0.889909424479)
  );
#348 = CARTESIAN_POINT('',(1.258279315722,0.744614212631,0.854974344406)
  );
#349 = CARTESIAN_POINT('',(1.252581389956,0.744638632538,0.819493119165)
  );
#350 = CARTESIAN_POINT('',(1.249804355903,0.744650534221,0.783744337339)
  );
#351 = CARTESIAN_POINT('',(1.250087088652,0.744649322498,0.712770471882)
  );
#352 = CARTESIAN_POINT('',(1.253066089816,0.744636555233,0.677542584273)
  );
#353 = CARTESIAN_POINT('',(1.258882986544,0.744611625447,0.642593677205)
  );
#354 = CARTESIAN_POINT('',(1.267505923093,0.744574669665,0.608190596523)
  );
#355 = CARTESIAN_POINT('',(1.278873382621,0.744525951534,0.574594646103)
  );
#356 = CARTESIAN_POINT('',(1.29289526707,0.744465857192,0.542058622847)
  );
#357 = CARTESIAN_POINT('',(1.309453768434,0.744394891534,0.510823796039)
  );
#358 = CARTESIAN_POINT('',(1.345088451365,0.744242170062,0.454961218212)
  );
#359 = CARTESIAN_POINT('',(1.363627669548,0.74416271554,0.429988638132)
  );
#360 = CARTESIAN_POINT('',(1.383923567593,0.744075732321,0.40635272976)
  );
#361 = CARTESIAN_POINT('',(1.405862896936,0.74398170576,0.384197135852)
  );
#362 = CARTESIAN_POINT('',(1.429318754575,0.743881179733,0.363653638832)
  );
#363 = CARTESIAN_POINT('',(1.454151883591,0.74377475106,0.344840915473)
  );
#364 = CARTESIAN_POINT('',(1.480211973667,0.743663063934,0.327863291575)
  );
#365 = CARTESIAN_POINT('',(1.535026306504,0.743428143207,0.297444738384)
  );
#366 = CARTESIAN_POINT('',(1.563826355242,0.743304713293,0.284083406597)
  );
#367 = CARTESIAN_POINT('',(1.593569011802,0.743177243595,0.272820078811)
  );
#368 = CARTESIAN_POINT('',(1.624075415106,0.743046500666,0.263731393615)
  );
#369 = CARTESIAN_POINT('',(1.655159868872,0.742913280355,0.256875550879)
  );
#370 = CARTESIAN_POINT('',(1.68663177146,0.742778399533,0.252291811974)
  );
#371 = CARTESIAN_POINT('',(1.718297545718,0.742642687826,0.249999999999)
  );
#372 = CARTESIAN_POINT('',(1.749962568829,0.742506979338,0.249999999999)
  );
#373 = PCURVE('',#209,#374);
#374 = DEFINITIONAL_REPRESENTATION('',(#375),#434);
#375 = B_SPLINE_CURVE_WITH_KNOTS('',8,(#376,#377,#378,#379,#380,#381,
    #382,#383,#384,#385,#386,#387,#388,#389,#390,#391,#392,#393,#394,
    #395,#396,#397,#398,#399,#400,#401,#402,#403,#404,#405,#406,#407,
    #408,#409,#410,#411,#412,#413,#414,#415,#416,#417,#418,#419,#420,
    #421,#422,#423,#424,#425,#426,#427,#428,#429,#430,#431,#432,#433),
  .UNSPECIFIED.,.F.,.F.,(9,7,7,7,7,7,7,7,9),(0.,0.304731399383,
    0.356739448571,0.440752974887,0.546105077588,0.667457603648,
    0.787119526152,0.892471643922,1.),.UNSPECIFIED.);
#376 = CARTESIAN_POINT('',(6.275476511847,6.283185329822));
#377 = CARTESIAN_POINT('',(6.275476511841,6.462660675461));
#378 = CARTESIAN_POINT('',(6.275426120494,6.642410340609));
#379 = CARTESIAN_POINT('',(6.275324960421,6.822004098219));
#380 = CARTESIAN_POINT('',(6.275168975296,7.001461120526));
#381 = CARTESIAN_POINT('',(6.274947439733,7.180918036559));
#382 = CARTESIAN_POINT('',(6.27464536303,7.360511468236));
#383 = CARTESIAN_POINT('',(6.274231999654,7.540260473417));
#384 = CARTESIAN_POINT('',(6.273564501845,7.75036517378));
#385 = CARTESIAN_POINT('',(6.273462597267,7.780995749063));
#386 = CARTESIAN_POINT('',(6.273355863275,7.811626315715));
#387 = CARTESIAN_POINT('',(6.273244047918,7.842256867876));
#388 = CARTESIAN_POINT('',(6.273126884777,7.872887399498));
#389 = CARTESIAN_POINT('',(6.273004092965,7.903517904345));
#390 = CARTESIAN_POINT('',(6.272875377124,7.934148375997));
#391 = CARTESIAN_POINT('',(6.27252243041,8.014259044691));
#392 = CARTESIAN_POINT('',(6.272288149478,8.063739644401));
#393 = CARTESIAN_POINT('',(6.272036345811,8.113219970565));
#394 = CARTESIAN_POINT('',(6.271765613838,8.162699963713));
#395 = CARTESIAN_POINT('',(6.271474503458,8.212179852385));
#396 = CARTESIAN_POINT('',(6.271161642239,8.261659864202));
#397 = CARTESIAN_POINT('',(6.270825857639,8.311139936935));
#398 = CARTESIAN_POINT('',(6.270015416606,8.42266620728));
#399 = CARTESIAN_POINT('',(6.269527091589,8.484714103579));
#400 = CARTESIAN_POINT('',(6.269000065136,8.54676113606));
#401 = CARTESIAN_POINT('',(6.268433605783,8.608807129222));
#402 = CARTESIAN_POINT('',(6.267829201464,8.670852831124));
#403 = CARTESIAN_POINT('',(6.267192251344,8.732899030017));
#404 = CARTESIAN_POINT('',(6.266533757664,8.794945670992));
#405 = CARTESIAN_POINT('',(6.265109775256,8.928459447262));
#406 = CARTESIAN_POINT('',(6.264343008967,8.999930689838));
#407 = CARTESIAN_POINT('',(6.263600501415,9.07140106419));
#408 = CARTESIAN_POINT('',(6.262919261062,9.142870598317));
#409 = CARTESIAN_POINT('',(6.262355367984,9.214341001086));
#410 = CARTESIAN_POINT('',(6.26196394089,9.285813853219));
#411 = CARTESIAN_POINT('',(6.261773963622,9.357288729677));
#412 = CARTESIAN_POINT('',(6.261793319416,9.499237586577));
#413 = CARTESIAN_POINT('',(6.261997131794,9.569716529713));
#414 = CARTESIAN_POINT('',(6.26239489666,9.64019353943));
#415 = CARTESIAN_POINT('',(6.262957304553,9.71066822559));
#416 = CARTESIAN_POINT('',(6.263631527705,9.781142070902));
#417 = CARTESIAN_POINT('',(6.264364383411,9.851616679397));
#418 = CARTESIAN_POINT('',(6.265120393922,9.922092089381));
#419 = CARTESIAN_POINT('',(6.266533757711,10.05461025491));
#420 = CARTESIAN_POINT('',(6.26719225165,10.116656919816));
#421 = CARTESIAN_POINT('',(6.267829202007,10.178703142641));
#422 = CARTESIAN_POINT('',(6.268433606531,10.240748868472));
#423 = CARTESIAN_POINT('',(6.269000066054,10.302794885564));
#424 = CARTESIAN_POINT('',(6.269527092645,10.364841941977));
#425 = CARTESIAN_POINT('',(6.270015417772,10.426889862208));
#426 = CARTESIAN_POINT('',(6.270926496932,10.552265154238));
#427 = CARTESIAN_POINT('',(6.271347710849,10.615595367923));
#428 = CARTESIAN_POINT('',(6.27173183422,10.678925123059));
#429 = CARTESIAN_POINT('',(6.272081474764,10.742254227209));
#430 = CARTESIAN_POINT('',(6.272399635083,10.805583484006));
#431 = CARTESIAN_POINT('',(6.272689391844,10.868913699811));
#432 = CARTESIAN_POINT('',(6.272953574957,10.932244690388));
#433 = CARTESIAN_POINT('',(6.273194446754,10.995574287564));
#434 = ( GEOMETRIC_REPRESENTATION_CONTEXT(2) 
PARAMETRIC_REPRESENTATION_CONTEXT() REPRESENTATION_CONTEXT('2D SPACE',''
  ) );
#435 = PCURVE('',#287,#436);
#436 = DEFINITIONAL_REPRESENTATION('',(#437),#496);
#437 = B_SPLINE_CURVE_WITH_KNOTS('',8,(#438,#439,#440,#441,#442,#443,
    #444,#445,#446,#447,#448,#449,#450,#451,#452,#453,#454,#455,#456,
    #457,#458,#459,#460,#461,#462,#463,#464,#465,#466,#467,#468,#469,
    #470,#471,#472,#473,#474,#475,#476,#477,#478,#479,#480,#481,#482,
    #483,#484,#485,#486,#487,#488,#489,#490,#491,#492,#493,#494,#495),
  .UNSPECIFIED.,.F.,.F.,(9,7,7,7,7,7,7,7,9),(0.,0.304731399383,
    0.356739448571,0.440752974887,0.546105077588,0.667457603648,
    0.787119526152,0.892471643922,1.),.UNSPECIFIED.);
#438 = CARTESIAN_POINT('',(0.496769207197,-7.503154945636E-04));
#439 = CARTESIAN_POINT('',(0.496769205166,-9.048798831418E-02));
#440 = CARTESIAN_POINT('',(0.478362618816,-0.180362828296));
#441 = CARTESIAN_POINT('',(0.441450609715,-0.265754957824));
#442 = CARTESIAN_POINT('',(0.387448373956,-0.342213068476));
#443 = CARTESIAN_POINT('',(0.318905432602,-0.405962321294));
#444 = CARTESIAN_POINT('',(0.239221441372,-0.453970926339));
#445 = CARTESIAN_POINT('',(0.152618267945,-0.484240718223));
#446 = CARTESIAN_POINT('',(4.850970960507E-02,-0.498301362031));
#447 = CARTESIAN_POINT('',(3.326018092813E-02,-0.499819917188));
#448 = CARTESIAN_POINT('',(1.796065271737E-02,-0.500804228965));
#449 = CARTESIAN_POINT('',(2.632970289056E-03,-0.50125243343));
#450 = CARTESIAN_POINT('',(-1.270100852703E-02,-0.501163739208));
#451 = CARTESIAN_POINT('',(-2.80194133876E-02,-0.500538427482));
#452 = CARTESIAN_POINT('',(-4.330036143589E-02,-0.499377851995));
#453 = CARTESIAN_POINT('',(-8.311084238366E-02,-0.494948908774));
#454 = CARTESIAN_POINT('',(-0.107545251888,-0.490822907495));
#455 = CARTESIAN_POINT('',(-0.13173313206,-0.485316654519));
#456 = CARTESIAN_POINT('',(-0.155583542523,-0.478447674152));
#457 = CARTESIAN_POINT('',(-0.179007208735,-0.470240619377));
#458 = CARTESIAN_POINT('',(-0.201917074451,-0.460727095531));
#459 = CARTESIAN_POINT('',(-0.224228854186,-0.449945483987));
#460 = CARTESIAN_POINT('',(-0.272988809703,-0.422886972039));
#461 = CARTESIAN_POINT('',(-0.299049126552,-0.405909350952));
#462 = CARTESIAN_POINT('',(-0.323882471765,-0.387096631997));
#463 = CARTESIAN_POINT('',(-0.347338533834,-0.366553140872));
#464 = CARTESIAN_POINT('',(-0.369278054734,-0.344397554225));
#465 = CARTESIAN_POINT('',(-0.389574130452,-0.320761654335));
#466 = CARTESIAN_POINT('',(-0.408113511518,-0.295789083794));
#467 = CARTESIAN_POINT('',(-0.444016249117,-0.239506810379));
#468 = CARTESIAN_POINT('',(-0.460774605361,-0.207808766586));
#469 = CARTESIAN_POINT('',(-0.474922023772,-0.174775772727));
#470 = CARTESIAN_POINT('',(-0.486336017678,-0.140659728654));
#471 = CARTESIAN_POINT('',(-0.494923443736,-0.105724648581));
#472 = CARTESIAN_POINT('',(-0.500621421831,-7.024342333984E-02));
#473 = CARTESIAN_POINT('',(-0.503398481387,-3.449464151431E-02));
#474 = CARTESIAN_POINT('',(-0.503115746042,3.647922394269E-02));
#475 = CARTESIAN_POINT('',(-0.50013671752,7.170711155198E-02));
#476 = CARTESIAN_POINT('',(-0.494319767371,0.10665601862));
#477 = CARTESIAN_POINT('',(-0.48569675163,0.141059099302));
#478 = CARTESIAN_POINT('',(-0.474329187706,0.174655049722));
#479 = CARTESIAN_POINT('',(-0.460307174483,0.207191072978));
#480 = CARTESIAN_POINT('',(-0.443748521049,0.238425899786));
#481 = CARTESIAN_POINT('',(-0.408113510856,0.294288477613));
#482 = CARTESIAN_POINT('',(-0.389574122413,0.319261057693));
#483 = CARTESIAN_POINT('',(-0.369278037974,0.342896966065));
#484 = CARTESIAN_POINT('',(-0.347338507144,0.365052559973));
#485 = CARTESIAN_POINT('',(-0.323882434091,0.385596056993));
#486 = CARTESIAN_POINT('',(-0.299049077013,0.404408780352));
#487 = CARTESIAN_POINT('',(-0.272988747606,0.42138640425));
#488 = CARTESIAN_POINT('',(-0.218173911366,0.451804957442));
#489 = CARTESIAN_POINT('',(-0.189373598134,0.465166289229));
#490 = CARTESIAN_POINT('',(-0.159630668423,0.476429617014));
#491 = CARTESIAN_POINT('',(-0.129123984954,0.48551830221));
#492 = CARTESIAN_POINT('',(-9.803924571484E-02,0.492374144947));
#493 = CARTESIAN_POINT('',(-6.656705409548E-02,0.496957883852));
#494 = CARTESIAN_POINT('',(-3.490098902542E-02,0.499249695827));
#495 = CARTESIAN_POINT('',(-3.235675108884E-03,0.499249695827));
#496 = ( GEOMETRIC_REPRESENTATION_CONTEXT(2) 
PARAMETRIC_REPRESENTATION_CONTEXT() REPRESENTATION_CONTEXT('2D SPACE',''
  ) );
#497 = ORIENTED_EDGE('',*,*,#498,.T.);
#498 = EDGE_CURVE('',#311,#499,#501,.T.);
#499 = VERTEX_POINT('',#500);
#500 = CARTESIAN_POINT('',(1.888406503795,0.749999967216,1.230461902451)
  );
#501 = SURFACE_CURVE('',#502,(#517,#535),.PCURVE_S1.);
#502 = B_SPLINE_CURVE_WITH_KNOTS('',4,(#503,#504,#505,#506,#507,#508,
    #509,#510,#511,#512,#513,#514,#515,#516),.UNSPECIFIED.,.F.,.F.,(5,3,
    3,3,5),(0.,4.716931963352E-02,6.376873695363E-02,0.262126264151,1.),
  .UNSPECIFIED.);
#503 = CARTESIAN_POINT('',(1.864578788978,0.742015762455,1.236685988796)
  );
#504 = CARTESIAN_POINT('',(1.864385306568,0.743734238075,1.236735289621)
  );
#505 = CARTESIAN_POINT('',(1.863978813181,0.747328199825,1.236836117058)
  );
#506 = CARTESIAN_POINT('',(1.863834292289,0.748456955331,1.236869213977)
  );
#507 = CARTESIAN_POINT('',(1.863662310149,0.750011280774,1.236909542838)
  );
#508 = CARTESIAN_POINT('',(1.863691609891,0.750045628621,1.236902744101)
  );
#509 = CARTESIAN_POINT('',(1.864034142574,0.7499972284,1.236822582327));
#510 = CARTESIAN_POINT('',(1.865434561391,0.750003811959,1.236494217672)
  );
#511 = CARTESIAN_POINT('',(1.866728134005,0.749996739427,1.236186074631)
  );
#512 = CARTESIAN_POINT('',(1.868018777196,0.749999772101,1.235873782978)
  );
#513 = CARTESIAN_POINT('',(1.874107790979,0.749999982151,1.234377617728)
  );
#514 = CARTESIAN_POINT('',(1.878891241227,0.749999910242,1.233135191444)
  );
#515 = CARTESIAN_POINT('',(1.88365788159,0.749999958619,1.231829836503)
  );
#516 = CARTESIAN_POINT('',(1.888406503795,0.749999967216,1.230461902451)
  );
#517 = PCURVE('',#209,#518);
#518 = DEFINITIONAL_REPRESENTATION('',(#519),#534);
#519 = B_SPLINE_CURVE_WITH_KNOTS('',4,(#520,#521,#522,#523,#524,#525,
    #526,#527,#528,#529,#530,#531,#532,#533),.UNSPECIFIED.,.F.,.F.,(5,3,
    3,3,5),(0.,4.716931963352E-02,6.376873695363E-02,0.262126264151,1.),
  .UNSPECIFIED.);
#520 = CARTESIAN_POINT('',(6.273950740436,7.622693743867));
#521 = CARTESIAN_POINT('',(6.275936149371,7.62312388428));
#522 = CARTESIAN_POINT('',(6.280091218412,7.624005886134));
#523 = CARTESIAN_POINT('',(6.281398837541,7.624297665409));
#524 = CARTESIAN_POINT('',(6.28319834439,7.624652338399));
#525 = CARTESIAN_POINT('',(6.283238153938,7.624591901831));
#526 = CARTESIAN_POINT('',(6.28318209951,7.623888422402));
#527 = CARTESIAN_POINT('',(6.28318972236,7.621011621288));
#528 = CARTESIAN_POINT('',(6.283181533301,7.618352102408));
#529 = CARTESIAN_POINT('',(6.283185044705,7.615696343599));
#530 = CARTESIAN_POINT('',(6.283185287812,7.60315607258));
#531 = CARTESIAN_POINT('',(6.28318520447,7.593272595818));
#532 = CARTESIAN_POINT('',(6.283185260403,7.583389161058));
#533 = CARTESIAN_POINT('',(6.283185270278,7.573505708947));
#534 = ( GEOMETRIC_REPRESENTATION_CONTEXT(2) 
PARAMETRIC_REPRESENTATION_CONTEXT() REPRESENTATION_CONTEXT('2D SPACE',''
  ) );
#535 = PCURVE('',#536,#614);
#536 = ( BOUNDED_SURFACE() B_SPLINE_SURFACE(6,10,(
    (#537,#538,#539,#540,#541,#542,#543,#544,#545,#546,#547)
    ,(#548,#549,#550,#551,#552,#553,#554,#555,#556,#557,#558)
    ,(#559,#560,#561,#562,#563,#564,#565,#566,#567,#568,#569)
    ,(#570,#571,#572,#573,#574,#575,#576,#577,#578,#579,#580)
    ,(#581,#582,#583,#584,#585,#586,#587,#588,#589,#590,#591)
    ,(#592,#593,#594,#595,#596,#597,#598,#599,#600,#601,#602)
    ,(#603,#604,#605,#606,#607,#608,#609,#610,#611,#612,#613
)),.UNSPECIFIED.,.T.,.F.,.F.) B_SPLINE_SURFACE_WITH_KNOTS((7,7),(11,11),
  (1.570796326795,7.853981633974),(0.,6.289200474175),
.PIECEWISE_BEZIER_KNOTS.) GEOMETRIC_REPRESENTATION_ITEM() 
RATIONAL_B_SPLINE_SURFACE((
    (1.669078461068,1.669078461068,1.669078461068,1.669078461069
      ,1.669078461068,1.669078461069,1.669078461068,1.669078461069
      ,1.669078461068,1.669078461068,1.669078461068)
    ,(1.03672962321,1.03672962321,1.03672962321,1.03672962321
      ,1.036729623209,1.03672962321,1.036729623209,1.03672962321
      ,1.03672962321,1.03672962321,1.03672962321)
    ,(1.038346699848,1.038346699848,1.038346699847,1.038346699848
      ,1.038346699847,1.038346699848,1.038346699847,1.038346699848
      ,1.038346699847,1.038346699848,1.038346699848)
    ,(0.853534330196,0.853534330196,0.853534330196,0.853534330196
      ,0.853534330196,0.853534330196,0.853534330196,0.853534330196
      ,0.853534330196,0.853534330196,0.853534330196)
    ,(1.038346699848,1.038346699848,1.038346699847,1.038346699848
      ,1.038346699847,1.038346699848,1.038346699847,1.038346699848
      ,1.038346699847,1.038346699848,1.038346699848)
    ,(1.03672962321,1.03672962321,1.03672962321,1.03672962321
      ,1.036729623209,1.03672962321,1.036729623209,1.03672962321
      ,1.03672962321,1.03672962321,1.03672962321)
    ,(1.669078461068,1.669078461068,1.669078461068,1.669078461069
      ,1.669078461068,1.669078461069,1.669078461068,1.669078461069
      ,1.669078461068,1.669078461068,1.669078461068
))) REPRESENTATION_ITEM('') SURFACE() );
#537 = CARTESIAN_POINT('',(1.753198214223,0.742493112159,0.249249695826)
  );
#538 = CARTESIAN_POINT('',(1.286676031609,1.8440600472,0.359249695818));
#539 = CARTESIAN_POINT('',(5.090527948596E-02,2.62088897904,
    0.469249695821));
#540 = CARTESIAN_POINT('',(-1.6967191201,2.4602137778,0.579249696463));
#541 = CARTESIAN_POINT('',(-3.163239993054,1.027338527975,0.689249693762
    ));
#542 = CARTESIAN_POINT('',(-3.244503584713,-1.374072544773,
    0.799249699509));
#543 = CARTESIAN_POINT('',(-1.46326369353,-2.986698941496,0.909249691752
    ));
#544 = CARTESIAN_POINT('',(0.586286130222,-2.930490784979,1.01924969888)
  );
#545 = CARTESIAN_POINT('',(1.917744449739,-1.787150480812,1.129249694375
    ));
#546 = CARTESIAN_POINT('',(2.219720377779,-0.359073827397,1.239249696248
    ));
#547 = CARTESIAN_POINT('',(1.753198214798,0.74249311212,1.349249695813)
  );
#548 = CARTESIAN_POINT('',(0.922434306009,0.746053561606,0.249249695826)
  );
#549 = CARTESIAN_POINT('',(0.453675026994,1.325636138505,0.359249695925)
  );
#550 = CARTESIAN_POINT('',(-0.419999172746,1.578499460057,0.469249695437
    ));
#551 = CARTESIAN_POINT('',(-1.439100164216,1.181876774473,0.579249697245
    ));
#552 = CARTESIAN_POINT('',(-2.071167033195,7.160232692081E-02,
    0.689249692669));
#553 = CARTESIAN_POINT('',(-1.707075398189,-1.380661583477,
    0.799249700587));
#554 = CARTESIAN_POINT('',(-0.363038901102,-2.040358388092,
    0.909249691017));
#555 = CARTESIAN_POINT('',(0.854852696028,-1.65440888343,1.019249699192)
  );
#556 = CARTESIAN_POINT('',(1.455791981403,-0.740762966775,1.129249694312
    ));
#557 = CARTESIAN_POINT('',(1.391193565861,0.166470980165,1.239249696248)
  );
#558 = CARTESIAN_POINT('',(0.922434306584,0.746053561567,1.349249695812)
  );
#559 = CARTESIAN_POINT('',(0.803150747645,0.746564781551,1.276523791101)
  );
#560 = CARTESIAN_POINT('',(0.33407025967,1.25119928833,1.386523791075));
#561 = CARTESIAN_POINT('',(-0.487613037765,1.428830065659,1.496523791167
    ));
#562 = CARTESIAN_POINT('',(-1.402110466423,0.99832933697,1.606523791504)
  );
#563 = CARTESIAN_POINT('',(-1.914363942686,-6.562512581186E-02,
    1.716523789533));
#564 = CARTESIAN_POINT('',(-1.486326875547,-1.38160765725,1.826523794104
    ));
#565 = CARTESIAN_POINT('',(-0.205065346594,-1.904479990535,
    1.936523787656));
#566 = CARTESIAN_POINT('',(0.893414284807,-1.471185240111,2.046523793759
    ));
#567 = CARTESIAN_POINT('',(1.389463468583,-0.590519528354,2.156523789808
    ));
#568 = CARTESIAN_POINT('',(1.27223121657,0.241930270232,2.266523791491)
  );
#569 = CARTESIAN_POINT('',(0.803150748221,0.746564781512,2.376523791087)
  );
#570 = CARTESIAN_POINT('',(1.753198214222,0.742493112159,2.12380815633)
  );
#571 = CARTESIAN_POINT('',(1.286676031646,1.844060047201,2.233808156311)
  );
#572 = CARTESIAN_POINT('',(5.090527935135E-02,2.620888979036,
    2.343808156421));
#573 = CARTESIAN_POINT('',(-1.696719119837,2.460213777811,2.4538081567)
  );
#574 = CARTESIAN_POINT('',(-3.163239993373,1.027338527956,2.563808154782
    ));
#575 = CARTESIAN_POINT('',(-3.244503584556,-1.374072544751,
    2.673808159303));
#576 = CARTESIAN_POINT('',(-1.463263693468,-2.986698941514,2.78380815298
    ));
#577 = CARTESIAN_POINT('',(0.586286130091,-2.930490784968,2.893808158843
    ));
#578 = CARTESIAN_POINT('',(1.917744449803,-1.787150480818,3.003808155153
    ));
#579 = CARTESIAN_POINT('',(2.219720377761,-0.359073827396,3.113808156676
    ));
#580 = CARTESIAN_POINT('',(1.753198214797,0.74249311212,3.223808156316)
  );
#581 = CARTESIAN_POINT('',(2.703245680799,0.738421442767,1.2765237911));
#582 = CARTESIAN_POINT('',(2.239281803544,2.436920806065,1.386523791075)
  );
#583 = CARTESIAN_POINT('',(0.589423596748,3.812947892437,1.496523791188)
  );
#584 = CARTESIAN_POINT('',(-1.991327773832,3.922098218596,1.606523791443
    ));
#585 = CARTESIAN_POINT('',(-4.412116043314,2.120302181813,1.716523789654
    ));
#586 = CARTESIAN_POINT('',(-5.002680294005,-1.366537432353,
    1.826523793874));
#587 = CARTESIAN_POINT('',(-2.721462040446,-4.068917892411,
    1.936523787983));
#588 = CARTESIAN_POINT('',(0.279157975765,-4.389796329873,2.046523793448
    ));
#589 = CARTESIAN_POINT('',(2.446025430733,-2.983781433262,2.156523789996
    ));
#590 = CARTESIAN_POINT('',(3.167209539056,-0.960077925028,2.266523791432
    ));
#591 = CARTESIAN_POINT('',(2.703245681375,0.738421442728,2.376523791087)
  );
#592 = CARTESIAN_POINT('',(2.583962122438,0.738932662712,0.249249695828)
  );
#593 = CARTESIAN_POINT('',(2.119677036175,2.362483955888,0.359249695822)
  );
#594 = CARTESIAN_POINT('',(0.521809731957,3.663278498048,0.469249695897)
  );
#595 = CARTESIAN_POINT('',(-1.954338076613,3.738550781071,0.579249696171
    ));
#596 = CARTESIAN_POINT('',(-4.255312951833,1.983074729117,0.689249694371
    ));
#597 = CARTESIAN_POINT('',(-4.781931772586,-1.367483506168,
    0.799249698721));
#598 = CARTESIAN_POINT('',(-2.563488484729,-3.933039494816,0.9092496925)
  );
#599 = CARTESIAN_POINT('',(0.317719563615,-4.206572686581,1.019249698342
    ));
#600 = CARTESIAN_POINT('',(2.37969691843,-2.833537994826,1.129249694653)
  );
#601 = CARTESIAN_POINT('',(3.048247189599,-0.884618634965,1.239249696171
    ));
#602 = CARTESIAN_POINT('',(2.583962123013,0.738932662673,1.349249695814)
  );
#603 = CARTESIAN_POINT('',(1.753198214223,0.742493112159,0.249249695826)
  );
#604 = CARTESIAN_POINT('',(1.286676031609,1.8440600472,0.359249695818));
#605 = CARTESIAN_POINT('',(5.090527948596E-02,2.62088897904,
    0.469249695821));
#606 = CARTESIAN_POINT('',(-1.6967191201,2.4602137778,0.579249696463));
#607 = CARTESIAN_POINT('',(-3.163239993054,1.027338527975,0.689249693762
    ));
#608 = CARTESIAN_POINT('',(-3.244503584713,-1.374072544773,
    0.799249699509));
#609 = CARTESIAN_POINT('',(-1.46326369353,-2.986698941496,0.909249691752
    ));
#610 = CARTESIAN_POINT('',(0.586286130222,-2.930490784979,1.01924969888)
  );
#611 = CARTESIAN_POINT('',(1.917744449739,-1.787150480812,1.129249694375
    ));
#612 = CARTESIAN_POINT('',(2.219720377779,-0.359073827397,1.239249696248
    ));
#613 = CARTESIAN_POINT('',(1.753198214798,0.74249311212,1.349249695813)
  );
#614 = DEFINITIONAL_REPRESENTATION('',(#615),#630);
#615 = B_SPLINE_CURVE_WITH_KNOTS('',4,(#616,#617,#618,#619,#620,#621,
    #622,#623,#624,#625,#626,#627,#628,#629),.UNSPECIFIED.,.F.,.F.,(5,3,
    3,3,5),(0.,4.716931963352E-02,6.376873695363E-02,0.262126264151,1.),
  .UNSPECIFIED.);
#616 = CARTESIAN_POINT('',(4.937036891689,0.));
#617 = CARTESIAN_POINT('',(4.938044680227,9.236552994504E-04));
#618 = CARTESIAN_POINT('',(4.940158424745,2.854903336488E-03));
#619 = CARTESIAN_POINT('',(4.940796860363,3.461039862813E-03));
#620 = CARTESIAN_POINT('',(4.941727626475,4.295882174171E-03));
#621 = CARTESIAN_POINT('',(4.941816291914,4.314324048565E-03));
#622 = CARTESIAN_POINT('',(4.942479821966,4.288330826417E-03));
#623 = CARTESIAN_POINT('',(4.945362060001,4.29186678728E-03));
#624 = CARTESIAN_POINT('',(4.948015729053,4.288068195705E-03));
#625 = CARTESIAN_POINT('',(4.950673989784,4.289697011109E-03));
#626 = CARTESIAN_POINT('',(4.963214411341,4.289809808164E-03));
#627 = CARTESIAN_POINT('',(4.973097806547,4.289771172179E-03));
#628 = CARTESIAN_POINT('',(4.982981254265,4.28979713998E-03));
#629 = CARTESIAN_POINT('',(4.992864680276,4.289801742902E-03));
#630 = ( GEOMETRIC_REPRESENTATION_CONTEXT(2) 
PARAMETRIC_REPRESENTATION_CONTEXT() REPRESENTATION_CONTEXT('2D SPACE',''
  ) );
#631 = ORIENTED_EDGE('',*,*,#632,.T.);
#632 = EDGE_CURVE('',#499,#633,#635,.T.);
#633 = VERTEX_POINT('',#634);
#634 = CARTESIAN_POINT('',(1.603768889005,0.749999976392,0.271861461313)
  );
#635 = SURFACE_CURVE('',#636,(#641,#648),.PCURVE_S1.);
#636 = CIRCLE('',#637,0.5);
#637 = AXIS2_PLACEMENT_3D('',#638,#639,#640);
#638 = CARTESIAN_POINT('',(1.750000000002,0.75,0.749999999999));
#639 = DIRECTION('',(-2.866663879023E-14,-1.,0.));
#640 = DIRECTION('',(1.,-2.866663879023E-14,0.));
#641 = PCURVE('',#209,#642);
#642 = DEFINITIONAL_REPRESENTATION('',(#643),#647);
#643 = LINE('',#644,#645);
#644 = CARTESIAN_POINT('',(6.28318530718,0.));
#645 = VECTOR('',#646,1.);
#646 = DIRECTION('',(0.,1.));
#647 = ( GEOMETRIC_REPRESENTATION_CONTEXT(2) 
PARAMETRIC_REPRESENTATION_CONTEXT() REPRESENTATION_CONTEXT('2D SPACE',''
  ) );
#648 = PCURVE('',#649,#727);
#649 = ( BOUNDED_SURFACE() B_SPLINE_SURFACE(6,10,(
    (#650,#651,#652,#653,#654,#655,#656,#657,#658,#659,#660)
    ,(#661,#662,#663,#664,#665,#666,#667,#668,#669,#670,#671)
    ,(#672,#673,#674,#675,#676,#677,#678,#679,#680,#681,#682)
    ,(#683,#684,#685,#686,#687,#688,#689,#690,#691,#692,#693)
    ,(#694,#695,#696,#697,#698,#699,#700,#701,#702,#703,#704)
    ,(#705,#706,#707,#708,#709,#710,#711,#712,#713,#714,#715)
    ,(#716,#717,#718,#719,#720,#721,#722,#723,#724,#725,#726
)),.UNSPECIFIED.,.T.,.F.,.F.) B_SPLINE_SURFACE_WITH_KNOTS((7,7),(11,11),
  (1.570796326795,7.853981633974),(0.,6.289200474175),
.PIECEWISE_BEZIER_KNOTS.) GEOMETRIC_REPRESENTATION_ITEM() 
RATIONAL_B_SPLINE_SURFACE((
    (1.669078461068,1.669078461068,1.669078461068,1.669078461069
      ,1.669078461068,1.669078461069,1.669078461068,1.669078461069
      ,1.669078461068,1.669078461068,1.669078461068)
    ,(1.03672962321,1.03672962321,1.03672962321,1.03672962321
      ,1.036729623209,1.03672962321,1.036729623209,1.03672962321
      ,1.03672962321,1.03672962321,1.03672962321)
    ,(1.038346699848,1.038346699848,1.038346699847,1.038346699848
      ,1.038346699847,1.038346699848,1.038346699847,1.038346699848
      ,1.038346699847,1.038346699848,1.038346699848)
    ,(0.853534330196,0.853534330196,0.853534330196,0.853534330196
      ,0.853534330196,0.853534330196,0.853534330196,0.853534330196
      ,0.853534330196,0.853534330196,0.853534330196)
    ,(1.038346699848,1.038346699848,1.038346699847,1.038346699848
      ,1.038346699847,1.038346699848,1.038346699847,1.038346699848
      ,1.038346699847,1.038346699848,1.038346699848)
    ,(1.03672962321,1.03672962321,1.03672962321,1.03672962321
      ,1.036729623209,1.03672962321,1.036729623209,1.03672962321
      ,1.03672962321,1.03672962321,1.03672962321)
    ,(1.669078461068,1.669078461068,1.669078461068,1.669078461069
      ,1.669078461068,1.669078461069,1.669078461068,1.669078461069
      ,1.669078461068,1.669078461068,1.669078461068
))) REPRESENTATION_ITEM('') SURFACE() );
#650 = CARTESIAN_POINT('',(1.753198214223,0.742493112159,0.249249695826)
  );
#651 = CARTESIAN_POINT('',(1.286676031609,1.8440600472,0.359249695818));
#652 = CARTESIAN_POINT('',(5.090527948596E-02,2.62088897904,
    0.469249695821));
#653 = CARTESIAN_POINT('',(-1.6967191201,2.4602137778,0.579249696463));
#654 = CARTESIAN_POINT('',(-3.163239993054,1.027338527975,0.689249693762
    ));
#655 = CARTESIAN_POINT('',(-3.244503584713,-1.374072544773,
    0.799249699509));
#656 = CARTESIAN_POINT('',(-1.46326369353,-2.986698941496,0.909249691752
    ));
#657 = CARTESIAN_POINT('',(0.586286130222,-2.930490784979,1.01924969888)
  );
#658 = CARTESIAN_POINT('',(1.917744449739,-1.787150480812,1.129249694375
    ));
#659 = CARTESIAN_POINT('',(2.219720377779,-0.359073827397,1.239249696248
    ));
#660 = CARTESIAN_POINT('',(1.753198214798,0.74249311212,1.349249695813)
  );
#661 = CARTESIAN_POINT('',(0.922434306009,0.746053561606,0.249249695826)
  );
#662 = CARTESIAN_POINT('',(0.453675026994,1.325636138505,0.359249695925)
  );
#663 = CARTESIAN_POINT('',(-0.419999172746,1.578499460057,0.469249695437
    ));
#664 = CARTESIAN_POINT('',(-1.439100164216,1.181876774473,0.579249697245
    ));
#665 = CARTESIAN_POINT('',(-2.071167033195,7.160232692081E-02,
    0.689249692669));
#666 = CARTESIAN_POINT('',(-1.707075398189,-1.380661583477,
    0.799249700587));
#667 = CARTESIAN_POINT('',(-0.363038901102,-2.040358388092,
    0.909249691017));
#668 = CARTESIAN_POINT('',(0.854852696028,-1.65440888343,1.019249699192)
  );
#669 = CARTESIAN_POINT('',(1.455791981403,-0.740762966775,1.129249694312
    ));
#670 = CARTESIAN_POINT('',(1.391193565861,0.166470980165,1.239249696248)
  );
#671 = CARTESIAN_POINT('',(0.922434306584,0.746053561567,1.349249695812)
  );
#672 = CARTESIAN_POINT('',(0.803150747645,0.746564781551,1.276523791101)
  );
#673 = CARTESIAN_POINT('',(0.33407025967,1.25119928833,1.386523791075));
#674 = CARTESIAN_POINT('',(-0.487613037765,1.428830065659,1.496523791167
    ));
#675 = CARTESIAN_POINT('',(-1.402110466423,0.99832933697,1.606523791504)
  );
#676 = CARTESIAN_POINT('',(-1.914363942686,-6.562512581186E-02,
    1.716523789533));
#677 = CARTESIAN_POINT('',(-1.486326875547,-1.38160765725,1.826523794104
    ));
#678 = CARTESIAN_POINT('',(-0.205065346594,-1.904479990535,
    1.936523787656));
#679 = CARTESIAN_POINT('',(0.893414284807,-1.471185240111,2.046523793759
    ));
#680 = CARTESIAN_POINT('',(1.389463468583,-0.590519528354,2.156523789808
    ));
#681 = CARTESIAN_POINT('',(1.27223121657,0.241930270232,2.266523791491)
  );
#682 = CARTESIAN_POINT('',(0.803150748221,0.746564781512,2.376523791087)
  );
#683 = CARTESIAN_POINT('',(1.753198214222,0.742493112159,2.12380815633)
  );
#684 = CARTESIAN_POINT('',(1.286676031646,1.844060047201,2.233808156311)
  );
#685 = CARTESIAN_POINT('',(5.090527935135E-02,2.620888979036,
    2.343808156421));
#686 = CARTESIAN_POINT('',(-1.696719119837,2.460213777811,2.4538081567)
  );
#687 = CARTESIAN_POINT('',(-3.163239993373,1.027338527956,2.563808154782
    ));
#688 = CARTESIAN_POINT('',(-3.244503584556,-1.374072544751,
    2.673808159303));
#689 = CARTESIAN_POINT('',(-1.463263693468,-2.986698941514,2.78380815298
    ));
#690 = CARTESIAN_POINT('',(0.586286130091,-2.930490784968,2.893808158843
    ));
#691 = CARTESIAN_POINT('',(1.917744449803,-1.787150480818,3.003808155153
    ));
#692 = CARTESIAN_POINT('',(2.219720377761,-0.359073827396,3.113808156676
    ));
#693 = CARTESIAN_POINT('',(1.753198214797,0.74249311212,3.223808156316)
  );
#694 = CARTESIAN_POINT('',(2.703245680799,0.738421442767,1.2765237911));
#695 = CARTESIAN_POINT('',(2.239281803544,2.436920806065,1.386523791075)
  );
#696 = CARTESIAN_POINT('',(0.589423596748,3.812947892437,1.496523791188)
  );
#697 = CARTESIAN_POINT('',(-1.991327773832,3.922098218596,1.606523791443
    ));
#698 = CARTESIAN_POINT('',(-4.412116043314,2.120302181813,1.716523789654
    ));
#699 = CARTESIAN_POINT('',(-5.002680294005,-1.366537432353,
    1.826523793874));
#700 = CARTESIAN_POINT('',(-2.721462040446,-4.068917892411,
    1.936523787983));
#701 = CARTESIAN_POINT('',(0.279157975765,-4.389796329873,2.046523793448
    ));
#702 = CARTESIAN_POINT('',(2.446025430733,-2.983781433262,2.156523789996
    ));
#703 = CARTESIAN_POINT('',(3.167209539056,-0.960077925028,2.266523791432
    ));
#704 = CARTESIAN_POINT('',(2.703245681375,0.738421442728,2.376523791087)
  );
#705 = CARTESIAN_POINT('',(2.583962122438,0.738932662712,0.249249695828)
  );
#706 = CARTESIAN_POINT('',(2.119677036175,2.362483955888,0.359249695822)
  );
#707 = CARTESIAN_POINT('',(0.521809731957,3.663278498048,0.469249695897)
  );
#708 = CARTESIAN_POINT('',(-1.954338076613,3.738550781071,0.579249696171
    ));
#709 = CARTESIAN_POINT('',(-4.255312951833,1.983074729117,0.689249694371
    ));
#710 = CARTESIAN_POINT('',(-4.781931772586,-1.367483506168,
    0.799249698721));
#711 = CARTESIAN_POINT('',(-2.563488484729,-3.933039494816,0.9092496925)
  );
#712 = CARTESIAN_POINT('',(0.317719563615,-4.206572686581,1.019249698342
    ));
#713 = CARTESIAN_POINT('',(2.37969691843,-2.833537994826,1.129249694653)
  );
#714 = CARTESIAN_POINT('',(3.048247189599,-0.884618634965,1.239249696171
    ));
#715 = CARTESIAN_POINT('',(2.583962123013,0.738932662673,1.349249695814)
  );
#716 = CARTESIAN_POINT('',(1.753198214223,0.742493112159,0.249249695826)
  );
#717 = CARTESIAN_POINT('',(1.286676031609,1.8440600472,0.359249695818));
#718 = CARTESIAN_POINT('',(5.090527948596E-02,2.62088897904,
    0.469249695821));
#719 = CARTESIAN_POINT('',(-1.6967191201,2.4602137778,0.579249696463));
#720 = CARTESIAN_POINT('',(-3.163239993054,1.027338527975,0.689249693762
    ));
#721 = CARTESIAN_POINT('',(-3.244503584713,-1.374072544773,
    0.799249699509));
#722 = CARTESIAN_POINT('',(-1.46326369353,-2.986698941496,0.909249691752
    ));
#723 = CARTESIAN_POINT('',(0.586286130222,-2.930490784979,1.01924969888)
  );
#724 = CARTESIAN_POINT('',(1.917744449739,-1.787150480812,1.129249694375
    ));
#725 = CARTESIAN_POINT('',(2.219720377779,-0.359073827397,1.239249696248
    ));
#726 = CARTESIAN_POINT('',(1.753198214798,0.74249311212,1.349249695813)
  );
#727 = DEFINITIONAL_REPRESENTATION('',(#728),#741);
#728 = B_SPLINE_CURVE_WITH_KNOTS('',6,(#729,#730,#731,#732,#733,#734,
    #735,#736,#737,#738,#739,#740),.UNSPECIFIED.,.F.,.F.,(7,5,7),(
    7.573505708947,9.136139684568,10.69877366019),.UNSPECIFIED.);
#729 = CARTESIAN_POINT('',(4.992864706969,4.289819112196E-03));
#730 = CARTESIAN_POINT('',(4.732426922139,4.289819086531E-03));
#731 = CARTESIAN_POINT('',(4.471982417136,4.289819202764E-03));
#732 = CARTESIAN_POINT('',(4.211561689585,4.289819674013E-03));
#733 = CARTESIAN_POINT('',(3.951078195797,4.289820047589E-03));
#734 = CARTESIAN_POINT('',(3.690696992424,4.289820142229E-03));
#735 = CARTESIAN_POINT('',(3.170361343155,4.289820000741E-03));
#736 = CARTESIAN_POINT('',(2.910407483595,4.289819750906E-03));
#737 = CARTESIAN_POINT('',(2.650754484066,4.289819356415E-03));
#738 = CARTESIAN_POINT('',(2.391458326761,4.289818891363E-03));
#739 = CARTESIAN_POINT('',(2.131898279322,4.289818854467E-03));
#740 = CARTESIAN_POINT('',(1.870294443785,4.289818963982E-03));
#741 = ( GEOMETRIC_REPRESENTATION_CONTEXT(2) 
PARAMETRIC_REPRESENTATION_CONTEXT() REPRESENTATION_CONTEXT('2D SPACE',''
  ) );
#742 = ORIENTED_EDGE('',*,*,#743,.F.);
#743 = EDGE_CURVE('',#744,#633,#746,.T.);
#744 = VERTEX_POINT('',#745);
#745 = CARTESIAN_POINT('',(1.638705744022,0.74298379868,0.262534960592)
  );
#746 = SURFACE_CURVE('',#747,(#770,#796),.PCURVE_S1.);
#747 = B_SPLINE_CURVE_WITH_KNOTS('',5,(#748,#749,#750,#751,#752,#753,
    #754,#755,#756,#757,#758,#759,#760,#761,#762,#763,#764,#765,#766,
    #767,#768,#769),.UNSPECIFIED.,.F.,.F.,(6,4,4,4,4,6),(0.,
    0.111266050408,0.144103280942,0.158946694093,0.330219365968,1.),
  .UNSPECIFIED.);
#748 = CARTESIAN_POINT('',(1.638705744022,0.74298379868,0.262534960592)
  );
#749 = CARTESIAN_POINT('',(1.638331848628,0.744110714795,0.262623115973)
  );
#750 = CARTESIAN_POINT('',(1.637956017962,0.745236715122,0.262711549762)
  );
#751 = CARTESIAN_POINT('',(1.637577852324,0.746361662231,0.262800353829)
  );
#752 = CARTESIAN_POINT('',(1.637198253308,0.747485842117,0.262889316319)
  );
#753 = CARTESIAN_POINT('',(1.636702949938,0.74894019611,0.263005161839)
  );
#754 = CARTESIAN_POINT('',(1.636578084481,0.749167905492,0.263034376454)
  );
#755 = CARTESIAN_POINT('',(1.636514389234,0.749549450568,0.263049232284)
  );
#756 = CARTESIAN_POINT('',(1.63645219295,0.749980057374,0.263063697004)
  );
#757 = CARTESIAN_POINT('',(1.636084525493,0.749998333283,0.263149634405)
  );
#758 = CARTESIAN_POINT('',(1.635971272418,0.749997420388,0.263176141039)
  );
#759 = CARTESIAN_POINT('',(1.635858040223,0.749996798769,0.263202677523)
  );
#760 = CARTESIAN_POINT('',(1.635744473399,0.749998261638,0.263229326871)
  );
#761 = CARTESIAN_POINT('',(1.634322238405,0.750001272879,0.263563505666)
  );
#762 = CARTESIAN_POINT('',(1.633015302567,0.749999657515,0.26387523224)
  );
#763 = CARTESIAN_POINT('',(1.631709209928,0.74999880246,0.264191399155)
  );
#764 = CARTESIAN_POINT('',(1.630403750105,0.749999834681,0.264512056143)
  );
#765 = CARTESIAN_POINT('',(1.623999233895,0.749999965634,0.26610803341)
  );
#766 = CARTESIAN_POINT('',(1.618914824838,0.749999954858,0.267446228832)
  );
#767 = CARTESIAN_POINT('',(1.613847494866,0.749999946205,0.26885139766)
  );
#768 = CARTESIAN_POINT('',(1.608798445746,0.749999971337,0.270323250919)
  );
#769 = CARTESIAN_POINT('',(1.603768889005,0.749999976392,0.271861461313)
  );
#770 = PCURVE('',#209,#771);
#771 = DEFINITIONAL_REPRESENTATION('',(#772),#795);
#772 = B_SPLINE_CURVE_WITH_KNOTS('',5,(#773,#774,#775,#776,#777,#778,
    #779,#780,#781,#782,#783,#784,#785,#786,#787,#788,#789,#790,#791,
    #792,#793,#794),.UNSPECIFIED.,.F.,.F.,(6,4,4,4,4,6),(0.,
    0.111266050408,0.144103280942,0.158946694093,0.330219365968,1.),
  .UNSPECIFIED.);
#773 = CARTESIAN_POINT('',(6.272200719693,10.77118454927));
#774 = CARTESIAN_POINT('',(6.273958451481,10.770392182095));
#775 = CARTESIAN_POINT('',(6.275717372497,10.769600747881));
#776 = CARTESIAN_POINT('',(6.277477275038,10.768809423618));
#777 = CARTESIAN_POINT('',(6.279238616844,10.768020058722));
#778 = CARTESIAN_POINT('',(6.28152069741,10.766996531657));
#779 = CARTESIAN_POINT('',(6.281878033108,10.766739140162));
#780 = CARTESIAN_POINT('',(6.282477359896,10.766607851758));
#781 = CARTESIAN_POINT('',(6.283153965258,10.766479985024));
#782 = CARTESIAN_POINT('',(6.283182685295,10.765724830071));
#783 = CARTESIAN_POINT('',(6.283181250731,10.765492202876));
#784 = CARTESIAN_POINT('',(6.283180273888,10.765259602708));
#785 = CARTESIAN_POINT('',(6.28318257274,10.765026299344));
#786 = CARTESIAN_POINT('',(6.28318730487,10.762104363093));
#787 = CARTESIAN_POINT('',(6.283184766386,10.759417182908));
#788 = CARTESIAN_POINT('',(6.283183422711,10.756729572603));
#789 = CARTESIAN_POINT('',(6.28318504485,10.754041059335));
#790 = CARTESIAN_POINT('',(6.283185250765,10.740840306126));
#791 = CARTESIAN_POINT('',(6.283185233932,10.730326085162));
#792 = CARTESIAN_POINT('',(6.283185220435,10.719810199316));
#793 = CARTESIAN_POINT('',(6.283185260031,10.709292696691));
#794 = CARTESIAN_POINT('',(6.283185268079,10.69877366019));
#795 = ( GEOMETRIC_REPRESENTATION_CONTEXT(2) 
PARAMETRIC_REPRESENTATION_CONTEXT() REPRESENTATION_CONTEXT('2D SPACE',''
  ) );
#796 = PCURVE('',#797,#875);
#797 = ( BOUNDED_SURFACE() B_SPLINE_SURFACE(6,10,(
    (#798,#799,#800,#801,#802,#803,#804,#805,#806,#807,#808)
    ,(#809,#810,#811,#812,#813,#814,#815,#816,#817,#818,#819)
    ,(#820,#821,#822,#823,#824,#825,#826,#827,#828,#829,#830)
    ,(#831,#832,#833,#834,#835,#836,#837,#838,#839,#840,#841)
    ,(#842,#843,#844,#845,#846,#847,#848,#849,#850,#851,#852)
    ,(#853,#854,#855,#856,#857,#858,#859,#860,#861,#862,#863)
    ,(#864,#865,#866,#867,#868,#869,#870,#871,#872,#873,#874
)),.UNSPECIFIED.,.T.,.F.,.F.) B_SPLINE_SURFACE_WITH_KNOTS((7,7),(11,11),
  (1.570796326795,7.853981633974),(0.,6.289200474175),
.PIECEWISE_BEZIER_KNOTS.) GEOMETRIC_REPRESENTATION_ITEM() 
RATIONAL_B_SPLINE_SURFACE((
    (1.669078461068,1.669078461068,1.669078461068,1.669078461069
      ,1.669078461068,1.669078461069,1.669078461068,1.669078461069
      ,1.669078461068,1.669078461068,1.669078461068)
    ,(1.03672962321,1.03672962321,1.03672962321,1.03672962321
      ,1.036729623209,1.03672962321,1.036729623209,1.03672962321
      ,1.03672962321,1.03672962321,1.03672962321)
    ,(1.038346699848,1.038346699848,1.038346699847,1.038346699848
      ,1.038346699847,1.038346699848,1.038346699847,1.038346699848
      ,1.038346699847,1.038346699848,1.038346699848)
    ,(0.853534330196,0.853534330196,0.853534330196,0.853534330196
      ,0.853534330196,0.853534330196,0.853534330196,0.853534330196
      ,0.853534330196,0.853534330196,0.853534330196)
    ,(1.038346699848,1.038346699848,1.038346699847,1.038346699848
      ,1.038346699847,1.038346699848,1.038346699847,1.038346699848
      ,1.038346699847,1.038346699848,1.038346699848)
    ,(1.03672962321,1.03672962321,1.03672962321,1.03672962321
      ,1.036729623209,1.03672962321,1.036729623209,1.03672962321
      ,1.03672962321,1.03672962321,1.03672962321)
    ,(1.669078461068,1.669078461068,1.669078461068,1.669078461069
      ,1.669078461068,1.669078461069,1.669078461068,1.669078461069
      ,1.669078461068,1.669078461068,1.669078461068
))) REPRESENTATION_ITEM('') SURFACE() );
#798 = CARTESIAN_POINT('',(1.753198214223,0.742493112159,0.249249695826)
  );
#799 = CARTESIAN_POINT('',(1.286676031609,1.8440600472,0.359249695818));
#800 = CARTESIAN_POINT('',(5.090527948596E-02,2.62088897904,
    0.469249695821));
#801 = CARTESIAN_POINT('',(-1.6967191201,2.4602137778,0.579249696463));
#802 = CARTESIAN_POINT('',(-3.163239993054,1.027338527975,0.689249693762
    ));
#803 = CARTESIAN_POINT('',(-3.244503584713,-1.374072544773,
    0.799249699509));
#804 = CARTESIAN_POINT('',(-1.46326369353,-2.986698941496,0.909249691752
    ));
#805 = CARTESIAN_POINT('',(0.586286130222,-2.930490784979,1.01924969888)
  );
#806 = CARTESIAN_POINT('',(1.917744449739,-1.787150480812,1.129249694375
    ));
#807 = CARTESIAN_POINT('',(2.219720377779,-0.359073827397,1.239249696248
    ));
#808 = CARTESIAN_POINT('',(1.753198214798,0.74249311212,1.349249695813)
  );
#809 = CARTESIAN_POINT('',(0.922434306009,0.746053561606,0.249249695826)
  );
#810 = CARTESIAN_POINT('',(0.453675026994,1.325636138505,0.359249695925)
  );
#811 = CARTESIAN_POINT('',(-0.419999172746,1.578499460057,0.469249695437
    ));
#812 = CARTESIAN_POINT('',(-1.439100164216,1.181876774473,0.579249697245
    ));
#813 = CARTESIAN_POINT('',(-2.071167033195,7.160232692081E-02,
    0.689249692669));
#814 = CARTESIAN_POINT('',(-1.707075398189,-1.380661583477,
    0.799249700587));
#815 = CARTESIAN_POINT('',(-0.363038901102,-2.040358388092,
    0.909249691017));
#816 = CARTESIAN_POINT('',(0.854852696028,-1.65440888343,1.019249699192)
  );
#817 = CARTESIAN_POINT('',(1.455791981403,-0.740762966775,1.129249694312
    ));
#818 = CARTESIAN_POINT('',(1.391193565861,0.166470980165,1.239249696248)
  );
#819 = CARTESIAN_POINT('',(0.922434306584,0.746053561567,1.349249695812)
  );
#820 = CARTESIAN_POINT('',(0.803150747645,0.746564781551,1.276523791101)
  );
#821 = CARTESIAN_POINT('',(0.33407025967,1.25119928833,1.386523791075));
#822 = CARTESIAN_POINT('',(-0.487613037765,1.428830065659,1.496523791167
    ));
#823 = CARTESIAN_POINT('',(-1.402110466423,0.99832933697,1.606523791504)
  );
#824 = CARTESIAN_POINT('',(-1.914363942686,-6.562512581186E-02,
    1.716523789533));
#825 = CARTESIAN_POINT('',(-1.486326875547,-1.38160765725,1.826523794104
    ));
#826 = CARTESIAN_POINT('',(-0.205065346594,-1.904479990535,
    1.936523787656));
#827 = CARTESIAN_POINT('',(0.893414284807,-1.471185240111,2.046523793759
    ));
#828 = CARTESIAN_POINT('',(1.389463468583,-0.590519528354,2.156523789808
    ));
#829 = CARTESIAN_POINT('',(1.27223121657,0.241930270232,2.266523791491)
  );
#830 = CARTESIAN_POINT('',(0.803150748221,0.746564781512,2.376523791087)
  );
#831 = CARTESIAN_POINT('',(1.753198214222,0.742493112159,2.12380815633)
  );
#832 = CARTESIAN_POINT('',(1.286676031646,1.844060047201,2.233808156311)
  );
#833 = CARTESIAN_POINT('',(5.090527935135E-02,2.620888979036,
    2.343808156421));
#834 = CARTESIAN_POINT('',(-1.696719119837,2.460213777811,2.4538081567)
  );
#835 = CARTESIAN_POINT('',(-3.163239993373,1.027338527956,2.563808154782
    ));
#836 = CARTESIAN_POINT('',(-3.244503584556,-1.374072544751,
    2.673808159303));
#837 = CARTESIAN_POINT('',(-1.463263693468,-2.986698941514,2.78380815298
    ));
#838 = CARTESIAN_POINT('',(0.586286130091,-2.930490784968,2.893808158843
    ));
#839 = CARTESIAN_POINT('',(1.917744449803,-1.787150480818,3.003808155153
    ));
#840 = CARTESIAN_POINT('',(2.219720377761,-0.359073827396,3.113808156676
    ));
#841 = CARTESIAN_POINT('',(1.753198214797,0.74249311212,3.223808156316)
  );
#842 = CARTESIAN_POINT('',(2.703245680799,0.738421442767,1.2765237911));
#843 = CARTESIAN_POINT('',(2.239281803544,2.436920806065,1.386523791075)
  );
#844 = CARTESIAN_POINT('',(0.589423596748,3.812947892437,1.496523791188)
  );
#845 = CARTESIAN_POINT('',(-1.991327773832,3.922098218596,1.606523791443
    ));
#846 = CARTESIAN_POINT('',(-4.412116043314,2.120302181813,1.716523789654
    ));
#847 = CARTESIAN_POINT('',(-5.002680294005,-1.366537432353,
    1.826523793874));
#848 = CARTESIAN_POINT('',(-2.721462040446,-4.068917892411,
    1.936523787983));
#849 = CARTESIAN_POINT('',(0.279157975765,-4.389796329873,2.046523793448
    ));
#850 = CARTESIAN_POINT('',(2.446025430733,-2.983781433262,2.156523789996
    ));
#851 = CARTESIAN_POINT('',(3.167209539056,-0.960077925028,2.266523791432
    ));
#852 = CARTESIAN_POINT('',(2.703245681375,0.738421442728,2.376523791087)
  );
#853 = CARTESIAN_POINT('',(2.583962122438,0.738932662712,0.249249695828)
  );
#854 = CARTESIAN_POINT('',(2.119677036175,2.362483955888,0.359249695822)
  );
#855 = CARTESIAN_POINT('',(0.521809731957,3.663278498048,0.469249695897)
  );
#856 = CARTESIAN_POINT('',(-1.954338076613,3.738550781071,0.579249696171
    ));
#857 = CARTESIAN_POINT('',(-4.255312951833,1.983074729117,0.689249694371
    ));
#858 = CARTESIAN_POINT('',(-4.781931772586,-1.367483506168,
    0.799249698721));
#859 = CARTESIAN_POINT('',(-2.563488484729,-3.933039494816,0.9092496925)
  );
#860 = CARTESIAN_POINT('',(0.317719563615,-4.206572686581,1.019249698342
    ));
#861 = CARTESIAN_POINT('',(2.37969691843,-2.833537994826,1.129249694653)
  );
#862 = CARTESIAN_POINT('',(3.048247189599,-0.884618634965,1.239249696171
    ));
#863 = CARTESIAN_POINT('',(2.583962123013,0.738932662673,1.349249695814)
  );
#864 = CARTESIAN_POINT('',(1.753198214223,0.742493112159,0.249249695826)
  );
#865 = CARTESIAN_POINT('',(1.286676031609,1.8440600472,0.359249695818));
#866 = CARTESIAN_POINT('',(5.090527948596E-02,2.62088897904,
    0.469249695821));
#867 = CARTESIAN_POINT('',(-1.6967191201,2.4602137778,0.579249696463));
#868 = CARTESIAN_POINT('',(-3.163239993054,1.027338527975,0.689249693762
    ));
#869 = CARTESIAN_POINT('',(-3.244503584713,-1.374072544773,
    0.799249699509));
#870 = CARTESIAN_POINT('',(-1.46326369353,-2.986698941496,0.909249691752
    ));
#871 = CARTESIAN_POINT('',(0.586286130222,-2.930490784979,1.01924969888)
  );
#872 = CARTESIAN_POINT('',(1.917744449739,-1.787150480812,1.129249694375
    ));
#873 = CARTESIAN_POINT('',(2.219720377779,-0.359073827397,1.239249696248
    ));
#874 = CARTESIAN_POINT('',(1.753198214798,0.74249311212,1.349249695813)
  );
#875 = DEFINITIONAL_REPRESENTATION('',(#876),#899);
#876 = B_SPLINE_CURVE_WITH_KNOTS('',5,(#877,#878,#879,#880,#881,#882,
    #883,#884,#885,#886,#887,#888,#889,#890,#891,#892,#893,#894,#895,
    #896,#897,#898),.UNSPECIFIED.,.F.,.F.,(6,4,4,4,4,6),(0.,
    0.111266050408,0.144103280942,0.158946694093,0.330219365968,1.),
  .UNSPECIFIED.);
#877 = CARTESIAN_POINT('',(1.804179745967,0.));
#878 = CARTESIAN_POINT('',(1.803895862491,6.887044863214E-04));
#879 = CARTESIAN_POINT('',(1.803614671578,1.376969554311E-03));
#880 = CARTESIAN_POINT('',(1.803337129291,2.0647141768E-03));
#881 = CARTESIAN_POINT('',(1.803061101299,2.752116341117E-03));
#882 = CARTESIAN_POINT('',(1.802709904476,3.641577901019E-03));
#883 = CARTESIAN_POINT('',(1.802752693766,3.780842938181E-03));
#884 = CARTESIAN_POINT('',(1.802523119932,4.014221319562E-03));
#885 = CARTESIAN_POINT('',(1.802243816603,4.277619682555E-03));
#886 = CARTESIAN_POINT('',(1.802986406646,4.288799064123E-03));
#887 = CARTESIAN_POINT('',(1.80322135897,4.288240647057E-03));
#888 = CARTESIAN_POINT('',(1.803456006213,4.287860403086E-03));
#889 = CARTESIAN_POINT('',(1.803689384559,4.288755240854E-03));
#890 = CARTESIAN_POINT('',(1.80662673772,4.290597223677E-03));
#891 = CARTESIAN_POINT('',(1.80933198839,4.289609107487E-03));
#892 = CARTESIAN_POINT('',(1.812036692989,4.289086073555E-03));
#893 = CARTESIAN_POINT('',(1.814740262198,4.289717487405E-03));
#894 = CARTESIAN_POINT('',(1.828018370188,4.289797608991E-03));
#895 = CARTESIAN_POINT('',(1.838590429106,4.289791031351E-03));
#896 = CARTESIAN_POINT('',(1.849160418652,4.289785752191E-03));
#897 = CARTESIAN_POINT('',(1.859728397534,4.289801139062E-03));
#898 = CARTESIAN_POINT('',(1.870294466484,4.289804245376E-03));
#899 = ( GEOMETRIC_REPRESENTATION_CONTEXT(2) 
PARAMETRIC_REPRESENTATION_CONTEXT() REPRESENTATION_CONTEXT('2D SPACE',''
  ) );
#900 = ORIENTED_EDGE('',*,*,#901,.T.);
#901 = EDGE_CURVE('',#744,#226,#902,.T.);
#902 = SURFACE_CURVE('',#903,(#962,#1024),.PCURVE_S1.);
#903 = B_SPLINE_CURVE_WITH_KNOTS('',8,(#904,#905,#906,#907,#908,#909,
    #910,#911,#912,#913,#914,#915,#916,#917,#918,#919,#920,#921,#922,
    #923,#924,#925,#926,#927,#928,#929,#930,#931,#932,#933,#934,#935,
    #936,#937,#938,#939,#940,#941,#942,#943,#944,#945,#946,#947,#948,
    #949,#950,#951,#952,#953,#954,#955,#956,#957,#958,#959,#960,#961),
  .UNSPECIFIED.,.F.,.F.,(9,7,7,7,7,7,7,7,9),(0.,0.304731399383,
    0.356739448571,0.440752974887,0.546105077588,0.667457603648,
    0.787119526152,0.892471643922,1.),.UNSPECIFIED.);
#904 = CARTESIAN_POINT('',(2.249962859233,0.740364101271,0.75000001132)
  );
#905 = CARTESIAN_POINT('',(2.249962857201,0.74036410128,0.839737684139)
  );
#906 = CARTESIAN_POINT('',(2.231556439892,0.74044298665,0.929612524122)
  );
#907 = CARTESIAN_POINT('',(2.19464476978,0.740601180975,1.01500465365));
#908 = CARTESIAN_POINT('',(2.140643029962,0.740832619128,1.091462764302)
  );
#909 = CARTESIAN_POINT('',(2.072100718088,0.741126374591,1.155212017119)
  );
#910 = CARTESIAN_POINT('',(1.992417458652,0.74146787741,1.203220622164)
  );
#911 = CARTESIAN_POINT('',(1.905815080564,0.741839033868,1.233490414048)
  );
#912 = CARTESIAN_POINT('',(1.801707478328,0.742285213403,1.247551057856)
  );
#913 = CARTESIAN_POINT('',(1.786458089698,0.742350568526,1.249069613013)
  );
#914 = CARTESIAN_POINT('',(1.771158701994,0.742416137933,1.25005392479)
  );
#915 = CARTESIAN_POINT('',(1.755831160331,0.742481828,1.250502129255));
#916 = CARTESIAN_POINT('',(1.740497322338,0.742547545052,1.250413435033)
  );
#917 = CARTESIAN_POINT('',(1.725179058157,0.742613195359,1.249788123307)
  );
#918 = CARTESIAN_POINT('',(1.709898250445,0.742678685136,1.24862754782)
  );
#919 = CARTESIAN_POINT('',(1.670088135105,0.742849301483,1.244198604599)
  );
#920 = CARTESIAN_POINT('',(1.64565395,0.742954020381,1.24007260332));
#921 = CARTESIAN_POINT('',(1.621466291962,0.743057682725,1.234566350344)
  );
#922 = CARTESIAN_POINT('',(1.597616100534,0.743159898769,1.227697369977)
  );
#923 = CARTESIAN_POINT('',(1.574192649439,0.74326028591,1.219490315202)
  );
#924 = CARTESIAN_POINT('',(1.551282994121,0.743358471049,1.209976791357)
  );
#925 = CARTESIAN_POINT('',(1.52897141929,0.743454092962,1.199195179813)
  );
#926 = CARTESIAN_POINT('',(1.480211911571,0.7436630642,1.172136667864));
#927 = CARTESIAN_POINT('',(1.454151834052,0.743774751272,1.155159046778)
  );
#928 = CARTESIAN_POINT('',(1.429318716902,0.743881179895,1.136346327822)
  );
#929 = CARTESIAN_POINT('',(1.405862870247,0.743981705875,1.115802836697)
  );
#930 = CARTESIAN_POINT('',(1.383923550833,0.744075732393,1.09364725005)
  );
#931 = CARTESIAN_POINT('',(1.363627661509,0.744162715575,1.070011350161)
  );
#932 = CARTESIAN_POINT('',(1.345088450703,0.744242170065,1.045038779619)
  );
#933 = CARTESIAN_POINT('',(1.309186042824,0.74439603894,0.988756506205)
  );
#934 = CARTESIAN_POINT('',(1.292427840484,0.744467860467,0.957058462411)
  );
#935 = CARTESIAN_POINT('',(1.278280551999,0.74452849226,0.924025468553)
  );
#936 = CARTESIAN_POINT('',(1.266866662916,0.744577409377,0.889909424479)
  );
#937 = CARTESIAN_POINT('',(1.258279315722,0.744614212631,0.854974344406)
  );
#938 = CARTESIAN_POINT('',(1.252581389956,0.744638632538,0.819493119165)
  );
#939 = CARTESIAN_POINT('',(1.249804355903,0.744650534221,0.783744337339)
  );
#940 = CARTESIAN_POINT('',(1.250087088652,0.744649322498,0.712770471882)
  );
#941 = CARTESIAN_POINT('',(1.253066089816,0.744636555233,0.677542584273)
  );
#942 = CARTESIAN_POINT('',(1.258882986544,0.744611625447,0.642593677205)
  );
#943 = CARTESIAN_POINT('',(1.267505923093,0.744574669665,0.608190596523)
  );
#944 = CARTESIAN_POINT('',(1.278873382621,0.744525951534,0.574594646103)
  );
#945 = CARTESIAN_POINT('',(1.29289526707,0.744465857192,0.542058622847)
  );
#946 = CARTESIAN_POINT('',(1.309453768434,0.744394891534,0.510823796039)
  );
#947 = CARTESIAN_POINT('',(1.345088451365,0.744242170062,0.454961218212)
  );
#948 = CARTESIAN_POINT('',(1.363627669548,0.74416271554,0.429988638132)
  );
#949 = CARTESIAN_POINT('',(1.383923567593,0.744075732321,0.40635272976)
  );
#950 = CARTESIAN_POINT('',(1.405862896936,0.74398170576,0.384197135852)
  );
#951 = CARTESIAN_POINT('',(1.429318754575,0.743881179733,0.363653638832)
  );
#952 = CARTESIAN_POINT('',(1.454151883591,0.74377475106,0.344840915473)
  );
#953 = CARTESIAN_POINT('',(1.480211973667,0.743663063934,0.327863291575)
  );
#954 = CARTESIAN_POINT('',(1.535026306504,0.743428143207,0.297444738384)
  );
#955 = CARTESIAN_POINT('',(1.563826355242,0.743304713293,0.284083406597)
  );
#956 = CARTESIAN_POINT('',(1.593569011802,0.743177243595,0.272820078811)
  );
#957 = CARTESIAN_POINT('',(1.624075415106,0.743046500666,0.263731393615)
  );
#958 = CARTESIAN_POINT('',(1.655159868872,0.742913280355,0.256875550879)
  );
#959 = CARTESIAN_POINT('',(1.68663177146,0.742778399533,0.252291811974)
  );
#960 = CARTESIAN_POINT('',(1.718297545718,0.742642687826,0.249999999999)
  );
#961 = CARTESIAN_POINT('',(1.749962568829,0.742506979338,0.249999999999)
  );
#962 = PCURVE('',#209,#963);
#963 = DEFINITIONAL_REPRESENTATION('',(#964),#1023);
#964 = B_SPLINE_CURVE_WITH_KNOTS('',8,(#965,#966,#967,#968,#969,#970,
    #971,#972,#973,#974,#975,#976,#977,#978,#979,#980,#981,#982,#983,
    #984,#985,#986,#987,#988,#989,#990,#991,#992,#993,#994,#995,#996,
    #997,#998,#999,#1000,#1001,#1002,#1003,#1004,#1005,#1006,#1007,#1008
    ,#1009,#1010,#1011,#1012,#1013,#1014,#1015,#1016,#1017,#1018,#1019,
    #1020,#1021,#1022),.UNSPECIFIED.,.F.,.F.,(9,7,7,7,7,7,7,7,9),(0.,
    0.304731399383,0.356739448571,0.440752974887,0.546105077588,
    0.667457603648,0.787119526152,0.892471643922,1.),.UNSPECIFIED.);
#965 = CARTESIAN_POINT('',(6.275476511847,6.283185329822));
#966 = CARTESIAN_POINT('',(6.275476511841,6.462660675461));
#967 = CARTESIAN_POINT('',(6.275426120494,6.642410340609));
#968 = CARTESIAN_POINT('',(6.275324960421,6.822004098219));
#969 = CARTESIAN_POINT('',(6.275168975296,7.001461120526));
#970 = CARTESIAN_POINT('',(6.274947439733,7.180918036559));
#971 = CARTESIAN_POINT('',(6.27464536303,7.360511468236));
#972 = CARTESIAN_POINT('',(6.274231999654,7.540260473417));
#973 = CARTESIAN_POINT('',(6.273564501845,7.75036517378));
#974 = CARTESIAN_POINT('',(6.273462597267,7.780995749063));
#975 = CARTESIAN_POINT('',(6.273355863275,7.811626315715));
#976 = CARTESIAN_POINT('',(6.273244047918,7.842256867876));
#977 = CARTESIAN_POINT('',(6.273126884777,7.872887399498));
#978 = CARTESIAN_POINT('',(6.273004092965,7.903517904345));
#979 = CARTESIAN_POINT('',(6.272875377124,7.934148375997));
#980 = CARTESIAN_POINT('',(6.27252243041,8.014259044691));
#981 = CARTESIAN_POINT('',(6.272288149478,8.063739644401));
#982 = CARTESIAN_POINT('',(6.272036345811,8.113219970565));
#983 = CARTESIAN_POINT('',(6.271765613838,8.162699963713));
#984 = CARTESIAN_POINT('',(6.271474503458,8.212179852385));
#985 = CARTESIAN_POINT('',(6.271161642239,8.261659864202));
#986 = CARTESIAN_POINT('',(6.270825857639,8.311139936935));
#987 = CARTESIAN_POINT('',(6.270015416606,8.42266620728));
#988 = CARTESIAN_POINT('',(6.269527091589,8.484714103579));
#989 = CARTESIAN_POINT('',(6.269000065136,8.54676113606));
#990 = CARTESIAN_POINT('',(6.268433605783,8.608807129222));
#991 = CARTESIAN_POINT('',(6.267829201464,8.670852831124));
#992 = CARTESIAN_POINT('',(6.267192251344,8.732899030017));
#993 = CARTESIAN_POINT('',(6.266533757664,8.794945670992));
#994 = CARTESIAN_POINT('',(6.265109775256,8.928459447262));
#995 = CARTESIAN_POINT('',(6.264343008967,8.999930689838));
#996 = CARTESIAN_POINT('',(6.263600501415,9.07140106419));
#997 = CARTESIAN_POINT('',(6.262919261062,9.142870598317));
#998 = CARTESIAN_POINT('',(6.262355367984,9.214341001086));
#999 = CARTESIAN_POINT('',(6.26196394089,9.285813853219));
#1000 = CARTESIAN_POINT('',(6.261773963622,9.357288729677));
#1001 = CARTESIAN_POINT('',(6.261793319416,9.499237586577));
#1002 = CARTESIAN_POINT('',(6.261997131794,9.569716529713));
#1003 = CARTESIAN_POINT('',(6.26239489666,9.64019353943));
#1004 = CARTESIAN_POINT('',(6.262957304553,9.71066822559));
#1005 = CARTESIAN_POINT('',(6.263631527705,9.781142070902));
#1006 = CARTESIAN_POINT('',(6.264364383411,9.851616679397));
#1007 = CARTESIAN_POINT('',(6.265120393922,9.922092089381));
#1008 = CARTESIAN_POINT('',(6.266533757711,10.05461025491));
#1009 = CARTESIAN_POINT('',(6.26719225165,10.116656919816));
#1010 = CARTESIAN_POINT('',(6.267829202007,10.178703142641));
#1011 = CARTESIAN_POINT('',(6.268433606531,10.240748868472));
#1012 = CARTESIAN_POINT('',(6.269000066054,10.302794885564));
#1013 = CARTESIAN_POINT('',(6.269527092645,10.364841941977));
#1014 = CARTESIAN_POINT('',(6.270015417772,10.426889862208));
#1015 = CARTESIAN_POINT('',(6.270926496932,10.552265154238));
#1016 = CARTESIAN_POINT('',(6.271347710849,10.615595367923));
#1017 = CARTESIAN_POINT('',(6.27173183422,10.678925123059));
#1018 = CARTESIAN_POINT('',(6.272081474764,10.742254227209));
#1019 = CARTESIAN_POINT('',(6.272399635083,10.805583484006));
#1020 = CARTESIAN_POINT('',(6.272689391844,10.868913699811));
#1021 = CARTESIAN_POINT('',(6.272953574957,10.932244690388));
#1022 = CARTESIAN_POINT('',(6.273194446754,10.995574287564));
#1023 = ( GEOMETRIC_REPRESENTATION_CONTEXT(2) 
PARAMETRIC_REPRESENTATION_CONTEXT() REPRESENTATION_CONTEXT('2D SPACE',''
  ) );
#1024 = PCURVE('',#287,#1025);
#1025 = DEFINITIONAL_REPRESENTATION('',(#1026),#1085);
#1026 = B_SPLINE_CURVE_WITH_KNOTS('',8,(#1027,#1028,#1029,#1030,#1031,
    #1032,#1033,#1034,#1035,#1036,#1037,#1038,#1039,#1040,#1041,#1042,
    #1043,#1044,#1045,#1046,#1047,#1048,#1049,#1050,#1051,#1052,#1053,
    #1054,#1055,#1056,#1057,#1058,#1059,#1060,#1061,#1062,#1063,#1064,
    #1065,#1066,#1067,#1068,#1069,#1070,#1071,#1072,#1073,#1074,#1075,
    #1076,#1077,#1078,#1079,#1080,#1081,#1082,#1083,#1084),
  .UNSPECIFIED.,.F.,.F.,(9,7,7,7,7,7,7,7,9),(0.,0.304731399383,
    0.356739448571,0.440752974887,0.546105077588,0.667457603648,
    0.787119526152,0.892471643922,1.),.UNSPECIFIED.);
#1027 = CARTESIAN_POINT('',(0.496769207197,-7.503154945636E-04));
#1028 = CARTESIAN_POINT('',(0.496769205166,-9.048798831418E-02));
#1029 = CARTESIAN_POINT('',(0.478362618816,-0.180362828296));
#1030 = CARTESIAN_POINT('',(0.441450609715,-0.265754957824));
#1031 = CARTESIAN_POINT('',(0.387448373956,-0.342213068476));
#1032 = CARTESIAN_POINT('',(0.318905432602,-0.405962321294));
#1033 = CARTESIAN_POINT('',(0.239221441372,-0.453970926339));
#1034 = CARTESIAN_POINT('',(0.152618267945,-0.484240718223));
#1035 = CARTESIAN_POINT('',(4.850970960507E-02,-0.498301362031));
#1036 = CARTESIAN_POINT('',(3.326018092813E-02,-0.499819917188));
#1037 = CARTESIAN_POINT('',(1.796065271737E-02,-0.500804228965));
#1038 = CARTESIAN_POINT('',(2.632970289056E-03,-0.50125243343));
#1039 = CARTESIAN_POINT('',(-1.270100852703E-02,-0.501163739208));
#1040 = CARTESIAN_POINT('',(-2.80194133876E-02,-0.500538427482));
#1041 = CARTESIAN_POINT('',(-4.330036143589E-02,-0.499377851995));
#1042 = CARTESIAN_POINT('',(-8.311084238366E-02,-0.494948908774));
#1043 = CARTESIAN_POINT('',(-0.107545251888,-0.490822907495));
#1044 = CARTESIAN_POINT('',(-0.13173313206,-0.485316654519));
#1045 = CARTESIAN_POINT('',(-0.155583542523,-0.478447674152));
#1046 = CARTESIAN_POINT('',(-0.179007208735,-0.470240619377));
#1047 = CARTESIAN_POINT('',(-0.201917074451,-0.460727095531));
#1048 = CARTESIAN_POINT('',(-0.224228854186,-0.449945483987));
#1049 = CARTESIAN_POINT('',(-0.272988809703,-0.422886972039));
#1050 = CARTESIAN_POINT('',(-0.299049126552,-0.405909350952));
#1051 = CARTESIAN_POINT('',(-0.323882471765,-0.387096631997));
#1052 = CARTESIAN_POINT('',(-0.347338533834,-0.366553140872));
#1053 = CARTESIAN_POINT('',(-0.369278054734,-0.344397554225));
#1054 = CARTESIAN_POINT('',(-0.389574130452,-0.320761654335));
#1055 = CARTESIAN_POINT('',(-0.408113511518,-0.295789083794));
#1056 = CARTESIAN_POINT('',(-0.444016249117,-0.239506810379));
#1057 = CARTESIAN_POINT('',(-0.460774605361,-0.207808766586));
#1058 = CARTESIAN_POINT('',(-0.474922023772,-0.174775772727));
#1059 = CARTESIAN_POINT('',(-0.486336017678,-0.140659728654));
#1060 = CARTESIAN_POINT('',(-0.494923443736,-0.105724648581));
#1061 = CARTESIAN_POINT('',(-0.500621421831,-7.024342333984E-02));
#1062 = CARTESIAN_POINT('',(-0.503398481387,-3.449464151431E-02));
#1063 = CARTESIAN_POINT('',(-0.503115746042,3.647922394269E-02));
#1064 = CARTESIAN_POINT('',(-0.50013671752,7.170711155198E-02));
#1065 = CARTESIAN_POINT('',(-0.494319767371,0.10665601862));
#1066 = CARTESIAN_POINT('',(-0.48569675163,0.141059099302));
#1067 = CARTESIAN_POINT('',(-0.474329187706,0.174655049722));
#1068 = CARTESIAN_POINT('',(-0.460307174483,0.207191072978));
#1069 = CARTESIAN_POINT('',(-0.443748521049,0.238425899786));
#1070 = CARTESIAN_POINT('',(-0.408113510856,0.294288477613));
#1071 = CARTESIAN_POINT('',(-0.389574122413,0.319261057693));
#1072 = CARTESIAN_POINT('',(-0.369278037974,0.342896966065));
#1073 = CARTESIAN_POINT('',(-0.347338507144,0.365052559973));
#1074 = CARTESIAN_POINT('',(-0.323882434091,0.385596056993));
#1075 = CARTESIAN_POINT('',(-0.299049077013,0.404408780352));
#1076 = CARTESIAN_POINT('',(-0.272988747606,0.42138640425));
#1077 = CARTESIAN_POINT('',(-0.218173911366,0.451804957442));
#1078 = CARTESIAN_POINT('',(-0.189373598134,0.465166289229));
#1079 = CARTESIAN_POINT('',(-0.159630668423,0.476429617014));
#1080 = CARTESIAN_POINT('',(-0.129123984954,0.48551830221));
#1081 = CARTESIAN_POINT('',(-9.803924571484E-02,0.492374144947));
#1082 = CARTESIAN_POINT('',(-6.656705409548E-02,0.496957883852));
#1083 = CARTESIAN_POINT('',(-3.490098902542E-02,0.499249695827));
#1084 = CARTESIAN_POINT('',(-3.235675108884E-03,0.499249695827));
#1085 = ( GEOMETRIC_REPRESENTATION_CONTEXT(2) 
PARAMETRIC_REPRESENTATION_CONTEXT() REPRESENTATION_CONTEXT('2D SPACE',''
  ) );
#1086 = ORIENTED_EDGE('',*,*,#225,.F.);
#1087 = ADVANCED_FACE('',(#1088),#287,.F.);
#1088 = FACE_BOUND('',#1089,.F.);
#1089 = EDGE_LOOP('',(#1090,#1121,#1150,#1151,#1152));
#1090 = ORIENTED_EDGE('',*,*,#1091,.T.);
#1091 = EDGE_CURVE('',#311,#1092,#1094,.T.);
#1092 = VERTEX_POINT('',#1093);
#1093 = CARTESIAN_POINT('',(1.753198214223,0.742493112159,0.249249695826
    ));
#1094 = SURFACE_CURVE('',#1095,(#1103,#1114),.PCURVE_S1.);
#1095 = ( BOUNDED_CURVE() B_SPLINE_CURVE(6,(#1096,#1097,#1098,#1099,
#1100,#1101,#1102),.UNSPECIFIED.,.T.,.F.) B_SPLINE_CURVE_WITH_KNOTS((7,7
),(1.570796326795,7.853981633974),.PIECEWISE_BEZIER_KNOTS.) CURVE() 
GEOMETRIC_REPRESENTATION_ITEM() RATIONAL_B_SPLINE_CURVE((1.669078461068,
    1.03672962321,1.038346699848,0.853534330196,1.038346699848,
1.03672962321,1.669078461068)) REPRESENTATION_ITEM('') );
#1096 = CARTESIAN_POINT('',(1.753198214223,0.742493112159,0.249249695826
    ));
#1097 = CARTESIAN_POINT('',(0.922434306009,0.746053561606,0.249249695826
    ));
#1098 = CARTESIAN_POINT('',(0.803150747645,0.746564781551,1.276523791101
    ));
#1099 = CARTESIAN_POINT('',(1.753198214222,0.742493112159,2.12380815633)
  );
#1100 = CARTESIAN_POINT('',(2.703245680799,0.738421442767,1.2765237911)
  );
#1101 = CARTESIAN_POINT('',(2.583962122438,0.738932662712,0.249249695828
    ));
#1102 = CARTESIAN_POINT('',(1.753198214223,0.742493112159,0.249249695826
    ));
#1103 = PCURVE('',#287,#1104);
#1104 = DEFINITIONAL_REPRESENTATION('',(#1105),#1113);
#1105 = ( BOUNDED_CURVE() B_SPLINE_CURVE(6,(#1106,#1107,#1108,#1109,
#1110,#1111,#1112),.UNSPECIFIED.,.T.,.F.) B_SPLINE_CURVE_WITH_KNOTS((7,7
),(1.570796326795,7.853981633974),.PIECEWISE_BEZIER_KNOTS.) CURVE() 
GEOMETRIC_REPRESENTATION_ITEM() RATIONAL_B_SPLINE_CURVE((1.669078461068,
    1.03672962321,1.038346699848,0.853534330196,1.038346699848,
1.03672962321,1.669078461068)) REPRESENTATION_ITEM('') );
#1106 = CARTESIAN_POINT('',(3.617106614229E-13,0.499999999999));
#1107 = CARTESIAN_POINT('',(-0.830771537783,0.499999999999));
#1108 = CARTESIAN_POINT('',(-0.950056191623,-0.527274095276));
#1109 = CARTESIAN_POINT('',(-5.44897460486E-13,-1.374558460505));
#1110 = CARTESIAN_POINT('',(0.950056191623,-0.527274095275));
#1111 = CARTESIAN_POINT('',(0.830771537785,0.499999999998));
#1112 = CARTESIAN_POINT('',(3.617106614229E-13,0.499999999999));
#1113 = ( GEOMETRIC_REPRESENTATION_CONTEXT(2) 
PARAMETRIC_REPRESENTATION_CONTEXT() REPRESENTATION_CONTEXT('2D SPACE',''
  ) );
#1114 = PCURVE('',#536,#1115);
#1115 = DEFINITIONAL_REPRESENTATION('',(#1116),#1120);
#1116 = LINE('',#1117,#1118);
#1117 = CARTESIAN_POINT('',(0.,0.));
#1118 = VECTOR('',#1119,1.);
#1119 = DIRECTION('',(1.,0.));
#1120 = ( GEOMETRIC_REPRESENTATION_CONTEXT(2) 
PARAMETRIC_REPRESENTATION_CONTEXT() REPRESENTATION_CONTEXT('2D SPACE',''
  ) );
#1121 = ORIENTED_EDGE('',*,*,#1122,.T.);
#1122 = EDGE_CURVE('',#1092,#744,#1123,.T.);
#1123 = SURFACE_CURVE('',#1124,(#1132,#1143),.PCURVE_S1.);
#1124 = ( BOUNDED_CURVE() B_SPLINE_CURVE(6,(#1125,#1126,#1127,#1128,
#1129,#1130,#1131),.UNSPECIFIED.,.T.,.F.) B_SPLINE_CURVE_WITH_KNOTS((7,7
),(1.570796326795,7.853981633974),.PIECEWISE_BEZIER_KNOTS.) CURVE() 
GEOMETRIC_REPRESENTATION_ITEM() RATIONAL_B_SPLINE_CURVE((1.669078461068,
    1.03672962321,1.038346699848,0.853534330196,1.038346699848,
1.03672962321,1.669078461068)) REPRESENTATION_ITEM('') );
#1125 = CARTESIAN_POINT('',(1.753198214223,0.742493112159,0.249249695826
    ));
#1126 = CARTESIAN_POINT('',(0.922434306009,0.746053561606,0.249249695826
    ));
#1127 = CARTESIAN_POINT('',(0.803150747645,0.746564781551,1.276523791101
    ));
#1128 = CARTESIAN_POINT('',(1.753198214222,0.742493112159,2.12380815633)
  );
#1129 = CARTESIAN_POINT('',(2.703245680799,0.738421442767,1.2765237911)
  );
#1130 = CARTESIAN_POINT('',(2.583962122438,0.738932662712,0.249249695828
    ));
#1131 = CARTESIAN_POINT('',(1.753198214223,0.742493112159,0.249249695826
    ));
#1132 = PCURVE('',#287,#1133);
#1133 = DEFINITIONAL_REPRESENTATION('',(#1134),#1142);
#1134 = ( BOUNDED_CURVE() B_SPLINE_CURVE(6,(#1135,#1136,#1137,#1138,
#1139,#1140,#1141),.UNSPECIFIED.,.T.,.F.) B_SPLINE_CURVE_WITH_KNOTS((7,7
),(1.570796326795,7.853981633974),.PIECEWISE_BEZIER_KNOTS.) CURVE() 
GEOMETRIC_REPRESENTATION_ITEM() RATIONAL_B_SPLINE_CURVE((1.669078461068,
    1.03672962321,1.038346699848,0.853534330196,1.038346699848,
1.03672962321,1.669078461068)) REPRESENTATION_ITEM('') );
#1135 = CARTESIAN_POINT('',(3.617106614229E-13,0.499999999999));
#1136 = CARTESIAN_POINT('',(-0.830771537783,0.499999999999));
#1137 = CARTESIAN_POINT('',(-0.950056191623,-0.527274095276));
#1138 = CARTESIAN_POINT('',(-5.44897460486E-13,-1.374558460505));
#1139 = CARTESIAN_POINT('',(0.950056191623,-0.527274095275));
#1140 = CARTESIAN_POINT('',(0.830771537785,0.499999999998));
#1141 = CARTESIAN_POINT('',(3.617106614229E-13,0.499999999999));
#1142 = ( GEOMETRIC_REPRESENTATION_CONTEXT(2) 
PARAMETRIC_REPRESENTATION_CONTEXT() REPRESENTATION_CONTEXT('2D SPACE',''
  ) );
#1143 = PCURVE('',#797,#1144);
#1144 = DEFINITIONAL_REPRESENTATION('',(#1145),#1149);
#1145 = LINE('',#1146,#1147);
#1146 = CARTESIAN_POINT('',(6.28318530718,0.));
#1147 = VECTOR('',#1148,1.);
#1148 = DIRECTION('',(1.,0.));
#1149 = ( GEOMETRIC_REPRESENTATION_CONTEXT(2) 
PARAMETRIC_REPRESENTATION_CONTEXT() REPRESENTATION_CONTEXT('2D SPACE',''
  ) );
#1150 = ORIENTED_EDGE('',*,*,#901,.T.);
#1151 = ORIENTED_EDGE('',*,*,#249,.T.);
#1152 = ORIENTED_EDGE('',*,*,#310,.T.);
#1153 = ADVANCED_FACE('',(#1154),#797,.T.);
#1154 = FACE_BOUND('',#1155,.T.);
#1155 = EDGE_LOOP('',(#1156,#1187,#1188,#1189));
#1156 = ORIENTED_EDGE('',*,*,#1157,.F.);
#1157 = EDGE_CURVE('',#1092,#1158,#1160,.T.);
#1158 = VERTEX_POINT('',#1159);
#1159 = CARTESIAN_POINT('',(1.750000000002,0.75,0.249999999999));
#1160 = SURFACE_CURVE('',#1161,(#1173,#1180),.PCURVE_S1.);
#1161 = ( BOUNDED_CURVE() B_SPLINE_CURVE(10,(#1162,#1163,#1164,#1165,
    #1166,#1167,#1168,#1169,#1170,#1171,#1172),.UNSPECIFIED.,.F.,.F.) 
B_SPLINE_CURVE_WITH_KNOTS((11,11),(0.,6.289200474175),
.PIECEWISE_BEZIER_KNOTS.) CURVE() GEOMETRIC_REPRESENTATION_ITEM() 
RATIONAL_B_SPLINE_CURVE((1.669078461068,1.669078461068,1.669078461068,
    1.669078461069,1.669078461068,1.669078461069,1.669078461068,
    1.669078461069,1.669078461068,1.669078461068,1.669078461068)) 
REPRESENTATION_ITEM('') );
#1162 = CARTESIAN_POINT('',(1.753198214223,0.742493112159,0.249249695826
    ));
#1163 = CARTESIAN_POINT('',(1.286676031609,1.8440600472,0.359249695818)
  );
#1164 = CARTESIAN_POINT('',(5.090527948596E-02,2.62088897904,
    0.469249695821));
#1165 = CARTESIAN_POINT('',(-1.6967191201,2.4602137778,0.579249696463));
#1166 = CARTESIAN_POINT('',(-3.163239993054,1.027338527975,
    0.689249693762));
#1167 = CARTESIAN_POINT('',(-3.244503584713,-1.374072544773,
    0.799249699509));
#1168 = CARTESIAN_POINT('',(-1.46326369353,-2.986698941496,
    0.909249691752));
#1169 = CARTESIAN_POINT('',(0.586286130222,-2.930490784979,1.01924969888
    ));
#1170 = CARTESIAN_POINT('',(1.917744449739,-1.787150480812,
    1.129249694375));
#1171 = CARTESIAN_POINT('',(2.219720377779,-0.359073827397,
    1.239249696248));
#1172 = CARTESIAN_POINT('',(1.753198214798,0.74249311212,1.349249695813)
  );
#1173 = PCURVE('',#797,#1174);
#1174 = DEFINITIONAL_REPRESENTATION('',(#1175),#1179);
#1175 = LINE('',#1176,#1177);
#1176 = CARTESIAN_POINT('',(1.570796326795,0.));
#1177 = VECTOR('',#1178,1.);
#1178 = DIRECTION('',(0.,1.));
#1179 = ( GEOMETRIC_REPRESENTATION_CONTEXT(2) 
PARAMETRIC_REPRESENTATION_CONTEXT() REPRESENTATION_CONTEXT('2D SPACE',''
  ) );
#1180 = PCURVE('',#536,#1181);
#1181 = DEFINITIONAL_REPRESENTATION('',(#1182),#1186);
#1182 = LINE('',#1183,#1184);
#1183 = CARTESIAN_POINT('',(7.853981633974,0.));
#1184 = VECTOR('',#1185,1.);
#1185 = DIRECTION('',(0.,1.));
#1186 = ( GEOMETRIC_REPRESENTATION_CONTEXT(2) 
PARAMETRIC_REPRESENTATION_CONTEXT() REPRESENTATION_CONTEXT('2D SPACE',''
  ) );
#1187 = ORIENTED_EDGE('',*,*,#1122,.T.);
#1188 = ORIENTED_EDGE('',*,*,#743,.T.);
#1189 = ORIENTED_EDGE('',*,*,#1190,.T.);
#1190 = EDGE_CURVE('',#633,#1158,#1191,.T.);
#1191 = SURFACE_CURVE('',#1192,(#1197,#1206),.PCURVE_S1.);
#1192 = CIRCLE('',#1193,0.5);
#1193 = AXIS2_PLACEMENT_3D('',#1194,#1195,#1196);
#1194 = CARTESIAN_POINT('',(1.750000000002,0.75,0.749999999999));
#1195 = DIRECTION('',(-2.866663879023E-14,-1.,0.));
#1196 = DIRECTION('',(1.,-2.866663879023E-14,0.));
#1197 = PCURVE('',#797,#1198);
#1198 = DEFINITIONAL_REPRESENTATION('',(#1199),#1205);
#1199 = B_SPLINE_CURVE_WITH_KNOTS('',4,(#1200,#1201,#1202,#1203,#1204),
  .UNSPECIFIED.,.F.,.F.,(5,5),(10.69877366019,10.995574287564),
  .PIECEWISE_BEZIER_KNOTS.);
#1200 = CARTESIAN_POINT('',(1.870294443785,4.289818963982E-03));
#1201 = CARTESIAN_POINT('',(1.795762502247,4.289818996121E-03));
#1202 = CARTESIAN_POINT('',(1.721046336321,4.289819044258E-03));
#1203 = CARTESIAN_POINT('',(1.646085593053,4.289819103607E-03));
#1204 = CARTESIAN_POINT('',(1.570796334959,4.289819168866E-03));
#1205 = ( GEOMETRIC_REPRESENTATION_CONTEXT(2) 
PARAMETRIC_REPRESENTATION_CONTEXT() REPRESENTATION_CONTEXT('2D SPACE',''
  ) );
#1206 = PCURVE('',#649,#1207);
#1207 = DEFINITIONAL_REPRESENTATION('',(#1208),#1214);
#1208 = B_SPLINE_CURVE_WITH_KNOTS('',4,(#1209,#1210,#1211,#1212,#1213),
  .UNSPECIFIED.,.F.,.F.,(5,5),(10.69877366019,10.995574287564),
  .PIECEWISE_BEZIER_KNOTS.);
#1209 = CARTESIAN_POINT('',(1.870294443785,4.289818963982E-03));
#1210 = CARTESIAN_POINT('',(1.795762502247,4.289818996121E-03));
#1211 = CARTESIAN_POINT('',(1.721046336321,4.289819044258E-03));
#1212 = CARTESIAN_POINT('',(1.646085593053,4.289819103607E-03));
#1213 = CARTESIAN_POINT('',(1.570796334959,4.289819168866E-03));
#1214 = ( GEOMETRIC_REPRESENTATION_CONTEXT(2) 
PARAMETRIC_REPRESENTATION_CONTEXT() REPRESENTATION_CONTEXT('2D SPACE',''
  ) );
#1215 = ADVANCED_FACE('',(#1216),#649,.T.);
#1216 = FACE_BOUND('',#1217,.T.);
#1217 = EDGE_LOOP('',(#1218,#1258,#1289,#1392,#1393,#1394));
#1218 = ORIENTED_EDGE('',*,*,#1219,.F.);
#1219 = EDGE_CURVE('',#1158,#499,#1220,.T.);
#1220 = SURFACE_CURVE('',#1221,(#1226,#1242),.PCURVE_S1.);
#1221 = CIRCLE('',#1222,0.5);
#1222 = AXIS2_PLACEMENT_3D('',#1223,#1224,#1225);
#1223 = CARTESIAN_POINT('',(1.750000000002,0.75,0.749999999999));
#1224 = DIRECTION('',(-2.866663879023E-14,-1.,0.));
#1225 = DIRECTION('',(1.,-2.866663879023E-14,0.));
#1226 = PCURVE('',#649,#1227);
#1227 = DEFINITIONAL_REPRESENTATION('',(#1228),#1241);
#1228 = B_SPLINE_CURVE_WITH_KNOTS('',6,(#1229,#1230,#1231,#1232,#1233,
    #1234,#1235,#1236,#1237,#1238,#1239,#1240),.UNSPECIFIED.,.F.,.F.,(7,
    5,7),(4.712388980385,6.142947344666,7.573505708947),.UNSPECIFIED.);
#1229 = CARTESIAN_POINT('',(7.853981642138,4.289819168866E-03));
#1230 = CARTESIAN_POINT('',(7.612055650026,4.289819378411E-03));
#1231 = CARTESIAN_POINT('',(7.373182776107,4.28981964563E-03));
#1232 = CARTESIAN_POINT('',(7.135478110771,4.289819850431E-03));
#1233 = CARTESIAN_POINT('',(6.89794906789,4.289819972624E-03));
#1234 = CARTESIAN_POINT('',(6.660281136688,4.289820002711E-03));
#1235 = CARTESIAN_POINT('',(6.184537527181,4.28981989835E-03));
#1236 = CARTESIAN_POINT('',(5.946462485341,4.289819762182E-03));
#1237 = CARTESIAN_POINT('',(5.708118785466,4.289819563998E-03));
#1238 = CARTESIAN_POINT('',(5.469712793543,4.289819311537E-03));
#1239 = CARTESIAN_POINT('',(5.231290289071,4.289819138687E-03));
#1240 = CARTESIAN_POINT('',(4.992864706969,4.289819112196E-03));
#1241 = ( GEOMETRIC_REPRESENTATION_CONTEXT(2) 
PARAMETRIC_REPRESENTATION_CONTEXT() REPRESENTATION_CONTEXT('2D SPACE',''
  ) );
#1242 = PCURVE('',#536,#1243);
#1243 = DEFINITIONAL_REPRESENTATION('',(#1244),#1257);
#1244 = B_SPLINE_CURVE_WITH_KNOTS('',6,(#1245,#1246,#1247,#1248,#1249,
    #1250,#1251,#1252,#1253,#1254,#1255,#1256),.UNSPECIFIED.,.F.,.F.,(7,
    5,7),(4.712388980385,6.142947344666,7.573505708947),.UNSPECIFIED.);
#1245 = CARTESIAN_POINT('',(7.853981642138,4.289819168866E-03));
#1246 = CARTESIAN_POINT('',(7.612055650026,4.289819378411E-03));
#1247 = CARTESIAN_POINT('',(7.373182776107,4.28981964563E-03));
#1248 = CARTESIAN_POINT('',(7.135478110771,4.289819850431E-03));
#1249 = CARTESIAN_POINT('',(6.89794906789,4.289819972624E-03));
#1250 = CARTESIAN_POINT('',(6.660281136688,4.289820002711E-03));
#1251 = CARTESIAN_POINT('',(6.184537527181,4.28981989835E-03));
#1252 = CARTESIAN_POINT('',(5.946462485341,4.289819762182E-03));
#1253 = CARTESIAN_POINT('',(5.708118785466,4.289819563998E-03));
#1254 = CARTESIAN_POINT('',(5.469712793543,4.289819311537E-03));
#1255 = CARTESIAN_POINT('',(5.231290289071,4.289819138687E-03));
#1256 = CARTESIAN_POINT('',(4.992864706969,4.289819112196E-03));
#1257 = ( GEOMETRIC_REPRESENTATION_CONTEXT(2) 
PARAMETRIC_REPRESENTATION_CONTEXT() REPRESENTATION_CONTEXT('2D SPACE',''
  ) );
#1258 = ORIENTED_EDGE('',*,*,#1259,.T.);
#1259 = EDGE_CURVE('',#1158,#1260,#1262,.T.);
#1260 = VERTEX_POINT('',#1261);
#1261 = CARTESIAN_POINT('',(1.753198214799,0.74249311212,1.349249695814)
  );
#1262 = SEAM_CURVE('',#1263,(#1275,#1282),.PCURVE_S1.);
#1263 = ( BOUNDED_CURVE() B_SPLINE_CURVE(10,(#1264,#1265,#1266,#1267,
    #1268,#1269,#1270,#1271,#1272,#1273,#1274),.UNSPECIFIED.,.F.,.F.) 
B_SPLINE_CURVE_WITH_KNOTS((11,11),(0.,6.289200474175),
.PIECEWISE_BEZIER_KNOTS.) CURVE() GEOMETRIC_REPRESENTATION_ITEM() 
RATIONAL_B_SPLINE_CURVE((1.669078461068,1.669078461068,1.669078461068,
    1.669078461069,1.669078461068,1.669078461069,1.669078461068,
    1.669078461069,1.669078461068,1.669078461068,1.669078461068)) 
REPRESENTATION_ITEM('') );
#1264 = CARTESIAN_POINT('',(1.753198214223,0.742493112159,0.249249695826
    ));
#1265 = CARTESIAN_POINT('',(1.286676031609,1.8440600472,0.359249695818)
  );
#1266 = CARTESIAN_POINT('',(5.090527948596E-02,2.62088897904,
    0.469249695821));
#1267 = CARTESIAN_POINT('',(-1.6967191201,2.4602137778,0.579249696463));
#1268 = CARTESIAN_POINT('',(-3.163239993054,1.027338527975,
    0.689249693762));
#1269 = CARTESIAN_POINT('',(-3.244503584713,-1.374072544773,
    0.799249699509));
#1270 = CARTESIAN_POINT('',(-1.46326369353,-2.986698941496,
    0.909249691752));
#1271 = CARTESIAN_POINT('',(0.586286130222,-2.930490784979,1.01924969888
    ));
#1272 = CARTESIAN_POINT('',(1.917744449739,-1.787150480812,
    1.129249694375));
#1273 = CARTESIAN_POINT('',(2.219720377779,-0.359073827397,
    1.239249696248));
#1274 = CARTESIAN_POINT('',(1.753198214798,0.74249311212,1.349249695813)
  );
#1275 = PCURVE('',#649,#1276);
#1276 = DEFINITIONAL_REPRESENTATION('',(#1277),#1281);
#1277 = LINE('',#1278,#1279);
#1278 = CARTESIAN_POINT('',(1.570796326795,0.));
#1279 = VECTOR('',#1280,1.);
#1280 = DIRECTION('',(0.,1.));
#1281 = ( GEOMETRIC_REPRESENTATION_CONTEXT(2) 
PARAMETRIC_REPRESENTATION_CONTEXT() REPRESENTATION_CONTEXT('2D SPACE',''
  ) );
#1282 = PCURVE('',#649,#1283);
#1283 = DEFINITIONAL_REPRESENTATION('',(#1284),#1288);
#1284 = LINE('',#1285,#1286);
#1285 = CARTESIAN_POINT('',(7.853981633974,0.));
#1286 = VECTOR('',#1287,1.);
#1287 = DIRECTION('',(0.,1.));
#1288 = ( GEOMETRIC_REPRESENTATION_CONTEXT(2) 
PARAMETRIC_REPRESENTATION_CONTEXT() REPRESENTATION_CONTEXT('2D SPACE',''
  ) );
#1289 = ORIENTED_EDGE('',*,*,#1290,.F.);
#1290 = EDGE_CURVE('',#1260,#1260,#1291,.T.);
#1291 = SURFACE_CURVE('',#1292,(#1300,#1307),.PCURVE_S1.);
#1292 = ( BOUNDED_CURVE() B_SPLINE_CURVE(6,(#1293,#1294,#1295,#1296,
#1297,#1298,#1299),.UNSPECIFIED.,.T.,.F.) B_SPLINE_CURVE_WITH_KNOTS((7,7
),(1.570796326795,7.853981633974),.PIECEWISE_BEZIER_KNOTS.) CURVE() 
GEOMETRIC_REPRESENTATION_ITEM() RATIONAL_B_SPLINE_CURVE((1.669078461068,
    1.03672962321,1.038346699848,0.853534330196,1.038346699848,
1.03672962321,1.669078461068)) REPRESENTATION_ITEM('') );
#1293 = CARTESIAN_POINT('',(1.753198214798,0.74249311212,1.349249695813)
  );
#1294 = CARTESIAN_POINT('',(0.922434306584,0.746053561567,1.349249695812
    ));
#1295 = CARTESIAN_POINT('',(0.803150748221,0.746564781512,2.376523791087
    ));
#1296 = CARTESIAN_POINT('',(1.753198214797,0.74249311212,3.223808156316)
  );
#1297 = CARTESIAN_POINT('',(2.703245681375,0.738421442728,2.376523791087
    ));
#1298 = CARTESIAN_POINT('',(2.583962123013,0.738932662673,1.349249695814
    ));
#1299 = CARTESIAN_POINT('',(1.753198214798,0.74249311212,1.349249695813)
  );
#1300 = PCURVE('',#649,#1301);
#1301 = DEFINITIONAL_REPRESENTATION('',(#1302),#1306);
#1302 = LINE('',#1303,#1304);
#1303 = CARTESIAN_POINT('',(0.,6.289200474175));
#1304 = VECTOR('',#1305,1.);
#1305 = DIRECTION('',(1.,0.));
#1306 = ( GEOMETRIC_REPRESENTATION_CONTEXT(2) 
PARAMETRIC_REPRESENTATION_CONTEXT() REPRESENTATION_CONTEXT('2D SPACE',''
  ) );
#1307 = PCURVE('',#1308,#1386);
#1308 = ( BOUNDED_SURFACE() B_SPLINE_SURFACE(6,10,(
    (#1309,#1310,#1311,#1312,#1313,#1314,#1315,#1316,#1317,#1318,#1319)
    ,(#1320,#1321,#1322,#1323,#1324,#1325,#1326,#1327,#1328,#1329,#1330)
    ,(#1331,#1332,#1333,#1334,#1335,#1336,#1337,#1338,#1339,#1340,#1341)
    ,(#1342,#1343,#1344,#1345,#1346,#1347,#1348,#1349,#1350,#1351,#1352)
    ,(#1353,#1354,#1355,#1356,#1357,#1358,#1359,#1360,#1361,#1362,#1363)
    ,(#1364,#1365,#1366,#1367,#1368,#1369,#1370,#1371,#1372,#1373,#1374)
    ,(#1375,#1376,#1377,#1378,#1379,#1380,#1381,#1382,#1383,#1384,#1385
)),.UNSPECIFIED.,.T.,.F.,.F.) B_SPLINE_SURFACE_WITH_KNOTS((7,7),(11,11),
  (1.570796326795,7.853981633974),(0.,6.289200474175),
.PIECEWISE_BEZIER_KNOTS.) GEOMETRIC_REPRESENTATION_ITEM() 
RATIONAL_B_SPLINE_SURFACE((
    (1.669078461068,1.669078461068,1.669078461068,1.669078461069
      ,1.669078461068,1.669078461069,1.669078461068,1.669078461069
      ,1.669078461068,1.669078461068,1.669078461068)
    ,(1.03672962321,1.03672962321,1.03672962321,1.03672962321
      ,1.036729623209,1.03672962321,1.036729623209,1.03672962321
      ,1.03672962321,1.03672962321,1.03672962321)
    ,(1.038346699848,1.038346699848,1.038346699847,1.038346699848
      ,1.038346699847,1.038346699848,1.038346699847,1.038346699848
      ,1.038346699847,1.038346699848,1.038346699848)
    ,(0.853534330196,0.853534330196,0.853534330196,0.853534330196
      ,0.853534330196,0.853534330196,0.853534330196,0.853534330196
      ,0.853534330196,0.853534330196,0.853534330196)
    ,(1.038346699848,1.038346699848,1.038346699847,1.038346699848
      ,1.038346699847,1.038346699848,1.038346699847,1.038346699848
      ,1.038346699847,1.038346699848,1.038346699848)
    ,(1.03672962321,1.03672962321,1.03672962321,1.03672962321
      ,1.036729623209,1.03672962321,1.036729623209,1.03672962321
      ,1.03672962321,1.03672962321,1.03672962321)
    ,(1.669078461068,1.669078461068,1.669078461068,1.669078461069
      ,1.669078461068,1.669078461069,1.669078461068,1.669078461069
      ,1.669078461068,1.669078461068,1.669078461068
))) REPRESENTATION_ITEM('') SURFACE() );
#1309 = CARTESIAN_POINT('',(1.753198214799,0.74249311212,1.349249695814)
  );
#1310 = CARTESIAN_POINT('',(1.286676038852,1.844060047969,1.459249695798
    ));
#1311 = CARTESIAN_POINT('',(5.090528790242E-02,2.620888986271,
    1.569249694936));
#1312 = CARTESIAN_POINT('',(-1.696719203687,2.460213769074,
    1.679249700119));
#1313 = CARTESIAN_POINT('',(-3.16323975019,1.02733855005,1.789249684783)
  );
#1314 = CARTESIAN_POINT('',(-3.244504009699,-1.374072568006,
    1.899249713274));
#1315 = CARTESIAN_POINT('',(-1.463263224849,-2.986698924047,
    2.009249677294));
#1316 = CARTESIAN_POINT('',(0.586285777297,-2.930490800756,
    2.119249709092));
#1317 = CARTESIAN_POINT('',(1.917744622612,-1.787150478486,
    2.229249689489));
#1318 = CARTESIAN_POINT('',(2.219720330685,-0.359073829434,
    2.339249697549));
#1319 = CARTESIAN_POINT('',(1.75319822266,0.742493111904,2.449249695632)
  );
#1320 = CARTESIAN_POINT('',(0.922434306584,0.746053561567,1.349249695813
    ));
#1321 = CARTESIAN_POINT('',(0.453675034246,1.325636139276,1.45924969578)
  );
#1322 = CARTESIAN_POINT('',(-0.419999164332,1.578499467281,
    1.569249695055));
#1323 = CARTESIAN_POINT('',(-1.4391002479,1.181876765757,1.679249699725)
  );
#1324 = CARTESIAN_POINT('',(-2.071166790032,7.160234898592E-02,
    1.789249685608));
#1325 = CARTESIAN_POINT('',(-1.707075823596,-1.380661606703,
    1.899249712063));
#1326 = CARTESIAN_POINT('',(-0.363038432066,-2.040358370643,
    2.009249678566));
#1327 = CARTESIAN_POINT('',(0.85485234292,-1.65440889921,2.119249708127)
  );
#1328 = CARTESIAN_POINT('',(1.455792154332,-0.740762964447,
    2.229249689976));
#1329 = CARTESIAN_POINT('',(1.391193518754,0.166470978127,2.339249697414
    ));
#1330 = CARTESIAN_POINT('',(0.922434314445,0.746053561351,2.44924969563)
  );
#1331 = CARTESIAN_POINT('',(0.803150748223,0.746564781512,2.376523791088
    ));
#1332 = CARTESIAN_POINT('',(0.334070266917,1.251199289096,2.486523790973
    ));
#1333 = CARTESIAN_POINT('',(-0.487613029352,1.428830072902,
    2.596523790593));
#1334 = CARTESIAN_POINT('',(-1.402110550027,0.998329328213,
    2.706523794428));
#1335 = CARTESIAN_POINT('',(-1.914363699772,-6.562510368263E-02,
    2.816523781734));
#1336 = CARTESIAN_POINT('',(-1.486327300536,-1.381607680549,
    2.926523806483));
#1337 = CARTESIAN_POINT('',(-0.205064878011,-1.904479973025,
    3.03652377439));
#1338 = CARTESIAN_POINT('',(0.893413932029,-1.471185255928,
    3.146523803222));
#1339 = CARTESIAN_POINT('',(1.389463641358,-0.590519526009,
    3.256523785244));
#1340 = CARTESIAN_POINT('',(1.272231169509,0.24193026819,3.36652379271)
  );
#1341 = CARTESIAN_POINT('',(0.803150756082,0.746564781296,3.476523790905
    ));
#1342 = CARTESIAN_POINT('',(1.753198214798,0.74249311212,3.223808156319)
  );
#1343 = CARTESIAN_POINT('',(1.286676038761,1.84406004797,3.333808156196)
  );
#1344 = CARTESIAN_POINT('',(5.090528828987E-02,2.620888986267,
    3.443808155915));
#1345 = CARTESIAN_POINT('',(-1.696719204632,2.46021376908,3.553808159412
    ));
#1346 = CARTESIAN_POINT('',(-3.163239748593,1.027338550042,
    3.663808147512));
#1347 = CARTESIAN_POINT('',(-3.244504011683,-1.374072568002,
    3.77380817078));
#1348 = CARTESIAN_POINT('',(-1.463263223045,-2.986698924045,
    3.883808140726));
#1349 = CARTESIAN_POINT('',(0.586285776131,-2.93049080076,3.993808167569
    ));
#1350 = CARTESIAN_POINT('',(1.91774462311,-1.787150478482,4.103808150938
    ));
#1351 = CARTESIAN_POINT('',(2.219720330563,-0.359073829435,
    4.213808157809));
#1352 = CARTESIAN_POINT('',(1.753198222657,0.742493111904,4.323808156136
    ));
#1353 = CARTESIAN_POINT('',(2.703245681375,0.738421442728,2.376523791087
    ));
#1354 = CARTESIAN_POINT('',(2.239281810665,2.43692080684,2.486523790966)
  );
#1355 = CARTESIAN_POINT('',(0.589423605659,3.812947899646,2.596523790666
    ));
#1356 = CARTESIAN_POINT('',(-1.991327858595,3.922098209921,
    2.706523794173));
#1357 = CARTESIAN_POINT('',(-4.412115798561,2.120302203806,
    2.816523782311));
#1358 = CARTESIAN_POINT('',(-5.002680721164,-1.366537455494,
    2.92652380558));
#1359 = CARTESIAN_POINT('',(-2.721461569924,-4.068917875038,
    3.03652377536));
#1360 = CARTESIAN_POINT('',(0.279157621689,-4.389796345605,3.14652380251
    ));
#1361 = CARTESIAN_POINT('',(2.446025604108,-2.983781430952,3.25652378559
    ));
#1362 = CARTESIAN_POINT('',(3.167209491835,-0.960077927061,3.36652379262
    ));
#1363 = CARTESIAN_POINT('',(2.703245689234,0.738421442512,3.476523790905
    ));
#1364 = CARTESIAN_POINT('',(2.583962123016,0.738932662673,1.349249695813
    ));
#1365 = CARTESIAN_POINT('',(2.119677043312,2.362483956664,1.459249695596
    ));
#1366 = CARTESIAN_POINT('',(0.52180974079,3.663278505254,1.569249695815)
  );
#1367 = CARTESIAN_POINT('',(-1.954338161192,3.738550772404,1.67924969791
    ));
#1368 = CARTESIAN_POINT('',(-4.255312707331,1.983074751102,
    1.789249688609));
#1369 = CARTESIAN_POINT('',(-4.78193219949,-1.367483529304,
    1.899249708471));
#1370 = CARTESIAN_POINT('',(-2.563488014441,-3.933039477446,
    2.009249681737));
#1371 = CARTESIAN_POINT('',(0.317719209746,-4.206572702312,
    2.119249706099));
#1372 = CARTESIAN_POINT('',(2.379697091674,-2.833537992518,
    2.229249690869));
#1373 = CARTESIAN_POINT('',(3.048247142425,-0.884618636998,
    2.339249697187));
#1374 = CARTESIAN_POINT('',(2.583962130876,0.738932662457,2.449249695632
    ));
#1375 = CARTESIAN_POINT('',(1.753198214799,0.74249311212,1.349249695814)
  );
#1376 = CARTESIAN_POINT('',(1.286676038852,1.844060047969,1.459249695798
    ));
#1377 = CARTESIAN_POINT('',(5.090528790242E-02,2.620888986271,
    1.569249694936));
#1378 = CARTESIAN_POINT('',(-1.696719203687,2.460213769074,
    1.679249700119));
#1379 = CARTESIAN_POINT('',(-3.16323975019,1.02733855005,1.789249684783)
  );
#1380 = CARTESIAN_POINT('',(-3.244504009699,-1.374072568006,
    1.899249713274));
#1381 = CARTESIAN_POINT('',(-1.463263224849,-2.986698924047,
    2.009249677294));
#1382 = CARTESIAN_POINT('',(0.586285777297,-2.930490800756,
    2.119249709092));
#1383 = CARTESIAN_POINT('',(1.917744622612,-1.787150478486,
    2.229249689489));
#1384 = CARTESIAN_POINT('',(2.219720330685,-0.359073829434,
    2.339249697549));
#1385 = CARTESIAN_POINT('',(1.75319822266,0.742493111904,2.449249695632)
  );
#1386 = DEFINITIONAL_REPRESENTATION('',(#1387),#1391);
#1387 = LINE('',#1388,#1389);
#1388 = CARTESIAN_POINT('',(0.,0.));
#1389 = VECTOR('',#1390,1.);
#1390 = DIRECTION('',(1.,0.));
#1391 = ( GEOMETRIC_REPRESENTATION_CONTEXT(2) 
PARAMETRIC_REPRESENTATION_CONTEXT() REPRESENTATION_CONTEXT('2D SPACE',''
  ) );
#1392 = ORIENTED_EDGE('',*,*,#1259,.F.);
#1393 = ORIENTED_EDGE('',*,*,#1190,.F.);
#1394 = ORIENTED_EDGE('',*,*,#632,.F.);
#1395 = ADVANCED_FACE('',(#1396),#536,.T.);
#1396 = FACE_BOUND('',#1397,.T.);
#1397 = EDGE_LOOP('',(#1398,#1399,#1400,#1401));
#1398 = ORIENTED_EDGE('',*,*,#1091,.T.);
#1399 = ORIENTED_EDGE('',*,*,#1157,.T.);
#1400 = ORIENTED_EDGE('',*,*,#1219,.T.);
#1401 = ORIENTED_EDGE('',*,*,#498,.F.);
#1402 = ADVANCED_FACE('',(#1403),#1308,.T.);
#1403 = FACE_BOUND('',#1404,.T.);
#1404 = EDGE_LOOP('',(#1405,#1436,#1539,#1540));
#1405 = ORIENTED_EDGE('',*,*,#1406,.T.);
#1406 = EDGE_CURVE('',#1260,#1407,#1409,.T.);
#1407 = VERTEX_POINT('',#1408);
#1408 = CARTESIAN_POINT('',(1.75319822266,0.742493111904,2.449249695632)
  );
#1409 = SEAM_CURVE('',#1410,(#1422,#1429),.PCURVE_S1.);
#1410 = ( BOUNDED_CURVE() B_SPLINE_CURVE(10,(#1411,#1412,#1413,#1414,
    #1415,#1416,#1417,#1418,#1419,#1420,#1421),.UNSPECIFIED.,.F.,.F.) 
B_SPLINE_CURVE_WITH_KNOTS((11,11),(0.,6.289200474175),
.PIECEWISE_BEZIER_KNOTS.) CURVE() GEOMETRIC_REPRESENTATION_ITEM() 
RATIONAL_B_SPLINE_CURVE((1.669078461068,1.669078461068,1.669078461068,
    1.669078461069,1.669078461068,1.669078461069,1.669078461068,
    1.669078461069,1.669078461068,1.669078461068,1.669078461068)) 
REPRESENTATION_ITEM('') );
#1411 = CARTESIAN_POINT('',(1.753198214799,0.74249311212,1.349249695814)
  );
#1412 = CARTESIAN_POINT('',(1.286676038852,1.844060047969,1.459249695798
    ));
#1413 = CARTESIAN_POINT('',(5.090528790242E-02,2.620888986271,
    1.569249694936));
#1414 = CARTESIAN_POINT('',(-1.696719203687,2.460213769074,
    1.679249700119));
#1415 = CARTESIAN_POINT('',(-3.16323975019,1.02733855005,1.789249684783)
  );
#1416 = CARTESIAN_POINT('',(-3.244504009699,-1.374072568006,
    1.899249713274));
#1417 = CARTESIAN_POINT('',(-1.463263224849,-2.986698924047,
    2.009249677294));
#1418 = CARTESIAN_POINT('',(0.586285777297,-2.930490800756,
    2.119249709092));
#1419 = CARTESIAN_POINT('',(1.917744622612,-1.787150478486,
    2.229249689489));
#1420 = CARTESIAN_POINT('',(2.219720330685,-0.359073829434,
    2.339249697549));
#1421 = CARTESIAN_POINT('',(1.75319822266,0.742493111904,2.449249695632)
  );
#1422 = PCURVE('',#1308,#1423);
#1423 = DEFINITIONAL_REPRESENTATION('',(#1424),#1428);
#1424 = LINE('',#1425,#1426);
#1425 = CARTESIAN_POINT('',(7.853981633974,0.));
#1426 = VECTOR('',#1427,1.);
#1427 = DIRECTION('',(0.,1.));
#1428 = ( GEOMETRIC_REPRESENTATION_CONTEXT(2) 
PARAMETRIC_REPRESENTATION_CONTEXT() REPRESENTATION_CONTEXT('2D SPACE',''
  ) );
#1429 = PCURVE('',#1308,#1430);
#1430 = DEFINITIONAL_REPRESENTATION('',(#1431),#1435);
#1431 = LINE('',#1432,#1433);
#1432 = CARTESIAN_POINT('',(1.570796326795,0.));
#1433 = VECTOR('',#1434,1.);
#1434 = DIRECTION('',(0.,1.));
#1435 = ( GEOMETRIC_REPRESENTATION_CONTEXT(2) 
PARAMETRIC_REPRESENTATION_CONTEXT() REPRESENTATION_CONTEXT('2D SPACE',''
  ) );
#1436 = ORIENTED_EDGE('',*,*,#1437,.F.);
#1437 = EDGE_CURVE('',#1407,#1407,#1438,.T.);
#1438 = SURFACE_CURVE('',#1439,(#1447,#1454),.PCURVE_S1.);
#1439 = ( BOUNDED_CURVE() B_SPLINE_CURVE(6,(#1440,#1441,#1442,#1443,
#1444,#1445,#1446),.UNSPECIFIED.,.T.,.F.) B_SPLINE_CURVE_WITH_KNOTS((7,7
),(1.570796326795,7.853981633974),.PIECEWISE_BEZIER_KNOTS.) CURVE() 
GEOMETRIC_REPRESENTATION_ITEM() RATIONAL_B_SPLINE_CURVE((1.669078461068,
    1.03672962321,1.038346699848,0.853534330196,1.038346699848,
1.03672962321,1.669078461068)) REPRESENTATION_ITEM('') );
#1440 = CARTESIAN_POINT('',(1.75319822266,0.742493111904,2.449249695632)
  );
#1441 = CARTESIAN_POINT('',(0.922434314445,0.746053561351,2.44924969563)
  );
#1442 = CARTESIAN_POINT('',(0.803150756082,0.746564781296,3.476523790905
    ));
#1443 = CARTESIAN_POINT('',(1.753198222657,0.742493111904,4.323808156136
    ));
#1444 = CARTESIAN_POINT('',(2.703245689234,0.738421442512,3.476523790905
    ));
#1445 = CARTESIAN_POINT('',(2.583962130876,0.738932662457,2.449249695632
    ));
#1446 = CARTESIAN_POINT('',(1.75319822266,0.742493111904,2.449249695632)
  );
#1447 = PCURVE('',#1308,#1448);
#1448 = DEFINITIONAL_REPRESENTATION('',(#1449),#1453);
#1449 = LINE('',#1450,#1451);
#1450 = CARTESIAN_POINT('',(0.,6.289200474175));
#1451 = VECTOR('',#1452,1.);
#1452 = DIRECTION('',(1.,0.));
#1453 = ( GEOMETRIC_REPRESENTATION_CONTEXT(2) 
PARAMETRIC_REPRESENTATION_CONTEXT() REPRESENTATION_CONTEXT('2D SPACE',''
  ) );
#1454 = PCURVE('',#1455,#1533);
#1455 = ( BOUNDED_SURFACE() B_SPLINE_SURFACE(6,10,(
    (#1456,#1457,#1458,#1459,#1460,#1461,#1462,#1463,#1464,#1465,#1466)
    ,(#1467,#1468,#1469,#1470,#1471,#1472,#1473,#1474,#1475,#1476,#1477)
    ,(#1478,#1479,#1480,#1481,#1482,#1483,#1484,#1485,#1486,#1487,#1488)
    ,(#1489,#1490,#1491,#1492,#1493,#1494,#1495,#1496,#1497,#1498,#1499)
    ,(#1500,#1501,#1502,#1503,#1504,#1505,#1506,#1507,#1508,#1509,#1510)
    ,(#1511,#1512,#1513,#1514,#1515,#1516,#1517,#1518,#1519,#1520,#1521)
    ,(#1522,#1523,#1524,#1525,#1526,#1527,#1528,#1529,#1530,#1531,#1532
)),.UNSPECIFIED.,.T.,.F.,.F.) B_SPLINE_SURFACE_WITH_KNOTS((7,7),(11,11),
  (1.570796326795,7.853981633974),(0.,6.289200474175),
.PIECEWISE_BEZIER_KNOTS.) GEOMETRIC_REPRESENTATION_ITEM() 
RATIONAL_B_SPLINE_SURFACE((
    (1.669078461068,1.669078461068,1.669078461068,1.669078461069
      ,1.669078461068,1.669078461069,1.669078461068,1.669078461069
      ,1.669078461068,1.669078461068,1.669078461068)
    ,(1.03672962321,1.03672962321,1.03672962321,1.03672962321
      ,1.036729623209,1.03672962321,1.036729623209,1.03672962321
      ,1.03672962321,1.03672962321,1.03672962321)
    ,(1.038346699848,1.038346699848,1.038346699847,1.038346699848
      ,1.038346699847,1.038346699848,1.038346699847,1.038346699848
      ,1.038346699847,1.038346699848,1.038346699848)
    ,(0.853534330196,0.853534330196,0.853534330196,0.853534330196
      ,0.853534330196,0.853534330196,0.853534330196,0.853534330196
      ,0.853534330196,0.853534330196,0.853534330196)
    ,(1.038346699848,1.038346699848,1.038346699847,1.038346699848
      ,1.038346699847,1.038346699848,1.038346699847,1.038346699848
      ,1.038346699847,1.038346699848,1.038346699848)
    ,(1.03672962321,1.03672962321,1.03672962321,1.03672962321
      ,1.036729623209,1.03672962321,1.036729623209,1.03672962321
      ,1.03672962321,1.03672962321,1.03672962321)
    ,(1.669078461068,1.669078461068,1.669078461068,1.669078461069
      ,1.669078461068,1.669078461069,1.669078461068,1.669078461069
      ,1.669078461068,1.669078461068,1.669078461068
))) REPRESENTATION_ITEM('') SURFACE() );
#1456 = CARTESIAN_POINT('',(1.75319822266,0.742493111904,2.449249695631)
  );
#1457 = CARTESIAN_POINT('',(1.286676019803,1.844060051074,2.559249696067
    ));
#1458 = CARTESIAN_POINT('',(5.090538262539E-02,2.620888989885,
    2.669249693387));
#1459 = CARTESIAN_POINT('',(-1.696719416013,2.460213783517,
    2.779249703352));
#1460 = CARTESIAN_POINT('',(-3.163239424085,1.027338547187,
    2.889249679331));
#1461 = CARTESIAN_POINT('',(-3.244504390231,-1.374072560376,
    2.999249719077));
#1462 = CARTESIAN_POINT('',(-1.463262932392,-2.986698932069,
    3.109249672617));
#1463 = CARTESIAN_POINT('',(0.586285603266,-2.930490807736,
    3.219249711362));
#1464 = CARTESIAN_POINT('',(1.917744691802,-1.78715048521,3.329249688563
    ));
#1465 = CARTESIAN_POINT('',(2.219720319874,-0.359073832887,
    3.439249697596));
#1466 = CARTESIAN_POINT('',(1.753198228954,0.742493111535,3.549249695486
    ));
#1467 = CARTESIAN_POINT('',(0.922434314445,0.746053561351,2.449249695631
    ));
#1468 = CARTESIAN_POINT('',(0.453675015055,1.325636142384,2.559249696257
    ));
#1469 = CARTESIAN_POINT('',(-0.419999069084,1.578499470885,2.66924969265
    ));
#1470 = CARTESIAN_POINT('',(-1.439100461303,1.181876780224,
    2.779249704969));
#1471 = CARTESIAN_POINT('',(-2.071166462387,7.160234608489E-02,
    2.889249676953));
#1472 = CARTESIAN_POINT('',(-1.707076205797,-1.380661599026,
    2.999249721571));
#1473 = CARTESIAN_POINT('',(-0.363038138167,-2.040358378708,
    3.109249670708));
#1474 = CARTESIAN_POINT('',(0.854852167913,-1.654408906159,
    3.219249712444));
#1475 = CARTESIAN_POINT('',(1.455792223993,-0.740762971186,
    3.329249688125));
#1476 = CARTESIAN_POINT('',(1.391193507818,0.166470974678,3.439249697703
    ));
#1477 = CARTESIAN_POINT('',(0.922434320738,0.746053560982,3.549249695485
    ));
#1478 = CARTESIAN_POINT('',(0.803150756082,0.746564781296,3.476523790904
    ));
#1479 = CARTESIAN_POINT('',(0.334070247752,1.251199292202,3.586523791322
    ));
#1480 = CARTESIAN_POINT('',(-0.487612934164,1.428830076512,
    3.696523788752));
#1481 = CARTESIAN_POINT('',(-1.402110763408,0.998329342661,
    3.806523798327));
#1482 = CARTESIAN_POINT('',(-1.914363371931,-6.562510655476E-02,
    3.916523775285));
#1483 = CARTESIAN_POINT('',(-1.486327683237,-1.381607672908,
    4.026523813362));
#1484 = CARTESIAN_POINT('',(-0.205064583478,-1.904479981057,
    4.136523768838));
#1485 = CARTESIAN_POINT('',(0.893413756518,-1.471185262897,
    4.246523806027));
#1486 = CARTESIAN_POINT('',(1.389463711278,-0.590519532737,
    4.356523784094));
#1487 = CARTESIAN_POINT('',(1.272231158496,0.241930264739,4.466523792812
    ));
#1488 = CARTESIAN_POINT('',(0.803150762375,0.746564780927,4.576523790758
    ));
#1489 = CARTESIAN_POINT('',(1.753198222656,0.742493111904,4.323808156138
    ));
#1490 = CARTESIAN_POINT('',(1.2866760196,1.844060051075,4.433808156657)
  );
#1491 = CARTESIAN_POINT('',(5.090538342029E-02,2.620888989878,
    4.543808153627));
#1492 = CARTESIAN_POINT('',(-1.696719417825,2.460213783526,4.65380816437
    ));
#1493 = CARTESIAN_POINT('',(-3.163239421146,1.02733854717,4.763808139216
    ));
#1494 = CARTESIAN_POINT('',(-3.244504393779,-1.374072560361,
    4.873808180062));
#1495 = CARTESIAN_POINT('',(-1.463262929192,-2.986698932075,
    4.983808132921));
#1496 = CARTESIAN_POINT('',(0.586285601164,-2.930490807731,
    5.093808171864));
#1497 = CARTESIAN_POINT('',(1.917744692749,-1.787150485208,
    5.203808149121));
#1498 = CARTESIAN_POINT('',(2.219720319627,-0.359073832887,
    5.313808158085));
#1499 = CARTESIAN_POINT('',(1.753198228948,0.742493111535,5.423808155991
    ));
#1500 = CARTESIAN_POINT('',(2.703245689236,0.738421442512,3.476523790907
    ));
#1501 = CARTESIAN_POINT('',(2.239281791575,2.436920809942,3.586523791402
    ));
#1502 = CARTESIAN_POINT('',(0.589423700552,3.812947903271,3.696523788473
    ));
#1503 = CARTESIAN_POINT('',(-1.991328071316,3.922098224337,
    3.806523798901));
#1504 = CARTESIAN_POINT('',(-4.412115471762,2.120302200982,
    3.916523774491));
#1505 = CARTESIAN_POINT('',(-5.002681102635,-1.366537447906,
    4.026523814155));
#1506 = CARTESIAN_POINT('',(-2.721461276486,-4.068917883028,
    4.136523768249));
#1507 = CARTESIAN_POINT('',(0.27915744691,-4.3897963526,4.246523806369)
  );
#1508 = CARTESIAN_POINT('',(2.446025673698,-2.98378143767,4.356523783955
    ));
#1509 = CARTESIAN_POINT('',(3.167209480907,-0.960077930515,
    4.466523792847));
#1510 = CARTESIAN_POINT('',(2.703245695528,0.738421442143,4.576523790762
    ));
#1511 = CARTESIAN_POINT('',(2.583962130877,0.738932662457,2.449249695632
    ));
#1512 = CARTESIAN_POINT('',(2.119677024079,2.362483959768,2.559249696047
    ));
#1513 = CARTESIAN_POINT('',(0.521809836239,3.663278508871,2.669249693544
    ));
#1514 = CARTESIAN_POINT('',(-1.954338375114,3.738550786838,
    2.779249702872));
#1515 = CARTESIAN_POINT('',(-4.255312378726,1.983074748253,2.88924968029
    ));
#1516 = CARTESIAN_POINT('',(-4.781932582992,-1.367483521689,
    2.999249717795));
#1517 = CARTESIAN_POINT('',(-2.563487719219,-3.933039485457,
    3.109249673828));
#1518 = CARTESIAN_POINT('',(0.317719033766,-4.206572709296,
    3.219249710568));
#1519 = CARTESIAN_POINT('',(2.379697161818,-2.833537999242,
    3.329249688918));
#1520 = CARTESIAN_POINT('',(3.048247131354,-0.884618640451,
    3.439249697509));
#1521 = CARTESIAN_POINT('',(2.58396213717,0.738932662088,3.549249695487)
  );
#1522 = CARTESIAN_POINT('',(1.75319822266,0.742493111904,2.449249695631)
  );
#1523 = CARTESIAN_POINT('',(1.286676019803,1.844060051074,2.559249696067
    ));
#1524 = CARTESIAN_POINT('',(5.090538262539E-02,2.620888989885,
    2.669249693387));
#1525 = CARTESIAN_POINT('',(-1.696719416013,2.460213783517,
    2.779249703352));
#1526 = CARTESIAN_POINT('',(-3.163239424085,1.027338547187,
    2.889249679331));
#1527 = CARTESIAN_POINT('',(-3.244504390231,-1.374072560376,
    2.999249719077));
#1528 = CARTESIAN_POINT('',(-1.463262932392,-2.986698932069,
    3.109249672617));
#1529 = CARTESIAN_POINT('',(0.586285603266,-2.930490807736,
    3.219249711362));
#1530 = CARTESIAN_POINT('',(1.917744691802,-1.78715048521,3.329249688563
    ));
#1531 = CARTESIAN_POINT('',(2.219720319874,-0.359073832887,
    3.439249697596));
#1532 = CARTESIAN_POINT('',(1.753198228954,0.742493111535,3.549249695486
    ));
#1533 = DEFINITIONAL_REPRESENTATION('',(#1534),#1538);
#1534 = LINE('',#1535,#1536);
#1535 = CARTESIAN_POINT('',(0.,0.));
#1536 = VECTOR('',#1537,1.);
#1537 = DIRECTION('',(1.,0.));
#1538 = ( GEOMETRIC_REPRESENTATION_CONTEXT(2) 
PARAMETRIC_REPRESENTATION_CONTEXT() REPRESENTATION_CONTEXT('2D SPACE',''
  ) );
#1539 = ORIENTED_EDGE('',*,*,#1406,.F.);
#1540 = ORIENTED_EDGE('',*,*,#1290,.T.);
#1541 = ADVANCED_FACE('',(#1542),#1455,.T.);
#1542 = FACE_BOUND('',#1543,.T.);
#1543 = EDGE_LOOP('',(#1544,#1575,#1664,#1665));
#1544 = ORIENTED_EDGE('',*,*,#1545,.T.);
#1545 = EDGE_CURVE('',#1407,#1546,#1548,.T.);
#1546 = VERTEX_POINT('',#1547);
#1547 = CARTESIAN_POINT('',(1.753198228954,0.742493111535,3.549249695486
    ));
#1548 = SEAM_CURVE('',#1549,(#1561,#1568),.PCURVE_S1.);
#1549 = ( BOUNDED_CURVE() B_SPLINE_CURVE(10,(#1550,#1551,#1552,#1553,
    #1554,#1555,#1556,#1557,#1558,#1559,#1560),.UNSPECIFIED.,.F.,.F.) 
B_SPLINE_CURVE_WITH_KNOTS((11,11),(0.,6.289200474175),
.PIECEWISE_BEZIER_KNOTS.) CURVE() GEOMETRIC_REPRESENTATION_ITEM() 
RATIONAL_B_SPLINE_CURVE((1.669078461068,1.669078461068,1.669078461068,
    1.669078461069,1.669078461068,1.669078461069,1.669078461068,
    1.669078461069,1.669078461068,1.669078461068,1.669078461068)) 
REPRESENTATION_ITEM('') );
#1550 = CARTESIAN_POINT('',(1.75319822266,0.742493111904,2.449249695631)
  );
#1551 = CARTESIAN_POINT('',(1.286676019803,1.844060051074,2.559249696067
    ));
#1552 = CARTESIAN_POINT('',(5.090538262539E-02,2.620888989885,
    2.669249693387));
#1553 = CARTESIAN_POINT('',(-1.696719416013,2.460213783517,
    2.779249703352));
#1554 = CARTESIAN_POINT('',(-3.163239424085,1.027338547187,
    2.889249679331));
#1555 = CARTESIAN_POINT('',(-3.244504390231,-1.374072560376,
    2.999249719077));
#1556 = CARTESIAN_POINT('',(-1.463262932392,-2.986698932069,
    3.109249672617));
#1557 = CARTESIAN_POINT('',(0.586285603266,-2.930490807736,
    3.219249711362));
#1558 = CARTESIAN_POINT('',(1.917744691802,-1.78715048521,3.329249688563
    ));
#1559 = CARTESIAN_POINT('',(2.219720319874,-0.359073832887,
    3.439249697596));
#1560 = CARTESIAN_POINT('',(1.753198228954,0.742493111535,3.549249695486
    ));
#1561 = PCURVE('',#1455,#1562);
#1562 = DEFINITIONAL_REPRESENTATION('',(#1563),#1567);
#1563 = LINE('',#1564,#1565);
#1564 = CARTESIAN_POINT('',(7.853981633974,0.));
#1565 = VECTOR('',#1566,1.);
#1566 = DIRECTION('',(0.,1.));
#1567 = ( GEOMETRIC_REPRESENTATION_CONTEXT(2) 
PARAMETRIC_REPRESENTATION_CONTEXT() REPRESENTATION_CONTEXT('2D SPACE',''
  ) );
#1568 = PCURVE('',#1455,#1569);
#1569 = DEFINITIONAL_REPRESENTATION('',(#1570),#1574);
#1570 = LINE('',#1571,#1572);
#1571 = CARTESIAN_POINT('',(1.570796326795,0.));
#1572 = VECTOR('',#1573,1.);
#1573 = DIRECTION('',(0.,1.));
#1574 = ( GEOMETRIC_REPRESENTATION_CONTEXT(2) 
PARAMETRIC_REPRESENTATION_CONTEXT() REPRESENTATION_CONTEXT('2D SPACE',''
  ) );
#1575 = ORIENTED_EDGE('',*,*,#1576,.F.);
#1576 = EDGE_CURVE('',#1546,#1546,#1577,.T.);
#1577 = SURFACE_CURVE('',#1578,(#1586,#1593),.PCURVE_S1.);
#1578 = ( BOUNDED_CURVE() B_SPLINE_CURVE(6,(#1579,#1580,#1581,#1582,
#1583,#1584,#1585),.UNSPECIFIED.,.T.,.F.) B_SPLINE_CURVE_WITH_KNOTS((7,7
),(1.570796326795,7.853981633974),.PIECEWISE_BEZIER_KNOTS.) CURVE() 
GEOMETRIC_REPRESENTATION_ITEM() RATIONAL_B_SPLINE_CURVE((1.669078461068,
    1.03672962321,1.038346699848,0.853534330196,1.038346699848,
1.03672962321,1.669078461068)) REPRESENTATION_ITEM('') );
#1579 = CARTESIAN_POINT('',(1.753198228954,0.742493111535,3.549249695486
    ));
#1580 = CARTESIAN_POINT('',(0.922434320738,0.746053560982,3.549249695485
    ));
#1581 = CARTESIAN_POINT('',(0.803150762375,0.746564780927,4.576523790758
    ));
#1582 = CARTESIAN_POINT('',(1.753198228948,0.742493111535,5.423808155991
    ));
#1583 = CARTESIAN_POINT('',(2.703245695528,0.738421442143,4.576523790762
    ));
#1584 = CARTESIAN_POINT('',(2.58396213717,0.738932662088,3.549249695487)
  );
#1585 = CARTESIAN_POINT('',(1.753198228954,0.742493111535,3.549249695486
    ));
#1586 = PCURVE('',#1455,#1587);
#1587 = DEFINITIONAL_REPRESENTATION('',(#1588),#1592);
#1588 = LINE('',#1589,#1590);
#1589 = CARTESIAN_POINT('',(0.,6.289200474175));
#1590 = VECTOR('',#1591,1.);
#1591 = DIRECTION('',(1.,0.));
#1592 = ( GEOMETRIC_REPRESENTATION_CONTEXT(2) 
PARAMETRIC_REPRESENTATION_CONTEXT() REPRESENTATION_CONTEXT('2D SPACE',''
  ) );
#1593 = PCURVE('',#1594,#1658);
#1594 = ( BOUNDED_SURFACE() B_SPLINE_SURFACE(6,8,(
    (#1595,#1596,#1597,#1598,#1599,#1600,#1601,#1602,#1603)
    ,(#1604,#1605,#1606,#1607,#1608,#1609,#1610,#1611,#1612)
    ,(#1613,#1614,#1615,#1616,#1617,#1618,#1619,#1620,#1621)
    ,(#1622,#1623,#1624,#1625,#1626,#1627,#1628,#1629,#1630)
    ,(#1631,#1632,#1633,#1634,#1635,#1636,#1637,#1638,#1639)
    ,(#1640,#1641,#1642,#1643,#1644,#1645,#1646,#1647,#1648)
    ,(#1649,#1650,#1651,#1652,#1653,#1654,#1655,#1656,#1657
)),.UNSPECIFIED.,.T.,.F.,.F.) B_SPLINE_SURFACE_WITH_KNOTS((7,7),(9,9),(
    1.570796326795,7.853981633974),(0.,4.002218483566),
.PIECEWISE_BEZIER_KNOTS.) GEOMETRIC_REPRESENTATION_ITEM() 
RATIONAL_B_SPLINE_SURFACE((
    (1.669078461068,1.669078461068,1.669078461068,1.669078461068
      ,1.669078461068,1.669078461068,1.669078461068,1.669078461068
      ,1.669078461068)
    ,(1.03672962321,1.03672962321,1.03672962321,1.03672962321
      ,1.03672962321,1.03672962321,1.03672962321,1.03672962321
      ,1.03672962321)
    ,(1.038346699848,1.038346699848,1.038346699848,1.038346699848
      ,1.038346699848,1.038346699848,1.038346699848,1.038346699848
      ,1.038346699848)
    ,(0.853534330196,0.853534330196,0.853534330196,0.853534330196
      ,0.853534330196,0.853534330196,0.853534330196,0.853534330196
      ,0.853534330196)
    ,(1.038346699848,1.038346699848,1.038346699847,1.038346699848
      ,1.038346699847,1.038346699848,1.038346699848,1.038346699848
      ,1.038346699848)
    ,(1.03672962321,1.03672962321,1.03672962321,1.03672962321
      ,1.03672962321,1.03672962321,1.03672962321,1.03672962321
      ,1.03672962321)
    ,(1.669078461068,1.669078461068,1.669078461068,1.669078461068
      ,1.669078461068,1.669078461068,1.669078461068,1.669078461068
,1.669078461068))) REPRESENTATION_ITEM('') SURFACE() );
#1595 = CARTESIAN_POINT('',(1.753198228954,0.742493111534,3.549249695486
    ));
#1596 = CARTESIAN_POINT('',(1.382100972263,1.618739522093,3.636749697003
    ));
#1597 = CARTESIAN_POINT('',(0.509996014714,2.282613348194,3.724249691726
    ));
#1598 = CARTESIAN_POINT('',(-0.717783310811,2.403632752889,
    3.811749701404));
#1599 = CARTESIAN_POINT('',(-1.909956875515,1.750245876709,
    3.899249690588));
#1600 = CARTESIAN_POINT('',(-2.457018664949,0.505690631559,
    3.986749698019));
#1601 = CARTESIAN_POINT('',(-2.229515436619,-0.706880529801,
    4.074249695164));
#1602 = CARTESIAN_POINT('',(-1.492201652655,-1.517845567551,
    4.161749695579));
#1603 = CARTESIAN_POINT('',(-0.586961823898,-1.811208396326,
    4.249249695569));
#1604 = CARTESIAN_POINT('',(0.922434320738,0.746053560982,3.549249695486
    ));
#1605 = CARTESIAN_POINT('',(0.549557555577,1.207085141162,3.636749697056
    ));
#1606 = CARTESIAN_POINT('',(-8.688816690892E-02,1.454803621442,
    3.72424969154));
#1607 = CARTESIAN_POINT('',(-0.843053178403,1.316251418013,
    3.811749701781));
#1608 = CARTESIAN_POINT('',(-1.444784266871,0.7199979763,3.899249690084)
  );
#1609 = CARTESIAN_POINT('',(-1.558521610862,-0.119444354842,
    3.986749698489));
#1610 = CARTESIAN_POINT('',(-1.213839952131,-0.806595021894,
    4.074249694881));
#1611 = CARTESIAN_POINT('',(-0.632843080699,-1.165580447356,
    4.161749695671));
#1612 = CARTESIAN_POINT('',(-4.023635307567E-02,-1.185690524839,
    4.249249695569));
#1613 = CARTESIAN_POINT('',(0.803150762375,0.746564780927,4.576523790757
    ));
#1614 = CARTESIAN_POINT('',(0.430018490087,1.147978577987,4.664023792308
    ));
#1615 = CARTESIAN_POINT('',(-0.172590576937,1.335944233469,
    4.751523786867));
#1616 = CARTESIAN_POINT('',(-0.861039799439,1.160121964147,4.83902379694
    ));
#1617 = CARTESIAN_POINT('',(-1.377993397064,0.572071912293,
    4.926523785522));
#1618 = CARTESIAN_POINT('',(-1.429512725507,-0.209203100213,
    5.014023793576));
#1619 = CARTESIAN_POINT('',(-1.068006238463,-0.820912325562,
    5.101523790285));
#1620 = CARTESIAN_POINT('',(-0.509453815271,-1.115001171444,
    5.189023790899));
#1621 = CARTESIAN_POINT('',(3.826411975706E-02,-1.095876804246,
    5.276523790841));
#1622 = CARTESIAN_POINT('',(1.753198228951,0.742493111537,5.423808155991
    ));
#1623 = CARTESIAN_POINT('',(1.382100972279,1.618739522075,5.511308157517
    ));
#1624 = CARTESIAN_POINT('',(0.509996014645,2.282613348266,5.598808152191
    ));
#1625 = CARTESIAN_POINT('',(-0.717783310687,2.403632752771,
    5.686308162022));
#1626 = CARTESIAN_POINT('',(-1.90995687564,1.750245876815,5.773808150877
    ));
#1627 = CARTESIAN_POINT('',(-2.457018664885,0.505690631489,
    5.861308158775));
#1628 = CARTESIAN_POINT('',(-2.229515436619,-0.706880529776,
    5.948808155505));
#1629 = CARTESIAN_POINT('',(-1.492201652663,-1.517845567554,
    6.036308156142));
#1630 = CARTESIAN_POINT('',(-0.586961823896,-1.811208396321,
    6.123808156074));
#1631 = CARTESIAN_POINT('',(2.703245695529,0.738421442144,4.576523790761
    ));
#1632 = CARTESIAN_POINT('',(2.334183454442,2.089500466196,4.664023792324
    ));
#1633 = CARTESIAN_POINT('',(1.192582606342,3.229282462946,4.751523786826
    ));
#1634 = CARTESIAN_POINT('',(-0.574526822138,3.647143541567,
    4.839023797006));
#1635 = CARTESIAN_POINT('',(-2.441920353994,2.92841984122,4.926523785441
    ));
#1636 = CARTESIAN_POINT('',(-3.484524604391,1.220584363202,
    5.014023793658));
#1637 = CARTESIAN_POINT('',(-3.391024634762,-0.592848733931,
    5.101523790242));
#1638 = CARTESIAN_POINT('',(-2.474949490042,-1.920689963702,
    5.189023790917));
#1639 = CARTESIAN_POINT('',(-1.212187767552,-2.526539988399,
    5.276523790842));
#1640 = CARTESIAN_POINT('',(2.58396213717,0.738932662088,3.549249695488)
  );
#1641 = CARTESIAN_POINT('',(2.214644388932,2.030393903106,3.636749697056
    ));
#1642 = CARTESIAN_POINT('',(1.106880196349,3.110423074699,3.724249691526
    ));
#1643 = CARTESIAN_POINT('',(-0.592513443225,3.49101408826,3.811749701823
    ));
#1644 = CARTESIAN_POINT('',(-2.37512948414,2.78049377645,3.899249690017)
  );
#1645 = CARTESIAN_POINT('',(-3.355515719085,1.130825618575,
    3.986749698543));
#1646 = CARTESIAN_POINT('',(-3.245190921058,-0.607166038076,
    4.07424969486));
#1647 = CARTESIAN_POINT('',(-2.351560224633,-1.870110687635,
    4.161749695675));
#1648 = CARTESIAN_POINT('',(-1.133687294722,-2.43672626781,
    4.249249695571));
#1649 = CARTESIAN_POINT('',(1.753198228954,0.742493111534,3.549249695486
    ));
#1650 = CARTESIAN_POINT('',(1.382100972263,1.618739522093,3.636749697003
    ));
#1651 = CARTESIAN_POINT('',(0.509996014714,2.282613348194,3.724249691726
    ));
#1652 = CARTESIAN_POINT('',(-0.717783310811,2.403632752889,
    3.811749701404));
#1653 = CARTESIAN_POINT('',(-1.909956875515,1.750245876709,
    3.899249690588));
#1654 = CARTESIAN_POINT('',(-2.457018664949,0.505690631559,
    3.986749698019));
#1655 = CARTESIAN_POINT('',(-2.229515436619,-0.706880529801,
    4.074249695164));
#1656 = CARTESIAN_POINT('',(-1.492201652655,-1.517845567551,
    4.161749695579));
#1657 = CARTESIAN_POINT('',(-0.586961823898,-1.811208396326,
    4.249249695569));
#1658 = DEFINITIONAL_REPRESENTATION('',(#1659),#1663);
#1659 = LINE('',#1660,#1661);
#1660 = CARTESIAN_POINT('',(0.,0.));
#1661 = VECTOR('',#1662,1.);
#1662 = DIRECTION('',(1.,0.));
#1663 = ( GEOMETRIC_REPRESENTATION_CONTEXT(2) 
PARAMETRIC_REPRESENTATION_CONTEXT() REPRESENTATION_CONTEXT('2D SPACE',''
  ) );
#1664 = ORIENTED_EDGE('',*,*,#1545,.F.);
#1665 = ORIENTED_EDGE('',*,*,#1437,.T.);
#1666 = ADVANCED_FACE('',(#1667),#1594,.T.);
#1667 = FACE_BOUND('',#1668,.T.);
#1668 = EDGE_LOOP('',(#1669,#1698,#1732,#1733));
#1669 = ORIENTED_EDGE('',*,*,#1670,.T.);
#1670 = EDGE_CURVE('',#1546,#1671,#1673,.T.);
#1671 = VERTEX_POINT('',#1672);
#1672 = CARTESIAN_POINT('',(-0.586961823898,-1.811208396326,
    4.249249695569));
#1673 = SEAM_CURVE('',#1674,(#1684,#1691),.PCURVE_S1.);
#1674 = ( BOUNDED_CURVE() B_SPLINE_CURVE(8,(#1675,#1676,#1677,#1678,
    #1679,#1680,#1681,#1682,#1683),.UNSPECIFIED.,.F.,.F.) 
B_SPLINE_CURVE_WITH_KNOTS((9,9),(0.,4.002218483566),
.PIECEWISE_BEZIER_KNOTS.) CURVE() GEOMETRIC_REPRESENTATION_ITEM() 
RATIONAL_B_SPLINE_CURVE((1.669078461068,1.669078461068,1.669078461068,
    1.669078461068,1.669078461068,1.669078461068,1.669078461068,
1.669078461068,1.669078461068)) REPRESENTATION_ITEM('') );
#1675 = CARTESIAN_POINT('',(1.753198228954,0.742493111534,3.549249695486
    ));
#1676 = CARTESIAN_POINT('',(1.382100972263,1.618739522093,3.636749697003
    ));
#1677 = CARTESIAN_POINT('',(0.509996014714,2.282613348194,3.724249691726
    ));
#1678 = CARTESIAN_POINT('',(-0.717783310811,2.403632752889,
    3.811749701404));
#1679 = CARTESIAN_POINT('',(-1.909956875515,1.750245876709,
    3.899249690588));
#1680 = CARTESIAN_POINT('',(-2.457018664949,0.505690631559,
    3.986749698019));
#1681 = CARTESIAN_POINT('',(-2.229515436619,-0.706880529801,
    4.074249695164));
#1682 = CARTESIAN_POINT('',(-1.492201652655,-1.517845567551,
    4.161749695579));
#1683 = CARTESIAN_POINT('',(-0.586961823898,-1.811208396326,
    4.249249695569));
#1684 = PCURVE('',#1594,#1685);
#1685 = DEFINITIONAL_REPRESENTATION('',(#1686),#1690);
#1686 = LINE('',#1687,#1688);
#1687 = CARTESIAN_POINT('',(7.853981633974,0.));
#1688 = VECTOR('',#1689,1.);
#1689 = DIRECTION('',(0.,1.));
#1690 = ( GEOMETRIC_REPRESENTATION_CONTEXT(2) 
PARAMETRIC_REPRESENTATION_CONTEXT() REPRESENTATION_CONTEXT('2D SPACE',''
  ) );
#1691 = PCURVE('',#1594,#1692);
#1692 = DEFINITIONAL_REPRESENTATION('',(#1693),#1697);
#1693 = LINE('',#1694,#1695);
#1694 = CARTESIAN_POINT('',(1.570796326795,0.));
#1695 = VECTOR('',#1696,1.);
#1696 = DIRECTION('',(0.,1.));
#1697 = ( GEOMETRIC_REPRESENTATION_CONTEXT(2) 
PARAMETRIC_REPRESENTATION_CONTEXT() REPRESENTATION_CONTEXT('2D SPACE',''
  ) );
#1698 = ORIENTED_EDGE('',*,*,#1699,.F.);
#1699 = EDGE_CURVE('',#1671,#1671,#1700,.T.);
#1700 = SURFACE_CURVE('',#1701,(#1709,#1716),.PCURVE_S1.);
#1701 = ( BOUNDED_CURVE() B_SPLINE_CURVE(6,(#1702,#1703,#1704,#1705,
#1706,#1707,#1708),.UNSPECIFIED.,.T.,.F.) B_SPLINE_CURVE_WITH_KNOTS((7,7
),(1.570796326795,7.853981633974),.PIECEWISE_BEZIER_KNOTS.) CURVE() 
GEOMETRIC_REPRESENTATION_ITEM() RATIONAL_B_SPLINE_CURVE((1.669078461068,
    1.03672962321,1.038346699848,0.853534330196,1.038346699848,
1.03672962321,1.669078461068)) REPRESENTATION_ITEM('') );
#1702 = CARTESIAN_POINT('',(-0.586961823898,-1.811208396326,
    4.249249695569));
#1703 = CARTESIAN_POINT('',(-4.023635307567E-02,-1.185690524839,
    4.249249695569));
#1704 = CARTESIAN_POINT('',(3.826411975706E-02,-1.095876804246,
    5.276523790841));
#1705 = CARTESIAN_POINT('',(-0.586961823896,-1.811208396321,
    6.123808156074));
#1706 = CARTESIAN_POINT('',(-1.212187767552,-2.526539988399,
    5.276523790842));
#1707 = CARTESIAN_POINT('',(-1.133687294722,-2.43672626781,
    4.249249695571));
#1708 = CARTESIAN_POINT('',(-0.586961823898,-1.811208396326,
    4.249249695569));
#1709 = PCURVE('',#1594,#1710);
#1710 = DEFINITIONAL_REPRESENTATION('',(#1711),#1715);
#1711 = LINE('',#1712,#1713);
#1712 = CARTESIAN_POINT('',(0.,4.002218483566));
#1713 = VECTOR('',#1714,1.);
#1714 = DIRECTION('',(1.,0.));
#1715 = ( GEOMETRIC_REPRESENTATION_CONTEXT(2) 
PARAMETRIC_REPRESENTATION_CONTEXT() REPRESENTATION_CONTEXT('2D SPACE',''
  ) );
#1716 = PCURVE('',#1717,#1722);
#1717 = PLANE('',#1718);
#1718 = AXIS2_PLACEMENT_3D('',#1719,#1720,#1721);
#1719 = CARTESIAN_POINT('',(-0.586961823898,-1.811208396324,
    4.749249695568));
#1720 = DIRECTION('',(0.752936087764,-0.658093646636,-9.804526981997E-14
    ));
#1721 = DIRECTION('',(-0.658093646636,-0.752936087764,1.490435224274E-12
    ));
#1722 = DEFINITIONAL_REPRESENTATION('',(#1723),#1731);
#1723 = ( BOUNDED_CURVE() B_SPLINE_CURVE(6,(#1724,#1725,#1726,#1727,
#1728,#1729,#1730),.UNSPECIFIED.,.T.,.F.) B_SPLINE_CURVE_WITH_KNOTS((7,7
),(1.570796326795,7.853981633974),.PIECEWISE_BEZIER_KNOTS.) CURVE() 
GEOMETRIC_REPRESENTATION_ITEM() RATIONAL_B_SPLINE_CURVE((1.669078461068,
    1.03672962321,1.038346699848,0.853534330196,1.038346699848,
1.03672962321,1.669078461068)) REPRESENTATION_ITEM('') );
#1724 = CARTESIAN_POINT('',(1.426858631248E-12,0.499999999999));
#1725 = CARTESIAN_POINT('',(-0.830771537785,0.499999999998));
#1726 = CARTESIAN_POINT('',(-0.950056191623,-0.527274095274));
#1727 = CARTESIAN_POINT('',(-9.987566329528E-13,-1.374558460506));
#1728 = CARTESIAN_POINT('',(0.950056191623,-0.527274095273));
#1729 = CARTESIAN_POINT('',(0.830771537786,0.499999999999));
#1730 = CARTESIAN_POINT('',(1.426858631248E-12,0.499999999999));
#1731 = ( GEOMETRIC_REPRESENTATION_CONTEXT(2) 
PARAMETRIC_REPRESENTATION_CONTEXT() REPRESENTATION_CONTEXT('2D SPACE',''
  ) );
#1732 = ORIENTED_EDGE('',*,*,#1670,.F.);
#1733 = ORIENTED_EDGE('',*,*,#1576,.T.);
#1734 = ADVANCED_FACE('',(#1735),#1717,.T.);
#1735 = FACE_BOUND('',#1736,.T.);
#1736 = EDGE_LOOP('',(#1737));
#1737 = ORIENTED_EDGE('',*,*,#1699,.T.);
#1738 = ( GEOMETRIC_REPRESENTATION_CONTEXT(3) 
GLOBAL_UNCERTAINTY_ASSIGNED_CONTEXT((#1742)) 
GLOBAL_UNIT_ASSIGNED_CONTEXT((#1739,#1740,#1741)) REPRESENTATION_CONTEXT
('Context #1','3D Context with UNIT and UNCERTAINTY') );
#1739 = ( LENGTH_UNIT() NAMED_UNIT(*) SI_UNIT(.MILLI.,.METRE.) );
#1740 = ( NAMED_UNIT(*) PLANE_ANGLE_UNIT() SI_UNIT($,.RADIAN.) );
#1741 = ( NAMED_UNIT(*) SI_UNIT($,.STERADIAN.) SOLID_ANGLE_UNIT() );
#1742 = UNCERTAINTY_MEASURE_WITH_UNIT(LENGTH_MEASURE(1.E-04),#1739,
  'distance_accuracy_value','confusion accuracy');
#1743 = PRODUCT_RELATED_PRODUCT_CATEGORY('part',$,(#7));
#1744 = MECHANICAL_DESIGN_GEOMETRIC_PRESENTATION_REPRESENTATION('',(
    #1745),#1738);
#1745 = STYLED_ITEM('color',(#1746),#15);
#1746 = PRESENTATION_STYLE_ASSIGNMENT((#1747,#1753));
#1747 = SURFACE_STYLE_USAGE(.BOTH.,#1748);
#1748 = SURFACE_SIDE_STYLE('',(#1749));
#1749 = SURFACE_STYLE_FILL_AREA(#1750);
#1750 = FILL_AREA_STYLE('',(#1751));
#1751 = FILL_AREA_STYLE_COLOUR('',#1752);
#1752 = COLOUR_RGB('',0.678431390124,0.709803936702,0.741176476869);
#1753 = CURVE_STYLE('',#1754,POSITIVE_LENGTH_MEASURE(0.1),#1755);
#1754 = DRAUGHTING_PRE_DEFINED_CURVE_FONT('continuous');
#1755 = COLOUR_RGB('',9.803921802644E-02,9.803921802644E-02,
  9.803921802644E-02);
ENDSEC;
END-ISO-10303-21;
