ISO-10303-21;
HEADER;
FILE_DESCRIPTION(('FreeCAD Model'),'2;1');
FILE_NAME('Open CASCADE Shape Model','2026-09-28T08:56:33',(''),(''),
  'Open CASCADE STEP processor 7.8','FreeCAD','Unknown');
FILE_SCHEMA(('AUTOMOTIVE_DESIGN { 1 0 10303 214 1 1 1 1 }'));
ENDSEC;
DATA;
#1 = APPLICATION_PROTOCOL_DEFINITION('international standard',
  'automotive_design',2000,#2);
#2 = APPLICATION_CONTEXT(
  'core data for automotive mechanical design processes');
#3 = SHAPE_DEFINITION_REPRESENTATION(#4,#10);
#4 = PRODUCT_DEFINITION_SHAPE('','',#5);
#5 = PRODUCT_DEFINITION('design','',#6,#9);
#6 = PRODUCT_DEFINITION_FORMATION('','',#7);
#7 = PRODUCT('straight','straight','',(#8));
#8 = PRODUCT_CONTEXT('',#2,'mechanical');
#9 = PRODUCT_DEFINITION_CONTEXT('part definition',#2,'design');
#10 = ADVANCED_BREP_SHAPE_REPRESENTATION('',(#11,#15),#1808);
#11 = AXIS2_PLACEMENT_3D('',#12,#13,#14);
#12 = CARTESIAN_POINT('',(0.,0.,0.));
#13 = DIRECTION('',(0.,0.,1.));
#14 = DIRECTION('',(1.,0.,-0.));
#15 = MANIFOLD_SOLID_BREP('',#16);
#16 = CLOSED_SHELL('',(#17,#105,#161,#165,#220,#1141,#1207,#1269,#1449,
    #1456,#1595,#1734,#1804));
#17 = ADVANCED_FACE('',(#18),#32,.T.);
#18 = FACE_BOUND('',#19,.T.);
#19 = EDGE_LOOP('',(#20,#50,#77,#78));
#20 = ORIENTED_EDGE('',*,*,#21,.T.);
#21 = EDGE_CURVE('',#22,#24,#26,.T.);
#22 = VERTEX_POINT('',#23);
#23 = CARTESIAN_POINT('',(0.3,1.861704287071E-13,-7.265756247255E-14));
#24 = VERTEX_POINT('',#25);
#25 = CARTESIAN_POINT('',(0.3,0.,-9.));
#26 = SEAM_CURVE('',#27,(#31,#43),.PCURVE_S1.);
#27 = LINE('',#28,#29);
#28 = CARTESIAN_POINT('',(0.3,0.,0.));
#29 = VECTOR('',#30,1.);
#30 = DIRECTION('',(-0.,-0.,-1.));
#31 = PCURVE('',#32,#37);
#32 = CYLINDRICAL_SURFACE('',#33,0.3);
#33 = AXIS2_PLACEMENT_3D('',#34,#35,#36);
#34 = CARTESIAN_POINT('',(0.,0.,0.));
#35 = DIRECTION('',(0.,0.,1.));
#36 = DIRECTION('',(1.,0.,0.));
#37 = DEFINITIONAL_REPRESENTATION('',(#38),#42);
#38 = LINE('',#39,#40);
#39 = CARTESIAN_POINT('',(0.,0.));
#40 = VECTOR('',#41,1.);
#41 = DIRECTION('',(0.,-1.));
#42 = ( GEOMETRIC_REPRESENTATION_CONTEXT(2) 
PARAMETRIC_REPRESENTATION_CONTEXT() REPRESENTATION_CONTEXT('2D SPACE',''
  ) );
#43 = PCURVE('',#32,#44);
#44 = DEFINITIONAL_REPRESENTATION('',(#45),#49);
#45 = LINE('',#46,#47);
#46 = CARTESIAN_POINT('',(6.28318530718,0.));
#47 = VECTOR('',#48,1.);
#48 = DIRECTION('',(0.,-1.));
#49 = ( GEOMETRIC_REPRESENTATION_CONTEXT(2) 
PARAMETRIC_REPRESENTATION_CONTEXT() REPRESENTATION_CONTEXT('2D SPACE',''
  ) );
#50 = ORIENTED_EDGE('',*,*,#51,.T.);
#51 = EDGE_CURVE('',#24,#24,#52,.T.);
#52 = SURFACE_CURVE('',#53,(#58,#65),.PCURVE_S1.);
#53 = CIRCLE('',#54,0.3);
#54 = AXIS2_PLACEMENT_3D('',#55,#56,#57);
#55 = CARTESIAN_POINT('',(0.,0.,-9.));
#56 = DIRECTION('',(0.,0.,1.));
#57 = DIRECTION('',(1.,0.,0.));
#58 = PCURVE('',#32,#59);
#59 = DEFINITIONAL_REPRESENTATION('',(#60),#64);
#60 = LINE('',#61,#62);
#61 = CARTESIAN_POINT('',(0.,-9.));
#62 = VECTOR('',#63,1.);
#63 = DIRECTION('',(1.,0.));
#64 = ( GEOMETRIC_REPRESENTATION_CONTEXT(2) 
PARAMETRIC_REPRESENTATION_CONTEXT() REPRESENTATION_CONTEXT('2D SPACE',''
  ) );
#65 = PCURVE('',#66,#71);
#66 = PLANE('',#67);
#67 = AXIS2_PLACEMENT_3D('',#68,#69,#70);
#68 = CARTESIAN_POINT('',(-3.561042011821E-17,5.558742067634E-18,-9.));
#69 = DIRECTION('',(0.,0.,1.));
#70 = DIRECTION('',(1.,0.,0.));
#71 = DEFINITIONAL_REPRESENTATION('',(#72),#76);
#72 = CIRCLE('',#73,0.3);
#73 = AXIS2_PLACEMENT_2D('',#74,#75);
#74 = CARTESIAN_POINT('',(3.561042011821E-17,-5.558742067634E-18));
#75 = DIRECTION('',(1.,0.));
#76 = ( GEOMETRIC_REPRESENTATION_CONTEXT(2) 
PARAMETRIC_REPRESENTATION_CONTEXT() REPRESENTATION_CONTEXT('2D SPACE',''
  ) );
#77 = ORIENTED_EDGE('',*,*,#21,.F.);
#78 = ORIENTED_EDGE('',*,*,#79,.F.);
#79 = EDGE_CURVE('',#22,#22,#80,.T.);
#80 = SURFACE_CURVE('',#81,(#86,#93),.PCURVE_S1.);
#81 = CIRCLE('',#82,0.3);
#82 = AXIS2_PLACEMENT_3D('',#83,#84,#85);
#83 = CARTESIAN_POINT('',(0.,0.,0.));
#84 = DIRECTION('',(0.,0.,1.));
#85 = DIRECTION('',(1.,0.,0.));
#86 = PCURVE('',#32,#87);
#87 = DEFINITIONAL_REPRESENTATION('',(#88),#92);
#88 = LINE('',#89,#90);
#89 = CARTESIAN_POINT('',(0.,0.));
#90 = VECTOR('',#91,1.);
#91 = DIRECTION('',(1.,0.));
#92 = ( GEOMETRIC_REPRESENTATION_CONTEXT(2) 
PARAMETRIC_REPRESENTATION_CONTEXT() REPRESENTATION_CONTEXT('2D SPACE',''
  ) );
#93 = PCURVE('',#94,#99);
#94 = TOROIDAL_SURFACE('',#95,0.449999999995,0.3);
#95 = AXIS2_PLACEMENT_3D('',#96,#97,#98);
#96 = CARTESIAN_POINT('',(0.449999999995,-1.089682672767E-28,
    -4.907494479026E-13));
#97 = DIRECTION('',(0.,-1.,2.22044604925E-16));
#98 = DIRECTION('',(1.,5.578546212018E-32,2.512353864172E-16));
#99 = DEFINITIONAL_REPRESENTATION('',(#100),#104);
#100 = LINE('',#101,#102);
#101 = CARTESIAN_POINT('',(3.141592653588,3.141592653591));
#102 = VECTOR('',#103,1.);
#103 = DIRECTION('',(0.,1.));
#104 = ( GEOMETRIC_REPRESENTATION_CONTEXT(2) 
PARAMETRIC_REPRESENTATION_CONTEXT() REPRESENTATION_CONTEXT('2D SPACE',''
  ) );
#105 = ADVANCED_FACE('',(#106),#94,.T.);
#106 = FACE_BOUND('',#107,.T.);
#107 = EDGE_LOOP('',(#108,#132,#133,#134));
#108 = ORIENTED_EDGE('',*,*,#109,.T.);
#109 = EDGE_CURVE('',#110,#22,#112,.T.);
#110 = VERTEX_POINT('',#111);
#111 = CARTESIAN_POINT('',(0.449999999995,3.330669073746E-17,
    0.149999999994));
#112 = SEAM_CURVE('',#113,(#118,#125),.PCURVE_S1.);
#113 = CIRCLE('',#114,0.149999999995);
#114 = AXIS2_PLACEMENT_3D('',#115,#116,#117);
#115 = CARTESIAN_POINT('',(0.449999999995,3.271681904136E-13,
    -4.907494479026E-13));
#116 = DIRECTION('',(0.,-1.,2.22044604925E-16));
#117 = DIRECTION('',(1.,5.578546212018E-32,2.512353864172E-16));
#118 = PCURVE('',#94,#119);
#119 = DEFINITIONAL_REPRESENTATION('',(#120),#124);
#120 = LINE('',#121,#122);
#121 = CARTESIAN_POINT('',(0.,3.141592653591));
#122 = VECTOR('',#123,1.);
#123 = DIRECTION('',(1.,0.));
#124 = ( GEOMETRIC_REPRESENTATION_CONTEXT(2) 
PARAMETRIC_REPRESENTATION_CONTEXT() REPRESENTATION_CONTEXT('2D SPACE',''
  ) );
#125 = PCURVE('',#94,#126);
#126 = DEFINITIONAL_REPRESENTATION('',(#127),#131);
#127 = LINE('',#128,#129);
#128 = CARTESIAN_POINT('',(0.,9.42477796077));
#129 = VECTOR('',#130,1.);
#130 = DIRECTION('',(1.,0.));
#131 = ( GEOMETRIC_REPRESENTATION_CONTEXT(2) 
PARAMETRIC_REPRESENTATION_CONTEXT() REPRESENTATION_CONTEXT('2D SPACE',''
  ) );
#132 = ORIENTED_EDGE('',*,*,#79,.T.);
#133 = ORIENTED_EDGE('',*,*,#109,.F.);
#134 = ORIENTED_EDGE('',*,*,#135,.T.);
#135 = EDGE_CURVE('',#110,#110,#136,.T.);
#136 = SURFACE_CURVE('',#137,(#142,#149),.PCURVE_S1.);
#137 = CIRCLE('',#138,0.3);
#138 = AXIS2_PLACEMENT_3D('',#139,#140,#141);
#139 = CARTESIAN_POINT('',(0.449999999994,9.992007221494E-17,
    0.449999999994));
#140 = DIRECTION('',(-1.,0.,0.));
#141 = DIRECTION('',(-0.,-2.22044604925E-16,-1.));
#142 = PCURVE('',#94,#143);
#143 = DEFINITIONAL_REPRESENTATION('',(#144),#148);
#144 = LINE('',#145,#146);
#145 = CARTESIAN_POINT('',(1.570796326796,9.42477796077));
#146 = VECTOR('',#147,1.);
#147 = DIRECTION('',(-0.,-1.));
#148 = ( GEOMETRIC_REPRESENTATION_CONTEXT(2) 
PARAMETRIC_REPRESENTATION_CONTEXT() REPRESENTATION_CONTEXT('2D SPACE',''
  ) );
#149 = PCURVE('',#150,#155);
#150 = CYLINDRICAL_SURFACE('',#151,0.3);
#151 = AXIS2_PLACEMENT_3D('',#152,#153,#154);
#152 = CARTESIAN_POINT('',(0.449999999994,9.992007221494E-17,
    0.449999999994));
#153 = DIRECTION('',(-1.,0.,0.));
#154 = DIRECTION('',(-0.,-2.22044604925E-16,-1.));
#155 = DEFINITIONAL_REPRESENTATION('',(#156),#160);
#156 = LINE('',#157,#158);
#157 = CARTESIAN_POINT('',(0.,-0.));
#158 = VECTOR('',#159,1.);
#159 = DIRECTION('',(1.,0.));
#160 = ( GEOMETRIC_REPRESENTATION_CONTEXT(2) 
PARAMETRIC_REPRESENTATION_CONTEXT() REPRESENTATION_CONTEXT('2D SPACE',''
  ) );
#161 = ADVANCED_FACE('',(#162),#66,.F.);
#162 = FACE_BOUND('',#163,.F.);
#163 = EDGE_LOOP('',(#164));
#164 = ORIENTED_EDGE('',*,*,#51,.T.);
#165 = ADVANCED_FACE('',(#166),#150,.T.);
#166 = FACE_BOUND('',#167,.T.);
#167 = EDGE_LOOP('',(#168,#191,#192,#193));
#168 = ORIENTED_EDGE('',*,*,#169,.T.);
#169 = EDGE_CURVE('',#170,#110,#172,.T.);
#170 = VERTEX_POINT('',#171);
#171 = CARTESIAN_POINT('',(0.750000000005,1.361094587869E-16,
    0.149999999994));
#172 = SEAM_CURVE('',#173,(#177,#184),.PCURVE_S1.);
#173 = LINE('',#174,#175);
#174 = CARTESIAN_POINT('',(0.449999999994,1.067854986863E-16,
    0.149999999994));
#175 = VECTOR('',#176,1.);
#176 = DIRECTION('',(-1.,0.,0.));
#177 = PCURVE('',#150,#178);
#178 = DEFINITIONAL_REPRESENTATION('',(#179),#183);
#179 = LINE('',#180,#181);
#180 = CARTESIAN_POINT('',(6.28318530718,0.));
#181 = VECTOR('',#182,1.);
#182 = DIRECTION('',(0.,1.));
#183 = ( GEOMETRIC_REPRESENTATION_CONTEXT(2) 
PARAMETRIC_REPRESENTATION_CONTEXT() REPRESENTATION_CONTEXT('2D SPACE',''
  ) );
#184 = PCURVE('',#150,#185);
#185 = DEFINITIONAL_REPRESENTATION('',(#186),#190);
#186 = LINE('',#187,#188);
#187 = CARTESIAN_POINT('',(0.,0.));
#188 = VECTOR('',#189,1.);
#189 = DIRECTION('',(0.,1.));
#190 = ( GEOMETRIC_REPRESENTATION_CONTEXT(2) 
PARAMETRIC_REPRESENTATION_CONTEXT() REPRESENTATION_CONTEXT('2D SPACE',''
  ) );
#191 = ORIENTED_EDGE('',*,*,#135,.F.);
#192 = ORIENTED_EDGE('',*,*,#169,.F.);
#193 = ORIENTED_EDGE('',*,*,#194,.T.);
#194 = EDGE_CURVE('',#170,#170,#195,.T.);
#195 = SURFACE_CURVE('',#196,(#201,#208),.PCURVE_S1.);
#196 = CIRCLE('',#197,0.3);
#197 = AXIS2_PLACEMENT_3D('',#198,#199,#200);
#198 = CARTESIAN_POINT('',(0.750000000008,9.992007221494E-17,
    0.449999999994));
#199 = DIRECTION('',(-1.,0.,0.));
#200 = DIRECTION('',(-0.,-2.22044604925E-16,-1.));
#201 = PCURVE('',#150,#202);
#202 = DEFINITIONAL_REPRESENTATION('',(#203),#207);
#203 = LINE('',#204,#205);
#204 = CARTESIAN_POINT('',(0.,-0.300000000013));
#205 = VECTOR('',#206,1.);
#206 = DIRECTION('',(1.,0.));
#207 = ( GEOMETRIC_REPRESENTATION_CONTEXT(2) 
PARAMETRIC_REPRESENTATION_CONTEXT() REPRESENTATION_CONTEXT('2D SPACE',''
  ) );
#208 = PCURVE('',#209,#214);
#209 = TOROIDAL_SURFACE('',#210,0.45,0.3);
#210 = AXIS2_PLACEMENT_3D('',#211,#212,#213);
#211 = CARTESIAN_POINT('',(0.75000000001,0.45,0.449999999994));
#212 = DIRECTION('',(0.,0.,1.));
#213 = DIRECTION('',(1.,2.467162276942E-16,0.));
#214 = DEFINITIONAL_REPRESENTATION('',(#215),#219);
#215 = LINE('',#216,#217);
#216 = CARTESIAN_POINT('',(4.712388980368,4.712388980385));
#217 = VECTOR('',#218,1.);
#218 = DIRECTION('',(0.,1.));
#219 = ( GEOMETRIC_REPRESENTATION_CONTEXT(2) 
PARAMETRIC_REPRESENTATION_CONTEXT() REPRESENTATION_CONTEXT('2D SPACE',''
  ) );
#220 = ADVANCED_FACE('',(#221),#209,.T.);
#221 = FACE_BOUND('',#222,.T.);
#222 = EDGE_LOOP('',(#223,#224,#248,#294,#458,#685,#796,#978,#1140));
#223 = ORIENTED_EDGE('',*,*,#194,.F.);
#224 = ORIENTED_EDGE('',*,*,#225,.T.);
#225 = EDGE_CURVE('',#170,#226,#228,.T.);
#226 = VERTEX_POINT('',#227);
#227 = CARTESIAN_POINT('',(1.199977531605,0.445503216681,0.149999999994)
  );
#228 = SEAM_CURVE('',#229,(#234,#241),.PCURVE_S1.);
#229 = CIRCLE('',#230,0.45);
#230 = AXIS2_PLACEMENT_3D('',#231,#232,#233);
#231 = CARTESIAN_POINT('',(0.75000000001,0.45,0.149999999994));
#232 = DIRECTION('',(0.,-0.,1.));
#233 = DIRECTION('',(1.,2.467162276942E-16,0.));
#234 = PCURVE('',#209,#235);
#235 = DEFINITIONAL_REPRESENTATION('',(#236),#240);
#236 = LINE('',#237,#238);
#237 = CARTESIAN_POINT('',(0.,10.995574287564));
#238 = VECTOR('',#239,1.);
#239 = DIRECTION('',(1.,0.));
#240 = ( GEOMETRIC_REPRESENTATION_CONTEXT(2) 
PARAMETRIC_REPRESENTATION_CONTEXT() REPRESENTATION_CONTEXT('2D SPACE',''
  ) );
#241 = PCURVE('',#209,#242);
#242 = DEFINITIONAL_REPRESENTATION('',(#243),#247);
#243 = LINE('',#244,#245);
#244 = CARTESIAN_POINT('',(0.,4.712388980385));
#245 = VECTOR('',#246,1.);
#246 = DIRECTION('',(1.,0.));
#247 = ( GEOMETRIC_REPRESENTATION_CONTEXT(2) 
PARAMETRIC_REPRESENTATION_CONTEXT() REPRESENTATION_CONTEXT('2D SPACE',''
  ) );
#248 = ORIENTED_EDGE('',*,*,#249,.T.);
#249 = EDGE_CURVE('',#226,#250,#252,.T.);
#250 = VERTEX_POINT('',#251);
#251 = CARTESIAN_POINT('',(1.499978929984,0.44437820353,0.450000008128)
  );
#252 = SURFACE_CURVE('',#253,(#263,#276),.PCURVE_S1.);
#253 = B_SPLINE_CURVE_WITH_KNOTS('',8,(#254,#255,#256,#257,#258,#259,
    #260,#261,#262),.UNSPECIFIED.,.F.,.F.,(9,9),(0.,1.),
  .PIECEWISE_BEZIER_KNOTS.);
#254 = CARTESIAN_POINT('',(1.199977531605,0.445503216681,0.149999999994)
  );
#255 = CARTESIAN_POINT('',(1.25886416769,0.445282390243,0.149999999994)
  );
#256 = CARTESIAN_POINT('',(1.317805600332,0.445061358317,0.16320959738)
  );
#257 = CARTESIAN_POINT('',(1.373261215178,0.4448533983,0.189673095455));
#258 = CARTESIAN_POINT('',(1.42173983183,0.44467160221,0.228238368936));
#259 = CARTESIAN_POINT('',(1.460305314419,0.444526980634,0.276716792696)
  );
#260 = CARTESIAN_POINT('',(1.486769081267,0.444427740811,0.332172231997)
  );
#261 = CARTESIAN_POINT('',(1.499978931581,0.444378203524,0.391113537972)
  );
#262 = CARTESIAN_POINT('',(1.499978929984,0.44437820353,0.450000008128)
  );
#263 = PCURVE('',#209,#264);
#264 = DEFINITIONAL_REPRESENTATION('',(#265),#275);
#265 = B_SPLINE_CURVE_WITH_KNOTS('',8,(#266,#267,#268,#269,#270,#271,
    #272,#273,#274),.UNSPECIFIED.,.F.,.F.,(9,9),(0.,1.),
  .PIECEWISE_BEZIER_KNOTS.);
#266 = CARTESIAN_POINT('',(6.273192289041,4.712388980385));
#267 = CARTESIAN_POINT('',(6.274009244634,4.908675322297));
#268 = CARTESIAN_POINT('',(6.274582541872,5.105145929066));
#269 = CARTESIAN_POINT('',(6.274990721585,5.301518435336));
#270 = CARTESIAN_POINT('',(6.275286139269,5.497785541913));
#271 = CARTESIAN_POINT('',(6.27549118588,5.694052751389));
#272 = CARTESIAN_POINT('',(6.275623571667,5.890425614023));
#273 = CARTESIAN_POINT('',(6.275689508366,6.08689710044));
#274 = CARTESIAN_POINT('',(6.275689508358,6.283185334293));
#275 = ( GEOMETRIC_REPRESENTATION_CONTEXT(2) 
PARAMETRIC_REPRESENTATION_CONTEXT() REPRESENTATION_CONTEXT('2D SPACE',''
  ) );
#276 = PCURVE('',#277,#282);
#277 = PLANE('',#278);
#278 = AXIS2_PLACEMENT_3D('',#279,#280,#281);
#279 = CARTESIAN_POINT('',(1.201679062458,0.445496835895,0.449552375669)
  );
#280 = DIRECTION('',(3.749999987938E-03,0.999992968725,
    -5.499073418593E-16));
#281 = DIRECTION('',(0.999992968725,-3.749999987938E-03,
    -4.331450359521E-15));
#282 = DEFINITIONAL_REPRESENTATION('',(#283),#293);
#283 = B_SPLINE_CURVE_WITH_KNOTS('',8,(#284,#285,#286,#287,#288,#289,
    #290,#291,#292),.UNSPECIFIED.,.F.,.F.,(9,9),(0.,1.),
  .PIECEWISE_BEZIER_KNOTS.);
#284 = CARTESIAN_POINT('',(-1.701542817341E-03,0.299552375675));
#285 = CARTESIAN_POINT('',(5.718550731902E-02,0.299552375675));
#286 = CARTESIAN_POINT('',(0.116127354397,0.286342778289));
#287 = CARTESIAN_POINT('',(0.17158335917,0.259879280215));
#288 = CARTESIAN_POINT('',(0.22006231669,0.221314006734));
#289 = CARTESIAN_POINT('',(0.258628070445,0.172835582974));
#290 = CARTESIAN_POINT('',(0.285092023369,0.117380143673));
#291 = CARTESIAN_POINT('',(0.298301966566,5.843883769709E-02));
#292 = CARTESIAN_POINT('',(0.298301964969,-4.476324587561E-04));
#293 = ( GEOMETRIC_REPRESENTATION_CONTEXT(2) 
PARAMETRIC_REPRESENTATION_CONTEXT() REPRESENTATION_CONTEXT('2D SPACE',''
  ) );
#294 = ORIENTED_EDGE('',*,*,#295,.T.);
#295 = EDGE_CURVE('',#250,#296,#298,.T.);
#296 = VERTEX_POINT('',#297);
#297 = CARTESIAN_POINT('',(1.277206054756,0.445213607683,0.739889409504)
  );
#298 = SURFACE_CURVE('',#299,(#350,#404),.PCURVE_S1.);
#299 = B_SPLINE_CURVE_WITH_KNOTS('',7,(#300,#301,#302,#303,#304,#305,
    #306,#307,#308,#309,#310,#311,#312,#313,#314,#315,#316,#317,#318,
    #319,#320,#321,#322,#323,#324,#325,#326,#327,#328,#329,#330,#331,
    #332,#333,#334,#335,#336,#337,#338,#339,#340,#341,#342,#343,#344,
    #345,#346,#347,#348,#349),.UNSPECIFIED.,.F.,.F.,(8,6,6,6,6,6,6,6,8),
  (0.,0.227498337701,0.455487467904,0.511490745117,0.54749340404,
    0.667498213896,0.785812593475,0.877818374895,1.),.UNSPECIFIED.);
#300 = CARTESIAN_POINT('',(1.499978929984,0.44437820353,0.450000008128)
  );
#301 = CARTESIAN_POINT('',(1.499978928739,0.444378203535,0.495944907643)
  );
#302 = CARTESIAN_POINT('',(1.491769647617,0.444408988555,0.541900792298)
  );
#303 = CARTESIAN_POINT('',(1.475344589007,0.444470582958,0.586086729907)
  );
#304 = CARTESIAN_POINT('',(1.451188913479,0.444561167378,0.626746658798)
  );
#305 = CARTESIAN_POINT('',(1.420239397912,0.444677228877,0.662303741956)
  );
#306 = CARTESIAN_POINT('',(1.383806208272,0.444813854298,0.69149205002)
  );
#307 = CARTESIAN_POINT('',(1.303019717537,0.445116805768,0.735486500708)
  );
#308 = CARTESIAN_POINT('',(1.258630361894,0.445283267021,0.750272086679)
  );
#309 = CARTESIAN_POINT('',(1.211857795777,0.445458665377,0.756959176456)
  );
#310 = CARTESIAN_POINT('',(1.164492399791,0.44563628686,0.755132528395)
  );
#311 = CARTESIAN_POINT('',(1.118373744678,0.445809233032,0.744863144366)
  );
#312 = CARTESIAN_POINT('',(1.075254870905,0.445970929945,0.726703307985)
  );
#313 = CARTESIAN_POINT('',(1.027146872993,0.446151336205,0.695476965876)
  );
#314 = CARTESIAN_POINT('',(1.017930764587,0.446185896855,0.688901861499)
  );
#315 = CARTESIAN_POINT('',(1.009007604808,0.446219358939,0.68192390167)
  );
#316 = CARTESIAN_POINT('',(1.000398431663,0.446251643565,0.674558816324)
  );
#317 = CARTESIAN_POINT('',(0.992123156998,0.446282676063,0.666823648263)
  );
#318 = CARTESIAN_POINT('',(0.984200566497,0.446312385987,0.658736753159)
  );
#319 = CARTESIAN_POINT('',(0.971793229414,0.446358913828,0.64490553209)
  );
#320 = CARTESIAN_POINT('',(0.967091164534,0.446376546695,0.639356003043)
  );
#321 = CARTESIAN_POINT('',(0.962546793355,0.446393588207,0.633674420467)
  );
#322 = CARTESIAN_POINT('',(0.958164548311,0.446410021741,0.627866169576)
  );
#323 = CARTESIAN_POINT('',(0.953948625949,0.446425831561,0.621936812739)
  );
#324 = CARTESIAN_POINT('',(0.949902986937,0.446441002814,0.615892089482)
  );
#325 = CARTESIAN_POINT('',(0.933126355676,0.446503915623,0.589224699362)
  );
#326 = CARTESIAN_POINT('',(0.92215435701,0.446545060907,0.567495005192)
  );
#327 = CARTESIAN_POINT('',(0.913253372539,0.446578439834,0.54476783235)
  );
#328 = CARTESIAN_POINT('',(0.906529854297,0.446603653204,0.521281159813)
  );
#329 = CARTESIAN_POINT('',(0.902055999883,0.446620430276,0.497285993876)
  );
#330 = CARTESIAN_POINT('',(0.899867931291,0.446628635591,0.473040806636)
  );
#331 = CARTESIAN_POINT('',(0.900059669495,0.446627916568,0.424910756259)
  );
#332 = CARTESIAN_POINT('',(0.902375568504,0.446619231886,0.401024956757)
  );
#333 = CARTESIAN_POINT('',(0.906911296871,0.446602222785,0.377396328714)
  );
#334 = CARTESIAN_POINT('',(0.913630770123,0.446577024583,0.354272285176)
  );
#335 = CARTESIAN_POINT('',(0.92246386778,0.446543900234,0.331893021038)
  );
#336 = CARTESIAN_POINT('',(0.933308148037,0.446503233897,0.310486327869)
  );
#337 = CARTESIAN_POINT('',(0.955925431912,0.446418418486,0.274534901527)
  );
#338 = CARTESIAN_POINT('',(0.966955911085,0.446377053899,0.259522464273)
  );
#339 = CARTESIAN_POINT('',(0.979060795967,0.446331660262,0.24532344891)
  );
#340 = CARTESIAN_POINT('',(0.992167370395,0.446282510262,0.232029549861)
  );
#341 = CARTESIAN_POINT('',(1.006193372186,0.446229912386,0.219724253976)
  );
#342 = CARTESIAN_POINT('',(1.021048152579,0.446174206568,0.208481636478)
  );
#343 = CARTESIAN_POINT('',(1.057331275153,0.446038143902,0.184930697777)
  );
#344 = CARTESIAN_POINT('',(1.079318256043,0.445955692144,0.173481775194)
  );
#345 = CARTESIAN_POINT('',(1.10236557367,0.445869264095,0.164167799981)
  );
#346 = CARTESIAN_POINT('',(1.126223014402,0.445779798064,0.1571036547));
#347 = CARTESIAN_POINT('',(1.150625961706,0.445688286368,0.152367736511)
  );
#348 = CARTESIAN_POINT('',(1.175302002182,0.445595750566,0.149999999994)
  );
#349 = CARTESIAN_POINT('',(1.199977531605,0.445503216681,0.149999999994)
  );
#350 = PCURVE('',#209,#351);
#351 = DEFINITIONAL_REPRESENTATION('',(#352),#403);
#352 = B_SPLINE_CURVE_WITH_KNOTS('',7,(#353,#354,#355,#356,#357,#358,
    #359,#360,#361,#362,#363,#364,#365,#366,#367,#368,#369,#370,#371,
    #372,#373,#374,#375,#376,#377,#378,#379,#380,#381,#382,#383,#384,
    #385,#386,#387,#388,#389,#390,#391,#392,#393,#394,#395,#396,#397,
    #398,#399,#400,#401,#402),.UNSPECIFIED.,.F.,.F.,(8,6,6,6,6,6,6,6,8),
  (0.,0.227498337701,0.455487467904,0.511490745117,0.54749340404,
    0.667498213896,0.785812593475,0.877818374895,1.),.UNSPECIFIED.);
#353 = CARTESIAN_POINT('',(6.275689508358,6.283185334293));
#354 = CARTESIAN_POINT('',(6.275689508352,6.436334999341));
#355 = CARTESIAN_POINT('',(6.275648504185,6.589520162553));
#356 = CARTESIAN_POINT('',(6.275566485802,6.74267781174));
#357 = CARTESIAN_POINT('',(6.275440158728,6.895818129192));
#358 = CARTESIAN_POINT('',(6.275262978455,7.048975684705));
#359 = CARTESIAN_POINT('',(6.275023436443,7.202160626274));
#360 = CARTESIAN_POINT('',(6.274379064748,7.508789506388));
#361 = CARTESIAN_POINT('',(6.27397350926,7.662304987555));
#362 = CARTESIAN_POINT('',(6.273466301489,7.815791843151));
#363 = CARTESIAN_POINT('',(6.27282297467,7.969261796958));
#364 = CARTESIAN_POINT('',(6.272014095162,8.122747426313));
#365 = CARTESIAN_POINT('',(6.270955281323,8.276259957794));
#366 = CARTESIAN_POINT('',(6.269310570417,8.467433938015));
#367 = CARTESIAN_POINT('',(6.268970547055,8.505133315912));
#368 = CARTESIAN_POINT('',(6.268614453329,8.542832563484));
#369 = CARTESIAN_POINT('',(6.268242470134,8.580531670977));
#370 = CARTESIAN_POINT('',(6.267855343103,8.618230635389));
#371 = CARTESIAN_POINT('',(6.267454382608,8.655929460473));
#372 = CARTESIAN_POINT('',(6.266776011857,8.717863404577));
#373 = CARTESIAN_POINT('',(6.266505671098,8.742098605308));
#374 = CARTESIAN_POINT('',(6.266230984097,8.766333763147));
#375 = CARTESIAN_POINT('',(6.265952678328,8.790568884716));
#376 = CARTESIAN_POINT('',(6.265671666123,8.814803979042));
#377 = CARTESIAN_POINT('',(6.265389044671,8.839039057552));
#378 = CARTESIAN_POINT('',(6.264162965702,8.944054994086));
#379 = CARTESIAN_POINT('',(6.263216059565,9.024837313489));
#380 = CARTESIAN_POINT('',(6.262315106923,9.105619348038));
#381 = CARTESIAN_POINT('',(6.261527436421,9.186401999279));
#382 = CARTESIAN_POINT('',(6.260966551787,9.267187038719));
#383 = CARTESIAN_POINT('',(6.260693539288,9.347974641667));
#384 = CARTESIAN_POINT('',(6.260717479009,9.508409415554));
#385 = CARTESIAN_POINT('',(6.261006462939,9.588058857348));
#386 = CARTESIAN_POINT('',(6.261572013037,9.667705829494));
#387 = CARTESIAN_POINT('',(6.26235316589,9.747350514776));
#388 = CARTESIAN_POINT('',(6.263242750924,9.826994580843));
#389 = CARTESIAN_POINT('',(6.264176251675,9.90663889541));
#390 = CARTESIAN_POINT('',(6.265829180201,10.048215288312));
#391 = CARTESIAN_POINT('',(6.266550225677,10.110149096922));
#392 = CARTESIAN_POINT('',(6.267247298588,10.172082869034));
#393 = CARTESIAN_POINT('',(6.267907940089,10.234016831363));
#394 = CARTESIAN_POINT('',(6.268526599797,10.295951379328));
#395 = CARTESIAN_POINT('',(6.269102068298,10.357886592949));
#396 = CARTESIAN_POINT('',(6.270342511071,10.502070263213));
#397 = CARTESIAN_POINT('',(6.270974712522,10.584320962065));
#398 = CARTESIAN_POINT('',(6.271534226596,10.666570986199));
#399 = CARTESIAN_POINT('',(6.272027710058,10.748820665331));
#400 = CARTESIAN_POINT('',(6.272463601082,10.8310714013));
#401 = CARTESIAN_POINT('',(6.272849956499,10.913323547377));
#402 = CARTESIAN_POINT('',(6.273192289041,10.995574287564));
#403 = ( GEOMETRIC_REPRESENTATION_CONTEXT(2) 
PARAMETRIC_REPRESENTATION_CONTEXT() REPRESENTATION_CONTEXT('2D SPACE',''
  ) );
#404 = PCURVE('',#277,#405);
#405 = DEFINITIONAL_REPRESENTATION('',(#406),#457);
#406 = B_SPLINE_CURVE_WITH_KNOTS('',7,(#407,#408,#409,#410,#411,#412,
    #413,#414,#415,#416,#417,#418,#419,#420,#421,#422,#423,#424,#425,
    #426,#427,#428,#429,#430,#431,#432,#433,#434,#435,#436,#437,#438,
    #439,#440,#441,#442,#443,#444,#445,#446,#447,#448,#449,#450,#451,
    #452,#453,#454,#455,#456),.UNSPECIFIED.,.F.,.F.,(8,6,6,6,6,6,6,6,8),
  (0.,0.227498337701,0.455487467904,0.511490745117,0.54749340404,
    0.667498213896,0.785812593475,0.877818374895,1.),.UNSPECIFIED.);
#407 = CARTESIAN_POINT('',(0.298301964969,-4.476324587561E-04));
#408 = CARTESIAN_POINT('',(0.298301963723,-4.639253197334E-02));
#409 = CARTESIAN_POINT('',(0.29009262488,-9.23484166286E-02));
#410 = CARTESIAN_POINT('',(0.273667450779,-0.136534354238));
#411 = CARTESIAN_POINT('',(0.249511605405,-0.177194283129));
#412 = CARTESIAN_POINT('',(0.218561872222,-0.212751366287));
#413 = CARTESIAN_POINT('',(0.182128426409,-0.241939674351));
#414 = CARTESIAN_POINT('',(0.101341367638,-0.285934125038));
#415 = CARTESIAN_POINT('',(5.695169987856E-02,-0.30071971101));
#416 = CARTESIAN_POINT('',(1.017880488862E-02,-0.307406800787));
#417 = CARTESIAN_POINT('',(-3.718692413934E-02,-0.305580152726));
#418 = CARTESIAN_POINT('',(-8.330590352712E-02,-0.295310768697));
#419 = CARTESIAN_POINT('',(-0.126425080483,-0.277150932316));
#420 = CARTESIAN_POINT('',(-0.174533416657,-0.245924590207));
#421 = CARTESIAN_POINT('',(-0.183749589865,-0.23934948583));
#422 = CARTESIAN_POINT('',(-0.192672812386,-0.232371526001));
#423 = CARTESIAN_POINT('',(-0.201282046064,-0.225006440654));
#424 = CARTESIAN_POINT('',(-0.209557378916,-0.217271272593));
#425 = CARTESIAN_POINT('',(-0.217480025123,-0.20918437749));
#426 = CARTESIAN_POINT('',(-0.229887449446,-0.195353156421));
#427 = CARTESIAN_POINT('',(-0.234589547388,-0.189803627373));
#428 = CARTESIAN_POINT('',(-0.239133950519,-0.184122044798));
#429 = CARTESIAN_POINT('',(-0.243516226377,-0.178313793907));
#430 = CARTESIAN_POINT('',(-0.247732178382,-0.172384437069));
#431 = CARTESIAN_POINT('',(-0.25177784584,-0.166339713813));
#432 = CARTESIAN_POINT('',(-0.268554595063,-0.139672323692));
#433 = CARTESIAN_POINT('',(-0.279526670877,-0.117942629523));
#434 = CARTESIAN_POINT('',(-0.288427717934,-9.5215456681E-02));
#435 = CARTESIAN_POINT('',(-0.295151283451,-7.172878414415E-02));
#436 = CARTESIAN_POINT('',(-0.299625169323,-4.773361820711E-02));
#437 = CARTESIAN_POINT('',(-0.3018132533,-2.348843096681E-02));
#438 = CARTESIAN_POINT('',(-0.301621513747,2.464161941064E-02));
#439 = CARTESIAN_POINT('',(-0.299305598455,4.852741891178E-02));
#440 = CARTESIAN_POINT('',(-0.294769838195,7.215604695521E-02));
#441 = CARTESIAN_POINT('',(-0.288050317697,9.528009049335E-02));
#442 = CARTESIAN_POINT('',(-0.279217157931,0.117659354631));
#443 = CARTESIAN_POINT('',(-0.268372801424,0.1390660478));
#444 = CARTESIAN_POINT('',(-0.24575535852,0.175017474142));
#445 = CARTESIAN_POINT('',(-0.234724801788,0.190029911396));
#446 = CARTESIAN_POINT('',(-0.222619831793,0.20422892676));
#447 = CARTESIAN_POINT('',(-0.209513165208,0.217522825808));
#448 = CARTESIAN_POINT('',(-0.195487064795,0.229828121694));
#449 = CARTESIAN_POINT('',(-0.180632179954,0.241070739191));
#450 = CARTESIAN_POINT('',(-0.144348802262,0.264621677892));
#451 = CARTESIAN_POINT('',(-0.122361666774,0.276070600475));
#452 = CARTESIAN_POINT('',(-9.931418709401E-02,0.285384575689));
#453 = CARTESIAN_POINT('',(-7.545657861233E-02,0.292448720969));
#454 = CARTESIAN_POINT('',(-5.105345972346E-02,0.297184639159));
#455 = CARTESIAN_POINT('',(-2.637724574166E-02,0.299552375675));
#456 = CARTESIAN_POINT('',(-1.701542817341E-03,0.299552375675));
#457 = ( GEOMETRIC_REPRESENTATION_CONTEXT(2) 
PARAMETRIC_REPRESENTATION_CONTEXT() REPRESENTATION_CONTEXT('2D SPACE',''
  ) );
#458 = ORIENTED_EDGE('',*,*,#459,.F.);
#459 = EDGE_CURVE('',#460,#296,#462,.T.);
#460 = VERTEX_POINT('',#461);
#461 = CARTESIAN_POINT('',(1.284897973749,0.449999964523,0.737736570584)
  );
#462 = SURFACE_CURVE('',#463,(#509,#558),.PCURVE_S1.);
#463 = B_SPLINE_CURVE_WITH_KNOTS('',7,(#464,#465,#466,#467,#468,#469,
    #470,#471,#472,#473,#474,#475,#476,#477,#478,#479,#480,#481,#482,
    #483,#484,#485,#486,#487,#488,#489,#490,#491,#492,#493,#494,#495,
    #496,#497,#498,#499,#500,#501,#502,#503,#504,#505,#506,#507,#508),
  .UNSPECIFIED.,.F.,.F.,(8,6,6,6,7,6,6,8),(0.,7.690707190874E-02,
    0.156292518261,0.176566690548,0.187597791937,0.264504863845,
    0.520251348189,1.),.UNSPECIFIED.);
#464 = CARTESIAN_POINT('',(1.284897973749,0.449999964523,0.737736570584)
  );
#465 = CARTESIAN_POINT('',(1.284369549334,0.449999961719,0.737892484593)
  );
#466 = CARTESIAN_POINT('',(1.28384079098,0.449999958379,0.738047266382)
  );
#467 = CARTESIAN_POINT('',(1.283311701582,0.449999954596,0.738200915098)
  );
#468 = CARTESIAN_POINT('',(1.282782284079,0.449999950205,0.738353429883)
  );
#469 = CARTESIAN_POINT('',(1.282252541461,0.449999944783,0.73850480988)
  );
#470 = CARTESIAN_POINT('',(1.281722476759,0.449999937648,0.738655054227)
  );
#471 = CARTESIAN_POINT('',(1.280644617432,0.449999917748,0.73895807498)
  );
#472 = CARTESIAN_POINT('',(1.280096780427,0.450000032938,0.739110782654)
  );
#473 = CARTESIAN_POINT('',(1.279548727555,0.449999432102,0.739262246433)
  );
#474 = CARTESIAN_POINT('',(1.279000039686,0.450000609343,0.739412577466)
  );
#475 = CARTESIAN_POINT('',(1.278451474969,0.449999102487,0.739561574609)
  );
#476 = CARTESIAN_POINT('',(1.277902140586,0.450000209169,0.739709474675)
  );
#477 = CARTESIAN_POINT('',(1.277212547971,0.449998982982,0.739893503749)
  );
#478 = CARTESIAN_POINT('',(1.277120879576,0.44999846199,0.739917900357)
  );
#479 = CARTESIAN_POINT('',(1.277065967356,0.449997924214,0.739932478519)
  );
#480 = CARTESIAN_POINT('',(1.277036429974,0.449997477642,0.739940308677)
  );
#481 = CARTESIAN_POINT('',(1.277021366891,0.449997083494,0.739944308966)
  );
#482 = CARTESIAN_POINT('',(1.277010358365,0.449996556217,0.739947245213)
  );
#483 = CARTESIAN_POINT('',(1.276984274077,0.449995023349,0.739954171603)
  );
#484 = CARTESIAN_POINT('',(1.27697056741,0.449993930162,0.739957810945)
  );
#485 = CARTESIAN_POINT('',(1.276957106823,0.449992954359,0.739961383632)
  );
#486 = CARTESIAN_POINT('',(1.276947493518,0.449990196218,0.739963934501)
  );
#487 = CARTESIAN_POINT('',(1.276942178826,0.449986582108,0.739965344623)
  );
#488 = CARTESIAN_POINT('',(1.276938823477,0.449984471138,0.73996623499)
  );
#489 = CARTESIAN_POINT('',(1.276935005828,0.449979472202,0.739967247831)
  );
#490 = CARTESIAN_POINT('',(1.276934914287,0.449977118172,0.739967272109)
  );
#491 = CARTESIAN_POINT('',(1.276918441004,0.449969242151,0.739971642705)
  );
#492 = CARTESIAN_POINT('',(1.276929409373,0.449922935199,0.739968731759)
  );
#493 = CARTESIAN_POINT('',(1.276925290083,0.449898563724,0.739969823635)
  );
#494 = CARTESIAN_POINT('',(1.276928029753,0.449871718744,0.739969094454)
  );
#495 = CARTESIAN_POINT('',(1.276929192625,0.44984057917,0.739968785042)
  );
#496 = CARTESIAN_POINT('',(1.276945595597,0.449546784138,0.739964399444)
  );
#497 = CARTESIAN_POINT('',(1.276959673328,0.449320247956,0.739960607603)
  );
#498 = CARTESIAN_POINT('',(1.276974150466,0.449093526515,0.739956678804)
  );
#499 = CARTESIAN_POINT('',(1.276988377596,0.448866907203,0.739952785312)
  );
#500 = CARTESIAN_POINT('',(1.277002123486,0.448640485642,0.739948988454)
  );
#501 = CARTESIAN_POINT('',(1.277015575087,0.448414165684,0.739945238617)
  );
#502 = CARTESIAN_POINT('',(1.277055154173,0.447762761783,0.739934128058)
  );
#503 = CARTESIAN_POINT('',(1.277080791702,0.447337870249,0.739926819114)
  );
#504 = CARTESIAN_POINT('',(1.277106240141,0.446912989094,0.739919451017)
  );
#505 = CARTESIAN_POINT('',(1.277131492695,0.446488121277,0.739912025519)
  );
#506 = CARTESIAN_POINT('',(1.277156545745,0.446063268439,0.739904543532)
  );
#507 = CARTESIAN_POINT('',(1.277181398852,0.445638430906,0.739897005119)
  );
#508 = CARTESIAN_POINT('',(1.277206054756,0.445213607683,0.739889409504)
  );
#509 = PCURVE('',#209,#510);
#510 = DEFINITIONAL_REPRESENTATION('',(#511),#557);
#511 = B_SPLINE_CURVE_WITH_KNOTS('',7,(#512,#513,#514,#515,#516,#517,
    #518,#519,#520,#521,#522,#523,#524,#525,#526,#527,#528,#529,#530,
    #531,#532,#533,#534,#535,#536,#537,#538,#539,#540,#541,#542,#543,
    #544,#545,#546,#547,#548,#549,#550,#551,#552,#553,#554,#555,#556),
  .UNSPECIFIED.,.F.,.F.,(8,6,6,6,7,6,6,8),(0.,7.690707190874E-02,
    0.156292518261,0.176566690548,0.187597791937,0.264504863845,
    0.520251348189,1.),.UNSPECIFIED.);
#512 = CARTESIAN_POINT('',(6.283185240853,7.567068136295));
#513 = CARTESIAN_POINT('',(6.283185235547,7.568904623099));
#514 = CARTESIAN_POINT('',(6.283185229221,7.570741109496));
#515 = CARTESIAN_POINT('',(6.283185222055,7.572577595543));
#516 = CARTESIAN_POINT('',(6.283185213737,7.574414081146));
#517 = CARTESIAN_POINT('',(6.283185203461,7.576250566061));
#518 = CARTESIAN_POINT('',(6.283185189932,7.578087049893));
#519 = CARTESIAN_POINT('',(6.283185152194,7.581819195993));
#520 = CARTESIAN_POINT('',(6.283185370819,7.583714932258));
#521 = CARTESIAN_POINT('',(6.283184230549,7.585610250138));
#522 = CARTESIAN_POINT('',(6.283186464767,7.587506606174));
#523 = CARTESIAN_POINT('',(6.283183605024,7.589401396865));
#524 = CARTESIAN_POINT('',(6.283185705334,7.591297712347));
#525 = CARTESIAN_POINT('',(6.283183378258,7.593676798707));
#526 = CARTESIAN_POINT('',(6.283182389506,7.593992996397));
#527 = CARTESIAN_POINT('',(6.283181368899,7.594182377603));
#528 = CARTESIAN_POINT('',(6.283180521383,7.594284236265));
#529 = CARTESIAN_POINT('',(6.283179773357,7.594336186966));
#530 = CARTESIAN_POINT('',(6.283178772676,7.594374164932));
#531 = CARTESIAN_POINT('',(6.283175863554,7.594464125681));
#532 = CARTESIAN_POINT('',(6.283173788873,7.594511397606));
#533 = CARTESIAN_POINT('',(6.283171936965,7.594557819771));
#534 = CARTESIAN_POINT('',(6.28316670249,7.594590972903));
#535 = CARTESIAN_POINT('',(6.283159843539,7.594609301257));
#536 = CARTESIAN_POINT('',(6.283155837287,7.594620872656));
#537 = CARTESIAN_POINT('',(6.283146350196,7.594634037784));
#538 = CARTESIAN_POINT('',(6.283141882705,7.594634352667));
#539 = CARTESIAN_POINT('',(6.283126935274,7.594691164381));
#540 = CARTESIAN_POINT('',(6.283039053127,7.594653329028));
#541 = CARTESIAN_POINT('',(6.282992801336,7.594667518557));
#542 = CARTESIAN_POINT('',(6.282941856071,7.594658041674));
#543 = CARTESIAN_POINT('',(6.282882759284,7.594654018853));
#544 = CARTESIAN_POINT('',(6.282325216089,7.594597013454));
#545 = CARTESIAN_POINT('',(6.281895338894,7.594547735516));
#546 = CARTESIAN_POINT('',(6.281465137193,7.594496687791));
#547 = CARTESIAN_POINT('',(6.281035156456,7.594446109994));
#548 = CARTESIAN_POINT('',(6.28060557822,7.594396799568));
#549 = CARTESIAN_POINT('',(6.280176220088,7.594348111686));
#550 = CARTESIAN_POINT('',(6.27894050122,7.594203879505));
#551 = CARTESIAN_POINT('',(6.278134574488,7.594109037031));
#552 = CARTESIAN_POINT('',(6.277328764052,7.594013466624));
#553 = CARTESIAN_POINT('',(6.276523075928,7.593917192118));
#554 = CARTESIAN_POINT('',(6.275717513626,7.593820226388));
#555 = CARTESIAN_POINT('',(6.274912078153,7.593722571346));
#556 = CARTESIAN_POINT('',(6.274106768011,7.593624217947));
#557 = ( GEOMETRIC_REPRESENTATION_CONTEXT(2) 
PARAMETRIC_REPRESENTATION_CONTEXT() REPRESENTATION_CONTEXT('2D SPACE',''
  ) );
#558 = PCURVE('',#559,#637);
#559 = ( BOUNDED_SURFACE() B_SPLINE_SURFACE(6,10,(
    (#560,#561,#562,#563,#564,#565,#566,#567,#568,#569,#570)
    ,(#571,#572,#573,#574,#575,#576,#577,#578,#579,#580,#581)
    ,(#582,#583,#584,#585,#586,#587,#588,#589,#590,#591,#592)
    ,(#593,#594,#595,#596,#597,#598,#599,#600,#601,#602,#603)
    ,(#604,#605,#606,#607,#608,#609,#610,#611,#612,#613,#614)
    ,(#615,#616,#617,#618,#619,#620,#621,#622,#623,#624,#625)
    ,(#626,#627,#628,#629,#630,#631,#632,#633,#634,#635,#636
)),.UNSPECIFIED.,.T.,.F.,.F.) B_SPLINE_SURFACE_WITH_KNOTS((7,7),(11,11),
  (1.570796326795,7.853981633974),(0.,6.28815693223),
.PIECEWISE_BEZIER_KNOTS.) GEOMETRIC_REPRESENTATION_ITEM() 
RATIONAL_B_SPLINE_SURFACE((
    (1.669078461068,1.669078461068,1.669078461068,1.669078461069
      ,1.669078461068,1.669078461069,1.669078461068,1.669078461068
      ,1.669078461068,1.669078461068,1.669078461068)
    ,(1.03672962321,1.03672962321,1.03672962321,1.03672962321
      ,1.036729623209,1.03672962321,1.036729623209,1.03672962321
      ,1.03672962321,1.03672962321,1.03672962321)
    ,(1.038346699848,1.038346699848,1.038346699847,1.038346699848
      ,1.038346699847,1.038346699848,1.038346699847,1.038346699848
      ,1.038346699847,1.038346699848,1.038346699848)
    ,(0.853534330196,0.853534330196,0.853534330196,0.853534330196
      ,0.853534330196,0.853534330196,0.853534330196,0.853534330196
      ,0.853534330196,0.853534330196,0.853534330196)
    ,(1.038346699848,1.038346699848,1.038346699847,1.038346699848
      ,1.038346699847,1.038346699848,1.038346699847,1.038346699848
      ,1.038346699847,1.038346699848,1.038346699848)
    ,(1.03672962321,1.03672962321,1.03672962321,1.03672962321
      ,1.036729623209,1.03672962321,1.036729623209,1.03672962321
      ,1.03672962321,1.03672962321,1.03672962321)
    ,(1.669078461068,1.669078461068,1.669078461068,1.669078461069
      ,1.669078461068,1.669078461069,1.669078461068,1.669078461068
      ,1.669078461068,1.669078461068,1.669078461068
))) REPRESENTATION_ITEM('') SURFACE() );
#560 = CARTESIAN_POINT('',(1.201679062458,0.445496835895,0.149552375668)
  );
#561 = CARTESIAN_POINT('',(0.921765148481,1.200534065935,0.224552375556)
  );
#562 = CARTESIAN_POINT('',(0.114624053289,1.760803740003,0.299552376057)
  );
#563 = CARTESIAN_POINT('',(-1.065460109336,1.706367943679,0.374552374465
    ));
#564 = CARTESIAN_POINT('',(-2.095545777173,0.787843589644,0.449552378029
    ));
#565 = CARTESIAN_POINT('',(-2.223851038664,-0.824445293016,
    0.524552372345));
#566 = CARTESIAN_POINT('',(-1.075557859666,-1.963462438963,
    0.599552378864));
#567 = CARTESIAN_POINT('',(0.304346114494,-1.988534734942,0.674552373469
    ));
#568 = CARTESIAN_POINT('',(1.234729934676,-1.260559563674,0.749552376654
    ));
#569 = CARTESIAN_POINT('',(1.481592990527,-0.309540394347,0.824552375368
    ));
#570 = CARTESIAN_POINT('',(1.201679061774,0.445496835928,0.899552375687)
  );
#571 = CARTESIAN_POINT('',(0.703219644617,0.447366071852,0.149552375669)
  );
#572 = CARTESIAN_POINT('',(0.422131254999,0.88921201288,0.224552375703)
  );
#573 = CARTESIAN_POINT('',(-0.167583520895,1.135218754984,0.299552375489
    ));
#574 = CARTESIAN_POINT('',(-0.910477860994,0.93944865855,0.374552375737)
  );
#575 = CARTESIAN_POINT('',(-1.439994891344,0.214752977481,0.449552376106
    ));
#576 = CARTESIAN_POINT('',(-1.301392141756,-0.827904538215,
    0.524552374444));
#577 = CARTESIAN_POINT('',(-0.415727261895,-1.395304542006,
    0.599552377191));
#578 = CARTESIAN_POINT('',(0.46507585819,-1.222799378123,0.674552374443)
  );
#579 = CARTESIAN_POINT('',(0.957222151965,-0.632875631305,0.749552376265
    ));
#580 = CARTESIAN_POINT('',(0.984308048218,5.52013062098E-03,
    0.824552375459));
#581 = CARTESIAN_POINT('',(0.703219643934,0.447366071884,0.899552375688)
  );
#582 = CARTESIAN_POINT('',(0.631649355549,0.447634462323,0.765916832834)
  );
#583 = CARTESIAN_POINT('',(0.350392331228,0.844511464484,0.840916832729)
  );
#584 = CARTESIAN_POINT('',(-0.208103725717,1.045395398029,0.915916833197
    ));
#585 = CARTESIAN_POINT('',(-0.88822504745,0.829332101495,0.990916831664)
  );
#586 = CARTESIAN_POINT('',(-1.345868941738,0.132466919049,1.065916835167
    ));
#587 = CARTESIAN_POINT('',(-1.168942742624,-0.828401226931,
    1.140916829544));
#588 = CARTESIAN_POINT('',(-0.32098681869,-1.313726737565,1.215916835969
    ));
#589 = CARTESIAN_POINT('',(0.488153914527,-1.112852813,1.290916830716));
#590 = CARTESIAN_POINT('',(0.917376757003,-0.542750901243,1.36591683376)
  );
#591 = CARTESIAN_POINT('',(0.912906393931,5.075745995995E-02,
    1.440916832548));
#592 = CARTESIAN_POINT('',(0.631649354866,0.447634462355,1.515916832852)
  );
#593 = CARTESIAN_POINT('',(1.201679062458,0.445496835895,1.274287451973)
  );
#594 = CARTESIAN_POINT('',(0.921765148454,1.200534065936,1.349287451919)
  );
#595 = CARTESIAN_POINT('',(0.114624053405,1.760803740001,1.424287452136)
  );
#596 = CARTESIAN_POINT('',(-1.065460109578,1.706367943683,1.499287451263
    ));
#597 = CARTESIAN_POINT('',(-2.09554577683,0.787843589641,1.574287453598)
  );
#598 = CARTESIAN_POINT('',(-2.223851039049,-0.824445293016,
    1.649287449441));
#599 = CARTESIAN_POINT('',(-1.075557859324,-1.963462438961,
    1.724287454516));
#600 = CARTESIAN_POINT('',(0.304346114272,-1.988534734942,1.799287450181
    ));
#601 = CARTESIAN_POINT('',(1.234729934773,-1.260559563674,1.874287452774
    ));
#602 = CARTESIAN_POINT('',(1.481592990503,-0.309540394346,1.949287451718
    ));
#603 = CARTESIAN_POINT('',(1.201679061776,0.445496835928,2.02428745199)
  );
#604 = CARTESIAN_POINT('',(1.771708769367,0.443359209467,0.765916832833)
  );
#605 = CARTESIAN_POINT('',(1.4931379657,1.556556667389,0.840916832709));
#606 = CARTESIAN_POINT('',(0.43735183241,2.476212081968,0.915916833271)
  );
#607 = CARTESIAN_POINT('',(-1.242695171396,2.583403785889,0.990916831493
    ));
#608 = CARTESIAN_POINT('',(-2.845222612497,1.443220260199,1.06591683547)
  );
#609 = CARTESIAN_POINT('',(-3.278759334656,-0.820489359051,
    1.140916829091));
#610 = CARTESIAN_POINT('',(-1.830128900839,-2.613198140408,
    1.215916836499));
#611 = CARTESIAN_POINT('',(0.120538314675,-2.864216656851,1.29091683027)
  );
#612 = CARTESIAN_POINT('',(1.552083112224,-1.978368226121,1.365916834));
#613 = CARTESIAN_POINT('',(2.050279587159,-0.669838248649,1.440916832481
    ));
#614 = CARTESIAN_POINT('',(1.771708768685,0.443359209501,1.51591683285)
  );
#615 = CARTESIAN_POINT('',(1.7001384803,0.443627599938,0.149552375668));
#616 = CARTESIAN_POINT('',(1.421399041841,1.511856118991,0.224552375536)
  );
#617 = CARTESIAN_POINT('',(0.396831627998,2.386388725025,0.299552376126)
  );
#618 = CARTESIAN_POINT('',(-1.220442358891,2.473287228803,0.374552374322
    ));
#619 = CARTESIAN_POINT('',(-2.75109666117,1.360934201818,0.449552378231)
  );
#620 = CARTESIAN_POINT('',(-3.146309937517,-0.820986047831,
    0.524552372143));
#621 = CARTESIAN_POINT('',(-1.73538845593,-2.531620335908,0.599552379023
    ));
#622 = CARTESIAN_POINT('',(0.143616369934,-2.754270091767,0.674552373364
    ));
#623 = CARTESIAN_POINT('',(1.512237717757,-1.888243496042,0.749552376707
    ));
#624 = CARTESIAN_POINT('',(1.978877932738,-0.624600919315,0.82455237535)
  );
#625 = CARTESIAN_POINT('',(1.700138479619,0.443627599972,0.899552375686)
  );
#626 = CARTESIAN_POINT('',(1.201679062458,0.445496835895,0.149552375668)
  );
#627 = CARTESIAN_POINT('',(0.921765148481,1.200534065935,0.224552375556)
  );
#628 = CARTESIAN_POINT('',(0.114624053289,1.760803740003,0.299552376057)
  );
#629 = CARTESIAN_POINT('',(-1.065460109336,1.706367943679,0.374552374465
    ));
#630 = CARTESIAN_POINT('',(-2.095545777173,0.787843589644,0.449552378029
    ));
#631 = CARTESIAN_POINT('',(-2.223851038664,-0.824445293016,
    0.524552372345));
#632 = CARTESIAN_POINT('',(-1.075557859666,-1.963462438963,
    0.599552378864));
#633 = CARTESIAN_POINT('',(0.304346114494,-1.988534734942,0.674552373469
    ));
#634 = CARTESIAN_POINT('',(1.234729934676,-1.260559563674,0.749552376654
    ));
#635 = CARTESIAN_POINT('',(1.481592990527,-0.309540394347,0.824552375368
    ));
#636 = CARTESIAN_POINT('',(1.201679061774,0.445496835928,0.899552375687)
  );
#637 = DEFINITIONAL_REPRESENTATION('',(#638),#684);
#638 = B_SPLINE_CURVE_WITH_KNOTS('',7,(#639,#640,#641,#642,#643,#644,
    #645,#646,#647,#648,#649,#650,#651,#652,#653,#654,#655,#656,#657,
    #658,#659,#660,#661,#662,#663,#664,#665,#666,#667,#668,#669,#670,
    #671,#672,#673,#674,#675,#676,#677,#678,#679,#680,#681,#682,#683),
  .UNSPECIFIED.,.F.,.F.,(8,6,6,6,7,6,6,8),(0.,7.690707190874E-02,
    0.156292518261,0.176566690548,0.187597791937,0.264504863845,
    0.520251348189,1.),.UNSPECIFIED.);
#639 = CARTESIAN_POINT('',(4.999302215658,3.75293985868E-03));
#640 = CARTESIAN_POINT('',(4.997465732195,3.752937663702E-03));
#641 = CARTESIAN_POINT('',(4.995629248287,3.752935047625E-03));
#642 = CARTESIAN_POINT('',(4.993792763997,3.75293208458E-03));
#643 = CARTESIAN_POINT('',(4.991956279223,3.752928645549E-03));
#644 = CARTESIAN_POINT('',(4.9901197937,3.75292439837E-03));
#645 = CARTESIAN_POINT('',(4.988283306997,3.752918807731E-03));
#646 = CARTESIAN_POINT('',(4.984551148149,3.752903215362E-03));
#647 = CARTESIAN_POINT('',(4.9826555575,3.752993497653E-03));
#648 = CARTESIAN_POINT('',(4.980759514848,3.752522593401E-03));
#649 = CARTESIAN_POINT('',(4.978864594814,3.753445260723E-03));
#650 = CARTESIAN_POINT('',(4.976967977894,3.75226426094E-03));
#651 = CARTESIAN_POINT('',(4.975073012326,3.753131627943E-03));
#652 = CARTESIAN_POINT('',(4.972692441737,3.752170604079E-03));
#653 = CARTESIAN_POINT('',(4.972375611657,3.751762275502E-03));
#654 = CARTESIAN_POINT('',(4.972185577344,3.751340792143E-03));
#655 = CARTESIAN_POINT('',(4.972083176201,3.75099079079E-03));
#656 = CARTESIAN_POINT('',(4.972030746609,3.750681876317E-03));
#657 = CARTESIAN_POINT('',(4.971992127919,3.750268621683E-03));
#658 = CARTESIAN_POINT('',(4.971900304437,3.749067231802E-03));
#659 = CARTESIAN_POINT('',(4.971851704025,3.748210442874E-03));
#660 = CARTESIAN_POINT('',(4.971804096066,3.74744565594E-03));
#661 = CARTESIAN_POINT('',(4.971767590895,3.745283953725E-03));
#662 = CARTESIAN_POINT('',(4.971744870121,3.742451381366E-03));
#663 = CARTESIAN_POINT('',(4.971730733132,3.74079689987E-03));
#664 = CARTESIAN_POINT('',(4.971711492337,3.736878958563E-03));
#665 = CARTESIAN_POINT('',(4.97170831605,3.73503396429E-03));
#666 = CARTESIAN_POINT('',(4.971641933193,3.728861138612E-03));
#667 = CARTESIAN_POINT('',(4.971623485307,3.692567769447E-03));
#668 = CARTESIAN_POINT('',(4.971579666884,3.673466214548E-03));
#669 = CARTESIAN_POINT('',(4.971556501787,3.65242578863E-03));
#670 = CARTESIAN_POINT('',(4.971522672673,3.628019810702E-03));
#671 = CARTESIAN_POINT('',(4.971222367822,3.397747937184E-03));
#672 = CARTESIAN_POINT('',(4.970995907482,3.220184093344E-03));
#673 = CARTESIAN_POINT('',(4.970770763847,3.042466631922E-03));
#674 = CARTESIAN_POINT('',(4.970545046539,2.864820779773E-03));
#675 = CARTESIAN_POINT('',(4.970318074317,2.687321463035E-03));
#676 = CARTESIAN_POINT('',(4.970090375081,2.509893307126E-03));
#677 = CARTESIAN_POINT('',(4.969438445051,1.999187595301E-03));
#678 = CARTESIAN_POINT('',(4.969013172293,1.666039468597E-03));
#679 = CARTESIAN_POINT('',(4.968587838116,1.332869502181E-03));
#680 = CARTESIAN_POINT('',(4.968162422402,9.996799087342E-04));
#681 = CARTESIAN_POINT('',(4.967736914394,6.664718680704E-04));
#682 = CARTESIAN_POINT('',(4.967311312699,3.332455271339E-04));
#683 = CARTESIAN_POINT('',(4.96688562528,0.));
#684 = ( GEOMETRIC_REPRESENTATION_CONTEXT(2) 
PARAMETRIC_REPRESENTATION_CONTEXT() REPRESENTATION_CONTEXT('2D SPACE',''
  ) );
#685 = ORIENTED_EDGE('',*,*,#686,.T.);
#686 = EDGE_CURVE('',#460,#687,#689,.T.);
#687 = VERTEX_POINT('',#688);
#688 = CARTESIAN_POINT('',(1.111125640902,0.449999977055,0.163466671578)
  );
#689 = SURFACE_CURVE('',#690,(#695,#702),.PCURVE_S1.);
#690 = CIRCLE('',#691,0.3);
#691 = AXIS2_PLACEMENT_3D('',#692,#693,#694);
#692 = CARTESIAN_POINT('',(1.200000000011,0.45,0.449999999994));
#693 = DIRECTION('',(1.786867864754E-18,-1.,0.));
#694 = DIRECTION('',(1.,1.786867864754E-18,0.));
#695 = PCURVE('',#209,#696);
#696 = DEFINITIONAL_REPRESENTATION('',(#697),#701);
#697 = LINE('',#698,#699);
#698 = CARTESIAN_POINT('',(6.28318530718,0.));
#699 = VECTOR('',#700,1.);
#700 = DIRECTION('',(0.,1.));
#701 = ( GEOMETRIC_REPRESENTATION_CONTEXT(2) 
PARAMETRIC_REPRESENTATION_CONTEXT() REPRESENTATION_CONTEXT('2D SPACE',''
  ) );
#702 = PCURVE('',#703,#781);
#703 = ( BOUNDED_SURFACE() B_SPLINE_SURFACE(6,10,(
    (#704,#705,#706,#707,#708,#709,#710,#711,#712,#713,#714)
    ,(#715,#716,#717,#718,#719,#720,#721,#722,#723,#724,#725)
    ,(#726,#727,#728,#729,#730,#731,#732,#733,#734,#735,#736)
    ,(#737,#738,#739,#740,#741,#742,#743,#744,#745,#746,#747)
    ,(#748,#749,#750,#751,#752,#753,#754,#755,#756,#757,#758)
    ,(#759,#760,#761,#762,#763,#764,#765,#766,#767,#768,#769)
    ,(#770,#771,#772,#773,#774,#775,#776,#777,#778,#779,#780
)),.UNSPECIFIED.,.T.,.F.,.F.) B_SPLINE_SURFACE_WITH_KNOTS((7,7),(11,11),
  (1.570796326795,7.853981633974),(0.,6.28815693223),
.PIECEWISE_BEZIER_KNOTS.) GEOMETRIC_REPRESENTATION_ITEM() 
RATIONAL_B_SPLINE_SURFACE((
    (1.669078461068,1.669078461068,1.669078461068,1.669078461069
      ,1.669078461068,1.669078461069,1.669078461068,1.669078461068
      ,1.669078461068,1.669078461068,1.669078461068)
    ,(1.03672962321,1.03672962321,1.03672962321,1.03672962321
      ,1.036729623209,1.03672962321,1.036729623209,1.03672962321
      ,1.03672962321,1.03672962321,1.03672962321)
    ,(1.038346699848,1.038346699848,1.038346699847,1.038346699848
      ,1.038346699847,1.038346699848,1.038346699847,1.038346699848
      ,1.038346699847,1.038346699848,1.038346699848)
    ,(0.853534330196,0.853534330196,0.853534330196,0.853534330196
      ,0.853534330196,0.853534330196,0.853534330196,0.853534330196
      ,0.853534330196,0.853534330196,0.853534330196)
    ,(1.038346699848,1.038346699848,1.038346699847,1.038346699848
      ,1.038346699847,1.038346699848,1.038346699847,1.038346699848
      ,1.038346699847,1.038346699848,1.038346699848)
    ,(1.03672962321,1.03672962321,1.03672962321,1.03672962321
      ,1.036729623209,1.03672962321,1.036729623209,1.03672962321
      ,1.03672962321,1.03672962321,1.03672962321)
    ,(1.669078461068,1.669078461068,1.669078461068,1.669078461069
      ,1.669078461068,1.669078461069,1.669078461068,1.669078461068
      ,1.669078461068,1.669078461068,1.669078461068
))) REPRESENTATION_ITEM('') SURFACE() );
#704 = CARTESIAN_POINT('',(1.201679062458,0.445496835895,0.149552375668)
  );
#705 = CARTESIAN_POINT('',(0.921765148481,1.200534065935,0.224552375556)
  );
#706 = CARTESIAN_POINT('',(0.114624053289,1.760803740003,0.299552376057)
  );
#707 = CARTESIAN_POINT('',(-1.065460109336,1.706367943679,0.374552374465
    ));
#708 = CARTESIAN_POINT('',(-2.095545777173,0.787843589644,0.449552378029
    ));
#709 = CARTESIAN_POINT('',(-2.223851038664,-0.824445293016,
    0.524552372345));
#710 = CARTESIAN_POINT('',(-1.075557859666,-1.963462438963,
    0.599552378864));
#711 = CARTESIAN_POINT('',(0.304346114494,-1.988534734942,0.674552373469
    ));
#712 = CARTESIAN_POINT('',(1.234729934676,-1.260559563674,0.749552376654
    ));
#713 = CARTESIAN_POINT('',(1.481592990527,-0.309540394347,0.824552375368
    ));
#714 = CARTESIAN_POINT('',(1.201679061774,0.445496835928,0.899552375687)
  );
#715 = CARTESIAN_POINT('',(0.703219644617,0.447366071852,0.149552375669)
  );
#716 = CARTESIAN_POINT('',(0.422131254999,0.88921201288,0.224552375703)
  );
#717 = CARTESIAN_POINT('',(-0.167583520895,1.135218754984,0.299552375489
    ));
#718 = CARTESIAN_POINT('',(-0.910477860994,0.93944865855,0.374552375737)
  );
#719 = CARTESIAN_POINT('',(-1.439994891344,0.214752977481,0.449552376106
    ));
#720 = CARTESIAN_POINT('',(-1.301392141756,-0.827904538215,
    0.524552374444));
#721 = CARTESIAN_POINT('',(-0.415727261895,-1.395304542006,
    0.599552377191));
#722 = CARTESIAN_POINT('',(0.46507585819,-1.222799378123,0.674552374443)
  );
#723 = CARTESIAN_POINT('',(0.957222151965,-0.632875631305,0.749552376265
    ));
#724 = CARTESIAN_POINT('',(0.984308048218,5.52013062098E-03,
    0.824552375459));
#725 = CARTESIAN_POINT('',(0.703219643934,0.447366071884,0.899552375688)
  );
#726 = CARTESIAN_POINT('',(0.631649355549,0.447634462323,0.765916832834)
  );
#727 = CARTESIAN_POINT('',(0.350392331228,0.844511464484,0.840916832729)
  );
#728 = CARTESIAN_POINT('',(-0.208103725717,1.045395398029,0.915916833197
    ));
#729 = CARTESIAN_POINT('',(-0.88822504745,0.829332101495,0.990916831664)
  );
#730 = CARTESIAN_POINT('',(-1.345868941738,0.132466919049,1.065916835167
    ));
#731 = CARTESIAN_POINT('',(-1.168942742624,-0.828401226931,
    1.140916829544));
#732 = CARTESIAN_POINT('',(-0.32098681869,-1.313726737565,1.215916835969
    ));
#733 = CARTESIAN_POINT('',(0.488153914527,-1.112852813,1.290916830716));
#734 = CARTESIAN_POINT('',(0.917376757003,-0.542750901243,1.36591683376)
  );
#735 = CARTESIAN_POINT('',(0.912906393931,5.075745995995E-02,
    1.440916832548));
#736 = CARTESIAN_POINT('',(0.631649354866,0.447634462355,1.515916832852)
  );
#737 = CARTESIAN_POINT('',(1.201679062458,0.445496835895,1.274287451973)
  );
#738 = CARTESIAN_POINT('',(0.921765148454,1.200534065936,1.349287451919)
  );
#739 = CARTESIAN_POINT('',(0.114624053405,1.760803740001,1.424287452136)
  );
#740 = CARTESIAN_POINT('',(-1.065460109578,1.706367943683,1.499287451263
    ));
#741 = CARTESIAN_POINT('',(-2.09554577683,0.787843589641,1.574287453598)
  );
#742 = CARTESIAN_POINT('',(-2.223851039049,-0.824445293016,
    1.649287449441));
#743 = CARTESIAN_POINT('',(-1.075557859324,-1.963462438961,
    1.724287454516));
#744 = CARTESIAN_POINT('',(0.304346114272,-1.988534734942,1.799287450181
    ));
#745 = CARTESIAN_POINT('',(1.234729934773,-1.260559563674,1.874287452774
    ));
#746 = CARTESIAN_POINT('',(1.481592990503,-0.309540394346,1.949287451718
    ));
#747 = CARTESIAN_POINT('',(1.201679061776,0.445496835928,2.02428745199)
  );
#748 = CARTESIAN_POINT('',(1.771708769367,0.443359209467,0.765916832833)
  );
#749 = CARTESIAN_POINT('',(1.4931379657,1.556556667389,0.840916832709));
#750 = CARTESIAN_POINT('',(0.43735183241,2.476212081968,0.915916833271)
  );
#751 = CARTESIAN_POINT('',(-1.242695171396,2.583403785889,0.990916831493
    ));
#752 = CARTESIAN_POINT('',(-2.845222612497,1.443220260199,1.06591683547)
  );
#753 = CARTESIAN_POINT('',(-3.278759334656,-0.820489359051,
    1.140916829091));
#754 = CARTESIAN_POINT('',(-1.830128900839,-2.613198140408,
    1.215916836499));
#755 = CARTESIAN_POINT('',(0.120538314675,-2.864216656851,1.29091683027)
  );
#756 = CARTESIAN_POINT('',(1.552083112224,-1.978368226121,1.365916834));
#757 = CARTESIAN_POINT('',(2.050279587159,-0.669838248649,1.440916832481
    ));
#758 = CARTESIAN_POINT('',(1.771708768685,0.443359209501,1.51591683285)
  );
#759 = CARTESIAN_POINT('',(1.7001384803,0.443627599938,0.149552375668));
#760 = CARTESIAN_POINT('',(1.421399041841,1.511856118991,0.224552375536)
  );
#761 = CARTESIAN_POINT('',(0.396831627998,2.386388725025,0.299552376126)
  );
#762 = CARTESIAN_POINT('',(-1.220442358891,2.473287228803,0.374552374322
    ));
#763 = CARTESIAN_POINT('',(-2.75109666117,1.360934201818,0.449552378231)
  );
#764 = CARTESIAN_POINT('',(-3.146309937517,-0.820986047831,
    0.524552372143));
#765 = CARTESIAN_POINT('',(-1.73538845593,-2.531620335908,0.599552379023
    ));
#766 = CARTESIAN_POINT('',(0.143616369934,-2.754270091767,0.674552373364
    ));
#767 = CARTESIAN_POINT('',(1.512237717757,-1.888243496042,0.749552376707
    ));
#768 = CARTESIAN_POINT('',(1.978877932738,-0.624600919315,0.82455237535)
  );
#769 = CARTESIAN_POINT('',(1.700138479619,0.443627599972,0.899552375686)
  );
#770 = CARTESIAN_POINT('',(1.201679062458,0.445496835895,0.149552375668)
  );
#771 = CARTESIAN_POINT('',(0.921765148481,1.200534065935,0.224552375556)
  );
#772 = CARTESIAN_POINT('',(0.114624053289,1.760803740003,0.299552376057)
  );
#773 = CARTESIAN_POINT('',(-1.065460109336,1.706367943679,0.374552374465
    ));
#774 = CARTESIAN_POINT('',(-2.095545777173,0.787843589644,0.449552378029
    ));
#775 = CARTESIAN_POINT('',(-2.223851038664,-0.824445293016,
    0.524552372345));
#776 = CARTESIAN_POINT('',(-1.075557859666,-1.963462438963,
    0.599552378864));
#777 = CARTESIAN_POINT('',(0.304346114494,-1.988534734942,0.674552373469
    ));
#778 = CARTESIAN_POINT('',(1.234729934676,-1.260559563674,0.749552376654
    ));
#779 = CARTESIAN_POINT('',(1.481592990527,-0.309540394347,0.824552375368
    ));
#780 = CARTESIAN_POINT('',(1.201679061774,0.445496835928,0.899552375687)
  );
#781 = DEFINITIONAL_REPRESENTATION('',(#782),#795);
#782 = B_SPLINE_CURVE_WITH_KNOTS('',6,(#783,#784,#785,#786,#787,#788,
    #789,#790,#791,#792,#793,#794),.UNSPECIFIED.,.F.,.F.,(7,5,7),(
    7.567068136295,9.130940328933,10.694812521572),.UNSPECIFIED.);
#783 = CARTESIAN_POINT('',(4.999302258486,3.752967489016E-03));
#784 = CARTESIAN_POINT('',(4.738658191411,3.752967480268E-03));
#785 = CARTESIAN_POINT('',(4.478007094516,3.752967572208E-03));
#786 = CARTESIAN_POINT('',(4.217380382962,3.752967869299E-03));
#787 = CARTESIAN_POINT('',(3.956690512193,3.75296811715E-03));
#788 = CARTESIAN_POINT('',(3.696100628271,3.752968186111E-03));
#789 = CARTESIAN_POINT('',(3.175345650848,3.752968089947E-03));
#790 = CARTESIAN_POINT('',(2.915181140087,3.752967921163E-03));
#791 = CARTESIAN_POINT('',(2.65531747233,3.752967637484E-03));
#792 = CARTESIAN_POINT('',(2.395814670152,3.752967357875E-03));
#793 = CARTESIAN_POINT('',(2.136058444044,3.752967330824E-03));
#794 = CARTESIAN_POINT('',(1.874273097597,3.752967402078E-03));
#795 = ( GEOMETRIC_REPRESENTATION_CONTEXT(2) 
PARAMETRIC_REPRESENTATION_CONTEXT() REPRESENTATION_CONTEXT('2D SPACE',''
  ) );
#796 = ORIENTED_EDGE('',*,*,#797,.F.);
#797 = EDGE_CURVE('',#798,#687,#800,.T.);
#798 = VERTEX_POINT('',#799);
#799 = CARTESIAN_POINT('',(1.124578206608,0.445785966137,0.159629326514)
  );
#800 = SURFACE_CURVE('',#801,(#832,#866),.PCURVE_S1.);
#801 = B_SPLINE_CURVE_WITH_KNOTS('',8,(#802,#803,#804,#805,#806,#807,
    #808,#809,#810,#811,#812,#813,#814,#815,#816,#817,#818,#819,#820,
    #821,#822,#823,#824,#825,#826,#827,#828,#829,#830,#831),
  .UNSPECIFIED.,.F.,.F.,(9,7,7,7,9),(0.,0.330677413971,0.412423451849,
    0.441720946073,1.),.UNSPECIFIED.);
#802 = CARTESIAN_POINT('',(1.124578206608,0.445785966137,0.159629326514)
  );
#803 = CARTESIAN_POINT('',(1.124433925871,0.446199337648,0.159667995769)
  );
#804 = CARTESIAN_POINT('',(1.124289039973,0.446612896529,0.159706781528)
  );
#805 = CARTESIAN_POINT('',(1.124144076006,0.447025074101,0.159745542553)
  );
#806 = CARTESIAN_POINT('',(1.123998401649,0.447437806976,0.15978444832)
  );
#807 = CARTESIAN_POINT('',(1.123852186654,0.44785046957,0.159823453231)
  );
#808 = CARTESIAN_POINT('',(1.123705770428,0.448262056966,0.159862466337)
  );
#809 = CARTESIAN_POINT('',(1.123558764587,0.448673913776,0.159901591865)
  );
#810 = CARTESIAN_POINT('',(1.123374744983,0.449187003727,0.159950512389)
  );
#811 = CARTESIAN_POINT('',(1.123293417115,0.449394473074,0.159972128152)
  );
#812 = CARTESIAN_POINT('',(1.123211851512,0.449633101669,0.159993793204)
  );
#813 = CARTESIAN_POINT('',(1.123148533877,0.449839029178,0.160010596361)
  );
#814 = CARTESIAN_POINT('',(1.123104397376,0.44996915407,0.160022298856)
  );
#815 = CARTESIAN_POINT('',(1.123071400175,0.450011141706,0.160031047949)
  );
#816 = CARTESIAN_POINT('',(1.123041102994,0.449993432418,0.160039090544)
  );
#817 = CARTESIAN_POINT('',(1.123003263026,0.44999590087,0.160049137599)
  );
#818 = CARTESIAN_POINT('',(1.122968926152,0.449998174903,0.160058258878)
  );
#819 = CARTESIAN_POINT('',(1.122902592023,0.449999013849,0.160075867772)
  );
#820 = CARTESIAN_POINT('',(1.122801570784,0.449998986609,0.160102715086)
  );
#821 = CARTESIAN_POINT('',(1.122671008812,0.449999140491,0.16013749366)
  );
#822 = CARTESIAN_POINT('',(1.122526431422,0.449999543496,0.16017611905)
  );
#823 = CARTESIAN_POINT('',(1.122395946225,0.449999517225,0.160211082539)
  );
#824 = CARTESIAN_POINT('',(1.120915063906,0.450000383289,0.160608060025)
  );
#825 = CARTESIAN_POINT('',(1.119510445892,0.449998952009,0.160992962186)
  );
#826 = CARTESIAN_POINT('',(1.118107150244,0.450001269888,0.161385877435)
  );
#827 = CARTESIAN_POINT('',(1.116706870976,0.449998808684,0.161786357913)
  );
#828 = CARTESIAN_POINT('',(1.115307930052,0.450000557103,0.162194849747)
  );
#829 = CARTESIAN_POINT('',(1.113911667549,0.44999982367,0.162610998043)
  );
#830 = CARTESIAN_POINT('',(1.112517487848,0.449999973766,0.163034960873)
  );
#831 = CARTESIAN_POINT('',(1.111125640902,0.449999977055,0.163466671578)
  );
#832 = PCURVE('',#209,#833);
#833 = DEFINITIONAL_REPRESENTATION('',(#834),#865);
#834 = B_SPLINE_CURVE_WITH_KNOTS('',8,(#835,#836,#837,#838,#839,#840,
    #841,#842,#843,#844,#845,#846,#847,#848,#849,#850,#851,#852,#853,
    #854,#855,#856,#857,#858,#859,#860,#861,#862,#863,#864),
  .UNSPECIFIED.,.F.,.F.,(9,7,7,7,9),(0.,0.330677413971,0.412423451849,
    0.441720946073,1.),.UNSPECIFIED.);
#835 = CARTESIAN_POINT('',(6.271936011093,10.741523160795));
#836 = CARTESIAN_POINT('',(6.273035103963,10.741010292973));
#837 = CARTESIAN_POINT('',(6.274134184255,10.740497735488));
#838 = CARTESIAN_POINT('',(6.275234174696,10.7399849818));
#839 = CARTESIAN_POINT('',(6.276333957788,10.739472708249));
#840 = CARTESIAN_POINT('',(6.277433848479,10.738960597561));
#841 = CARTESIAN_POINT('',(6.278534437643,10.738448331695));
#842 = CARTESIAN_POINT('',(6.279635010781,10.737936526537));
#843 = CARTESIAN_POINT('',(6.281007856804,10.737297774495));
#844 = CARTESIAN_POINT('',(6.281563001474,10.737015684629));
#845 = CARTESIAN_POINT('',(6.282201956474,10.736733274266));
#846 = CARTESIAN_POINT('',(6.282753724047,10.736514586047));
#847 = CARTESIAN_POINT('',(6.283102598507,10.736362533941));
#848 = CARTESIAN_POINT('',(6.283215232174,10.736248894899));
#849 = CARTESIAN_POINT('',(6.283167701295,10.736144300508));
#850 = CARTESIAN_POINT('',(6.283174317602,10.736013796832));
#851 = CARTESIAN_POINT('',(6.283180412809,10.735895371047));
#852 = CARTESIAN_POINT('',(6.283182661496,10.735666599154));
#853 = CARTESIAN_POINT('',(6.2831825885,10.735318173119));
#854 = CARTESIAN_POINT('',(6.283183000964,10.734867791014));
#855 = CARTESIAN_POINT('',(6.28318408116,10.734368964267));
#856 = CARTESIAN_POINT('',(6.283184010752,10.733918670169));
#857 = CARTESIAN_POINT('',(6.283186332172,10.728808110763));
#858 = CARTESIAN_POINT('',(6.283182495862,10.723953518326));
#859 = CARTESIAN_POINT('',(6.283188708676,10.719096093022));
#860 = CARTESIAN_POINT('',(6.283182111789,10.714241501088));
#861 = CARTESIAN_POINT('',(6.283186798241,10.709383780114));
#862 = CARTESIAN_POINT('',(6.283184832419,10.704527376382));
#863 = CARTESIAN_POINT('',(6.283185234779,10.699670061019));
#864 = CARTESIAN_POINT('',(6.283185243641,10.694812521572));
#865 = ( GEOMETRIC_REPRESENTATION_CONTEXT(2) 
PARAMETRIC_REPRESENTATION_CONTEXT() REPRESENTATION_CONTEXT('2D SPACE',''
  ) );
#866 = PCURVE('',#867,#945);
#867 = ( BOUNDED_SURFACE() B_SPLINE_SURFACE(6,10,(
    (#868,#869,#870,#871,#872,#873,#874,#875,#876,#877,#878)
    ,(#879,#880,#881,#882,#883,#884,#885,#886,#887,#888,#889)
    ,(#890,#891,#892,#893,#894,#895,#896,#897,#898,#899,#900)
    ,(#901,#902,#903,#904,#905,#906,#907,#908,#909,#910,#911)
    ,(#912,#913,#914,#915,#916,#917,#918,#919,#920,#921,#922)
    ,(#923,#924,#925,#926,#927,#928,#929,#930,#931,#932,#933)
    ,(#934,#935,#936,#937,#938,#939,#940,#941,#942,#943,#944
)),.UNSPECIFIED.,.T.,.F.,.F.) B_SPLINE_SURFACE_WITH_KNOTS((7,7),(11,11),
  (1.570796326795,7.853981633974),(0.,6.28815693223),
.PIECEWISE_BEZIER_KNOTS.) GEOMETRIC_REPRESENTATION_ITEM() 
RATIONAL_B_SPLINE_SURFACE((
    (1.669078461068,1.669078461068,1.669078461068,1.669078461069
      ,1.669078461068,1.669078461069,1.669078461068,1.669078461068
      ,1.669078461068,1.669078461068,1.669078461068)
    ,(1.03672962321,1.03672962321,1.03672962321,1.03672962321
      ,1.036729623209,1.03672962321,1.036729623209,1.03672962321
      ,1.03672962321,1.03672962321,1.03672962321)
    ,(1.038346699848,1.038346699848,1.038346699847,1.038346699848
      ,1.038346699847,1.038346699848,1.038346699847,1.038346699848
      ,1.038346699847,1.038346699848,1.038346699848)
    ,(0.853534330196,0.853534330196,0.853534330196,0.853534330196
      ,0.853534330196,0.853534330196,0.853534330196,0.853534330196
      ,0.853534330196,0.853534330196,0.853534330196)
    ,(1.038346699848,1.038346699848,1.038346699847,1.038346699848
      ,1.038346699847,1.038346699848,1.038346699847,1.038346699848
      ,1.038346699847,1.038346699848,1.038346699848)
    ,(1.03672962321,1.03672962321,1.03672962321,1.03672962321
      ,1.036729623209,1.03672962321,1.036729623209,1.03672962321
      ,1.03672962321,1.03672962321,1.03672962321)
    ,(1.669078461068,1.669078461068,1.669078461068,1.669078461069
      ,1.669078461068,1.669078461069,1.669078461068,1.669078461068
      ,1.669078461068,1.669078461068,1.669078461068
))) REPRESENTATION_ITEM('') SURFACE() );
#868 = CARTESIAN_POINT('',(1.201679062458,0.445496835895,0.149552375668)
  );
#869 = CARTESIAN_POINT('',(0.921765148481,1.200534065935,0.224552375556)
  );
#870 = CARTESIAN_POINT('',(0.114624053289,1.760803740003,0.299552376057)
  );
#871 = CARTESIAN_POINT('',(-1.065460109336,1.706367943679,0.374552374465
    ));
#872 = CARTESIAN_POINT('',(-2.095545777173,0.787843589644,0.449552378029
    ));
#873 = CARTESIAN_POINT('',(-2.223851038664,-0.824445293016,
    0.524552372345));
#874 = CARTESIAN_POINT('',(-1.075557859666,-1.963462438963,
    0.599552378864));
#875 = CARTESIAN_POINT('',(0.304346114494,-1.988534734942,0.674552373469
    ));
#876 = CARTESIAN_POINT('',(1.234729934676,-1.260559563674,0.749552376654
    ));
#877 = CARTESIAN_POINT('',(1.481592990527,-0.309540394347,0.824552375368
    ));
#878 = CARTESIAN_POINT('',(1.201679061774,0.445496835928,0.899552375687)
  );
#879 = CARTESIAN_POINT('',(0.703219644617,0.447366071852,0.149552375669)
  );
#880 = CARTESIAN_POINT('',(0.422131254999,0.88921201288,0.224552375703)
  );
#881 = CARTESIAN_POINT('',(-0.167583520895,1.135218754984,0.299552375489
    ));
#882 = CARTESIAN_POINT('',(-0.910477860994,0.93944865855,0.374552375737)
  );
#883 = CARTESIAN_POINT('',(-1.439994891344,0.214752977481,0.449552376106
    ));
#884 = CARTESIAN_POINT('',(-1.301392141756,-0.827904538215,
    0.524552374444));
#885 = CARTESIAN_POINT('',(-0.415727261895,-1.395304542006,
    0.599552377191));
#886 = CARTESIAN_POINT('',(0.46507585819,-1.222799378123,0.674552374443)
  );
#887 = CARTESIAN_POINT('',(0.957222151965,-0.632875631305,0.749552376265
    ));
#888 = CARTESIAN_POINT('',(0.984308048218,5.52013062098E-03,
    0.824552375459));
#889 = CARTESIAN_POINT('',(0.703219643934,0.447366071884,0.899552375688)
  );
#890 = CARTESIAN_POINT('',(0.631649355549,0.447634462323,0.765916832834)
  );
#891 = CARTESIAN_POINT('',(0.350392331228,0.844511464484,0.840916832729)
  );
#892 = CARTESIAN_POINT('',(-0.208103725717,1.045395398029,0.915916833197
    ));
#893 = CARTESIAN_POINT('',(-0.88822504745,0.829332101495,0.990916831664)
  );
#894 = CARTESIAN_POINT('',(-1.345868941738,0.132466919049,1.065916835167
    ));
#895 = CARTESIAN_POINT('',(-1.168942742624,-0.828401226931,
    1.140916829544));
#896 = CARTESIAN_POINT('',(-0.32098681869,-1.313726737565,1.215916835969
    ));
#897 = CARTESIAN_POINT('',(0.488153914527,-1.112852813,1.290916830716));
#898 = CARTESIAN_POINT('',(0.917376757003,-0.542750901243,1.36591683376)
  );
#899 = CARTESIAN_POINT('',(0.912906393931,5.075745995995E-02,
    1.440916832548));
#900 = CARTESIAN_POINT('',(0.631649354866,0.447634462355,1.515916832852)
  );
#901 = CARTESIAN_POINT('',(1.201679062458,0.445496835895,1.274287451973)
  );
#902 = CARTESIAN_POINT('',(0.921765148454,1.200534065936,1.349287451919)
  );
#903 = CARTESIAN_POINT('',(0.114624053405,1.760803740001,1.424287452136)
  );
#904 = CARTESIAN_POINT('',(-1.065460109578,1.706367943683,1.499287451263
    ));
#905 = CARTESIAN_POINT('',(-2.09554577683,0.787843589641,1.574287453598)
  );
#906 = CARTESIAN_POINT('',(-2.223851039049,-0.824445293016,
    1.649287449441));
#907 = CARTESIAN_POINT('',(-1.075557859324,-1.963462438961,
    1.724287454516));
#908 = CARTESIAN_POINT('',(0.304346114272,-1.988534734942,1.799287450181
    ));
#909 = CARTESIAN_POINT('',(1.234729934773,-1.260559563674,1.874287452774
    ));
#910 = CARTESIAN_POINT('',(1.481592990503,-0.309540394346,1.949287451718
    ));
#911 = CARTESIAN_POINT('',(1.201679061776,0.445496835928,2.02428745199)
  );
#912 = CARTESIAN_POINT('',(1.771708769367,0.443359209467,0.765916832833)
  );
#913 = CARTESIAN_POINT('',(1.4931379657,1.556556667389,0.840916832709));
#914 = CARTESIAN_POINT('',(0.43735183241,2.476212081968,0.915916833271)
  );
#915 = CARTESIAN_POINT('',(-1.242695171396,2.583403785889,0.990916831493
    ));
#916 = CARTESIAN_POINT('',(-2.845222612497,1.443220260199,1.06591683547)
  );
#917 = CARTESIAN_POINT('',(-3.278759334656,-0.820489359051,
    1.140916829091));
#918 = CARTESIAN_POINT('',(-1.830128900839,-2.613198140408,
    1.215916836499));
#919 = CARTESIAN_POINT('',(0.120538314675,-2.864216656851,1.29091683027)
  );
#920 = CARTESIAN_POINT('',(1.552083112224,-1.978368226121,1.365916834));
#921 = CARTESIAN_POINT('',(2.050279587159,-0.669838248649,1.440916832481
    ));
#922 = CARTESIAN_POINT('',(1.771708768685,0.443359209501,1.51591683285)
  );
#923 = CARTESIAN_POINT('',(1.7001384803,0.443627599938,0.149552375668));
#924 = CARTESIAN_POINT('',(1.421399041841,1.511856118991,0.224552375536)
  );
#925 = CARTESIAN_POINT('',(0.396831627998,2.386388725025,0.299552376126)
  );
#926 = CARTESIAN_POINT('',(-1.220442358891,2.473287228803,0.374552374322
    ));
#927 = CARTESIAN_POINT('',(-2.75109666117,1.360934201818,0.449552378231)
  );
#928 = CARTESIAN_POINT('',(-3.146309937517,-0.820986047831,
    0.524552372143));
#929 = CARTESIAN_POINT('',(-1.73538845593,-2.531620335908,0.599552379023
    ));
#930 = CARTESIAN_POINT('',(0.143616369934,-2.754270091767,0.674552373364
    ));
#931 = CARTESIAN_POINT('',(1.512237717757,-1.888243496042,0.749552376707
    ));
#932 = CARTESIAN_POINT('',(1.978877932738,-0.624600919315,0.82455237535)
  );
#933 = CARTESIAN_POINT('',(1.700138479619,0.443627599972,0.899552375686)
  );
#934 = CARTESIAN_POINT('',(1.201679062458,0.445496835895,0.149552375668)
  );
#935 = CARTESIAN_POINT('',(0.921765148481,1.200534065935,0.224552375556)
  );
#936 = CARTESIAN_POINT('',(0.114624053289,1.760803740003,0.299552376057)
  );
#937 = CARTESIAN_POINT('',(-1.065460109336,1.706367943679,0.374552374465
    ));
#938 = CARTESIAN_POINT('',(-2.095545777173,0.787843589644,0.449552378029
    ));
#939 = CARTESIAN_POINT('',(-2.223851038664,-0.824445293016,
    0.524552372345));
#940 = CARTESIAN_POINT('',(-1.075557859666,-1.963462438963,
    0.599552378864));
#941 = CARTESIAN_POINT('',(0.304346114494,-1.988534734942,0.674552373469
    ));
#942 = CARTESIAN_POINT('',(1.234729934676,-1.260559563674,0.749552376654
    ));
#943 = CARTESIAN_POINT('',(1.481592990527,-0.309540394347,0.824552375368
    ));
#944 = CARTESIAN_POINT('',(1.201679061774,0.445496835928,0.899552375687)
  );
#945 = DEFINITIONAL_REPRESENTATION('',(#946),#977);
#946 = B_SPLINE_CURVE_WITH_KNOTS('',8,(#947,#948,#949,#950,#951,#952,
    #953,#954,#955,#956,#957,#958,#959,#960,#961,#962,#963,#964,#965,
    #966,#967,#968,#969,#970,#971,#972,#973,#974,#975,#976),
  .UNSPECIFIED.,.F.,.F.,(9,7,7,7,9),(0.,0.330677413971,0.412423451849,
    0.441720946073,1.),.UNSPECIFIED.);
#947 = CARTESIAN_POINT('',(1.833232837018,0.));
#948 = CARTESIAN_POINT('',(1.83316483013,3.679354491687E-04));
#949 = CARTESIAN_POINT('',(1.833097992714,7.36082970368E-04));
#950 = CARTESIAN_POINT('',(1.833032655591,1.103046653243E-03));
#951 = CARTESIAN_POINT('',(1.832968347714,1.470550800208E-03));
#952 = CARTESIAN_POINT('',(1.83290534156,1.838038995084E-03));
#953 = CARTESIAN_POINT('',(1.832843842983,2.204617170721E-03));
#954 = CARTESIAN_POINT('',(1.832783349311,2.571482678458E-03));
#955 = CARTESIAN_POINT('',(1.83271020073,3.028582697638E-03));
#956 = CARTESIAN_POINT('',(1.832704593735,3.213413784967E-03));
#957 = CARTESIAN_POINT('',(1.83265632361,3.426025273513E-03));
#958 = CARTESIAN_POINT('',(1.832589900534,3.609519160267E-03));
#959 = CARTESIAN_POINT('',(1.832562091222,3.725478758412E-03));
#960 = CARTESIAN_POINT('',(1.83261811044,3.762898665786E-03));
#961 = CARTESIAN_POINT('',(1.832747812518,3.747114733347E-03));
#962 = CARTESIAN_POINT('',(1.832875597356,3.749314385203E-03));
#963 = CARTESIAN_POINT('',(1.832991508272,3.751340789642E-03));
#964 = CARTESIAN_POINT('',(1.833220360809,3.752088380466E-03));
#965 = CARTESIAN_POINT('',(1.833570720051,3.752064107452E-03));
#966 = CARTESIAN_POINT('',(1.834023331267,3.752201233203E-03));
#967 = CARTESIAN_POINT('',(1.83452429385,3.752560353844E-03));
#968 = CARTESIAN_POINT('',(1.83497704895,3.752536943861E-03));
#969 = CARTESIAN_POINT('',(1.84011390637,3.753308704936E-03));
#970 = CARTESIAN_POINT('',(1.844995881763,3.752033286903E-03));
#971 = CARTESIAN_POINT('',(1.849874777263,3.75409876934E-03));
#972 = CARTESIAN_POINT('',(1.854756754173,3.751905578244E-03));
#973 = CARTESIAN_POINT('',(1.859635328886,3.753463611064E-03));
#974 = CARTESIAN_POINT('',(1.864515337264,3.752810049344E-03));
#975 = CARTESIAN_POINT('',(1.869394354313,3.752943806119E-03));
#976 = CARTESIAN_POINT('',(1.874273129747,3.752946741571E-03));
#977 = ( GEOMETRIC_REPRESENTATION_CONTEXT(2) 
PARAMETRIC_REPRESENTATION_CONTEXT() REPRESENTATION_CONTEXT('2D SPACE',''
  ) );
#978 = ORIENTED_EDGE('',*,*,#979,.T.);
#979 = EDGE_CURVE('',#798,#226,#980,.T.);
#980 = SURFACE_CURVE('',#981,(#1032,#1086),.PCURVE_S1.);
#981 = B_SPLINE_CURVE_WITH_KNOTS('',7,(#982,#983,#984,#985,#986,#987,
    #988,#989,#990,#991,#992,#993,#994,#995,#996,#997,#998,#999,#1000,
    #1001,#1002,#1003,#1004,#1005,#1006,#1007,#1008,#1009,#1010,#1011,
    #1012,#1013,#1014,#1015,#1016,#1017,#1018,#1019,#1020,#1021,#1022,
    #1023,#1024,#1025,#1026,#1027,#1028,#1029,#1030,#1031),
  .UNSPECIFIED.,.F.,.F.,(8,6,6,6,6,6,6,6,8),(0.,0.227498337701,
    0.455487467904,0.511490745117,0.54749340404,0.667498213896,
    0.785812593475,0.877818374895,1.),.UNSPECIFIED.);
#982 = CARTESIAN_POINT('',(1.499978929984,0.44437820353,0.450000008128)
  );
#983 = CARTESIAN_POINT('',(1.499978928739,0.444378203535,0.495944907643)
  );
#984 = CARTESIAN_POINT('',(1.491769647617,0.444408988555,0.541900792298)
  );
#985 = CARTESIAN_POINT('',(1.475344589007,0.444470582958,0.586086729907)
  );
#986 = CARTESIAN_POINT('',(1.451188913479,0.444561167378,0.626746658798)
  );
#987 = CARTESIAN_POINT('',(1.420239397912,0.444677228877,0.662303741956)
  );
#988 = CARTESIAN_POINT('',(1.383806208272,0.444813854298,0.69149205002)
  );
#989 = CARTESIAN_POINT('',(1.303019717537,0.445116805768,0.735486500708)
  );
#990 = CARTESIAN_POINT('',(1.258630361894,0.445283267021,0.750272086679)
  );
#991 = CARTESIAN_POINT('',(1.211857795777,0.445458665377,0.756959176456)
  );
#992 = CARTESIAN_POINT('',(1.164492399791,0.44563628686,0.755132528395)
  );
#993 = CARTESIAN_POINT('',(1.118373744678,0.445809233032,0.744863144366)
  );
#994 = CARTESIAN_POINT('',(1.075254870905,0.445970929945,0.726703307985)
  );
#995 = CARTESIAN_POINT('',(1.027146872993,0.446151336205,0.695476965876)
  );
#996 = CARTESIAN_POINT('',(1.017930764587,0.446185896855,0.688901861499)
  );
#997 = CARTESIAN_POINT('',(1.009007604808,0.446219358939,0.68192390167)
  );
#998 = CARTESIAN_POINT('',(1.000398431663,0.446251643565,0.674558816324)
  );
#999 = CARTESIAN_POINT('',(0.992123156998,0.446282676063,0.666823648263)
  );
#1000 = CARTESIAN_POINT('',(0.984200566497,0.446312385987,0.658736753159
    ));
#1001 = CARTESIAN_POINT('',(0.971793229414,0.446358913828,0.64490553209)
  );
#1002 = CARTESIAN_POINT('',(0.967091164534,0.446376546695,0.639356003043
    ));
#1003 = CARTESIAN_POINT('',(0.962546793355,0.446393588207,0.633674420467
    ));
#1004 = CARTESIAN_POINT('',(0.958164548311,0.446410021741,0.627866169576
    ));
#1005 = CARTESIAN_POINT('',(0.953948625949,0.446425831561,0.621936812739
    ));
#1006 = CARTESIAN_POINT('',(0.949902986937,0.446441002814,0.615892089482
    ));
#1007 = CARTESIAN_POINT('',(0.933126355676,0.446503915623,0.589224699362
    ));
#1008 = CARTESIAN_POINT('',(0.92215435701,0.446545060907,0.567495005192)
  );
#1009 = CARTESIAN_POINT('',(0.913253372539,0.446578439834,0.54476783235)
  );
#1010 = CARTESIAN_POINT('',(0.906529854297,0.446603653204,0.521281159813
    ));
#1011 = CARTESIAN_POINT('',(0.902055999883,0.446620430276,0.497285993876
    ));
#1012 = CARTESIAN_POINT('',(0.899867931291,0.446628635591,0.473040806636
    ));
#1013 = CARTESIAN_POINT('',(0.900059669495,0.446627916568,0.424910756259
    ));
#1014 = CARTESIAN_POINT('',(0.902375568504,0.446619231886,0.401024956757
    ));
#1015 = CARTESIAN_POINT('',(0.906911296871,0.446602222785,0.377396328714
    ));
#1016 = CARTESIAN_POINT('',(0.913630770123,0.446577024583,0.354272285176
    ));
#1017 = CARTESIAN_POINT('',(0.92246386778,0.446543900234,0.331893021038)
  );
#1018 = CARTESIAN_POINT('',(0.933308148037,0.446503233897,0.310486327869
    ));
#1019 = CARTESIAN_POINT('',(0.955925431912,0.446418418486,0.274534901527
    ));
#1020 = CARTESIAN_POINT('',(0.966955911085,0.446377053899,0.259522464273
    ));
#1021 = CARTESIAN_POINT('',(0.979060795967,0.446331660262,0.24532344891)
  );
#1022 = CARTESIAN_POINT('',(0.992167370395,0.446282510262,0.232029549861
    ));
#1023 = CARTESIAN_POINT('',(1.006193372186,0.446229912386,0.219724253976
    ));
#1024 = CARTESIAN_POINT('',(1.021048152579,0.446174206568,0.208481636478
    ));
#1025 = CARTESIAN_POINT('',(1.057331275153,0.446038143902,0.184930697777
    ));
#1026 = CARTESIAN_POINT('',(1.079318256043,0.445955692144,0.173481775194
    ));
#1027 = CARTESIAN_POINT('',(1.10236557367,0.445869264095,0.164167799981)
  );
#1028 = CARTESIAN_POINT('',(1.126223014402,0.445779798064,0.1571036547)
  );
#1029 = CARTESIAN_POINT('',(1.150625961706,0.445688286368,0.152367736511
    ));
#1030 = CARTESIAN_POINT('',(1.175302002182,0.445595750566,0.149999999994
    ));
#1031 = CARTESIAN_POINT('',(1.199977531605,0.445503216681,0.149999999994
    ));
#1032 = PCURVE('',#209,#1033);
#1033 = DEFINITIONAL_REPRESENTATION('',(#1034),#1085);
#1034 = B_SPLINE_CURVE_WITH_KNOTS('',7,(#1035,#1036,#1037,#1038,#1039,
    #1040,#1041,#1042,#1043,#1044,#1045,#1046,#1047,#1048,#1049,#1050,
    #1051,#1052,#1053,#1054,#1055,#1056,#1057,#1058,#1059,#1060,#1061,
    #1062,#1063,#1064,#1065,#1066,#1067,#1068,#1069,#1070,#1071,#1072,
    #1073,#1074,#1075,#1076,#1077,#1078,#1079,#1080,#1081,#1082,#1083,
    #1084),.UNSPECIFIED.,.F.,.F.,(8,6,6,6,6,6,6,6,8),(0.,0.227498337701,
    0.455487467904,0.511490745117,0.54749340404,0.667498213896,
    0.785812593475,0.877818374895,1.),.UNSPECIFIED.);
#1035 = CARTESIAN_POINT('',(6.275689508358,6.283185334293));
#1036 = CARTESIAN_POINT('',(6.275689508352,6.436334999341));
#1037 = CARTESIAN_POINT('',(6.275648504185,6.589520162553));
#1038 = CARTESIAN_POINT('',(6.275566485802,6.74267781174));
#1039 = CARTESIAN_POINT('',(6.275440158728,6.895818129192));
#1040 = CARTESIAN_POINT('',(6.275262978455,7.048975684705));
#1041 = CARTESIAN_POINT('',(6.275023436443,7.202160626274));
#1042 = CARTESIAN_POINT('',(6.274379064748,7.508789506388));
#1043 = CARTESIAN_POINT('',(6.27397350926,7.662304987555));
#1044 = CARTESIAN_POINT('',(6.273466301489,7.815791843151));
#1045 = CARTESIAN_POINT('',(6.27282297467,7.969261796958));
#1046 = CARTESIAN_POINT('',(6.272014095162,8.122747426313));
#1047 = CARTESIAN_POINT('',(6.270955281323,8.276259957794));
#1048 = CARTESIAN_POINT('',(6.269310570417,8.467433938015));
#1049 = CARTESIAN_POINT('',(6.268970547055,8.505133315912));
#1050 = CARTESIAN_POINT('',(6.268614453329,8.542832563484));
#1051 = CARTESIAN_POINT('',(6.268242470134,8.580531670977));
#1052 = CARTESIAN_POINT('',(6.267855343103,8.618230635389));
#1053 = CARTESIAN_POINT('',(6.267454382608,8.655929460473));
#1054 = CARTESIAN_POINT('',(6.266776011857,8.717863404577));
#1055 = CARTESIAN_POINT('',(6.266505671098,8.742098605308));
#1056 = CARTESIAN_POINT('',(6.266230984097,8.766333763147));
#1057 = CARTESIAN_POINT('',(6.265952678328,8.790568884716));
#1058 = CARTESIAN_POINT('',(6.265671666123,8.814803979042));
#1059 = CARTESIAN_POINT('',(6.265389044671,8.839039057552));
#1060 = CARTESIAN_POINT('',(6.264162965702,8.944054994086));
#1061 = CARTESIAN_POINT('',(6.263216059565,9.024837313489));
#1062 = CARTESIAN_POINT('',(6.262315106923,9.105619348038));
#1063 = CARTESIAN_POINT('',(6.261527436421,9.186401999279));
#1064 = CARTESIAN_POINT('',(6.260966551787,9.267187038719));
#1065 = CARTESIAN_POINT('',(6.260693539288,9.347974641667));
#1066 = CARTESIAN_POINT('',(6.260717479009,9.508409415554));
#1067 = CARTESIAN_POINT('',(6.261006462939,9.588058857348));
#1068 = CARTESIAN_POINT('',(6.261572013037,9.667705829494));
#1069 = CARTESIAN_POINT('',(6.26235316589,9.747350514776));
#1070 = CARTESIAN_POINT('',(6.263242750924,9.826994580843));
#1071 = CARTESIAN_POINT('',(6.264176251675,9.90663889541));
#1072 = CARTESIAN_POINT('',(6.265829180201,10.048215288312));
#1073 = CARTESIAN_POINT('',(6.266550225677,10.110149096922));
#1074 = CARTESIAN_POINT('',(6.267247298588,10.172082869034));
#1075 = CARTESIAN_POINT('',(6.267907940089,10.234016831363));
#1076 = CARTESIAN_POINT('',(6.268526599797,10.295951379328));
#1077 = CARTESIAN_POINT('',(6.269102068298,10.357886592949));
#1078 = CARTESIAN_POINT('',(6.270342511071,10.502070263213));
#1079 = CARTESIAN_POINT('',(6.270974712522,10.584320962065));
#1080 = CARTESIAN_POINT('',(6.271534226596,10.666570986199));
#1081 = CARTESIAN_POINT('',(6.272027710058,10.748820665331));
#1082 = CARTESIAN_POINT('',(6.272463601082,10.8310714013));
#1083 = CARTESIAN_POINT('',(6.272849956499,10.913323547377));
#1084 = CARTESIAN_POINT('',(6.273192289041,10.995574287564));
#1085 = ( GEOMETRIC_REPRESENTATION_CONTEXT(2) 
PARAMETRIC_REPRESENTATION_CONTEXT() REPRESENTATION_CONTEXT('2D SPACE',''
  ) );
#1086 = PCURVE('',#277,#1087);
#1087 = DEFINITIONAL_REPRESENTATION('',(#1088),#1139);
#1088 = B_SPLINE_CURVE_WITH_KNOTS('',7,(#1089,#1090,#1091,#1092,#1093,
    #1094,#1095,#1096,#1097,#1098,#1099,#1100,#1101,#1102,#1103,#1104,
    #1105,#1106,#1107,#1108,#1109,#1110,#1111,#1112,#1113,#1114,#1115,
    #1116,#1117,#1118,#1119,#1120,#1121,#1122,#1123,#1124,#1125,#1126,
    #1127,#1128,#1129,#1130,#1131,#1132,#1133,#1134,#1135,#1136,#1137,
    #1138),.UNSPECIFIED.,.F.,.F.,(8,6,6,6,6,6,6,6,8),(0.,0.227498337701,
    0.455487467904,0.511490745117,0.54749340404,0.667498213896,
    0.785812593475,0.877818374895,1.),.UNSPECIFIED.);
#1089 = CARTESIAN_POINT('',(0.298301964969,-4.476324587561E-04));
#1090 = CARTESIAN_POINT('',(0.298301963723,-4.639253197334E-02));
#1091 = CARTESIAN_POINT('',(0.29009262488,-9.23484166286E-02));
#1092 = CARTESIAN_POINT('',(0.273667450779,-0.136534354238));
#1093 = CARTESIAN_POINT('',(0.249511605405,-0.177194283129));
#1094 = CARTESIAN_POINT('',(0.218561872222,-0.212751366287));
#1095 = CARTESIAN_POINT('',(0.182128426409,-0.241939674351));
#1096 = CARTESIAN_POINT('',(0.101341367638,-0.285934125038));
#1097 = CARTESIAN_POINT('',(5.695169987856E-02,-0.30071971101));
#1098 = CARTESIAN_POINT('',(1.017880488862E-02,-0.307406800787));
#1099 = CARTESIAN_POINT('',(-3.718692413934E-02,-0.305580152726));
#1100 = CARTESIAN_POINT('',(-8.330590352712E-02,-0.295310768697));
#1101 = CARTESIAN_POINT('',(-0.126425080483,-0.277150932316));
#1102 = CARTESIAN_POINT('',(-0.174533416657,-0.245924590207));
#1103 = CARTESIAN_POINT('',(-0.183749589865,-0.23934948583));
#1104 = CARTESIAN_POINT('',(-0.192672812386,-0.232371526001));
#1105 = CARTESIAN_POINT('',(-0.201282046064,-0.225006440654));
#1106 = CARTESIAN_POINT('',(-0.209557378916,-0.217271272593));
#1107 = CARTESIAN_POINT('',(-0.217480025123,-0.20918437749));
#1108 = CARTESIAN_POINT('',(-0.229887449446,-0.195353156421));
#1109 = CARTESIAN_POINT('',(-0.234589547388,-0.189803627373));
#1110 = CARTESIAN_POINT('',(-0.239133950519,-0.184122044798));
#1111 = CARTESIAN_POINT('',(-0.243516226377,-0.178313793907));
#1112 = CARTESIAN_POINT('',(-0.247732178382,-0.172384437069));
#1113 = CARTESIAN_POINT('',(-0.25177784584,-0.166339713813));
#1114 = CARTESIAN_POINT('',(-0.268554595063,-0.139672323692));
#1115 = CARTESIAN_POINT('',(-0.279526670877,-0.117942629523));
#1116 = CARTESIAN_POINT('',(-0.288427717934,-9.5215456681E-02));
#1117 = CARTESIAN_POINT('',(-0.295151283451,-7.172878414415E-02));
#1118 = CARTESIAN_POINT('',(-0.299625169323,-4.773361820711E-02));
#1119 = CARTESIAN_POINT('',(-0.3018132533,-2.348843096681E-02));
#1120 = CARTESIAN_POINT('',(-0.301621513747,2.464161941064E-02));
#1121 = CARTESIAN_POINT('',(-0.299305598455,4.852741891178E-02));
#1122 = CARTESIAN_POINT('',(-0.294769838195,7.215604695521E-02));
#1123 = CARTESIAN_POINT('',(-0.288050317697,9.528009049335E-02));
#1124 = CARTESIAN_POINT('',(-0.279217157931,0.117659354631));
#1125 = CARTESIAN_POINT('',(-0.268372801424,0.1390660478));
#1126 = CARTESIAN_POINT('',(-0.24575535852,0.175017474142));
#1127 = CARTESIAN_POINT('',(-0.234724801788,0.190029911396));
#1128 = CARTESIAN_POINT('',(-0.222619831793,0.20422892676));
#1129 = CARTESIAN_POINT('',(-0.209513165208,0.217522825808));
#1130 = CARTESIAN_POINT('',(-0.195487064795,0.229828121694));
#1131 = CARTESIAN_POINT('',(-0.180632179954,0.241070739191));
#1132 = CARTESIAN_POINT('',(-0.144348802262,0.264621677892));
#1133 = CARTESIAN_POINT('',(-0.122361666774,0.276070600475));
#1134 = CARTESIAN_POINT('',(-9.931418709401E-02,0.285384575689));
#1135 = CARTESIAN_POINT('',(-7.545657861233E-02,0.292448720969));
#1136 = CARTESIAN_POINT('',(-5.105345972346E-02,0.297184639159));
#1137 = CARTESIAN_POINT('',(-2.637724574166E-02,0.299552375675));
#1138 = CARTESIAN_POINT('',(-1.701542817341E-03,0.299552375675));
#1139 = ( GEOMETRIC_REPRESENTATION_CONTEXT(2) 
PARAMETRIC_REPRESENTATION_CONTEXT() REPRESENTATION_CONTEXT('2D SPACE',''
  ) );
#1140 = ORIENTED_EDGE('',*,*,#225,.F.);
#1141 = ADVANCED_FACE('',(#1142),#277,.F.);
#1142 = FACE_BOUND('',#1143,.F.);
#1143 = EDGE_LOOP('',(#1144,#1175,#1204,#1205,#1206));
#1144 = ORIENTED_EDGE('',*,*,#1145,.T.);
#1145 = EDGE_CURVE('',#296,#1146,#1148,.T.);
#1146 = VERTEX_POINT('',#1147);
#1147 = CARTESIAN_POINT('',(1.201679062458,0.445496835895,0.149552375668
    ));
#1148 = SURFACE_CURVE('',#1149,(#1157,#1168),.PCURVE_S1.);
#1149 = ( BOUNDED_CURVE() B_SPLINE_CURVE(6,(#1150,#1151,#1152,#1153,
#1154,#1155,#1156),.UNSPECIFIED.,.T.,.F.) B_SPLINE_CURVE_WITH_KNOTS((7,7
),(1.570796326795,7.853981633974),.PIECEWISE_BEZIER_KNOTS.) CURVE() 
GEOMETRIC_REPRESENTATION_ITEM() RATIONAL_B_SPLINE_CURVE((1.669078461068,
    1.03672962321,1.038346699848,0.853534330196,1.038346699848,
1.03672962321,1.669078461068)) REPRESENTATION_ITEM('') );
#1150 = CARTESIAN_POINT('',(1.201679062458,0.445496835895,0.149552375668
    ));
#1151 = CARTESIAN_POINT('',(0.703219644617,0.447366071852,0.149552375669
    ));
#1152 = CARTESIAN_POINT('',(0.631649355549,0.447634462323,0.765916832834
    ));
#1153 = CARTESIAN_POINT('',(1.201679062458,0.445496835895,1.274287451973
    ));
#1154 = CARTESIAN_POINT('',(1.771708769367,0.443359209467,0.765916832833
    ));
#1155 = CARTESIAN_POINT('',(1.7001384803,0.443627599938,0.149552375668)
  );
#1156 = CARTESIAN_POINT('',(1.201679062458,0.445496835895,0.149552375668
    ));
#1157 = PCURVE('',#277,#1158);
#1158 = DEFINITIONAL_REPRESENTATION('',(#1159),#1167);
#1159 = ( BOUNDED_CURVE() B_SPLINE_CURVE(6,(#1160,#1161,#1162,#1163,
#1164,#1165,#1166),.UNSPECIFIED.,.T.,.F.) B_SPLINE_CURVE_WITH_KNOTS((7,7
),(1.570796326795,7.853981633974),.PIECEWISE_BEZIER_KNOTS.) CURVE() 
GEOMETRIC_REPRESENTATION_ITEM() RATIONAL_B_SPLINE_CURVE((1.669078461068,
    1.03672962321,1.038346699848,0.853534330196,1.038346699848,
1.03672962321,1.669078461068)) REPRESENTATION_ITEM('') );
#1160 = CARTESIAN_POINT('',(1.620925615953E-14,0.300000000001));
#1161 = CARTESIAN_POINT('',(-0.498462922671,0.3));
#1162 = CARTESIAN_POINT('',(-0.570033714973,-0.316364457164));
#1163 = CARTESIAN_POINT('',(1.110223024625E-14,-0.824735076303));
#1164 = CARTESIAN_POINT('',(0.570033714972,-0.316364457164));
#1165 = CARTESIAN_POINT('',(0.498462922671,0.300000000002));
#1166 = CARTESIAN_POINT('',(1.620925615953E-14,0.300000000001));
#1167 = ( GEOMETRIC_REPRESENTATION_CONTEXT(2) 
PARAMETRIC_REPRESENTATION_CONTEXT() REPRESENTATION_CONTEXT('2D SPACE',''
  ) );
#1168 = PCURVE('',#559,#1169);
#1169 = DEFINITIONAL_REPRESENTATION('',(#1170),#1174);
#1170 = LINE('',#1171,#1172);
#1171 = CARTESIAN_POINT('',(0.,0.));
#1172 = VECTOR('',#1173,1.);
#1173 = DIRECTION('',(1.,0.));
#1174 = ( GEOMETRIC_REPRESENTATION_CONTEXT(2) 
PARAMETRIC_REPRESENTATION_CONTEXT() REPRESENTATION_CONTEXT('2D SPACE',''
  ) );
#1175 = ORIENTED_EDGE('',*,*,#1176,.T.);
#1176 = EDGE_CURVE('',#1146,#798,#1177,.T.);
#1177 = SURFACE_CURVE('',#1178,(#1186,#1197),.PCURVE_S1.);
#1178 = ( BOUNDED_CURVE() B_SPLINE_CURVE(6,(#1179,#1180,#1181,#1182,
#1183,#1184,#1185),.UNSPECIFIED.,.T.,.F.) B_SPLINE_CURVE_WITH_KNOTS((7,7
),(1.570796326795,7.853981633974),.PIECEWISE_BEZIER_KNOTS.) CURVE() 
GEOMETRIC_REPRESENTATION_ITEM() RATIONAL_B_SPLINE_CURVE((1.669078461068,
    1.03672962321,1.038346699848,0.853534330196,1.038346699848,
1.03672962321,1.669078461068)) REPRESENTATION_ITEM('') );
#1179 = CARTESIAN_POINT('',(1.201679062458,0.445496835895,0.149552375668
    ));
#1180 = CARTESIAN_POINT('',(0.703219644617,0.447366071852,0.149552375669
    ));
#1181 = CARTESIAN_POINT('',(0.631649355549,0.447634462323,0.765916832834
    ));
#1182 = CARTESIAN_POINT('',(1.201679062458,0.445496835895,1.274287451973
    ));
#1183 = CARTESIAN_POINT('',(1.771708769367,0.443359209467,0.765916832833
    ));
#1184 = CARTESIAN_POINT('',(1.7001384803,0.443627599938,0.149552375668)
  );
#1185 = CARTESIAN_POINT('',(1.201679062458,0.445496835895,0.149552375668
    ));
#1186 = PCURVE('',#277,#1187);
#1187 = DEFINITIONAL_REPRESENTATION('',(#1188),#1196);
#1188 = ( BOUNDED_CURVE() B_SPLINE_CURVE(6,(#1189,#1190,#1191,#1192,
#1193,#1194,#1195),.UNSPECIFIED.,.T.,.F.) B_SPLINE_CURVE_WITH_KNOTS((7,7
),(1.570796326795,7.853981633974),.PIECEWISE_BEZIER_KNOTS.) CURVE() 
GEOMETRIC_REPRESENTATION_ITEM() RATIONAL_B_SPLINE_CURVE((1.669078461068,
    1.03672962321,1.038346699848,0.853534330196,1.038346699848,
1.03672962321,1.669078461068)) REPRESENTATION_ITEM('') );
#1189 = CARTESIAN_POINT('',(1.620925615953E-14,0.300000000001));
#1190 = CARTESIAN_POINT('',(-0.498462922671,0.3));
#1191 = CARTESIAN_POINT('',(-0.570033714973,-0.316364457164));
#1192 = CARTESIAN_POINT('',(1.110223024625E-14,-0.824735076303));
#1193 = CARTESIAN_POINT('',(0.570033714972,-0.316364457164));
#1194 = CARTESIAN_POINT('',(0.498462922671,0.300000000002));
#1195 = CARTESIAN_POINT('',(1.620925615953E-14,0.300000000001));
#1196 = ( GEOMETRIC_REPRESENTATION_CONTEXT(2) 
PARAMETRIC_REPRESENTATION_CONTEXT() REPRESENTATION_CONTEXT('2D SPACE',''
  ) );
#1197 = PCURVE('',#867,#1198);
#1198 = DEFINITIONAL_REPRESENTATION('',(#1199),#1203);
#1199 = LINE('',#1200,#1201);
#1200 = CARTESIAN_POINT('',(6.28318530718,0.));
#1201 = VECTOR('',#1202,1.);
#1202 = DIRECTION('',(1.,0.));
#1203 = ( GEOMETRIC_REPRESENTATION_CONTEXT(2) 
PARAMETRIC_REPRESENTATION_CONTEXT() REPRESENTATION_CONTEXT('2D SPACE',''
  ) );
#1204 = ORIENTED_EDGE('',*,*,#979,.T.);
#1205 = ORIENTED_EDGE('',*,*,#249,.T.);
#1206 = ORIENTED_EDGE('',*,*,#295,.T.);
#1207 = ADVANCED_FACE('',(#1208),#867,.T.);
#1208 = FACE_BOUND('',#1209,.T.);
#1209 = EDGE_LOOP('',(#1210,#1241,#1242,#1243));
#1210 = ORIENTED_EDGE('',*,*,#1211,.F.);
#1211 = EDGE_CURVE('',#1146,#1212,#1214,.T.);
#1212 = VERTEX_POINT('',#1213);
#1213 = CARTESIAN_POINT('',(1.200000000011,0.45,0.149999999994));
#1214 = SURFACE_CURVE('',#1215,(#1227,#1234),.PCURVE_S1.);
#1215 = ( BOUNDED_CURVE() B_SPLINE_CURVE(10,(#1216,#1217,#1218,#1219,
    #1220,#1221,#1222,#1223,#1224,#1225,#1226),.UNSPECIFIED.,.F.,.F.) 
B_SPLINE_CURVE_WITH_KNOTS((11,11),(0.,6.28815693223),
.PIECEWISE_BEZIER_KNOTS.) CURVE() GEOMETRIC_REPRESENTATION_ITEM() 
RATIONAL_B_SPLINE_CURVE((1.669078461068,1.669078461068,1.669078461068,
    1.669078461069,1.669078461068,1.669078461069,1.669078461068,
    1.669078461068,1.669078461068,1.669078461068,1.669078461068)) 
REPRESENTATION_ITEM('') );
#1216 = CARTESIAN_POINT('',(1.201679062458,0.445496835895,0.149552375668
    ));
#1217 = CARTESIAN_POINT('',(0.921765148481,1.200534065935,0.224552375556
    ));
#1218 = CARTESIAN_POINT('',(0.114624053289,1.760803740003,0.299552376057
    ));
#1219 = CARTESIAN_POINT('',(-1.065460109336,1.706367943679,
    0.374552374465));
#1220 = CARTESIAN_POINT('',(-2.095545777173,0.787843589644,
    0.449552378029));
#1221 = CARTESIAN_POINT('',(-2.223851038664,-0.824445293016,
    0.524552372345));
#1222 = CARTESIAN_POINT('',(-1.075557859666,-1.963462438963,
    0.599552378864));
#1223 = CARTESIAN_POINT('',(0.304346114494,-1.988534734942,
    0.674552373469));
#1224 = CARTESIAN_POINT('',(1.234729934676,-1.260559563674,
    0.749552376654));
#1225 = CARTESIAN_POINT('',(1.481592990527,-0.309540394347,
    0.824552375368));
#1226 = CARTESIAN_POINT('',(1.201679061774,0.445496835928,0.899552375687
    ));
#1227 = PCURVE('',#867,#1228);
#1228 = DEFINITIONAL_REPRESENTATION('',(#1229),#1233);
#1229 = LINE('',#1230,#1231);
#1230 = CARTESIAN_POINT('',(1.570796326795,0.));
#1231 = VECTOR('',#1232,1.);
#1232 = DIRECTION('',(0.,1.));
#1233 = ( GEOMETRIC_REPRESENTATION_CONTEXT(2) 
PARAMETRIC_REPRESENTATION_CONTEXT() REPRESENTATION_CONTEXT('2D SPACE',''
  ) );
#1234 = PCURVE('',#559,#1235);
#1235 = DEFINITIONAL_REPRESENTATION('',(#1236),#1240);
#1236 = LINE('',#1237,#1238);
#1237 = CARTESIAN_POINT('',(7.853981633974,0.));
#1238 = VECTOR('',#1239,1.);
#1239 = DIRECTION('',(0.,1.));
#1240 = ( GEOMETRIC_REPRESENTATION_CONTEXT(2) 
PARAMETRIC_REPRESENTATION_CONTEXT() REPRESENTATION_CONTEXT('2D SPACE',''
  ) );
#1241 = ORIENTED_EDGE('',*,*,#1176,.T.);
#1242 = ORIENTED_EDGE('',*,*,#797,.T.);
#1243 = ORIENTED_EDGE('',*,*,#1244,.T.);
#1244 = EDGE_CURVE('',#687,#1212,#1245,.T.);
#1245 = SURFACE_CURVE('',#1246,(#1251,#1260),.PCURVE_S1.);
#1246 = CIRCLE('',#1247,0.3);
#1247 = AXIS2_PLACEMENT_3D('',#1248,#1249,#1250);
#1248 = CARTESIAN_POINT('',(1.200000000011,0.45,0.449999999994));
#1249 = DIRECTION('',(1.786867864754E-18,-1.,0.));
#1250 = DIRECTION('',(1.,1.786867864754E-18,0.));
#1251 = PCURVE('',#867,#1252);
#1252 = DEFINITIONAL_REPRESENTATION('',(#1253),#1259);
#1253 = B_SPLINE_CURVE_WITH_KNOTS('',4,(#1254,#1255,#1256,#1257,#1258),
  .UNSPECIFIED.,.F.,.F.,(5,5),(10.694812521572,10.995574287564),
  .PIECEWISE_BEZIER_KNOTS.);
#1254 = CARTESIAN_POINT('',(1.874273097597,3.752967402078E-03));
#1255 = CARTESIAN_POINT('',(1.798753882692,3.752967423154E-03));
#1256 = CARTESIAN_POINT('',(1.723047149368,3.752967454852E-03));
#1257 = CARTESIAN_POINT('',(1.647090411072,3.752967494243E-03));
#1258 = CARTESIAN_POINT('',(1.570796333691,3.752967537888E-03));
#1259 = ( GEOMETRIC_REPRESENTATION_CONTEXT(2) 
PARAMETRIC_REPRESENTATION_CONTEXT() REPRESENTATION_CONTEXT('2D SPACE',''
  ) );
#1260 = PCURVE('',#703,#1261);
#1261 = DEFINITIONAL_REPRESENTATION('',(#1262),#1268);
#1262 = B_SPLINE_CURVE_WITH_KNOTS('',4,(#1263,#1264,#1265,#1266,#1267),
  .UNSPECIFIED.,.F.,.F.,(5,5),(10.694812521572,10.995574287564),
  .PIECEWISE_BEZIER_KNOTS.);
#1263 = CARTESIAN_POINT('',(1.874273097597,3.752967402078E-03));
#1264 = CARTESIAN_POINT('',(1.798753882692,3.752967423154E-03));
#1265 = CARTESIAN_POINT('',(1.723047149368,3.752967454852E-03));
#1266 = CARTESIAN_POINT('',(1.647090411072,3.752967494243E-03));
#1267 = CARTESIAN_POINT('',(1.570796333691,3.752967537888E-03));
#1268 = ( GEOMETRIC_REPRESENTATION_CONTEXT(2) 
PARAMETRIC_REPRESENTATION_CONTEXT() REPRESENTATION_CONTEXT('2D SPACE',''
  ) );
#1269 = ADVANCED_FACE('',(#1270),#703,.T.);
#1270 = FACE_BOUND('',#1271,.T.);
#1271 = EDGE_LOOP('',(#1272,#1312,#1343,#1446,#1447,#1448));
#1272 = ORIENTED_EDGE('',*,*,#1273,.F.);
#1273 = EDGE_CURVE('',#1212,#460,#1274,.T.);
#1274 = SURFACE_CURVE('',#1275,(#1280,#1296),.PCURVE_S1.);
#1275 = CIRCLE('',#1276,0.3);
#1276 = AXIS2_PLACEMENT_3D('',#1277,#1278,#1279);
#1277 = CARTESIAN_POINT('',(1.200000000011,0.45,0.449999999994));
#1278 = DIRECTION('',(1.786867864754E-18,-1.,0.));
#1279 = DIRECTION('',(1.,1.786867864754E-18,0.));
#1280 = PCURVE('',#703,#1281);
#1281 = DEFINITIONAL_REPRESENTATION('',(#1282),#1295);
#1282 = B_SPLINE_CURVE_WITH_KNOTS('',6,(#1283,#1284,#1285,#1286,#1287,
    #1288,#1289,#1290,#1291,#1292,#1293,#1294),.UNSPECIFIED.,.F.,.F.,(7,
    5,7),(4.712388980385,6.13972855834,7.567068136295),.UNSPECIFIED.);
#1283 = CARTESIAN_POINT('',(7.853981640871,3.752967537888E-03));
#1284 = CARTESIAN_POINT('',(7.612599987765,3.752967675865E-03));
#1285 = CARTESIAN_POINT('',(7.3742577271,3.752967853861E-03));
#1286 = CARTESIAN_POINT('',(7.137082652278,3.752967996688E-03));
#1287 = CARTESIAN_POINT('',(6.900086851279,3.752968079586E-03));
#1288 = CARTESIAN_POINT('',(6.662954920251,3.752968096935E-03));
#1289 = CARTESIAN_POINT('',(6.188286308396,3.752968016227E-03));
#1290 = CARTESIAN_POINT('',(5.950750263597,3.752967917473E-03));
#1291 = CARTESIAN_POINT('',(5.712945691874,3.752967775752E-03));
#1292 = CARTESIAN_POINT('',(5.475077045403,3.752967604601E-03));
#1293 = CARTESIAN_POINT('',(5.237191305189,3.752967498439E-03));
#1294 = CARTESIAN_POINT('',(4.999302258486,3.752967489016E-03));
#1295 = ( GEOMETRIC_REPRESENTATION_CONTEXT(2) 
PARAMETRIC_REPRESENTATION_CONTEXT() REPRESENTATION_CONTEXT('2D SPACE',''
  ) );
#1296 = PCURVE('',#559,#1297);
#1297 = DEFINITIONAL_REPRESENTATION('',(#1298),#1311);
#1298 = B_SPLINE_CURVE_WITH_KNOTS('',6,(#1299,#1300,#1301,#1302,#1303,
    #1304,#1305,#1306,#1307,#1308,#1309,#1310),.UNSPECIFIED.,.F.,.F.,(7,
    5,7),(4.712388980385,6.13972855834,7.567068136295),.UNSPECIFIED.);
#1299 = CARTESIAN_POINT('',(7.853981640871,3.752967537888E-03));
#1300 = CARTESIAN_POINT('',(7.612599987765,3.752967675865E-03));
#1301 = CARTESIAN_POINT('',(7.3742577271,3.752967853861E-03));
#1302 = CARTESIAN_POINT('',(7.137082652278,3.752967996688E-03));
#1303 = CARTESIAN_POINT('',(6.900086851279,3.752968079586E-03));
#1304 = CARTESIAN_POINT('',(6.662954920251,3.752968096935E-03));
#1305 = CARTESIAN_POINT('',(6.188286308396,3.752968016227E-03));
#1306 = CARTESIAN_POINT('',(5.950750263597,3.752967917473E-03));
#1307 = CARTESIAN_POINT('',(5.712945691874,3.752967775752E-03));
#1308 = CARTESIAN_POINT('',(5.475077045403,3.752967604601E-03));
#1309 = CARTESIAN_POINT('',(5.237191305189,3.752967498439E-03));
#1310 = CARTESIAN_POINT('',(4.999302258486,3.752967489016E-03));
#1311 = ( GEOMETRIC_REPRESENTATION_CONTEXT(2) 
PARAMETRIC_REPRESENTATION_CONTEXT() REPRESENTATION_CONTEXT('2D SPACE',''
  ) );
#1312 = ORIENTED_EDGE('',*,*,#1313,.T.);
#1313 = EDGE_CURVE('',#1212,#1314,#1316,.T.);
#1314 = VERTEX_POINT('',#1315);
#1315 = CARTESIAN_POINT('',(1.201679061776,0.445496835928,0.899552375688
    ));
#1316 = SEAM_CURVE('',#1317,(#1329,#1336),.PCURVE_S1.);
#1317 = ( BOUNDED_CURVE() B_SPLINE_CURVE(10,(#1318,#1319,#1320,#1321,
    #1322,#1323,#1324,#1325,#1326,#1327,#1328),.UNSPECIFIED.,.F.,.F.) 
B_SPLINE_CURVE_WITH_KNOTS((11,11),(0.,6.28815693223),
.PIECEWISE_BEZIER_KNOTS.) CURVE() GEOMETRIC_REPRESENTATION_ITEM() 
RATIONAL_B_SPLINE_CURVE((1.669078461068,1.669078461068,1.669078461068,
    1.669078461069,1.669078461068,1.669078461069,1.669078461068,
    1.669078461068,1.669078461068,1.669078461068,1.669078461068)) 
REPRESENTATION_ITEM('') );
#1318 = CARTESIAN_POINT('',(1.201679062458,0.445496835895,0.149552375668
    ));
#1319 = CARTESIAN_POINT('',(0.921765148481,1.200534065935,0.224552375556
    ));
#1320 = CARTESIAN_POINT('',(0.114624053289,1.760803740003,0.299552376057
    ));
#1321 = CARTESIAN_POINT('',(-1.065460109336,1.706367943679,
    0.374552374465));
#1322 = CARTESIAN_POINT('',(-2.095545777173,0.787843589644,
    0.449552378029));
#1323 = CARTESIAN_POINT('',(-2.223851038664,-0.824445293016,
    0.524552372345));
#1324 = CARTESIAN_POINT('',(-1.075557859666,-1.963462438963,
    0.599552378864));
#1325 = CARTESIAN_POINT('',(0.304346114494,-1.988534734942,
    0.674552373469));
#1326 = CARTESIAN_POINT('',(1.234729934676,-1.260559563674,
    0.749552376654));
#1327 = CARTESIAN_POINT('',(1.481592990527,-0.309540394347,
    0.824552375368));
#1328 = CARTESIAN_POINT('',(1.201679061774,0.445496835928,0.899552375687
    ));
#1329 = PCURVE('',#703,#1330);
#1330 = DEFINITIONAL_REPRESENTATION('',(#1331),#1335);
#1331 = LINE('',#1332,#1333);
#1332 = CARTESIAN_POINT('',(1.570796326795,0.));
#1333 = VECTOR('',#1334,1.);
#1334 = DIRECTION('',(0.,1.));
#1335 = ( GEOMETRIC_REPRESENTATION_CONTEXT(2) 
PARAMETRIC_REPRESENTATION_CONTEXT() REPRESENTATION_CONTEXT('2D SPACE',''
  ) );
#1336 = PCURVE('',#703,#1337);
#1337 = DEFINITIONAL_REPRESENTATION('',(#1338),#1342);
#1338 = LINE('',#1339,#1340);
#1339 = CARTESIAN_POINT('',(7.853981633974,0.));
#1340 = VECTOR('',#1341,1.);
#1341 = DIRECTION('',(0.,1.));
#1342 = ( GEOMETRIC_REPRESENTATION_CONTEXT(2) 
PARAMETRIC_REPRESENTATION_CONTEXT() REPRESENTATION_CONTEXT('2D SPACE',''
  ) );
#1343 = ORIENTED_EDGE('',*,*,#1344,.F.);
#1344 = EDGE_CURVE('',#1314,#1314,#1345,.T.);
#1345 = SURFACE_CURVE('',#1346,(#1354,#1361),.PCURVE_S1.);
#1346 = ( BOUNDED_CURVE() B_SPLINE_CURVE(6,(#1347,#1348,#1349,#1350,
#1351,#1352,#1353),.UNSPECIFIED.,.T.,.F.) B_SPLINE_CURVE_WITH_KNOTS((7,7
),(1.570796326795,7.853981633974),.PIECEWISE_BEZIER_KNOTS.) CURVE() 
GEOMETRIC_REPRESENTATION_ITEM() RATIONAL_B_SPLINE_CURVE((1.669078461068,
    1.03672962321,1.038346699848,0.853534330196,1.038346699848,
1.03672962321,1.669078461068)) REPRESENTATION_ITEM('') );
#1347 = CARTESIAN_POINT('',(1.201679061774,0.445496835928,0.899552375687
    ));
#1348 = CARTESIAN_POINT('',(0.703219643934,0.447366071884,0.899552375688
    ));
#1349 = CARTESIAN_POINT('',(0.631649354866,0.447634462355,1.515916832852
    ));
#1350 = CARTESIAN_POINT('',(1.201679061776,0.445496835928,2.02428745199)
  );
#1351 = CARTESIAN_POINT('',(1.771708768685,0.443359209501,1.51591683285)
  );
#1352 = CARTESIAN_POINT('',(1.700138479619,0.443627599972,0.899552375686
    ));
#1353 = CARTESIAN_POINT('',(1.201679061774,0.445496835928,0.899552375687
    ));
#1354 = PCURVE('',#703,#1355);
#1355 = DEFINITIONAL_REPRESENTATION('',(#1356),#1360);
#1356 = LINE('',#1357,#1358);
#1357 = CARTESIAN_POINT('',(0.,6.28815693223));
#1358 = VECTOR('',#1359,1.);
#1359 = DIRECTION('',(1.,0.));
#1360 = ( GEOMETRIC_REPRESENTATION_CONTEXT(2) 
PARAMETRIC_REPRESENTATION_CONTEXT() REPRESENTATION_CONTEXT('2D SPACE',''
  ) );
#1361 = PCURVE('',#1362,#1440);
#1362 = ( BOUNDED_SURFACE() B_SPLINE_SURFACE(6,10,(
    (#1363,#1364,#1365,#1366,#1367,#1368,#1369,#1370,#1371,#1372,#1373)
    ,(#1374,#1375,#1376,#1377,#1378,#1379,#1380,#1381,#1382,#1383,#1384)
    ,(#1385,#1386,#1387,#1388,#1389,#1390,#1391,#1392,#1393,#1394,#1395)
    ,(#1396,#1397,#1398,#1399,#1400,#1401,#1402,#1403,#1404,#1405,#1406)
    ,(#1407,#1408,#1409,#1410,#1411,#1412,#1413,#1414,#1415,#1416,#1417)
    ,(#1418,#1419,#1420,#1421,#1422,#1423,#1424,#1425,#1426,#1427,#1428)
    ,(#1429,#1430,#1431,#1432,#1433,#1434,#1435,#1436,#1437,#1438,#1439
)),.UNSPECIFIED.,.T.,.F.,.F.) B_SPLINE_SURFACE_WITH_KNOTS((7,7),(11,11),
  (1.570796326795,7.853981633974),(0.,6.28815693223),
.PIECEWISE_BEZIER_KNOTS.) GEOMETRIC_REPRESENTATION_ITEM() 
RATIONAL_B_SPLINE_SURFACE((
    (1.669078461068,1.669078461068,1.669078461068,1.669078461069
      ,1.669078461068,1.669078461069,1.669078461068,1.669078461068
      ,1.669078461068,1.669078461068,1.669078461068)
    ,(1.03672962321,1.03672962321,1.03672962321,1.03672962321
      ,1.036729623209,1.03672962321,1.036729623209,1.03672962321
      ,1.03672962321,1.03672962321,1.03672962321)
    ,(1.038346699848,1.038346699848,1.038346699847,1.038346699848
      ,1.038346699847,1.038346699848,1.038346699847,1.038346699848
      ,1.038346699847,1.038346699848,1.038346699848)
    ,(0.853534330196,0.853534330196,0.853534330196,0.853534330196
      ,0.853534330196,0.853534330196,0.853534330196,0.853534330196
      ,0.853534330196,0.853534330196,0.853534330196)
    ,(1.038346699848,1.038346699848,1.038346699847,1.038346699848
      ,1.038346699847,1.038346699848,1.038346699847,1.038346699848
      ,1.038346699847,1.038346699848,1.038346699848)
    ,(1.03672962321,1.03672962321,1.03672962321,1.03672962321
      ,1.036729623209,1.03672962321,1.036729623209,1.03672962321
      ,1.03672962321,1.03672962321,1.03672962321)
    ,(1.669078461068,1.669078461068,1.669078461068,1.669078461069
      ,1.669078461068,1.669078461069,1.669078461068,1.669078461068
      ,1.669078461068,1.669078461068,1.669078461068
))) REPRESENTATION_ITEM('') SURFACE() );
#1363 = CARTESIAN_POINT('',(1.201679061774,0.445496835928,0.899552375687
    ));
#1364 = CARTESIAN_POINT('',(0.921765147755,1.20053406519,0.974552375666)
  );
#1365 = CARTESIAN_POINT('',(0.114624051515,1.760803739887,1.049552375758
    ));
#1366 = CARTESIAN_POINT('',(-1.06546010198,1.706367942945,1.124552375078
    ));
#1367 = CARTESIAN_POINT('',(-2.095545793896,0.78784358485,1.199552377321
    ));
#1368 = CARTESIAN_POINT('',(-2.223851010456,-0.824445285082,
    1.274552372998));
#1369 = CARTESIAN_POINT('',(-1.075557886662,-1.963462446485,
    1.349552378457));
#1370 = CARTESIAN_POINT('',(0.304346134406,-1.988534728852,
    1.424552373724));
#1371 = CARTESIAN_POINT('',(1.234729925247,-1.260559564732,
    1.499552376566));
#1372 = CARTESIAN_POINT('',(1.481592992094,-0.309540393411,
    1.574552375415));
#1373 = CARTESIAN_POINT('',(1.201679061011,0.445496835921,1.649552375707
    ));
#1374 = CARTESIAN_POINT('',(0.703219643934,0.447366071885,0.899552375687
    ));
#1375 = CARTESIAN_POINT('',(0.422131254319,0.889212012133,0.974552375561
    ));
#1376 = CARTESIAN_POINT('',(-0.167583522885,1.135218754868,
    1.049552376144));
#1377 = CARTESIAN_POINT('',(-0.910477853077,0.939448657819,1.12455237427
    ));
#1378 = CARTESIAN_POINT('',(-1.439994909036,0.214752972673,
    1.199552378446));
#1379 = CARTESIAN_POINT('',(-1.301392112367,-0.82790453025,
    1.274552371854));
#1380 = CARTESIAN_POINT('',(-0.415727289915,-1.395304549565,
    1.349552379356));
#1381 = CARTESIAN_POINT('',(0.465075878747,-1.222799372004,
    1.424552373175));
#1382 = CARTESIAN_POINT('',(0.957222142248,-0.632875632377,
    1.499552376809));
#1383 = CARTESIAN_POINT('',(0.984308049861,5.52013156036E-03,
    1.574552375353));
#1384 = CARTESIAN_POINT('',(0.703219643169,0.447366071877,1.649552375706
    ));
#1385 = CARTESIAN_POINT('',(0.631649354867,0.447634462355,1.515916832852
    ));
#1386 = CARTESIAN_POINT('',(0.350392330552,0.844511463735,1.590916832751
    ));
#1387 = CARTESIAN_POINT('',(-0.208103727669,1.045395397926,
    1.665916833209));
#1388 = CARTESIAN_POINT('',(-0.888225039759,0.829332100734,1.74091683162
    ));
#1389 = CARTESIAN_POINT('',(-1.34586895892,0.132466914289,1.815916835447
    ));
#1390 = CARTESIAN_POINT('',(-1.168942713894,-0.828401219022,
    1.890916829047));
#1391 = CARTESIAN_POINT('',(-0.320986846168,-1.313726745074,
    1.965916836578));
#1392 = CARTESIAN_POINT('',(0.488153934782,-1.112852806911,
    2.040916830303));
#1393 = CARTESIAN_POINT('',(0.917376747407,-0.542750902302,
    2.115916833975));
#1394 = CARTESIAN_POINT('',(0.912906395541,5.075746089609E-02,
    2.19091683252));
#1395 = CARTESIAN_POINT('',(0.631649354102,0.447634462347,2.265916832871
    ));
#1396 = CARTESIAN_POINT('',(1.201679061776,0.445496835928,2.024287451991
    ));
#1397 = CARTESIAN_POINT('',(0.921765147809,1.200534065189,2.099287451946
    ));
#1398 = CARTESIAN_POINT('',(0.114624051293,1.76080373989,2.174287452153)
  );
#1399 = CARTESIAN_POINT('',(-1.065460101434,1.706367942938,
    2.249287451173));
#1400 = CARTESIAN_POINT('',(-2.095545794818,0.78784358486,2.324287453981
    ));
#1401 = CARTESIAN_POINT('',(-2.223851009348,-0.824445285093,
    2.399287448801));
#1402 = CARTESIAN_POINT('',(-1.075557887646,-1.963462446478,
    2.474287455289));
#1403 = CARTESIAN_POINT('',(0.304346135056,-1.988534728854,
    2.549287449637));
#1404 = CARTESIAN_POINT('',(1.234729924949,-1.260559564732,
    2.624287453055));
#1405 = CARTESIAN_POINT('',(1.481592992171,-0.30954039341,2.699287451671
    ));
#1406 = CARTESIAN_POINT('',(1.201679061011,0.445496835921,2.774287452011
    ));
#1407 = CARTESIAN_POINT('',(1.771708768686,0.443359209501,1.515916832853
    ));
#1408 = CARTESIAN_POINT('',(1.493137965002,1.556556666644,1.590916832783
    ));
#1409 = CARTESIAN_POINT('',(0.437351830567,2.476212081853,1.665916833096
    ));
#1410 = CARTESIAN_POINT('',(-1.242695164015,2.583403785148,
    1.740916831873));
#1411 = CARTESIAN_POINT('',(-2.845222629052,1.443220255421,1.81591683506
    ));
#1412 = CARTESIAN_POINT('',(-3.278759306873,-0.820489351147,
    1.890916829461));
#1413 = CARTESIAN_POINT('',(-1.830128927275,-2.613198147899,
    1.965916836283));
#1414 = CARTESIAN_POINT('',(0.120538334148,-2.864216650786,
    2.040916830423));
#1415 = CARTESIAN_POINT('',(1.55208310301,-1.978368227166,2.115916833958
    ));
#1416 = CARTESIAN_POINT('',(2.050279588675,-0.669838247716,
    2.190916832519));
#1417 = CARTESIAN_POINT('',(1.771708767921,0.443359209495,2.265916832874
    ));
#1418 = CARTESIAN_POINT('',(1.700138479618,0.443627599972,0.899552375687
    ));
#1419 = CARTESIAN_POINT('',(1.421399041122,1.511856118247,0.974552375566
    ));
#1420 = CARTESIAN_POINT('',(0.396831626183,2.386388724907,1.049552376134
    ));
#1421 = CARTESIAN_POINT('',(-1.220442351463,2.473287228072,1.12455237423
    ));
#1422 = CARTESIAN_POINT('',(-2.751096677977,1.360934197019,
    1.199552378628));
#1423 = CARTESIAN_POINT('',(-3.146309909224,-0.820986039897,
    1.274552371528));
#1424 = CARTESIAN_POINT('',(-1.73538848302,-2.531620343428,
    1.349552379679));
#1425 = CARTESIAN_POINT('',(0.143616389943,-2.754270085681,
    1.424552372967));
#1426 = CARTESIAN_POINT('',(1.512237708263,-1.888243497096,1.4995523769)
  );
#1427 = CARTESIAN_POINT('',(1.978877934326,-0.624600918379,
    1.574552375328));
#1428 = CARTESIAN_POINT('',(1.700138478853,0.443627599965,1.649552375707
    ));
#1429 = CARTESIAN_POINT('',(1.201679061774,0.445496835928,0.899552375687
    ));
#1430 = CARTESIAN_POINT('',(0.921765147755,1.20053406519,0.974552375666)
  );
#1431 = CARTESIAN_POINT('',(0.114624051515,1.760803739887,1.049552375758
    ));
#1432 = CARTESIAN_POINT('',(-1.06546010198,1.706367942945,1.124552375078
    ));
#1433 = CARTESIAN_POINT('',(-2.095545793896,0.78784358485,1.199552377321
    ));
#1434 = CARTESIAN_POINT('',(-2.223851010456,-0.824445285082,
    1.274552372998));
#1435 = CARTESIAN_POINT('',(-1.075557886662,-1.963462446485,
    1.349552378457));
#1436 = CARTESIAN_POINT('',(0.304346134406,-1.988534728852,
    1.424552373724));
#1437 = CARTESIAN_POINT('',(1.234729925247,-1.260559564732,
    1.499552376566));
#1438 = CARTESIAN_POINT('',(1.481592992094,-0.309540393411,
    1.574552375415));
#1439 = CARTESIAN_POINT('',(1.201679061011,0.445496835921,1.649552375707
    ));
#1440 = DEFINITIONAL_REPRESENTATION('',(#1441),#1445);
#1441 = LINE('',#1442,#1443);
#1442 = CARTESIAN_POINT('',(0.,0.));
#1443 = VECTOR('',#1444,1.);
#1444 = DIRECTION('',(1.,0.));
#1445 = ( GEOMETRIC_REPRESENTATION_CONTEXT(2) 
PARAMETRIC_REPRESENTATION_CONTEXT() REPRESENTATION_CONTEXT('2D SPACE',''
  ) );
#1446 = ORIENTED_EDGE('',*,*,#1313,.F.);
#1447 = ORIENTED_EDGE('',*,*,#1244,.F.);
#1448 = ORIENTED_EDGE('',*,*,#686,.F.);
#1449 = ADVANCED_FACE('',(#1450),#559,.T.);
#1450 = FACE_BOUND('',#1451,.T.);
#1451 = EDGE_LOOP('',(#1452,#1453,#1454,#1455));
#1452 = ORIENTED_EDGE('',*,*,#1145,.T.);
#1453 = ORIENTED_EDGE('',*,*,#1211,.T.);
#1454 = ORIENTED_EDGE('',*,*,#1273,.T.);
#1455 = ORIENTED_EDGE('',*,*,#459,.T.);
#1456 = ADVANCED_FACE('',(#1457),#1362,.T.);
#1457 = FACE_BOUND('',#1458,.T.);
#1458 = EDGE_LOOP('',(#1459,#1490,#1593,#1594));
#1459 = ORIENTED_EDGE('',*,*,#1460,.T.);
#1460 = EDGE_CURVE('',#1314,#1461,#1463,.T.);
#1461 = VERTEX_POINT('',#1462);
#1462 = CARTESIAN_POINT('',(1.201679061011,0.445496835921,1.649552375708
    ));
#1463 = SEAM_CURVE('',#1464,(#1476,#1483),.PCURVE_S1.);
#1464 = ( BOUNDED_CURVE() B_SPLINE_CURVE(10,(#1465,#1466,#1467,#1468,
    #1469,#1470,#1471,#1472,#1473,#1474,#1475),.UNSPECIFIED.,.F.,.F.) 
B_SPLINE_CURVE_WITH_KNOTS((11,11),(0.,6.28815693223),
.PIECEWISE_BEZIER_KNOTS.) CURVE() GEOMETRIC_REPRESENTATION_ITEM() 
RATIONAL_B_SPLINE_CURVE((1.669078461068,1.669078461068,1.669078461068,
    1.669078461069,1.669078461068,1.669078461069,1.669078461068,
    1.669078461068,1.669078461068,1.669078461068,1.669078461068)) 
REPRESENTATION_ITEM('') );
#1465 = CARTESIAN_POINT('',(1.201679061774,0.445496835928,0.899552375687
    ));
#1466 = CARTESIAN_POINT('',(0.921765147755,1.20053406519,0.974552375666)
  );
#1467 = CARTESIAN_POINT('',(0.114624051515,1.760803739887,1.049552375758
    ));
#1468 = CARTESIAN_POINT('',(-1.06546010198,1.706367942945,1.124552375078
    ));
#1469 = CARTESIAN_POINT('',(-2.095545793896,0.78784358485,1.199552377321
    ));
#1470 = CARTESIAN_POINT('',(-2.223851010456,-0.824445285082,
    1.274552372998));
#1471 = CARTESIAN_POINT('',(-1.075557886662,-1.963462446485,
    1.349552378457));
#1472 = CARTESIAN_POINT('',(0.304346134406,-1.988534728852,
    1.424552373724));
#1473 = CARTESIAN_POINT('',(1.234729925247,-1.260559564732,
    1.499552376566));
#1474 = CARTESIAN_POINT('',(1.481592992094,-0.309540393411,
    1.574552375415));
#1475 = CARTESIAN_POINT('',(1.201679061011,0.445496835921,1.649552375707
    ));
#1476 = PCURVE('',#1362,#1477);
#1477 = DEFINITIONAL_REPRESENTATION('',(#1478),#1482);
#1478 = LINE('',#1479,#1480);
#1479 = CARTESIAN_POINT('',(7.853981633974,0.));
#1480 = VECTOR('',#1481,1.);
#1481 = DIRECTION('',(0.,1.));
#1482 = ( GEOMETRIC_REPRESENTATION_CONTEXT(2) 
PARAMETRIC_REPRESENTATION_CONTEXT() REPRESENTATION_CONTEXT('2D SPACE',''
  ) );
#1483 = PCURVE('',#1362,#1484);
#1484 = DEFINITIONAL_REPRESENTATION('',(#1485),#1489);
#1485 = LINE('',#1486,#1487);
#1486 = CARTESIAN_POINT('',(1.570796326795,0.));
#1487 = VECTOR('',#1488,1.);
#1488 = DIRECTION('',(0.,1.));
#1489 = ( GEOMETRIC_REPRESENTATION_CONTEXT(2) 
PARAMETRIC_REPRESENTATION_CONTEXT() REPRESENTATION_CONTEXT('2D SPACE',''
  ) );
#1490 = ORIENTED_EDGE('',*,*,#1491,.F.);
#1491 = EDGE_CURVE('',#1461,#1461,#1492,.T.);
#1492 = SURFACE_CURVE('',#1493,(#1501,#1508),.PCURVE_S1.);
#1493 = ( BOUNDED_CURVE() B_SPLINE_CURVE(6,(#1494,#1495,#1496,#1497,
#1498,#1499,#1500),.UNSPECIFIED.,.T.,.F.) B_SPLINE_CURVE_WITH_KNOTS((7,7
),(1.570796326795,7.853981633974),.PIECEWISE_BEZIER_KNOTS.) CURVE() 
GEOMETRIC_REPRESENTATION_ITEM() RATIONAL_B_SPLINE_CURVE((1.669078461068,
    1.03672962321,1.038346699848,0.853534330196,1.038346699848,
1.03672962321,1.669078461068)) REPRESENTATION_ITEM('') );
#1494 = CARTESIAN_POINT('',(1.201679061011,0.445496835921,1.649552375707
    ));
#1495 = CARTESIAN_POINT('',(0.703219643169,0.447366071877,1.649552375706
    ));
#1496 = CARTESIAN_POINT('',(0.631649354102,0.447634462347,2.265916832871
    ));
#1497 = CARTESIAN_POINT('',(1.201679061011,0.445496835921,2.774287452011
    ));
#1498 = CARTESIAN_POINT('',(1.771708767921,0.443359209495,2.265916832874
    ));
#1499 = CARTESIAN_POINT('',(1.700138478853,0.443627599965,1.649552375707
    ));
#1500 = CARTESIAN_POINT('',(1.201679061011,0.445496835921,1.649552375707
    ));
#1501 = PCURVE('',#1362,#1502);
#1502 = DEFINITIONAL_REPRESENTATION('',(#1503),#1507);
#1503 = LINE('',#1504,#1505);
#1504 = CARTESIAN_POINT('',(0.,6.28815693223));
#1505 = VECTOR('',#1506,1.);
#1506 = DIRECTION('',(1.,0.));
#1507 = ( GEOMETRIC_REPRESENTATION_CONTEXT(2) 
PARAMETRIC_REPRESENTATION_CONTEXT() REPRESENTATION_CONTEXT('2D SPACE',''
  ) );
#1508 = PCURVE('',#1509,#1587);
#1509 = ( BOUNDED_SURFACE() B_SPLINE_SURFACE(6,10,(
    (#1510,#1511,#1512,#1513,#1514,#1515,#1516,#1517,#1518,#1519,#1520)
    ,(#1521,#1522,#1523,#1524,#1525,#1526,#1527,#1528,#1529,#1530,#1531)
    ,(#1532,#1533,#1534,#1535,#1536,#1537,#1538,#1539,#1540,#1541,#1542)
    ,(#1543,#1544,#1545,#1546,#1547,#1548,#1549,#1550,#1551,#1552,#1553)
    ,(#1554,#1555,#1556,#1557,#1558,#1559,#1560,#1561,#1562,#1563,#1564)
    ,(#1565,#1566,#1567,#1568,#1569,#1570,#1571,#1572,#1573,#1574,#1575)
    ,(#1576,#1577,#1578,#1579,#1580,#1581,#1582,#1583,#1584,#1585,#1586
)),.UNSPECIFIED.,.T.,.F.,.F.) B_SPLINE_SURFACE_WITH_KNOTS((7,7),(11,11),
  (1.570796326795,7.853981633974),(0.,6.28815693223),
.PIECEWISE_BEZIER_KNOTS.) GEOMETRIC_REPRESENTATION_ITEM() 
RATIONAL_B_SPLINE_SURFACE((
    (1.669078461068,1.669078461068,1.669078461068,1.669078461069
      ,1.669078461068,1.669078461069,1.669078461068,1.669078461068
      ,1.669078461068,1.669078461068,1.669078461068)
    ,(1.03672962321,1.03672962321,1.03672962321,1.03672962321
      ,1.036729623209,1.03672962321,1.036729623209,1.03672962321
      ,1.03672962321,1.03672962321,1.03672962321)
    ,(1.038346699848,1.038346699848,1.038346699847,1.038346699848
      ,1.038346699847,1.038346699848,1.038346699847,1.038346699848
      ,1.038346699847,1.038346699848,1.038346699848)
    ,(0.853534330196,0.853534330196,0.853534330196,0.853534330196
      ,0.853534330196,0.853534330196,0.853534330196,0.853534330196
      ,0.853534330196,0.853534330196,0.853534330196)
    ,(1.038346699848,1.038346699848,1.038346699847,1.038346699848
      ,1.038346699847,1.038346699848,1.038346699847,1.038346699848
      ,1.038346699847,1.038346699848,1.038346699848)
    ,(1.03672962321,1.03672962321,1.03672962321,1.03672962321
      ,1.036729623209,1.03672962321,1.036729623209,1.03672962321
      ,1.03672962321,1.03672962321,1.03672962321)
    ,(1.669078461068,1.669078461068,1.669078461068,1.669078461069
      ,1.669078461068,1.669078461069,1.669078461068,1.669078461068
      ,1.669078461068,1.669078461068,1.669078461068
))) REPRESENTATION_ITEM('') SURFACE() );
#1510 = CARTESIAN_POINT('',(1.201679061011,0.445496835921,1.649552375708
    ));
#1511 = CARTESIAN_POINT('',(0.921765127946,1.200534063322,1.724552376109
    ));
#1512 = CARTESIAN_POINT('',(0.114624101616,1.760803733598,1.799552374814
    ));
#1513 = CARTESIAN_POINT('',(-1.065460195315,1.706367941537,
    1.874552376891));
#1514 = CARTESIAN_POINT('',(-2.095545684236,0.787843580152,
    1.949552375812));
#1515 = CARTESIAN_POINT('',(-2.223851067077,-0.824445288178,
    2.024552373414));
#1516 = CARTESIAN_POINT('',(-1.075557880753,-1.963462437292,
    2.099552379618));
#1517 = CARTESIAN_POINT('',(0.304346163272,-1.988534727617,
    2.174552372335));
#1518 = CARTESIAN_POINT('',(1.234729901081,-1.260559559254,2.24955237757
    ));
#1519 = CARTESIAN_POINT('',(1.481592996197,-0.309540391811,
    2.324552375218));
#1520 = CARTESIAN_POINT('',(1.201679057259,0.445496835776,2.399552375806
    ));
#1521 = CARTESIAN_POINT('',(0.70321964317,0.447366071877,1.649552375708)
  );
#1522 = CARTESIAN_POINT('',(0.422131234401,0.889212010266,1.724552376075
    ));
#1523 = CARTESIAN_POINT('',(-0.167583472337,1.135218748574,
    1.799552374946));
#1524 = CARTESIAN_POINT('',(-0.91047794742,0.939448656417,1.874552376599
    ));
#1525 = CARTESIAN_POINT('',(-1.439994797837,0.214752967974,
    1.949552376206));
#1526 = CARTESIAN_POINT('',(-1.301392170652,-0.827904533349,
    2.024552373057));
#1527 = CARTESIAN_POINT('',(-0.415727282701,-1.395304540361,
    2.099552379864));
#1528 = CARTESIAN_POINT('',(0.465075906865,-1.222799370778,
    2.174552372192));
#1529 = CARTESIAN_POINT('',(0.957222118386,-0.632875626894,
    2.249552377648));
#1530 = CARTESIAN_POINT('',(0.984308053888,5.520133158342E-03,
    2.324552375196));
#1531 = CARTESIAN_POINT('',(0.703219639418,0.447366071731,2.399552375807
    ));
#1532 = CARTESIAN_POINT('',(0.631649354102,0.447634462347,2.26591683287)
  );
#1533 = CARTESIAN_POINT('',(0.350392310673,0.844511461868,2.340916833296
    ));
#1534 = CARTESIAN_POINT('',(-0.208103677258,1.045395391629,
    2.415916831906));
#1535 = CARTESIAN_POINT('',(-0.88822513382,0.82933209934,2.490916834177)
  );
#1536 = CARTESIAN_POINT('',(-1.345868848112,0.132466909579,
    2.565916832818));
#1537 = CARTESIAN_POINT('',(-1.168942771801,-0.82840122211,
    2.640916830755));
#1538 = CARTESIAN_POINT('',(-0.320986839196,-1.313726735877,
    2.715916836604));
#1539 = CARTESIAN_POINT('',(0.488153962995,-1.112852805683,
    2.790916829643));
#1540 = CARTESIAN_POINT('',(0.917376723521,-0.542750896821,
    2.865916834657));
#1541 = CARTESIAN_POINT('',(0.912906399575,5.075746249365E-02,
    2.940916832404));
#1542 = CARTESIAN_POINT('',(0.63164935035,0.447634462201,3.01591683297)
  );
#1543 = CARTESIAN_POINT('',(1.201679061012,0.445496835921,2.77428745201)
  );
#1544 = CARTESIAN_POINT('',(0.921765127973,1.200534063323,2.849287452472
    ));
#1545 = CARTESIAN_POINT('',(0.114624101539,1.760803733595,2.92428745091)
  );
#1546 = CARTESIAN_POINT('',(-1.065460195171,1.706367941547,
    2.999287453616));
#1547 = CARTESIAN_POINT('',(-2.095545684447,0.787843580139,
    3.074287451513));
#1548 = CARTESIAN_POINT('',(-2.223851066829,-0.824445288162,
    3.149287450355));
#1549 = CARTESIAN_POINT('',(-1.075557881002,-1.963462437307,
    3.224287455389));
#1550 = CARTESIAN_POINT('',(0.304346163482,-1.988534727609,
    3.299287448986));
#1551 = CARTESIAN_POINT('',(1.234729900962,-1.260559559259,
    3.374287453712));
#1552 = CARTESIAN_POINT('',(1.481592996236,-0.30954039181,3.449287451564
    ));
#1553 = CARTESIAN_POINT('',(1.20167905726,0.445496835776,3.524287452108)
  );
#1554 = CARTESIAN_POINT('',(1.771708767922,0.443359209495,2.265916832871
    ));
#1555 = CARTESIAN_POINT('',(1.493137945193,1.556556664775,2.340916833234
    ));
#1556 = CARTESIAN_POINT('',(0.437351880651,2.476212075574,2.415916832138
    ));
#1557 = CARTESIAN_POINT('',(-1.242695257266,2.583403783721,
    2.490916833689));
#1558 = CARTESIAN_POINT('',(-2.845222519616,1.443220250752,
    2.565916833545));
#1559 = CARTESIAN_POINT('',(-3.27875936311,-0.820489354276,
    2.640916829936));
#1560 = CARTESIAN_POINT('',(-1.83012892183,-2.613198138683,
    2.715916837314));
#1561 = CARTESIAN_POINT('',(0.120538363391,-2.864216649566,
    2.790916829177));
#1562 = CARTESIAN_POINT('',(1.552083078658,-1.978368221682,
    2.865916834876));
#1563 = CARTESIAN_POINT('',(2.050279592826,-0.669838246117,
    2.940916832348));
#1564 = CARTESIAN_POINT('',(1.77170876417,0.44335920935,3.015916832969)
  );
#1565 = CARTESIAN_POINT('',(1.700138478852,0.443627599965,1.649552375706
    ));
#1566 = CARTESIAN_POINT('',(1.421399021256,1.511856116379,1.724552376025
    ));
#1567 = CARTESIAN_POINT('',(0.396831676518,2.38638871862,1.799552375136)
  );
#1568 = CARTESIAN_POINT('',(-1.220442445347,2.47328722666,1.874552376192
    ));
#1569 = CARTESIAN_POINT('',(-2.75109656747,1.360934192325,1.949552376786
    ));
#1570 = CARTESIAN_POINT('',(-3.14630996677,-0.820986042998,
    2.024552372483));
#1571 = CARTESIAN_POINT('',(-1.735388476374,-2.531620334236,
    2.09955238025));
#1572 = CARTESIAN_POINT('',(0.143616418371,-2.754270084445,
    2.174552372016));
#1573 = CARTESIAN_POINT('',(1.512237684288,-1.888243491619,
    2.249552377692));
#1574 = CARTESIAN_POINT('',(1.97887793838,-0.624600916778,2.324552375188
    ));
#1575 = CARTESIAN_POINT('',(1.700138475099,0.443627599821,2.399552375804
    ));
#1576 = CARTESIAN_POINT('',(1.201679061011,0.445496835921,1.649552375708
    ));
#1577 = CARTESIAN_POINT('',(0.921765127946,1.200534063322,1.724552376109
    ));
#1578 = CARTESIAN_POINT('',(0.114624101616,1.760803733598,1.799552374814
    ));
#1579 = CARTESIAN_POINT('',(-1.065460195315,1.706367941537,
    1.874552376891));
#1580 = CARTESIAN_POINT('',(-2.095545684236,0.787843580152,
    1.949552375812));
#1581 = CARTESIAN_POINT('',(-2.223851067077,-0.824445288178,
    2.024552373414));
#1582 = CARTESIAN_POINT('',(-1.075557880753,-1.963462437292,
    2.099552379618));
#1583 = CARTESIAN_POINT('',(0.304346163272,-1.988534727617,
    2.174552372335));
#1584 = CARTESIAN_POINT('',(1.234729901081,-1.260559559254,2.24955237757
    ));
#1585 = CARTESIAN_POINT('',(1.481592996197,-0.309540391811,
    2.324552375218));
#1586 = CARTESIAN_POINT('',(1.201679057259,0.445496835776,2.399552375806
    ));
#1587 = DEFINITIONAL_REPRESENTATION('',(#1588),#1592);
#1588 = LINE('',#1589,#1590);
#1589 = CARTESIAN_POINT('',(0.,0.));
#1590 = VECTOR('',#1591,1.);
#1591 = DIRECTION('',(1.,0.));
#1592 = ( GEOMETRIC_REPRESENTATION_CONTEXT(2) 
PARAMETRIC_REPRESENTATION_CONTEXT() REPRESENTATION_CONTEXT('2D SPACE',''
  ) );
#1593 = ORIENTED_EDGE('',*,*,#1460,.F.);
#1594 = ORIENTED_EDGE('',*,*,#1344,.T.);
#1595 = ADVANCED_FACE('',(#1596),#1509,.T.);
#1596 = FACE_BOUND('',#1597,.T.);
#1597 = EDGE_LOOP('',(#1598,#1629,#1732,#1733));
#1598 = ORIENTED_EDGE('',*,*,#1599,.T.);
#1599 = EDGE_CURVE('',#1461,#1600,#1602,.T.);
#1600 = VERTEX_POINT('',#1601);
#1601 = CARTESIAN_POINT('',(1.201679057259,0.445496835776,2.399552375807
    ));
#1602 = SEAM_CURVE('',#1603,(#1615,#1622),.PCURVE_S1.);
#1603 = ( BOUNDED_CURVE() B_SPLINE_CURVE(10,(#1604,#1605,#1606,#1607,
    #1608,#1609,#1610,#1611,#1612,#1613,#1614),.UNSPECIFIED.,.F.,.F.) 
B_SPLINE_CURVE_WITH_KNOTS((11,11),(0.,6.28815693223),
.PIECEWISE_BEZIER_KNOTS.) CURVE() GEOMETRIC_REPRESENTATION_ITEM() 
RATIONAL_B_SPLINE_CURVE((1.669078461068,1.669078461068,1.669078461068,
    1.669078461069,1.669078461068,1.669078461069,1.669078461068,
    1.669078461068,1.669078461068,1.669078461068,1.669078461068)) 
REPRESENTATION_ITEM('') );
#1604 = CARTESIAN_POINT('',(1.201679061011,0.445496835921,1.649552375708
    ));
#1605 = CARTESIAN_POINT('',(0.921765127946,1.200534063322,1.724552376109
    ));
#1606 = CARTESIAN_POINT('',(0.114624101616,1.760803733598,1.799552374814
    ));
#1607 = CARTESIAN_POINT('',(-1.065460195315,1.706367941537,
    1.874552376891));
#1608 = CARTESIAN_POINT('',(-2.095545684236,0.787843580152,
    1.949552375812));
#1609 = CARTESIAN_POINT('',(-2.223851067077,-0.824445288178,
    2.024552373414));
#1610 = CARTESIAN_POINT('',(-1.075557880753,-1.963462437292,
    2.099552379618));
#1611 = CARTESIAN_POINT('',(0.304346163272,-1.988534727617,
    2.174552372335));
#1612 = CARTESIAN_POINT('',(1.234729901081,-1.260559559254,2.24955237757
    ));
#1613 = CARTESIAN_POINT('',(1.481592996197,-0.309540391811,
    2.324552375218));
#1614 = CARTESIAN_POINT('',(1.201679057259,0.445496835776,2.399552375806
    ));
#1615 = PCURVE('',#1509,#1616);
#1616 = DEFINITIONAL_REPRESENTATION('',(#1617),#1621);
#1617 = LINE('',#1618,#1619);
#1618 = CARTESIAN_POINT('',(7.853981633974,0.));
#1619 = VECTOR('',#1620,1.);
#1620 = DIRECTION('',(0.,1.));
#1621 = ( GEOMETRIC_REPRESENTATION_CONTEXT(2) 
PARAMETRIC_REPRESENTATION_CONTEXT() REPRESENTATION_CONTEXT('2D SPACE',''
  ) );
#1622 = PCURVE('',#1509,#1623);
#1623 = DEFINITIONAL_REPRESENTATION('',(#1624),#1628);
#1624 = LINE('',#1625,#1626);
#1625 = CARTESIAN_POINT('',(1.570796326795,0.));
#1626 = VECTOR('',#1627,1.);
#1627 = DIRECTION('',(0.,1.));
#1628 = ( GEOMETRIC_REPRESENTATION_CONTEXT(2) 
PARAMETRIC_REPRESENTATION_CONTEXT() REPRESENTATION_CONTEXT('2D SPACE',''
  ) );
#1629 = ORIENTED_EDGE('',*,*,#1630,.F.);
#1630 = EDGE_CURVE('',#1600,#1600,#1631,.T.);
#1631 = SURFACE_CURVE('',#1632,(#1640,#1647),.PCURVE_S1.);
#1632 = ( BOUNDED_CURVE() B_SPLINE_CURVE(6,(#1633,#1634,#1635,#1636,
#1637,#1638,#1639),.UNSPECIFIED.,.T.,.F.) B_SPLINE_CURVE_WITH_KNOTS((7,7
),(1.570796326795,7.853981633974),.PIECEWISE_BEZIER_KNOTS.) CURVE() 
GEOMETRIC_REPRESENTATION_ITEM() RATIONAL_B_SPLINE_CURVE((1.669078461068,
    1.03672962321,1.038346699848,0.853534330196,1.038346699848,
1.03672962321,1.669078461068)) REPRESENTATION_ITEM('') );
#1633 = CARTESIAN_POINT('',(1.201679057259,0.445496835776,2.399552375806
    ));
#1634 = CARTESIAN_POINT('',(0.703219639418,0.447366071731,2.399552375807
    ));
#1635 = CARTESIAN_POINT('',(0.63164935035,0.447634462201,3.01591683297)
  );
#1636 = CARTESIAN_POINT('',(1.20167905726,0.445496835776,3.524287452108)
  );
#1637 = CARTESIAN_POINT('',(1.77170876417,0.44335920935,3.015916832969)
  );
#1638 = CARTESIAN_POINT('',(1.700138475099,0.443627599821,2.399552375804
    ));
#1639 = CARTESIAN_POINT('',(1.201679057259,0.445496835776,2.399552375806
    ));
#1640 = PCURVE('',#1509,#1641);
#1641 = DEFINITIONAL_REPRESENTATION('',(#1642),#1646);
#1642 = LINE('',#1643,#1644);
#1643 = CARTESIAN_POINT('',(0.,6.28815693223));
#1644 = VECTOR('',#1645,1.);
#1645 = DIRECTION('',(1.,0.));
#1646 = ( GEOMETRIC_REPRESENTATION_CONTEXT(2) 
PARAMETRIC_REPRESENTATION_CONTEXT() REPRESENTATION_CONTEXT('2D SPACE',''
  ) );
#1647 = PCURVE('',#1648,#1726);
#1648 = ( BOUNDED_SURFACE() B_SPLINE_SURFACE(6,10,(
    (#1649,#1650,#1651,#1652,#1653,#1654,#1655,#1656,#1657,#1658,#1659)
    ,(#1660,#1661,#1662,#1663,#1664,#1665,#1666,#1667,#1668,#1669,#1670)
    ,(#1671,#1672,#1673,#1674,#1675,#1676,#1677,#1678,#1679,#1680,#1681)
    ,(#1682,#1683,#1684,#1685,#1686,#1687,#1688,#1689,#1690,#1691,#1692)
    ,(#1693,#1694,#1695,#1696,#1697,#1698,#1699,#1700,#1701,#1702,#1703)
    ,(#1704,#1705,#1706,#1707,#1708,#1709,#1710,#1711,#1712,#1713,#1714)
    ,(#1715,#1716,#1717,#1718,#1719,#1720,#1721,#1722,#1723,#1724,#1725
)),.UNSPECIFIED.,.T.,.F.,.F.) B_SPLINE_SURFACE_WITH_KNOTS((7,7),(11,11),
  (1.570796326795,7.853981633974),(0.,6.28815693223),
.PIECEWISE_BEZIER_KNOTS.) GEOMETRIC_REPRESENTATION_ITEM() 
RATIONAL_B_SPLINE_SURFACE((
    (1.669078461068,1.669078461068,1.669078461068,1.669078461069
      ,1.669078461068,1.669078461069,1.669078461068,1.669078461068
      ,1.669078461068,1.669078461068,1.669078461068)
    ,(1.03672962321,1.03672962321,1.03672962321,1.03672962321
      ,1.036729623209,1.03672962321,1.036729623209,1.03672962321
      ,1.03672962321,1.03672962321,1.03672962321)
    ,(1.038346699848,1.038346699848,1.038346699847,1.038346699848
      ,1.038346699847,1.038346699848,1.038346699847,1.038346699848
      ,1.038346699847,1.038346699848,1.038346699848)
    ,(0.853534330196,0.853534330196,0.853534330196,0.853534330196
      ,0.853534330196,0.853534330196,0.853534330196,0.853534330196
      ,0.853534330196,0.853534330196,0.853534330196)
    ,(1.038346699848,1.038346699848,1.038346699847,1.038346699848
      ,1.038346699847,1.038346699848,1.038346699847,1.038346699848
      ,1.038346699847,1.038346699848,1.038346699848)
    ,(1.03672962321,1.03672962321,1.03672962321,1.03672962321
      ,1.036729623209,1.03672962321,1.036729623209,1.03672962321
      ,1.03672962321,1.03672962321,1.03672962321)
    ,(1.669078461068,1.669078461068,1.669078461068,1.669078461069
      ,1.669078461068,1.669078461069,1.669078461068,1.669078461068
      ,1.669078461068,1.669078461068,1.669078461068
))) REPRESENTATION_ITEM('') SURFACE() );
#1649 = CARTESIAN_POINT('',(1.201679057259,0.445496835776,2.399552375806
    ));
#1650 = CARTESIAN_POINT('',(0.92176512986,1.20053406095,2.474552376058)
  );
#1651 = CARTESIAN_POINT('',(0.114624085387,1.760803731131,2.549552375282
    ));
#1652 = CARTESIAN_POINT('',(-1.065460170349,1.706367932498,
    2.624552376409));
#1653 = CARTESIAN_POINT('',(-2.09554569948,0.787843582707,2.699552376262
    ));
#1654 = CARTESIAN_POINT('',(-2.223851061339,-0.824445293097,
    2.774552373678));
#1655 = CARTESIAN_POINT('',(-1.075557857853,-1.963462430304,
    2.84955237907));
#1656 = CARTESIAN_POINT('',(0.30434614256,-1.988534724165,2.924552373052
    ));
#1657 = CARTESIAN_POINT('',(1.234729911037,-1.260559554697,
    2.999552377319));
#1658 = CARTESIAN_POINT('',(1.481592989846,-0.309540390255,
    3.074552375389));
#1659 = CARTESIAN_POINT('',(1.201679054098,0.445496835634,3.149552375889
    ));
#1660 = CARTESIAN_POINT('',(0.703219639418,0.447366071731,2.399552375806
    ));
#1661 = CARTESIAN_POINT('',(0.422131236392,0.889212007891,2.474552376162
    ));
#1662 = CARTESIAN_POINT('',(-0.167583488879,1.135218746115,
    2.549552374862));
#1663 = CARTESIAN_POINT('',(-0.910477921761,0.93944864736,2.624552377374
    ));
#1664 = CARTESIAN_POINT('',(-1.439994814098,0.214752970557,
    2.699552374727));
#1665 = CARTESIAN_POINT('',(-1.301392163908,-0.827904538296,
    2.774552375493));
#1666 = CARTESIAN_POINT('',(-0.415727260475,-1.395304533349,
    2.849552377459));
#1667 = CARTESIAN_POINT('',(0.465075886459,-1.22279936734,2.924552374111
    ));
#1668 = CARTESIAN_POINT('',(0.957222128241,-0.632875622333,
    2.999552376846));
#1669 = CARTESIAN_POINT('',(0.984308047558,5.52013471227E-03,
    3.074552375509));
#1670 = CARTESIAN_POINT('',(0.703219636256,0.447366071588,3.14955237589)
  );
#1671 = CARTESIAN_POINT('',(0.631649350349,0.447634462201,3.015916832972
    ));
#1672 = CARTESIAN_POINT('',(0.350392312686,0.844511459496,3.090916833182
    ));
#1673 = CARTESIAN_POINT('',(-0.208103693903,1.04539538916,3.16591683258)
  );
#1674 = CARTESIAN_POINT('',(-0.888225107851,0.829332090307,
    3.240916833292));
#1675 = CARTESIAN_POINT('',(-1.345868864978,0.132466912125,
    3.315916833844));
#1676 = CARTESIAN_POINT('',(-1.168942764222,-0.828401227014,
    3.390916830422));
#1677 = CARTESIAN_POINT('',(-0.320986817829,-1.313726728904,
    3.465916836524));
#1678 = CARTESIAN_POINT('',(0.488153943232,-1.112852802219,
    3.540916830088));
#1679 = CARTESIAN_POINT('',(0.917376733052,-0.542750892272,3.61591683452
    ));
#1680 = CARTESIAN_POINT('',(0.912906393335,5.075746405022E-02,
    3.690916832545));
#1681 = CARTESIAN_POINT('',(0.631649347189,0.447634462059,3.765916833055
    ));
#1682 = CARTESIAN_POINT('',(1.201679057259,0.445496835776,3.524287452109
    ));
#1683 = CARTESIAN_POINT('',(0.921765129878,1.200534060951,3.59928745238)
  );
#1684 = CARTESIAN_POINT('',(0.114624085338,1.760803731134,3.674287451528
    ));
#1685 = CARTESIAN_POINT('',(-1.065460170237,1.706367932501,3.7492874528)
  );
#1686 = CARTESIAN_POINT('',(-2.095545699696,0.787843582704,
    3.824287452478));
#1687 = CARTESIAN_POINT('',(-2.223851061046,-0.824445293085,
    3.899287450055));
#1688 = CARTESIAN_POINT('',(-1.075557858173,-1.963462430322,
    3.97428745529));
#1689 = CARTESIAN_POINT('',(0.304346142821,-1.988534724154,
    4.049287449461));
#1690 = CARTESIAN_POINT('',(1.234729910887,-1.260559554707,
    4.124287453541));
#1691 = CARTESIAN_POINT('',(1.481592989897,-0.309540390254,4.19928745172
    ));
#1692 = CARTESIAN_POINT('',(1.201679054099,0.445496835634,4.274287452192
    ));
#1693 = CARTESIAN_POINT('',(1.771708764169,0.44335920935,3.01591683297)
  );
#1694 = CARTESIAN_POINT('',(1.493137947051,1.556556662406,3.090916833282
    ));
#1695 = CARTESIAN_POINT('',(0.437351864593,2.4762120731,3.165916832206)
  );
#1696 = CARTESIAN_POINT('',(-1.242695232603,2.583403774702,
    3.240916834051));
#1697 = CARTESIAN_POINT('',(-2.845222534515,1.443220253272,3.31591683277
    ));
#1698 = CARTESIAN_POINT('',(-3.278759357633,-0.820489359155,
    3.390916831552));
#1699 = CARTESIAN_POINT('',(-1.830128898815,-2.613198131734,3.4659168356
    ));
#1700 = CARTESIAN_POINT('',(0.120538342662,-2.864216646092,
    3.540916830666));
#1701 = CARTESIAN_POINT('',(1.552083088601,-1.978368217137,
    3.615916834256));
#1702 = CARTESIAN_POINT('',(2.050279586483,-0.669838244558,
    3.690916832616));
#1703 = CARTESIAN_POINT('',(1.771708761009,0.443359209209,3.765916833053
    ));
#1704 = CARTESIAN_POINT('',(1.7001384751,0.443627599821,2.399552375805)
  );
#1705 = CARTESIAN_POINT('',(1.421399023274,1.51185611401,2.474552376158)
  );
#1706 = CARTESIAN_POINT('',(0.396831659838,2.386388716142,2.549552374879
    ));
#1707 = CARTESIAN_POINT('',(-1.220442419281,2.47328721765,2.624552377313
    ));
#1708 = CARTESIAN_POINT('',(-2.751096584566,1.360934194829,
    2.699552374837));
#1709 = CARTESIAN_POINT('',(-3.146309958794,-0.820986047856,
    2.774552375367));
#1710 = CARTESIAN_POINT('',(-1.73538845546,-2.531620327304,
    2.849552377557));
#1711 = CARTESIAN_POINT('',(0.143616398947,-2.754270080958,
    2.924552374039));
#1712 = CARTESIAN_POINT('',(1.512237693661,-1.888243487078,
    2.999552376878));
#1713 = CARTESIAN_POINT('',(1.978877932182,-0.624600915218,
    3.074552375499));
#1714 = CARTESIAN_POINT('',(1.70013847194,0.443627599679,3.149552375888)
  );
#1715 = CARTESIAN_POINT('',(1.201679057259,0.445496835776,2.399552375806
    ));
#1716 = CARTESIAN_POINT('',(0.92176512986,1.20053406095,2.474552376058)
  );
#1717 = CARTESIAN_POINT('',(0.114624085387,1.760803731131,2.549552375282
    ));
#1718 = CARTESIAN_POINT('',(-1.065460170349,1.706367932498,
    2.624552376409));
#1719 = CARTESIAN_POINT('',(-2.09554569948,0.787843582707,2.699552376262
    ));
#1720 = CARTESIAN_POINT('',(-2.223851061339,-0.824445293097,
    2.774552373678));
#1721 = CARTESIAN_POINT('',(-1.075557857853,-1.963462430304,
    2.84955237907));
#1722 = CARTESIAN_POINT('',(0.30434614256,-1.988534724165,2.924552373052
    ));
#1723 = CARTESIAN_POINT('',(1.234729911037,-1.260559554697,
    2.999552377319));
#1724 = CARTESIAN_POINT('',(1.481592989846,-0.309540390255,
    3.074552375389));
#1725 = CARTESIAN_POINT('',(1.201679054098,0.445496835634,3.149552375889
    ));
#1726 = DEFINITIONAL_REPRESENTATION('',(#1727),#1731);
#1727 = LINE('',#1728,#1729);
#1728 = CARTESIAN_POINT('',(0.,0.));
#1729 = VECTOR('',#1730,1.);
#1730 = DIRECTION('',(1.,0.));
#1731 = ( GEOMETRIC_REPRESENTATION_CONTEXT(2) 
PARAMETRIC_REPRESENTATION_CONTEXT() REPRESENTATION_CONTEXT('2D SPACE',''
  ) );
#1732 = ORIENTED_EDGE('',*,*,#1599,.F.);
#1733 = ORIENTED_EDGE('',*,*,#1491,.T.);
#1734 = ADVANCED_FACE('',(#1735),#1648,.T.);
#1735 = FACE_BOUND('',#1736,.T.);
#1736 = EDGE_LOOP('',(#1737,#1768,#1802,#1803));
#1737 = ORIENTED_EDGE('',*,*,#1738,.T.);
#1738 = EDGE_CURVE('',#1600,#1739,#1741,.T.);
#1739 = VERTEX_POINT('',#1740);
#1740 = CARTESIAN_POINT('',(1.201679054098,0.445496835634,3.149552375889
    ));
#1741 = SEAM_CURVE('',#1742,(#1754,#1761),.PCURVE_S1.);
#1742 = ( BOUNDED_CURVE() B_SPLINE_CURVE(10,(#1743,#1744,#1745,#1746,
    #1747,#1748,#1749,#1750,#1751,#1752,#1753),.UNSPECIFIED.,.F.,.F.) 
B_SPLINE_CURVE_WITH_KNOTS((11,11),(0.,6.28815693223),
.PIECEWISE_BEZIER_KNOTS.) CURVE() GEOMETRIC_REPRESENTATION_ITEM() 
RATIONAL_B_SPLINE_CURVE((1.669078461068,1.669078461068,1.669078461068,
    1.669078461069,1.669078461068,1.669078461069,1.669078461068,
    1.669078461068,1.669078461068,1.669078461068,1.669078461068)) 
REPRESENTATION_ITEM('') );
#1743 = CARTESIAN_POINT('',(1.201679057259,0.445496835776,2.399552375806
    ));
#1744 = CARTESIAN_POINT('',(0.92176512986,1.20053406095,2.474552376058)
  );
#1745 = CARTESIAN_POINT('',(0.114624085387,1.760803731131,2.549552375282
    ));
#1746 = CARTESIAN_POINT('',(-1.065460170349,1.706367932498,
    2.624552376409));
#1747 = CARTESIAN_POINT('',(-2.09554569948,0.787843582707,2.699552376262
    ));
#1748 = CARTESIAN_POINT('',(-2.223851061339,-0.824445293097,
    2.774552373678));
#1749 = CARTESIAN_POINT('',(-1.075557857853,-1.963462430304,
    2.84955237907));
#1750 = CARTESIAN_POINT('',(0.30434614256,-1.988534724165,2.924552373052
    ));
#1751 = CARTESIAN_POINT('',(1.234729911037,-1.260559554697,
    2.999552377319));
#1752 = CARTESIAN_POINT('',(1.481592989846,-0.309540390255,
    3.074552375389));
#1753 = CARTESIAN_POINT('',(1.201679054098,0.445496835634,3.149552375889
    ));
#1754 = PCURVE('',#1648,#1755);
#1755 = DEFINITIONAL_REPRESENTATION('',(#1756),#1760);
#1756 = LINE('',#1757,#1758);
#1757 = CARTESIAN_POINT('',(7.853981633974,0.));
#1758 = VECTOR('',#1759,1.);
#1759 = DIRECTION('',(0.,1.));
#1760 = ( GEOMETRIC_REPRESENTATION_CONTEXT(2) 
PARAMETRIC_REPRESENTATION_CONTEXT() REPRESENTATION_CONTEXT('2D SPACE',''
  ) );
#1761 = PCURVE('',#1648,#1762);
#1762 = DEFINITIONAL_REPRESENTATION('',(#1763),#1767);
#1763 = LINE('',#1764,#1765);
#1764 = CARTESIAN_POINT('',(1.570796326795,0.));
#1765 = VECTOR('',#1766,1.);
#1766 = DIRECTION('',(0.,1.));
#1767 = ( GEOMETRIC_REPRESENTATION_CONTEXT(2) 
PARAMETRIC_REPRESENTATION_CONTEXT() REPRESENTATION_CONTEXT('2D SPACE',''
  ) );
#1768 = ORIENTED_EDGE('',*,*,#1769,.F.);
#1769 = EDGE_CURVE('',#1739,#1739,#1770,.T.);
#1770 = SURFACE_CURVE('',#1771,(#1779,#1786),.PCURVE_S1.);
#1771 = ( BOUNDED_CURVE() B_SPLINE_CURVE(6,(#1772,#1773,#1774,#1775,
#1776,#1777,#1778),.UNSPECIFIED.,.T.,.F.) B_SPLINE_CURVE_WITH_KNOTS((7,7
),(1.570796326795,7.853981633974),.PIECEWISE_BEZIER_KNOTS.) CURVE() 
GEOMETRIC_REPRESENTATION_ITEM() RATIONAL_B_SPLINE_CURVE((1.669078461068,
    1.03672962321,1.038346699848,0.853534330196,1.038346699848,
1.03672962321,1.669078461068)) REPRESENTATION_ITEM('') );
#1772 = CARTESIAN_POINT('',(1.201679054098,0.445496835634,3.149552375889
    ));
#1773 = CARTESIAN_POINT('',(0.703219636256,0.447366071588,3.14955237589)
  );
#1774 = CARTESIAN_POINT('',(0.631649347189,0.447634462059,3.765916833055
    ));
#1775 = CARTESIAN_POINT('',(1.201679054099,0.445496835634,4.274287452192
    ));
#1776 = CARTESIAN_POINT('',(1.771708761009,0.443359209209,3.765916833053
    ));
#1777 = CARTESIAN_POINT('',(1.70013847194,0.443627599679,3.149552375888)
  );
#1778 = CARTESIAN_POINT('',(1.201679054098,0.445496835634,3.149552375889
    ));
#1779 = PCURVE('',#1648,#1780);
#1780 = DEFINITIONAL_REPRESENTATION('',(#1781),#1785);
#1781 = LINE('',#1782,#1783);
#1782 = CARTESIAN_POINT('',(0.,6.28815693223));
#1783 = VECTOR('',#1784,1.);
#1784 = DIRECTION('',(1.,0.));
#1785 = ( GEOMETRIC_REPRESENTATION_CONTEXT(2) 
PARAMETRIC_REPRESENTATION_CONTEXT() REPRESENTATION_CONTEXT('2D SPACE',''
  ) );
#1786 = PCURVE('',#1787,#1792);
#1787 = PLANE('',#1788);
#1788 = AXIS2_PLACEMENT_3D('',#1789,#1790,#1791);
#1789 = CARTESIAN_POINT('',(1.201679054099,0.445496835634,3.44955237589)
  );
#1790 = DIRECTION('',(3.749999983035E-03,0.999992968725,
    6.392369273891E-14));
#1791 = DIRECTION('',(0.999992968725,-3.749999983035E-03,
    -1.862038804886E-12));
#1792 = DEFINITIONAL_REPRESENTATION('',(#1793),#1801);
#1793 = ( BOUNDED_CURVE() B_SPLINE_CURVE(6,(#1794,#1795,#1796,#1797,
#1798,#1799,#1800),.UNSPECIFIED.,.T.,.F.) B_SPLINE_CURVE_WITH_KNOTS((7,7
),(1.570796326795,7.853981633974),.PIECEWISE_BEZIER_KNOTS.) CURVE() 
GEOMETRIC_REPRESENTATION_ITEM() RATIONAL_B_SPLINE_CURVE((1.669078461068,
    1.03672962321,1.038346699848,0.853534330196,1.038346699848,
1.03672962321,1.669078461068)) REPRESENTATION_ITEM('') );
#1794 = CARTESIAN_POINT('',(3.870237463843E-13,0.300000000001));
#1795 = CARTESIAN_POINT('',(-0.498462922672,0.3));
#1796 = CARTESIAN_POINT('',(-0.570033714974,-0.316364457164));
#1797 = CARTESIAN_POINT('',(-7.973621762858E-13,-0.824735076302));
#1798 = CARTESIAN_POINT('',(0.570033714974,-0.316364457164));
#1799 = CARTESIAN_POINT('',(0.498462922671,0.300000000001));
#1800 = CARTESIAN_POINT('',(3.870237463843E-13,0.300000000001));
#1801 = ( GEOMETRIC_REPRESENTATION_CONTEXT(2) 
PARAMETRIC_REPRESENTATION_CONTEXT() REPRESENTATION_CONTEXT('2D SPACE',''
  ) );
#1802 = ORIENTED_EDGE('',*,*,#1738,.F.);
#1803 = ORIENTED_EDGE('',*,*,#1630,.T.);
#1804 = ADVANCED_FACE('',(#1805),#1787,.T.);
#1805 = FACE_BOUND('',#1806,.T.);
#1806 = EDGE_LOOP('',(#1807));
#1807 = ORIENTED_EDGE('',*,*,#1769,.T.);
#1808 = ( GEOMETRIC_REPRESENTATION_CONTEXT(3) 
GLOBAL_UNCERTAINTY_ASSIGNED_CONTEXT((#1812)) 
GLOBAL_UNIT_ASSIGNED_CONTEXT((#1809,#1810,#1811)) REPRESENTATION_CONTEXT
('Context #1','3D Context with UNIT and UNCERTAINTY') );
#1809 = ( LENGTH_UNIT() NAMED_UNIT(*) SI_UNIT(.MILLI.,.METRE.) );
#1810 = ( NAMED_UNIT(*) PLANE_ANGLE_UNIT() SI_UNIT($,.RADIAN.) );
#1811 = ( NAMED_UNIT(*) SI_UNIT($,.STERADIAN.) SOLID_ANGLE_UNIT() );
#1812 = UNCERTAINTY_MEASURE_WITH_UNIT(LENGTH_MEASURE(1.E-04),#1809,
  'distance_accuracy_value','confusion accuracy');
#1813 = PRODUCT_RELATED_PRODUCT_CATEGORY('part',$,(#7));
#1814 = MECHANICAL_DESIGN_GEOMETRIC_PRESENTATION_REPRESENTATION('',(
    #1815),#1808);
#1815 = STYLED_ITEM('color',(#1816),#15);
#1816 = PRESENTATION_STYLE_ASSIGNMENT((#1817,#1823));
#1817 = SURFACE_STYLE_USAGE(.BOTH.,#1818);
#1818 = SURFACE_SIDE_STYLE('',(#1819));
#1819 = SURFACE_STYLE_FILL_AREA(#1820);
#1820 = FILL_AREA_STYLE('',(#1821));
#1821 = FILL_AREA_STYLE_COLOUR('',#1822);
#1822 = COLOUR_RGB('',0.678431390124,0.709803936702,0.741176476869);
#1823 = CURVE_STYLE('',#1824,POSITIVE_LENGTH_MEASURE(0.1),#1825);
#1824 = DRAUGHTING_PRE_DEFINED_CURVE_FONT('continuous');
#1825 = COLOUR_RGB('',9.803921802644E-02,9.803921802644E-02,
  9.803921802644E-02);
ENDSEC;
END-ISO-10303-21;
